solid auto-kdk-case
facet normal 0 -1 0
outer loop
vertex -18.7833194732666 35.22234344482422 5
vertex -14.233320236206055 35.22234344482422 3.549999952316284
vertex -9.233320236206055 35.22234344482422 3.549999952316284
endloop
endfacet
facet normal 0.39073105298497085 0.9205048855021118 0
outer loop
vertex -57.931968688964844 31.29422950744629 0
vertex -62.12026596069336 33.07205581665039 0
vertex -57.931968688964844 31.29422950744629 3.549999952316284
endloop
endfacet
facet normal 0 -1 0
outer loop
vertex -18.7833194732666 35.22234344482422 5
vertex -9.233320236206055 35.22234344482422 3.549999952316284
vertex -4.683320045471191 35.22234344482422 5
endloop
endfacet
facet normal 0.2067163114384072 0.9784009232340796 0
outer loop
vertex -36.79685974121094 24.107120513916016 0
vertex -41.24858474731445 25.047679901123047 0
vertex -36.79685974121094 24.107120513916016 3.549999952316284
endloop
endfacet
facet normal -0.3907314081831823 -0.9205047347293698 0
outer loop
vertex -52.42266082763672 44.273345947265625 0
vertex -52.42266082763672 44.273345947265625 3.549999952316284
vertex -56.610958099365234 46.05117416381836 0
endloop
endfacet
facet normal 0.39073105298497085 0.9205048855021118 0
outer loop
vertex -49.14114761352539 27.562746047973633 0
vertex -53.329444885253906 29.340572357177734 0
vertex -53.329444885253906 29.340572357177734 3.549999952316284
endloop
endfacet
facet normal -0.2067163114384072 -0.9784009232340796 0
outer loop
vertex -33.88215637207031 37.90257263183594 0
vertex -33.88215637207031 37.90257263183594 3.549999952316284
vertex -38.33388137817383 38.84313201904297 0
endloop
endfacet
facet normal -0.3907306977865849 -0.9205050362747662 0
outer loop
vertex -47.82013702392578 42.3196907043457 0
vertex -43.631839752197266 40.541866302490234 0
vertex -47.82013702392578 42.3196907043457 3.549999952316284
endloop
endfacet
facet normal 0.9205048793091009 -0.39073106757479326 0
outer loop
vertex -62.12026596069336 33.07205581665039 0
vertex -56.610958099365234 46.05117416381836 0
vertex -62.12026596069336 33.07205581665039 5
endloop
endfacet
facet normal -0.9205048999613231 0.3907310189211939 0
outer loop
vertex -43.631839752197266 40.541866302490234 0
vertex -49.14114761352539 27.562746047973633 0
vertex -43.631839752197266 40.541866302490234 5
endloop
endfacet
facet normal 0.9784008720552085 -0.206716553670981 0
outer loop
vertex -41.24858474731445 25.047679901123047 0
vertex -38.33388137817383 38.84313201904297 0
vertex -41.24858474731445 25.047679901123047 5
endloop
endfacet
facet normal 0.2067167975062529 0.9784008205376561 0
outer loop
vertex -27.45313262939453 22.132976531982422 0
vertex -31.904855728149414 23.073537826538086 0
vertex -31.904855728149414 23.073537826538086 3.549999952316284
endloop
endfacet
facet normal 0 1 0
outer loop
vertex -14.233320236206055 21.122344970703125 0
vertex -18.7833194732666 21.122344970703125 0
vertex -14.233320236206055 21.122344970703125 3.549999952316284
endloop
endfacet
facet normal 0 1 0
outer loop
vertex -4.683320045471191 21.122344970703125 0
vertex -9.233320236206055 21.122344970703125 0
vertex -9.233320236206055 21.122344970703125 3.549999952316284
endloop
endfacet
facet normal 1 0 0
outer loop
vertex -18.7833194732666 35.22234344482422 0
vertex -18.7833194732666 21.122344970703125 5
vertex -18.7833194732666 21.122344970703125 0
endloop
endfacet
facet normal -0.20671711400706885 -0.9784007536672222 0
outer loop
vertex -28.990154266357422 36.86899185180664 0
vertex -24.538429260253906 35.928428649902344 0
vertex -28.990154266357422 36.86899185180664 3.549999952316284
endloop
endfacet
facet normal 0 -1 0
outer loop
vertex -14.233320236206055 35.22234344482422 0
vertex -14.233320236206055 35.22234344482422 3.549999952316284
vertex -18.7833194732666 35.22234344482422 0
endloop
endfacet
facet normal 0 -1 0
outer loop
vertex -9.233320236206055 35.22234344482422 0
vertex -4.683320045471191 35.22234344482422 0
vertex -9.233320236206055 35.22234344482422 3.549999952316284
endloop
endfacet
facet normal -0.9784008720552085 0.206716553670981 0
outer loop
vertex -24.538429260253906 35.928428649902344 0
vertex -27.45313262939453 22.132976531982422 0
vertex -24.538429260253906 35.928428649902344 5
endloop
endfacet
facet normal -1 0 0
outer loop
vertex -4.683320045471191 21.122344970703125 0
vertex -4.683320045471191 35.22234344482422 5
vertex -4.683320045471191 35.22234344482422 0
endloop
endfacet
facet normal 0.2067163114384072 0.9784009232340796 0
outer loop
vertex -36.79685974121094 24.107120513916016 3.549999952316284
vertex -41.24858474731445 25.047679901123047 0
vertex -41.24858474731445 25.047679901123047 5
endloop
endfacet
facet normal 0.2067165536709186 0.9784008720549132 7.768893355795546e-7
outer loop
vertex -41.24858474731445 25.047679901123047 5
vertex -27.45313262939453 22.132976531982422 5
vertex -36.79685974121094 24.107120513916016 3.549999952316284
endloop
endfacet
facet normal 0.3907310529849708 0.9205048855021117 0
outer loop
vertex -57.931968688964844 31.29422950744629 3.549999952316284
vertex -62.12026596069336 33.07205581665039 0
vertex -62.12026596069336 33.07205581665039 5
endloop
endfacet
facet normal -0.39073140818318225 -0.9205047347293698 0
outer loop
vertex -56.610958099365234 46.05117416381836 0
vertex -52.42266082763672 44.273345947265625 3.549999952316284
vertex -56.610958099365234 46.05117416381836 5
endloop
endfacet
facet normal 0.9205048793091009 -0.39073106757479326 0
outer loop
vertex -62.12026596069336 33.07205581665039 5
vertex -56.610958099365234 46.05117416381836 0
vertex -56.610958099365234 46.05117416381836 5
endloop
endfacet
facet normal 0.3907310529849708 0.9205048855021117 0
outer loop
vertex -49.14114761352539 27.562746047973633 0
vertex -53.329444885253906 29.340572357177734 3.549999952316284
vertex -49.14114761352539 27.562746047973633 5
endloop
endfacet
facet normal -0.2067163114384072 -0.9784009232340796 0
outer loop
vertex -38.33388137817383 38.84313201904297 0
vertex -33.88215637207031 37.90257263183594 3.549999952316284
vertex -38.33388137817383 38.84313201904297 5
endloop
endfacet
facet normal -0.9205048999613231 0.3907310189211939 0
outer loop
vertex -43.631839752197266 40.541866302490234 5
vertex -49.14114761352539 27.562746047973633 0
vertex -49.14114761352539 27.562746047973633 5
endloop
endfacet
facet normal 0.9784008720552085 -0.206716553670981 0
outer loop
vertex -41.24858474731445 25.047679901123047 5
vertex -38.33388137817383 38.84313201904297 0
vertex -38.33388137817383 38.84313201904297 5
endloop
endfacet
facet normal -0.3907306977865849 -0.9205050362747662 0
outer loop
vertex -47.82013702392578 42.3196907043457 3.549999952316284
vertex -43.631839752197266 40.541866302490234 0
vertex -43.631839752197266 40.541866302490234 5
endloop
endfacet
facet normal 0.3907314173583799 0.9205047308338881 -0.0000012421222988573067
outer loop
vertex -53.329444885253906 29.340572357177734 3.549999952316284
vertex -57.931968688964844 31.29422950744629 3.549999952316284
vertex -49.14114761352539 27.562746047973633 5
endloop
endfacet
facet normal 0.3907311821954774 0.920504830655402 4.4046890664272196e-7
outer loop
vertex -49.14114761352539 27.562746047973633 5
vertex -57.931968688964844 31.29422950744629 3.549999952316284
vertex -62.12026596069336 33.07205581665039 5
endloop
endfacet
facet normal -0.3907310941280492 -0.9205048680372915 0.0000010705895108352186
outer loop
vertex -56.610958099365234 46.05117416381836 5
vertex -52.42266082763672 44.273345947265625 3.549999952316284
vertex -47.82013702392578 42.3196907043457 3.549999952316284
endloop
endfacet
facet normal -0.3907310675744828 -0.9205048793083696 0.0000012605794992987592
outer loop
vertex -56.610958099365234 46.05117416381836 5
vertex -47.82013702392578 42.3196907043457 3.549999952316284
vertex -43.631839752197266 40.541866302490234 5
endloop
endfacet
facet normal 0.2067167975062529 0.9784008205376562 0
outer loop
vertex -27.45313262939453 22.132976531982422 0
vertex -31.904855728149414 23.073537826538086 3.549999952316284
vertex -27.45313262939453 22.132976531982422 5
endloop
endfacet
facet normal 0 1 0
outer loop
vertex -14.233320236206055 21.122344970703125 3.549999952316284
vertex -18.7833194732666 21.122344970703125 0
vertex -18.7833194732666 21.122344970703125 5
endloop
endfacet
facet normal -0.9784008720552085 0.206716553670981 0
outer loop
vertex -24.538429260253906 35.928428649902344 5
vertex -27.45313262939453 22.132976531982422 0
vertex -27.45313262939453 22.132976531982422 5
endloop
endfacet
facet normal 0 1 0
outer loop
vertex -4.683320045471191 21.122344970703125 0
vertex -9.233320236206055 21.122344970703125 3.549999952316284
vertex -4.683320045471191 21.122344970703125 5
endloop
endfacet
facet normal -1 0 0
outer loop
vertex -4.683320045471191 35.22234344482422 5
vertex -4.683320045471191 21.122344970703125 0
vertex -4.683320045471191 21.122344970703125 5
endloop
endfacet
facet normal 0.2067165522125215 0.9784008723630355 7.867066748699766e-7
outer loop
vertex -27.45313262939453 22.132976531982422 5
vertex -31.904855728149414 23.073537826538086 3.549999952316284
vertex -36.79685974121094 24.107120513916016 3.549999952316284
endloop
endfacet
facet normal 0 1 0
outer loop
vertex -4.683320045471191 21.122344970703125 5
vertex -9.233320236206055 21.122344970703125 3.549999952316284
vertex -14.233320236206055 21.122344970703125 3.549999952316284
endloop
endfacet
facet normal 0 1 0
outer loop
vertex -4.683320045471191 21.122344970703125 5
vertex -14.233320236206055 21.122344970703125 3.549999952316284
vertex -18.7833194732666 21.122344970703125 5
endloop
endfacet
facet normal -0.20671711400706888 -0.9784007536672223 0
outer loop
vertex -28.990154266357422 36.86899185180664 3.549999952316284
vertex -24.538429260253906 35.928428649902344 0
vertex -24.538429260253906 35.928428649902344 5
endloop
endfacet
facet normal 0 -1 0
outer loop
vertex -18.7833194732666 35.22234344482422 0
vertex -14.233320236206055 35.22234344482422 3.549999952316284
vertex -18.7833194732666 35.22234344482422 5
endloop
endfacet
facet normal 1 0 0
outer loop
vertex -18.7833194732666 21.122344970703125 5
vertex -18.7833194732666 35.22234344482422 0
vertex -18.7833194732666 35.22234344482422 5
endloop
endfacet
facet normal 0 -1 0
outer loop
vertex -9.233320236206055 35.22234344482422 3.549999952316284
vertex -4.683320045471191 35.22234344482422 0
vertex -4.683320045471191 35.22234344482422 5
endloop
endfacet
facet normal -0.20671626419644284 -0.9784009332153375 1.5151461567444964e-7
outer loop
vertex -38.33388137817383 38.84313201904297 5
vertex -33.88215637207031 37.90257263183594 3.549999952316284
vertex -28.990154266357422 36.86899185180664 3.549999952316284
endloop
endfacet
facet normal -0.20671655367064717 -0.9784008720536286 -0.0000017971127392974024
outer loop
vertex -38.33388137817383 38.84313201904297 5
vertex -28.990154266357422 36.86899185180664 3.549999952316284
vertex -24.538429260253906 35.928428649902344 5
endloop
endfacet
facet normal 0 -1 0
outer loop
vertex 15.4066801071167 -28.04765510559082 0
vertex 15.4066801071167 -28.04765510559082 3.549999952316284
vertex 10.856679916381836 -28.04765510559082 0
endloop
endfacet
facet normal 0 1 0
outer loop
vertex -32.04331970214844 -37.39765548706055 5
vertex -41.593318939208984 -37.39765548706055 3.549999952316284
vertex -46.14331817626953 -37.39765548706055 5
endloop
endfacet
facet normal 0 -1 0
outer loop
vertex 29.856679916381836 14.702343940734863 5
vertex 34.406681060791016 14.702343940734863 3.549999952316284
vertex 39.406681060791016 14.702343940734863 3.549999952316284
endloop
endfacet
facet normal 0 1 0
outer loop
vertex 24.956680297851562 14.852344512939453 5
vertex 20.406681060791016 14.852344512939453 3.549999952316284
vertex 15.4066801071167 14.852344512939453 3.549999952316284
endloop
endfacet
facet normal 0 -1 0
outer loop
vertex 10.856679916381836 9.952343940734863 5
vertex 20.406681060791016 9.952343940734863 3.549999952316284
vertex 24.956680297851562 9.952343940734863 5
endloop
endfacet
facet normal 1 0 0
outer loop
vertex -46.14331817626953 -37.39765548706055 0
vertex -46.14331817626953 -23.29765510559082 0
vertex -46.14331817626953 -37.39765548706055 5
endloop
endfacet
facet normal 0 -1 0
outer loop
vertex 24.956680297851562 -28.04765510559082 0
vertex 20.406681060791016 -28.04765510559082 3.549999952316284
vertex 20.406681060791016 -28.04765510559082 0
endloop
endfacet
facet normal 0 1 0
outer loop
vertex 34.406681060791016 -37.39765548706055 0
vertex 29.856679916381836 -37.39765548706055 0
vertex 34.406681060791016 -37.39765548706055 3.549999952316284
endloop
endfacet
facet normal 0 -1 0
outer loop
vertex 43.95668029785156 33.70234298706055 5
vertex 29.856679916381836 33.70234298706055 5
vertex 39.406681060791016 33.70234298706055 3.549999952316284
endloop
endfacet
facet normal 0 1 0
outer loop
vertex 10.856679916381836 14.852344512939453 5
vertex 24.956680297851562 14.852344512939453 5
vertex 15.4066801071167 14.852344512939453 3.549999952316284
endloop
endfacet
facet normal 0 -1 0
outer loop
vertex 10.856679916381836 9.952343940734863 5
vertex 15.4066801071167 9.952343940734863 3.549999952316284
vertex 20.406681060791016 9.952343940734863 3.549999952316284
endloop
endfacet
facet normal 1 0 0
outer loop
vertex -46.14331817626953 0.602344274520874 0
vertex -46.14331817626953 14.702343940734863 0
vertex -46.14331817626953 0.602344274520874 5
endloop
endfacet
facet normal -1 0 0
outer loop
vertex 24.956680297851562 28.95234489440918 5
vertex 24.956680297851562 14.852344512939453 0
vertex 24.956680297851562 14.852344512939453 5
endloop
endfacet
facet normal 0 1 0
outer loop
vertex 34.406681060791016 19.602344512939453 3.549999952316284
vertex 29.856679916381836 19.602344512939453 0
vertex 29.856679916381836 19.602344512939453 5
endloop
endfacet
facet normal 0 -1 0
outer loop
vertex 29.856679916381836 14.702343940734863 5
vertex 29.856679916381836 14.702343940734863 0
vertex 34.406681060791016 14.702343940734863 3.549999952316284
endloop
endfacet
facet normal 0 1 0
outer loop
vertex 24.956680297851562 14.852344512939453 0
vertex 20.406681060791016 14.852344512939453 3.549999952316284
vertex 24.956680297851562 14.852344512939453 5
endloop
endfacet
facet normal 1 0 0
outer loop
vertex 29.856679916381836 0.602344274520874 5
vertex 29.856679916381836 14.702343940734863 0
vertex 29.856679916381836 14.702343940734863 5
endloop
endfacet
facet normal 0 -1 0
outer loop
vertex -32.04331970214844 14.702343940734863 0
vertex -36.593318939208984 14.702343940734863 3.549999952316284
vertex -36.593318939208984 14.702343940734863 0
endloop
endfacet
facet normal -1 0 0
outer loop
vertex 24.956680297851562 9.952343940734863 5
vertex 24.956680297851562 -4.147655963897705 0
vertex 24.956680297851562 -4.147655963897705 5
endloop
endfacet
facet normal 0 1 0
outer loop
vertex 34.406681060791016 0.602344274520874 3.549999952316284
vertex 29.856679916381836 0.602344274520874 0
vertex 29.856679916381836 0.602344274520874 5
endloop
endfacet
facet normal 0 -1 0
outer loop
vertex 20.406681060791016 9.952343940734863 3.549999952316284
vertex 24.956680297851562 9.952343940734863 0
vertex 24.956680297851562 9.952343940734863 5
endloop
endfacet
facet normal 1 0 0
outer loop
vertex 10.856679916381836 14.852344512939453 5
vertex 10.856679916381836 28.95234489440918 0
vertex 10.856679916381836 28.95234489440918 5
endloop
endfacet
facet normal 1 0 0
outer loop
vertex -8.143320083618164 -46.89765548706055 0
vertex -8.143320083618164 -45.92162322998047 0
vertex -8.143320083618164 -46.89765548706055 5
endloop
endfacet
facet normal 0 1 0
outer loop
vertex 15.4066801071167 14.852344512939453 3.549999952316284
vertex 10.856679916381836 14.852344512939453 0
vertex 10.856679916381836 14.852344512939453 5
endloop
endfacet
facet normal 1 0 0
outer loop
vertex -8.143320083618164 -46.89765548706055 5
vertex -8.143320083618164 -45.92162322998047 0
vertex -8.143320083618164 -44.18242645263672 0
endloop
endfacet
facet normal 1 0 0
outer loop
vertex 10.856679916381836 9.952343940734863 5
vertex 10.856679916381836 -4.147655963897705 5
vertex 10.856679916381836 9.952343940734863 0
endloop
endfacet
facet normal 0 -1 0
outer loop
vertex 10.856679916381836 9.952343940734863 0
vertex 15.4066801071167 9.952343940734863 3.549999952316284
vertex 10.856679916381836 9.952343940734863 5
endloop
endfacet
facet normal 0 -1 0
outer loop
vertex 5.9566802978515625 5.2023444175720215 5
vertex 1.4066802263259888 5.2023444175720215 3.549999952316284
vertex 5.9566802978515625 5.2023444175720215 0
endloop
endfacet
facet normal 1 0 0
outer loop
vertex -8.143320083618164 -46.89765548706055 5
vertex -8.143320083618164 -44.18242645263672 0
vertex -8.143320083618164 -37.6474609375 0
endloop
endfacet
facet normal 0 -1 0
outer loop
vertex 39.406681060791016 33.70234298706055 3.549999952316284
vertex 43.95668029785156 33.70234298706055 0
vertex 43.95668029785156 33.70234298706055 5
endloop
endfacet
facet normal -1 0 0
outer loop
vertex 43.95668029785156 33.70234298706055 0
vertex 43.95668029785156 19.602344512939453 0
vertex 43.95668029785156 33.70234298706055 5
endloop
endfacet
facet normal 0 -1 0
outer loop
vertex 48.85668182373047 14.702343940734863 5
vertex 58.406681060791016 14.702343940734863 3.549999952316284
vertex 62.95668029785156 14.702343940734863 5
endloop
endfacet
facet normal -1 0 0
outer loop
vertex -13.043319702148438 -37.92227554321289 0
vertex -13.043319702148438 -42.14765548706055 0
vertex -13.043319702148438 -28.04765510559082 5
endloop
endfacet
facet normal 0 -1 0
outer loop
vertex 43.95668029785156 33.70234298706055 0
vertex 39.406681060791016 33.70234298706055 3.549999952316284
vertex 39.406681060791016 33.70234298706055 0
endloop
endfacet
facet normal 0 -1 0
outer loop
vertex -41.593318939208984 14.702343940734863 0
vertex -41.593318939208984 14.702343940734863 3.549999952316284
vertex -46.14331817626953 14.702343940734863 0
endloop
endfacet
facet normal 0 1 0
outer loop
vertex -32.04331970214844 0.602344274520874 0
vertex -36.593318939208984 0.602344274520874 0
vertex -36.593318939208984 0.602344274520874 3.549999952316284
endloop
endfacet
facet normal 0 1 0
outer loop
vertex -41.593318939208984 0.602344274520874 0
vertex -46.14331817626953 0.602344274520874 0
vertex -41.593318939208984 0.602344274520874 3.549999952316284
endloop
endfacet
facet normal -1 0 0
outer loop
vertex 62.95668029785156 14.702343940734863 0
vertex 62.95668029785156 0.602344274520874 0
vertex 62.95668029785156 14.702343940734863 5
endloop
endfacet
facet normal 0 -1 0
outer loop
vertex 48.85668182373047 14.702343940734863 5
vertex 53.406681060791016 14.702343940734863 3.549999952316284
vertex 58.406681060791016 14.702343940734863 3.549999952316284
endloop
endfacet
facet normal 0 1 0
outer loop
vertex 5.9566802978515625 -27.897655487060547 0
vertex 1.4066802263259888 -27.897655487060547 0
vertex 1.4066802263259888 -27.897655487060547 3.549999952316284
endloop
endfacet
facet normal 0 -1 0
outer loop
vertex -41.593318939208984 -23.29765510559082 0
vertex -41.593318939208984 -23.29765510559082 3.549999952316284
vertex -46.14331817626953 -23.29765510559082 0
endloop
endfacet
facet normal 0 -1 0
outer loop
vertex 5.9566802978515625 -32.79765701293945 0
vertex 1.4066802263259888 -32.79765701293945 3.549999952316284
vertex 1.4066802263259888 -32.79765701293945 0
endloop
endfacet
facet normal -1 0 0
outer loop
vertex -32.04331970214844 -29.736539840698242 0
vertex -32.04331970214844 -37.39765548706055 0
vertex -32.04331970214844 -23.29765510559082 5
endloop
endfacet
facet normal 1 0 0
outer loop
vertex -27.143320083618164 -42.14765548706055 0
vertex -27.143320083618164 -28.04765510559082 0
vertex -27.143320083618164 -42.14765548706055 5
endloop
endfacet
facet normal 0 -1 0
outer loop
vertex -32.04331970214844 -23.29765510559082 0
vertex -36.593318939208984 -23.29765510559082 3.549999952316284
vertex -36.593318939208984 -23.29765510559082 0
endloop
endfacet
facet normal 0 1 0
outer loop
vertex -3.593319892883301 -27.897655487060547 0
vertex -8.143320083618164 -27.897655487060547 0
vertex -3.593319892883301 -27.897655487060547 3.549999952316284
endloop
endfacet
facet normal 0 1 0
outer loop
vertex -41.593318939208984 -18.397655487060547 0
vertex -46.14331817626953 -18.397655487060547 0
vertex -41.593318939208984 -18.397655487060547 3.549999952316284
endloop
endfacet
facet normal 0 -1 0
outer loop
vertex -3.593319892883301 -32.79765701293945 0
vertex -3.593319892883301 -32.79765701293945 3.549999952316284
vertex -8.143320083618164 -32.79765701293945 0
endloop
endfacet
facet normal 0 -1 0
outer loop
vertex -13.043319702148438 -28.04765510559082 0
vertex -17.593318939208984 -28.04765510559082 3.549999952316284
vertex -17.593318939208984 -28.04765510559082 0
endloop
endfacet
facet normal 0 1 0
outer loop
vertex -32.04331970214844 -18.397655487060547 0
vertex -36.593318939208984 -18.397655487060547 0
vertex -36.593318939208984 -18.397655487060547 3.549999952316284
endloop
endfacet
facet normal 0 1 0
outer loop
vertex -8.143320083618164 -8.897655487060547 5
vertex 5.9566802978515625 -8.897655487060547 5
vertex -3.593319892883301 -8.897655487060547 3.549999952316284
endloop
endfacet
facet normal 0 -1 0
outer loop
vertex -8.143320083618164 -13.797656059265137 5
vertex 1.4066802263259888 -13.797656059265137 3.549999952316284
vertex 5.9566802978515625 -13.797656059265137 5
endloop
endfacet
facet normal 0 -1 0
outer loop
vertex -8.143320083618164 -13.797656059265137 5
vertex -3.593319892883301 -13.797656059265137 3.549999952316284
vertex 1.4066802263259888 -13.797656059265137 3.549999952316284
endloop
endfacet
facet normal 0 1 0
outer loop
vertex -13.043319702148438 -4.147655963897705 5
vertex -22.593318939208984 -4.147655963897705 3.549999952316284
vertex -27.143320083618164 -4.147655963897705 5
endloop
endfacet
facet normal 0 -1 0
outer loop
vertex -27.143320083618164 -9.047656059265137 5
vertex -17.593318939208984 -9.047656059265137 3.549999952316284
vertex -13.043319702148438 -9.047656059265137 5
endloop
endfacet
facet normal 1 0 0
outer loop
vertex 48.85668182373047 14.702343940734863 0
vertex 48.85668182373047 0.602344274520874 5
vertex 48.85668182373047 0.602344274520874 0
endloop
endfacet
facet normal -1 0 0
outer loop
vertex 43.95668029785156 14.702343940734863 0
vertex 43.95668029785156 0.602344274520874 0
vertex 43.95668029785156 14.702343940734863 5
endloop
endfacet
facet normal 0 -1 0
outer loop
vertex 62.95668029785156 14.702343940734863 0
vertex 58.406681060791016 14.702343940734863 3.549999952316284
vertex 58.406681060791016 14.702343940734863 0
endloop
endfacet
facet normal 0 1 0
outer loop
vertex -17.593318939208984 -4.147655963897705 3.549999952316284
vertex -22.593318939208984 -4.147655963897705 3.549999952316284
vertex -13.043319702148438 -4.147655963897705 5
endloop
endfacet
facet normal 0 -1 0
outer loop
vertex -27.143320083618164 -9.047656059265137 5
vertex -22.593318939208984 -9.047656059265137 3.549999952316284
vertex -17.593318939208984 -9.047656059265137 3.549999952316284
endloop
endfacet
facet normal 0 -1 0
outer loop
vertex -41.593318939208984 -4.2976555824279785 0
vertex -41.593318939208984 -4.2976555824279785 3.549999952316284
vertex -46.14331817626953 -4.2976555824279785 0
endloop
endfacet
facet normal 1 0 0
outer loop
vertex 10.856679916381836 -42.14765548706055 0
vertex 10.856679916381836 -39.88473892211914 0
vertex 10.856679916381836 -42.14765548706055 5
endloop
endfacet
facet normal 0 1 0
outer loop
vertex 62.95668029785156 0.602344274520874 5
vertex 53.406681060791016 0.602344274520874 3.549999952316284
vertex 48.85668182373047 0.602344274520874 5
endloop
endfacet
facet normal 0 1 0
outer loop
vertex -13.043319702148438 -23.147655487060547 5
vertex -22.593318939208984 -23.147655487060547 3.549999952316284
vertex -27.143320083618164 -23.147655487060547 5
endloop
endfacet
facet normal -1 0 0
outer loop
vertex 5.9566802978515625 -40.99309158325195 0
vertex 5.9566802978515625 -46.89765548706055 0
vertex 5.9566802978515625 -32.79765701293945 5
endloop
endfacet
facet normal 0 -1 0
outer loop
vertex -32.04331970214844 -4.2976555824279785 0
vertex -36.593318939208984 -4.2976555824279785 3.549999952316284
vertex -36.593318939208984 -4.2976555824279785 0
endloop
endfacet
facet normal 0 1 0
outer loop
vertex 62.95668029785156 0.602344274520874 0
vertex 58.406681060791016 0.602344274520874 0
vertex 58.406681060791016 0.602344274520874 3.549999952316284
endloop
endfacet
facet normal 0 1 0
outer loop
vertex -17.593318939208984 -23.147655487060547 3.549999952316284
vertex -22.593318939208984 -23.147655487060547 3.549999952316284
vertex -13.043319702148438 -23.147655487060547 5
endloop
endfacet
facet normal 0 1 0
outer loop
vertex -3.593319892883301 -8.897655487060547 3.549999952316284
vertex -8.143320083618164 -8.897655487060547 0
vertex -8.143320083618164 -8.897655487060547 5
endloop
endfacet
facet normal 0 -1 0
outer loop
vertex 53.406681060791016 14.702343940734863 0
vertex 53.406681060791016 14.702343940734863 3.549999952316284
vertex 48.85668182373047 14.702343940734863 0
endloop
endfacet
facet normal 0 1 0
outer loop
vertex 43.95668029785156 19.602344512939453 0
vertex 39.406681060791016 19.602344512939453 0
vertex 39.406681060791016 19.602344512939453 3.549999952316284
endloop
endfacet
facet normal 0 -1 0
outer loop
vertex 43.95668029785156 14.702343940734863 0
vertex 39.406681060791016 14.702343940734863 3.549999952316284
vertex 39.406681060791016 14.702343940734863 0
endloop
endfacet
facet normal 0 1 0
outer loop
vertex 62.95668029785156 0.602344274520874 5
vertex 58.406681060791016 0.602344274520874 3.549999952316284
vertex 53.406681060791016 0.602344274520874 3.549999952316284
endloop
endfacet
facet normal 0 1 0
outer loop
vertex 43.95668029785156 19.602344512939453 5
vertex 34.406681060791016 19.602344512939453 3.549999952316284
vertex 29.856679916381836 19.602344512939453 5
endloop
endfacet
facet normal 1 0 0
outer loop
vertex -46.14331817626953 -18.397655487060547 0
vertex -46.14331817626953 -4.2976555824279785 0
vertex -46.14331817626953 -18.397655487060547 5
endloop
endfacet
facet normal 0 1 0
outer loop
vertex -13.043319702148438 -4.147655963897705 0
vertex -17.593318939208984 -4.147655963897705 3.549999952316284
vertex -13.043319702148438 -4.147655963897705 5
endloop
endfacet
facet normal 0 -1 0
outer loop
vertex -17.593318939208984 -9.047656059265137 3.549999952316284
vertex -13.043319702148438 -9.047656059265137 0
vertex -13.043319702148438 -9.047656059265137 5
endloop
endfacet
facet normal 1 0 0
outer loop
vertex -8.143320083618164 -27.897655487060547 5
vertex -8.143320083618164 -13.797656059265137 0
vertex -8.143320083618164 -13.797656059265137 5
endloop
endfacet
facet normal -1 0 0
outer loop
vertex -13.043319702148438 -9.047656059265137 5
vertex -13.043319702148438 -23.147655487060547 0
vertex -13.043319702148438 -23.147655487060547 5
endloop
endfacet
facet normal 0 -1 0
outer loop
vertex -8.143320083618164 -13.797656059265137 0
vertex -3.593319892883301 -13.797656059265137 3.549999952316284
vertex -8.143320083618164 -13.797656059265137 5
endloop
endfacet
facet normal 0 -1 0
outer loop
vertex -22.593318939208984 9.952343940734863 0
vertex -22.593318939208984 9.952343940734863 3.549999952316284
vertex -27.143320083618164 9.952343940734863 0
endloop
endfacet
facet normal 0 1 0
outer loop
vertex -13.043319702148438 -23.147655487060547 0
vertex -17.593318939208984 -23.147655487060547 3.549999952316284
vertex -13.043319702148438 -23.147655487060547 5
endloop
endfacet
facet normal 0 1 0
outer loop
vertex -22.593318939208984 -4.147655963897705 3.549999952316284
vertex -27.143320083618164 -4.147655963897705 0
vertex -27.143320083618164 -4.147655963897705 5
endloop
endfacet
facet normal 0 -1 0
outer loop
vertex -27.143320083618164 -9.047656059265137 5
vertex -27.143320083618164 -9.047656059265137 0
vertex -22.593318939208984 -9.047656059265137 3.549999952316284
endloop
endfacet
facet normal 0 -1 0
outer loop
vertex -36.593318939208984 -4.2976555824279785 3.549999952316284
vertex -32.04331970214844 -4.2976555824279785 0
vertex -32.04331970214844 -4.2976555824279785 5
endloop
endfacet
facet normal 0 -1 0
outer loop
vertex 43.95668029785156 14.702343940734863 5
vertex 29.856679916381836 14.702343940734863 5
vertex 39.406681060791016 14.702343940734863 3.549999952316284
endloop
endfacet
facet normal 1 0 0
outer loop
vertex -27.143320083618164 -23.147655487060547 5
vertex -27.143320083618164 -9.047656059265137 0
vertex -27.143320083618164 -9.047656059265137 5
endloop
endfacet
facet normal -1 0 0
outer loop
vertex -32.04331970214844 -4.2976555824279785 5
vertex -32.04331970214844 -18.397655487060547 0
vertex -32.04331970214844 -18.397655487060547 5
endloop
endfacet
facet normal 0 1 0
outer loop
vertex 53.406681060791016 0.602344274520874 0
vertex 48.85668182373047 0.602344274520874 0
vertex 53.406681060791016 0.602344274520874 3.549999952316284
endloop
endfacet
facet normal 0 1 0
outer loop
vertex 43.95668029785156 0.602344274520874 0
vertex 39.406681060791016 0.602344274520874 0
vertex 39.406681060791016 0.602344274520874 3.549999952316284
endloop
endfacet
facet normal 0 1 0
outer loop
vertex -22.593318939208984 -23.147655487060547 3.549999952316284
vertex -27.143320083618164 -23.147655487060547 0
vertex -27.143320083618164 -23.147655487060547 5
endloop
endfacet
facet normal 0 1 0
outer loop
vertex -32.04331970214844 -18.397655487060547 0
vertex -36.593318939208984 -18.397655487060547 3.549999952316284
vertex -32.04331970214844 -18.397655487060547 5
endloop
endfacet
facet normal 0 -1 0
outer loop
vertex -13.043319702148438 9.952343940734863 0
vertex -17.593318939208984 9.952343940734863 3.549999952316284
vertex -17.593318939208984 9.952343940734863 0
endloop
endfacet
facet normal 0 -1 0
outer loop
vertex -3.593319892883301 5.2023444175720215 0
vertex -3.593319892883301 5.2023444175720215 3.549999952316284
vertex -8.143320083618164 5.2023444175720215 0
endloop
endfacet
facet normal 0 -1 0
outer loop
vertex -36.593318939208984 -23.29765510559082 3.549999952316284
vertex -32.04331970214844 -23.29765510559082 0
vertex -32.04331970214844 -23.29765510559082 5
endloop
endfacet
facet normal 0 1 0
outer loop
vertex -8.143320083618164 -27.897655487060547 5
vertex 5.9566802978515625 -27.897655487060547 5
vertex -3.593319892883301 -27.897655487060547 3.549999952316284
endloop
endfacet
facet normal 0 -1 0
outer loop
vertex 34.406681060791016 33.70234298706055 0
vertex 34.406681060791016 33.70234298706055 3.549999952316284
vertex 29.856679916381836 33.70234298706055 0
endloop
endfacet
facet normal 0 -1 0
outer loop
vertex 24.956680297851562 28.95234489440918 0
vertex 20.406681060791016 28.95234489440918 3.549999952316284
vertex 20.406681060791016 28.95234489440918 0
endloop
endfacet
facet normal 0 -1 0
outer loop
vertex -8.143320083618164 -32.79765701293945 5
vertex 1.4066802263259888 -32.79765701293945 3.549999952316284
vertex 5.9566802978515625 -32.79765701293945 5
endloop
endfacet
facet normal 0 -1 0
outer loop
vertex -8.143320083618164 -32.79765701293945 5
vertex -3.593319892883301 -32.79765701293945 3.549999952316284
vertex 1.4066802263259888 -32.79765701293945 3.549999952316284
endloop
endfacet
facet normal 0 1 0
outer loop
vertex -3.593319892883301 -46.89765548706055 3.549999952316284
vertex -8.143320083618164 -46.89765548706055 5
vertex 5.9566802978515625 -46.89765548706055 5
endloop
endfacet
facet normal 0 -1 0
outer loop
vertex 15.4066801071167 28.95234489440918 0
vertex 15.4066801071167 28.95234489440918 3.549999952316284
vertex 10.856679916381836 28.95234489440918 0
endloop
endfacet
facet normal 0 -1 0
outer loop
vertex -27.143320083618164 -28.04765510559082 5
vertex -17.593318939208984 -28.04765510559082 3.549999952316284
vertex -13.043319702148438 -28.04765510559082 5
endloop
endfacet
facet normal 0 1 0
outer loop
vertex 43.95668029785156 19.602344512939453 5
vertex 39.406681060791016 19.602344512939453 3.549999952316284
vertex 34.406681060791016 19.602344512939453 3.549999952316284
endloop
endfacet
facet normal 0 1 0
outer loop
vertex 43.95668029785156 0.602344274520874 5
vertex 34.406681060791016 0.602344274520874 3.549999952316284
vertex 29.856679916381836 0.602344274520874 5
endloop
endfacet
facet normal 1 0 0
outer loop
vertex -27.143320083618164 -4.147655963897705 5
vertex -27.143320083618164 -4.147655963897705 0
vertex -27.143320083618164 9.952343940734863 0
endloop
endfacet
facet normal 1 0 0
outer loop
vertex 29.856679916381836 33.70234298706055 0
vertex 29.856679916381836 19.602344512939453 5
vertex 29.856679916381836 19.602344512939453 0
endloop
endfacet
facet normal -1 0 0
outer loop
vertex 24.956680297851562 28.95234489440918 0
vertex 24.956680297851562 14.852344512939453 0
vertex 24.956680297851562 28.95234489440918 5
endloop
endfacet
facet normal -1 0 0
outer loop
vertex -32.04331970214844 14.702343940734863 0
vertex -32.04331970214844 0.602344274520874 0
vertex -32.04331970214844 14.702343940734863 5
endloop
endfacet
facet normal 0 1 0
outer loop
vertex 43.95668029785156 0.602344274520874 5
vertex 39.406681060791016 0.602344274520874 3.549999952316284
vertex 34.406681060791016 0.602344274520874 3.549999952316284
endloop
endfacet
facet normal 1 0 0
outer loop
vertex 29.856679916381836 0.602344274520874 0
vertex 29.856679916381836 14.702343940734863 0
vertex 29.856679916381836 0.602344274520874 5
endloop
endfacet
facet normal 0 1 0
outer loop
vertex -22.593318939208984 -42.14765548706055 0
vertex -27.143320083618164 -42.14765548706055 0
vertex -22.593318939208984 -42.14765548706055 3.549999952316284
endloop
endfacet
facet normal -1 0 0
outer loop
vertex -13.043319702148438 9.952343940734863 0
vertex -13.043319702148438 -4.147655963897705 0
vertex -13.043319702148438 9.952343940734863 5
endloop
endfacet
facet normal -1 0 0
outer loop
vertex 24.956680297851562 -9.047656059265137 0
vertex 24.956680297851562 -23.147655487060547 0
vertex 24.956680297851562 -9.047656059265137 5
endloop
endfacet
facet normal 1 0 0
outer loop
vertex 29.856679916381836 -4.2976555824279785 0
vertex 29.856679916381836 -18.397655487060547 5
vertex 29.856679916381836 -18.397655487060547 0
endloop
endfacet
facet normal -1 0 0
outer loop
vertex 24.956680297851562 9.952343940734863 0
vertex 24.956680297851562 -4.147655963897705 0
vertex 24.956680297851562 9.952343940734863 5
endloop
endfacet
facet normal -1 0 0
outer loop
vertex -13.043319702148438 -32.10268783569336 0
vertex -13.043319702148438 -37.92227554321289 0
vertex -13.043319702148438 -28.04765510559082 5
endloop
endfacet
facet normal 1 0 0
outer loop
vertex 10.856679916381836 14.852344512939453 5
vertex 10.856679916381836 24.75850486755371 0
vertex 10.856679916381836 28.95234489440918 0
endloop
endfacet
facet normal 1 0 0
outer loop
vertex 10.856679916381836 24.75850486755371 0
vertex 10.856679916381836 14.852344512939453 5
vertex 10.856679916381836 14.852344512939453 0
endloop
endfacet
facet normal 0 -1 0
outer loop
vertex -27.143320083618164 -28.04765510559082 0
vertex -22.593318939208984 -28.04765510559082 0
vertex -22.593318939208984 -28.04765510559082 3.549999952316284
endloop
endfacet
facet normal -1 0 0
outer loop
vertex -13.043319702148438 -28.04765510559082 0
vertex -13.043319702148438 -32.10268783569336 0
vertex -13.043319702148438 -28.04765510559082 5
endloop
endfacet
facet normal 1 0 0
outer loop
vertex -8.143320083618164 -46.89765548706055 5
vertex -8.143320083618164 -37.6474609375 0
vertex -8.143320083618164 -35.908294677734375 0
endloop
endfacet
facet normal 1 0 0
outer loop
vertex -8.143320083618164 -46.89765548706055 5
vertex -8.143320083618164 -35.908294677734375 0
vertex -8.143320083618164 -32.79765701293945 0
endloop
endfacet
facet normal 0 1 0
outer loop
vertex 43.95668029785156 -37.39765548706055 0
vertex 39.406681060791016 -37.39765548706055 0
vertex 39.406681060791016 -37.39765548706055 3.549999952316284
endloop
endfacet
facet normal 0 1 0
outer loop
vertex 53.406681060791016 -37.39765548706055 0
vertex 48.85668182373047 -37.39765548706055 0
vertex 53.406681060791016 -37.39765548706055 3.549999952316284
endloop
endfacet
facet normal 0 1 0
outer loop
vertex 62.95668029785156 -37.39765548706055 0
vertex 58.406681060791016 -37.39765548706055 0
vertex 58.406681060791016 -37.39765548706055 3.549999952316284
endloop
endfacet
facet normal 1 0 0
outer loop
vertex 10.856679916381836 -4.147655963897705 5
vertex 10.856679916381836 -4.147655963897705 0
vertex 10.856679916381836 9.952343940734863 0
endloop
endfacet
facet normal -1 0 0
outer loop
vertex 5.9566802978515625 5.2023444175720215 0
vertex 5.9566802978515625 -8.897655487060547 0
vertex 5.9566802978515625 5.2023444175720215 5
endloop
endfacet
facet normal -1 0 0
outer loop
vertex 43.95668029785156 -23.29765510559082 0
vertex 43.95668029785156 -37.39765548706055 0
vertex 43.95668029785156 -23.29765510559082 5
endloop
endfacet
facet normal 0 1 0
outer loop
vertex 34.406681060791016 19.602344512939453 0
vertex 29.856679916381836 19.602344512939453 0
vertex 34.406681060791016 19.602344512939453 3.549999952316284
endloop
endfacet
facet normal 1 0 0
outer loop
vertex 10.856679916381836 -23.147655487060547 0
vertex 10.856679916381836 -9.047656059265137 0
vertex 10.856679916381836 -23.147655487060547 5
endloop
endfacet
facet normal 0 -1 0
outer loop
vertex 29.856679916381836 14.702343940734863 0
vertex 34.406681060791016 14.702343940734863 0
vertex 34.406681060791016 14.702343940734863 3.549999952316284
endloop
endfacet
facet normal 0 1 0
outer loop
vertex 24.956680297851562 14.852344512939453 0
vertex 20.406681060791016 14.852344512939453 0
vertex 20.406681060791016 14.852344512939453 3.549999952316284
endloop
endfacet
facet normal -1 0 0
outer loop
vertex 5.9566802978515625 -13.797656059265137 0
vertex 5.9566802978515625 -27.897655487060547 0
vertex 5.9566802978515625 -13.797656059265137 5
endloop
endfacet
facet normal 0 -1 0
outer loop
vertex 34.406681060791016 -4.2976555824279785 0
vertex 34.406681060791016 -4.2976555824279785 3.549999952316284
vertex 29.856679916381836 -4.2976555824279785 0
endloop
endfacet
facet normal 0 1 0
outer loop
vertex 34.406681060791016 0.602344274520874 0
vertex 29.856679916381836 0.602344274520874 0
vertex 34.406681060791016 0.602344274520874 3.549999952316284
endloop
endfacet
facet normal 0 1 0
outer loop
vertex 24.956680297851562 -4.147655963897705 0
vertex 20.406681060791016 -4.147655963897705 0
vertex 20.406681060791016 -4.147655963897705 3.549999952316284
endloop
endfacet
facet normal 0 1 0
outer loop
vertex -22.593318939208984 -23.147655487060547 0
vertex -27.143320083618164 -23.147655487060547 0
vertex -22.593318939208984 -23.147655487060547 3.549999952316284
endloop
endfacet
facet normal 0 -1 0
outer loop
vertex 20.406681060791016 9.952343940734863 0
vertex 24.956680297851562 9.952343940734863 0
vertex 20.406681060791016 9.952343940734863 3.549999952316284
endloop
endfacet
facet normal 0 -1 0
outer loop
vertex 24.956680297851562 -9.047656059265137 0
vertex 20.406681060791016 -9.047656059265137 3.549999952316284
vertex 20.406681060791016 -9.047656059265137 0
endloop
endfacet
facet normal 0 1 0
outer loop
vertex 34.406681060791016 -18.397655487060547 0
vertex 29.856679916381836 -18.397655487060547 0
vertex 34.406681060791016 -18.397655487060547 3.549999952316284
endloop
endfacet
facet normal 0 1 0
outer loop
vertex 15.4066801071167 14.852344512939453 0
vertex 10.856679916381836 14.852344512939453 0
vertex 15.4066801071167 14.852344512939453 3.549999952316284
endloop
endfacet
facet normal 0 -1 0
outer loop
vertex 34.406681060791016 -23.29765510559082 0
vertex 34.406681060791016 -23.29765510559082 3.549999952316284
vertex 29.856679916381836 -23.29765510559082 0
endloop
endfacet
facet normal 0 -1 0
outer loop
vertex 15.4066801071167 9.952343940734863 0
vertex 15.4066801071167 9.952343940734863 3.549999952316284
vertex 10.856679916381836 9.952343940734863 0
endloop
endfacet
facet normal 0 -1 0
outer loop
vertex 5.9566802978515625 5.2023444175720215 0
vertex 1.4066802263259888 5.2023444175720215 3.549999952316284
vertex 1.4066802263259888 5.2023444175720215 0
endloop
endfacet
facet normal 0 -1 0
outer loop
vertex 58.406681060791016 14.702343940734863 3.549999952316284
vertex 62.95668029785156 14.702343940734863 0
vertex 62.95668029785156 14.702343940734863 5
endloop
endfacet
facet normal 0 -1 0
outer loop
vertex 48.85668182373047 -4.2976555824279785 5
vertex 58.406681060791016 -4.2976555824279785 3.549999952316284
vertex 62.95668029785156 -4.2976555824279785 5
endloop
endfacet
facet normal 0 -1 0
outer loop
vertex 48.85668182373047 -4.2976555824279785 5
vertex 53.406681060791016 -4.2976555824279785 3.549999952316284
vertex 58.406681060791016 -4.2976555824279785 3.549999952316284
endloop
endfacet
facet normal 0 1 0
outer loop
vertex 62.95668029785156 -18.397655487060547 5
vertex 53.406681060791016 -18.397655487060547 3.549999952316284
vertex 48.85668182373047 -18.397655487060547 5
endloop
endfacet
facet normal 0 -1 0
outer loop
vertex 48.85668182373047 -23.29765510559082 5
vertex 58.406681060791016 -23.29765510559082 3.549999952316284
vertex 62.95668029785156 -23.29765510559082 5
endloop
endfacet
facet normal 0 1 0
outer loop
vertex 62.95668029785156 -18.397655487060547 5
vertex 58.406681060791016 -18.397655487060547 3.549999952316284
vertex 53.406681060791016 -18.397655487060547 3.549999952316284
endloop
endfacet
facet normal 0 -1 0
outer loop
vertex 48.85668182373047 -23.29765510559082 5
vertex 53.406681060791016 -23.29765510559082 3.549999952316284
vertex 58.406681060791016 -23.29765510559082 3.549999952316284
endloop
endfacet
facet normal 0 -1 0
outer loop
vertex 43.95668029785156 -4.2976555824279785 5
vertex 29.856679916381836 -4.2976555824279785 5
vertex 39.406681060791016 -4.2976555824279785 3.549999952316284
endloop
endfacet
facet normal 0 1 0
outer loop
vertex 43.95668029785156 -18.397655487060547 5
vertex 34.406681060791016 -18.397655487060547 3.549999952316284
vertex 29.856679916381836 -18.397655487060547 5
endloop
endfacet
facet normal 0 -1 0
outer loop
vertex 43.95668029785156 -23.29765510559082 5
vertex 29.856679916381836 -23.29765510559082 5
vertex 39.406681060791016 -23.29765510559082 3.549999952316284
endloop
endfacet
facet normal 0 1 0
outer loop
vertex 43.95668029785156 -18.397655487060547 5
vertex 39.406681060791016 -18.397655487060547 3.549999952316284
vertex 34.406681060791016 -18.397655487060547 3.549999952316284
endloop
endfacet
facet normal -1 0 0
outer loop
vertex 62.95668029785156 14.702343940734863 5
vertex 62.95668029785156 0.602344274520874 0
vertex 62.95668029785156 0.602344274520874 5
endloop
endfacet
facet normal 0 1 0
outer loop
vertex 24.956680297851562 -23.147655487060547 0
vertex 20.406681060791016 -23.147655487060547 0
vertex 20.406681060791016 -23.147655487060547 3.549999952316284
endloop
endfacet
facet normal 0 -1 0
outer loop
vertex 58.406681060791016 -4.2976555824279785 3.549999952316284
vertex 62.95668029785156 -4.2976555824279785 0
vertex 62.95668029785156 -4.2976555824279785 5
endloop
endfacet
facet normal -1 0 0
outer loop
vertex 62.95668029785156 -4.2976555824279785 5
vertex 62.95668029785156 -18.397655487060547 0
vertex 62.95668029785156 -18.397655487060547 5
endloop
endfacet
facet normal 0 -1 0
outer loop
vertex -22.593318939208984 -9.047656059265137 0
vertex -22.593318939208984 -9.047656059265137 3.549999952316284
vertex -27.143320083618164 -9.047656059265137 0
endloop
endfacet
facet normal 0 1 0
outer loop
vertex -22.593318939208984 -4.147655963897705 0
vertex -27.143320083618164 -4.147655963897705 0
vertex -22.593318939208984 -4.147655963897705 3.549999952316284
endloop
endfacet
facet normal 0 -1 0
outer loop
vertex -27.143320083618164 -28.04765510559082 5
vertex -22.593318939208984 -28.04765510559082 3.549999952316284
vertex -17.593318939208984 -28.04765510559082 3.549999952316284
endloop
endfacet
facet normal 0 1 0
outer loop
vertex -13.043319702148438 -42.14765548706055 5
vertex -22.593318939208984 -42.14765548706055 3.549999952316284
vertex -27.143320083618164 -42.14765548706055 5
endloop
endfacet
facet normal 0 1 0
outer loop
vertex 62.95668029785156 -18.397655487060547 0
vertex 58.406681060791016 -18.397655487060547 3.549999952316284
vertex 62.95668029785156 -18.397655487060547 5
endloop
endfacet
facet normal 0 -1 0
outer loop
vertex 58.406681060791016 -23.29765510559082 3.549999952316284
vertex 62.95668029785156 -23.29765510559082 0
vertex 62.95668029785156 -23.29765510559082 5
endloop
endfacet
facet normal 1 0 0
outer loop
vertex 48.85668182373047 -18.397655487060547 5
vertex 48.85668182373047 -4.2976555824279785 0
vertex 48.85668182373047 -4.2976555824279785 5
endloop
endfacet
facet normal 0 1 0
outer loop
vertex 15.4066801071167 -4.147655963897705 0
vertex 10.856679916381836 -4.147655963897705 0
vertex 15.4066801071167 -4.147655963897705 3.549999952316284
endloop
endfacet
facet normal 0 -1 0
outer loop
vertex 15.4066801071167 -9.047656059265137 0
vertex 15.4066801071167 -9.047656059265137 3.549999952316284
vertex 10.856679916381836 -9.047656059265137 0
endloop
endfacet
facet normal 0 -1 0
outer loop
vertex 48.85668182373047 -4.2976555824279785 0
vertex 53.406681060791016 -4.2976555824279785 3.549999952316284
vertex 48.85668182373047 -4.2976555824279785 5
endloop
endfacet
facet normal 0 -1 0
outer loop
vertex 39.406681060791016 -4.2976555824279785 3.549999952316284
vertex 43.95668029785156 -4.2976555824279785 0
vertex 43.95668029785156 -4.2976555824279785 5
endloop
endfacet
facet normal 0 1 0
outer loop
vertex -41.593318939208984 0.602344274520874 3.549999952316284
vertex -46.14331817626953 0.602344274520874 0
vertex -46.14331817626953 0.602344274520874 5
endloop
endfacet
facet normal 1 0 0
outer loop
vertex -46.14331817626953 0.602344274520874 5
vertex -46.14331817626953 14.702343940734863 0
vertex -46.14331817626953 14.702343940734863 5
endloop
endfacet
facet normal -1 0 0
outer loop
vertex 43.95668029785156 -4.2976555824279785 5
vertex 43.95668029785156 -18.397655487060547 0
vertex 43.95668029785156 -18.397655487060547 5
endloop
endfacet
facet normal 0 -1 0
outer loop
vertex -46.14331817626953 14.702343940734863 5
vertex -46.14331817626953 14.702343940734863 0
vertex -41.593318939208984 14.702343940734863 3.549999952316284
endloop
endfacet
facet normal 0 1 0
outer loop
vertex 5.9566802978515625 -8.897655487060547 0
vertex 1.4066802263259888 -8.897655487060547 0
vertex 1.4066802263259888 -8.897655487060547 3.549999952316284
endloop
endfacet
facet normal 0 1 0
outer loop
vertex 53.406681060791016 -18.397655487060547 3.549999952316284
vertex 48.85668182373047 -18.397655487060547 0
vertex 48.85668182373047 -18.397655487060547 5
endloop
endfacet
facet normal 0 -1 0
outer loop
vertex 48.85668182373047 -23.29765510559082 5
vertex 48.85668182373047 -23.29765510559082 0
vertex 53.406681060791016 -23.29765510559082 3.549999952316284
endloop
endfacet
facet normal 0 1 0
outer loop
vertex 43.95668029785156 -18.397655487060547 0
vertex 39.406681060791016 -18.397655487060547 3.549999952316284
vertex 43.95668029785156 -18.397655487060547 5
endloop
endfacet
facet normal 0 -1 0
outer loop
vertex 39.406681060791016 -23.29765510559082 3.549999952316284
vertex 43.95668029785156 -23.29765510559082 0
vertex 43.95668029785156 -23.29765510559082 5
endloop
endfacet
facet normal 0 1 0
outer loop
vertex 62.95668029785156 -37.39765548706055 5
vertex 53.406681060791016 -37.39765548706055 3.549999952316284
vertex 48.85668182373047 -37.39765548706055 5
endloop
endfacet
facet normal 0 1 0
outer loop
vertex 62.95668029785156 -37.39765548706055 5
vertex 58.406681060791016 -37.39765548706055 3.549999952316284
vertex 53.406681060791016 -37.39765548706055 3.549999952316284
endloop
endfacet
facet normal 0 1 0
outer loop
vertex 43.95668029785156 -37.39765548706055 5
vertex 34.406681060791016 -37.39765548706055 3.549999952316284
vertex 29.856679916381836 -37.39765548706055 5
endloop
endfacet
facet normal 0 1 0
outer loop
vertex 43.95668029785156 -37.39765548706055 5
vertex 39.406681060791016 -37.39765548706055 3.549999952316284
vertex 34.406681060791016 -37.39765548706055 3.549999952316284
endloop
endfacet
facet normal -1 0 0
outer loop
vertex 62.95668029785156 -23.29765510559082 5
vertex 62.95668029785156 -37.39765548706055 0
vertex 62.95668029785156 -37.39765548706055 5
endloop
endfacet
facet normal 0 1 0
outer loop
vertex -13.043319702148438 -23.147655487060547 0
vertex -17.593318939208984 -23.147655487060547 0
vertex -17.593318939208984 -23.147655487060547 3.549999952316284
endloop
endfacet
facet normal 0 -1 0
outer loop
vertex -8.143320083618164 -13.797656059265137 0
vertex -3.593319892883301 -13.797656059265137 0
vertex -3.593319892883301 -13.797656059265137 3.549999952316284
endloop
endfacet
facet normal 0 1 0
outer loop
vertex 62.95668029785156 -37.39765548706055 0
vertex 58.406681060791016 -37.39765548706055 3.549999952316284
vertex 62.95668029785156 -37.39765548706055 5
endloop
endfacet
facet normal 1 0 0
outer loop
vertex 48.85668182373047 -37.39765548706055 5
vertex 48.85668182373047 -23.29765510559082 0
vertex 48.85668182373047 -23.29765510559082 5
endloop
endfacet
facet normal -1 0 0
outer loop
vertex 43.95668029785156 -23.29765510559082 5
vertex 43.95668029785156 -37.39765548706055 0
vertex 43.95668029785156 -37.39765548706055 5
endloop
endfacet
facet normal 0 1 0
outer loop
vertex 15.4066801071167 -23.147655487060547 0
vertex 10.856679916381836 -23.147655487060547 0
vertex 15.4066801071167 -23.147655487060547 3.549999952316284
endloop
endfacet
facet normal 0 -1 0
outer loop
vertex 5.9566802978515625 -13.797656059265137 0
vertex 1.4066802263259888 -13.797656059265137 3.549999952316284
vertex 1.4066802263259888 -13.797656059265137 0
endloop
endfacet
facet normal 0 1 0
outer loop
vertex 53.406681060791016 -37.39765548706055 3.549999952316284
vertex 48.85668182373047 -37.39765548706055 0
vertex 48.85668182373047 -37.39765548706055 5
endloop
endfacet
facet normal 0 1 0
outer loop
vertex 43.95668029785156 -37.39765548706055 0
vertex 39.406681060791016 -37.39765548706055 3.549999952316284
vertex 43.95668029785156 -37.39765548706055 5
endloop
endfacet
facet normal 0 -1 0
outer loop
vertex 10.856679916381836 -9.047656059265137 5
vertex 20.406681060791016 -9.047656059265137 3.549999952316284
vertex 24.956680297851562 -9.047656059265137 5
endloop
endfacet
facet normal 0 -1 0
outer loop
vertex 29.856679916381836 -4.2976555824279785 5
vertex 34.406681060791016 -4.2976555824279785 3.549999952316284
vertex 39.406681060791016 -4.2976555824279785 3.549999952316284
endloop
endfacet
facet normal 0 1 0
outer loop
vertex 24.956680297851562 -4.147655963897705 5
vertex 20.406681060791016 -4.147655963897705 3.549999952316284
vertex 15.4066801071167 -4.147655963897705 3.549999952316284
endloop
endfacet
facet normal 0 -1 0
outer loop
vertex 29.856679916381836 -23.29765510559082 5
vertex 34.406681060791016 -23.29765510559082 3.549999952316284
vertex 39.406681060791016 -23.29765510559082 3.549999952316284
endloop
endfacet
facet normal 0 1 0
outer loop
vertex 24.956680297851562 -23.147655487060547 5
vertex 20.406681060791016 -23.147655487060547 3.549999952316284
vertex 15.4066801071167 -23.147655487060547 3.549999952316284
endloop
endfacet
facet normal 0 1 0
outer loop
vertex 10.856679916381836 -4.147655963897705 5
vertex 24.956680297851562 -4.147655963897705 5
vertex 15.4066801071167 -4.147655963897705 3.549999952316284
endloop
endfacet
facet normal 0 -1 0
outer loop
vertex 10.856679916381836 -9.047656059265137 5
vertex 15.4066801071167 -9.047656059265137 3.549999952316284
vertex 20.406681060791016 -9.047656059265137 3.549999952316284
endloop
endfacet
facet normal 0 1 0
outer loop
vertex 1.4066802263259888 -8.897655487060547 3.549999952316284
vertex -3.593319892883301 -8.897655487060547 3.549999952316284
vertex 5.9566802978515625 -8.897655487060547 5
endloop
endfacet
facet normal 0 1 0
outer loop
vertex 10.856679916381836 -23.147655487060547 5
vertex 24.956680297851562 -23.147655487060547 5
vertex 15.4066801071167 -23.147655487060547 3.549999952316284
endloop
endfacet
facet normal 1 0 0
outer loop
vertex 29.856679916381836 -18.397655487060547 5
vertex 29.856679916381836 -4.2976555824279785 0
vertex 29.856679916381836 -4.2976555824279785 5
endloop
endfacet
facet normal 1 0 0
outer loop
vertex 29.856679916381836 -37.39765548706055 0
vertex 29.856679916381836 -23.29765510559082 0
vertex 29.856679916381836 -37.39765548706055 5
endloop
endfacet
facet normal -1 0 0
outer loop
vertex 24.956680297851562 -28.04765510559082 0
vertex 24.956680297851562 -42.14765548706055 0
vertex 24.956680297851562 -28.04765510559082 5
endloop
endfacet
facet normal 0 -1 0
outer loop
vertex -13.043319702148438 -9.047656059265137 0
vertex -17.593318939208984 -9.047656059265137 3.549999952316284
vertex -17.593318939208984 -9.047656059265137 0
endloop
endfacet
facet normal 0 1 0
outer loop
vertex -13.043319702148438 -4.147655963897705 0
vertex -17.593318939208984 -4.147655963897705 0
vertex -17.593318939208984 -4.147655963897705 3.549999952316284
endloop
endfacet
facet normal 1 0 0
outer loop
vertex 48.85668182373047 -23.29765510559082 0
vertex 48.85668182373047 -37.39765548706055 5
vertex 48.85668182373047 -37.39765548706055 0
endloop
endfacet
facet normal 0 1 0
outer loop
vertex -17.593318939208984 -42.14765548706055 3.549999952316284
vertex -22.593318939208984 -42.14765548706055 3.549999952316284
vertex -13.043319702148438 -42.14765548706055 5
endloop
endfacet
facet normal -1 0 0
outer loop
vertex 62.95668029785156 -23.29765510559082 0
vertex 62.95668029785156 -37.39765548706055 0
vertex 62.95668029785156 -23.29765510559082 5
endloop
endfacet
facet normal 0 -1 0
outer loop
vertex 43.95668029785156 -23.29765510559082 0
vertex 39.406681060791016 -23.29765510559082 3.549999952316284
vertex 39.406681060791016 -23.29765510559082 0
endloop
endfacet
facet normal 0 1 0
outer loop
vertex 43.95668029785156 -18.397655487060547 0
vertex 39.406681060791016 -18.397655487060547 0
vertex 39.406681060791016 -18.397655487060547 3.549999952316284
endloop
endfacet
facet normal 0 -1 0
outer loop
vertex 53.406681060791016 -23.29765510559082 0
vertex 53.406681060791016 -23.29765510559082 3.549999952316284
vertex 48.85668182373047 -23.29765510559082 0
endloop
endfacet
facet normal 0 1 0
outer loop
vertex 53.406681060791016 -18.397655487060547 0
vertex 48.85668182373047 -18.397655487060547 0
vertex 53.406681060791016 -18.397655487060547 3.549999952316284
endloop
endfacet
facet normal 0 -1 0
outer loop
vertex 43.95668029785156 -4.2976555824279785 0
vertex 39.406681060791016 -4.2976555824279785 3.549999952316284
vertex 39.406681060791016 -4.2976555824279785 0
endloop
endfacet
facet normal 0 -1 0
outer loop
vertex 53.406681060791016 -4.2976555824279785 0
vertex 53.406681060791016 -4.2976555824279785 3.549999952316284
vertex 48.85668182373047 -4.2976555824279785 0
endloop
endfacet
facet normal 0 -1 0
outer loop
vertex 62.95668029785156 -23.29765510559082 0
vertex 58.406681060791016 -23.29765510559082 3.549999952316284
vertex 58.406681060791016 -23.29765510559082 0
endloop
endfacet
facet normal 0 1 0
outer loop
vertex 62.95668029785156 -18.397655487060547 0
vertex 58.406681060791016 -18.397655487060547 0
vertex 58.406681060791016 -18.397655487060547 3.549999952316284
endloop
endfacet
facet normal 0 -1 0
outer loop
vertex 62.95668029785156 -4.2976555824279785 0
vertex 58.406681060791016 -4.2976555824279785 3.549999952316284
vertex 58.406681060791016 -4.2976555824279785 0
endloop
endfacet
facet normal 1 0 0
outer loop
vertex 48.85668182373047 -4.2976555824279785 0
vertex 48.85668182373047 -18.397655487060547 5
vertex 48.85668182373047 -18.397655487060547 0
endloop
endfacet
facet normal -1 0 0
outer loop
vertex 43.95668029785156 -4.2976555824279785 0
vertex 43.95668029785156 -18.397655487060547 0
vertex 43.95668029785156 -4.2976555824279785 5
endloop
endfacet
facet normal -1 0 0
outer loop
vertex 62.95668029785156 -4.2976555824279785 0
vertex 62.95668029785156 -18.397655487060547 0
vertex 62.95668029785156 -4.2976555824279785 5
endloop
endfacet
facet normal 0 1 0
outer loop
vertex 5.9566802978515625 -46.89765548706055 0
vertex 1.4066802263259888 -46.89765548706055 3.549999952316284
vertex 5.9566802978515625 -46.89765548706055 5
endloop
endfacet
facet normal 0 1 0
outer loop
vertex 15.4066801071167 -42.14765548706055 3.549999952316284
vertex 10.856679916381836 -42.14765548706055 0
vertex 10.856679916381836 -42.14765548706055 5
endloop
endfacet
facet normal -1 0 0
outer loop
vertex 5.9566802978515625 -32.79765701293945 5
vertex 5.9566802978515625 -46.89765548706055 0
vertex 5.9566802978515625 -46.89765548706055 5
endloop
endfacet
facet normal 1 0 0
outer loop
vertex -8.143320083618164 -46.89765548706055 5
vertex -8.143320083618164 -32.79765701293945 0
vertex -8.143320083618164 -32.79765701293945 5
endloop
endfacet
facet normal 0 -1 0
outer loop
vertex 5.9566802978515625 -32.79765701293945 5
vertex 1.4066802263259888 -32.79765701293945 3.549999952316284
vertex 5.9566802978515625 -32.79765701293945 0
endloop
endfacet
facet normal 0 1 0
outer loop
vertex 5.9566802978515625 -46.89765548706055 0
vertex 1.4066802263259888 -46.89765548706055 0
vertex 1.4066802263259888 -46.89765548706055 3.549999952316284
endloop
endfacet
facet normal 0 1 0
outer loop
vertex 5.9566802978515625 -27.897655487060547 0
vertex 1.4066802263259888 -27.897655487060547 3.549999952316284
vertex 5.9566802978515625 -27.897655487060547 5
endloop
endfacet
facet normal 0 -1 0
outer loop
vertex 10.856679916381836 -28.04765510559082 0
vertex 15.4066801071167 -28.04765510559082 3.549999952316284
vertex 10.856679916381836 -28.04765510559082 5
endloop
endfacet
facet normal 1 0 0
outer loop
vertex 10.856679916381836 -42.14765548706055 5
vertex 10.856679916381836 -28.04765510559082 0
vertex 10.856679916381836 -28.04765510559082 5
endloop
endfacet
facet normal 0 1 0
outer loop
vertex 24.956680297851562 -42.14765548706055 0
vertex 20.406681060791016 -42.14765548706055 3.549999952316284
vertex 24.956680297851562 -42.14765548706055 5
endloop
endfacet
facet normal 0 -1 0
outer loop
vertex 20.406681060791016 -28.04765510559082 3.549999952316284
vertex 24.956680297851562 -28.04765510559082 0
vertex 24.956680297851562 -28.04765510559082 5
endloop
endfacet
facet normal 0 1 0
outer loop
vertex 34.406681060791016 -37.39765548706055 3.549999952316284
vertex 29.856679916381836 -37.39765548706055 0
vertex 29.856679916381836 -37.39765548706055 5
endloop
endfacet
facet normal -1 0 0
outer loop
vertex 24.956680297851562 -28.04765510559082 5
vertex 24.956680297851562 -42.14765548706055 0
vertex 24.956680297851562 -42.14765548706055 5
endloop
endfacet
facet normal -1 0 0
outer loop
vertex -13.043319702148438 -28.04765510559082 5
vertex -13.043319702148438 -42.14765548706055 0
vertex -13.043319702148438 -42.14765548706055 5
endloop
endfacet
facet normal 1 0 0
outer loop
vertex 29.856679916381836 -37.39765548706055 5
vertex 29.856679916381836 -23.29765510559082 0
vertex 29.856679916381836 -23.29765510559082 5
endloop
endfacet
facet normal 0 1 0
outer loop
vertex 1.4066802263259888 -46.89765548706055 3.549999952316284
vertex -3.593319892883301 -46.89765548706055 3.549999952316284
vertex 5.9566802978515625 -46.89765548706055 5
endloop
endfacet
facet normal 0 1 0
outer loop
vertex 10.856679916381836 -42.14765548706055 5
vertex 24.956680297851562 -42.14765548706055 5
vertex 15.4066801071167 -42.14765548706055 3.549999952316284
endloop
endfacet
facet normal 0 1 0
outer loop
vertex 1.4066802263259888 -27.897655487060547 3.549999952316284
vertex -3.593319892883301 -27.897655487060547 3.549999952316284
vertex 5.9566802978515625 -27.897655487060547 5
endloop
endfacet
facet normal 0 1 0
outer loop
vertex -3.593319892883301 -27.897655487060547 3.549999952316284
vertex -8.143320083618164 -27.897655487060547 0
vertex -8.143320083618164 -27.897655487060547 5
endloop
endfacet
facet normal 0 -1 0
outer loop
vertex -8.143320083618164 -32.79765701293945 0
vertex -3.593319892883301 -32.79765701293945 3.549999952316284
vertex -8.143320083618164 -32.79765701293945 5
endloop
endfacet
facet normal 0 -1 0
outer loop
vertex -17.593318939208984 -28.04765510559082 3.549999952316284
vertex -13.043319702148438 -28.04765510559082 0
vertex -13.043319702148438 -28.04765510559082 5
endloop
endfacet
facet normal 0 -1 0
outer loop
vertex 10.856679916381836 -28.04765510559082 5
vertex 15.4066801071167 -28.04765510559082 3.549999952316284
vertex 20.406681060791016 -28.04765510559082 3.549999952316284
endloop
endfacet
facet normal 0 -1 0
outer loop
vertex 20.406681060791016 28.95234489440918 3.549999952316284
vertex 24.956680297851562 28.95234489440918 0
vertex 24.956680297851562 28.95234489440918 5
endloop
endfacet
facet normal 0 -1 0
outer loop
vertex 29.856679916381836 33.70234298706055 0
vertex 34.406681060791016 33.70234298706055 3.549999952316284
vertex 29.856679916381836 33.70234298706055 5
endloop
endfacet
facet normal 0 1 0
outer loop
vertex 24.956680297851562 -42.14765548706055 5
vertex 20.406681060791016 -42.14765548706055 3.549999952316284
vertex 15.4066801071167 -42.14765548706055 3.549999952316284
endloop
endfacet
facet normal 0 -1 0
outer loop
vertex 10.856679916381836 -28.04765510559082 5
vertex 20.406681060791016 -28.04765510559082 3.549999952316284
vertex 24.956680297851562 -28.04765510559082 5
endloop
endfacet
facet normal 0 -1 0
outer loop
vertex 5.9566802978515625 -13.797656059265137 5
vertex 1.4066802263259888 -13.797656059265137 3.549999952316284
vertex 5.9566802978515625 -13.797656059265137 0
endloop
endfacet
facet normal 1 0 0
outer loop
vertex 29.856679916381836 19.602344512939453 5
vertex 29.856679916381836 33.70234298706055 0
vertex 29.856679916381836 33.70234298706055 5
endloop
endfacet
facet normal 0 1 0
outer loop
vertex 15.4066801071167 -23.147655487060547 3.549999952316284
vertex 10.856679916381836 -23.147655487060547 0
vertex 10.856679916381836 -23.147655487060547 5
endloop
endfacet
facet normal -1 0 0
outer loop
vertex 5.9566802978515625 -13.797656059265137 5
vertex 5.9566802978515625 -27.897655487060547 0
vertex 5.9566802978515625 -27.897655487060547 5
endloop
endfacet
facet normal 0 -1 0
outer loop
vertex 10.856679916381836 28.95234489440918 5
vertex 15.4066801071167 28.95234489440918 3.549999952316284
vertex 20.406681060791016 28.95234489440918 3.549999952316284
endloop
endfacet
facet normal 0 -1 0
outer loop
vertex 29.856679916381836 33.70234298706055 5
vertex 34.406681060791016 33.70234298706055 3.549999952316284
vertex 39.406681060791016 33.70234298706055 3.549999952316284
endloop
endfacet
facet normal 0 -1 0
outer loop
vertex 10.856679916381836 28.95234489440918 5
vertex 20.406681060791016 28.95234489440918 3.549999952316284
vertex 24.956680297851562 28.95234489440918 5
endloop
endfacet
facet normal 0 1 0
outer loop
vertex 43.95668029785156 0.602344274520874 0
vertex 39.406681060791016 0.602344274520874 3.549999952316284
vertex 43.95668029785156 0.602344274520874 5
endloop
endfacet
facet normal 0 -1 0
outer loop
vertex 1.4066802263259888 5.2023444175720215 3.549999952316284
vertex 5.9566802978515625 5.2023444175720215 5
vertex -8.143320083618164 5.2023444175720215 5
endloop
endfacet
facet normal 0 -1 0
outer loop
vertex -8.143320083618164 5.2023444175720215 5
vertex -3.593319892883301 5.2023444175720215 3.549999952316284
vertex 1.4066802263259888 5.2023444175720215 3.549999952316284
endloop
endfacet
facet normal 1 0 0
outer loop
vertex 10.856679916381836 -23.147655487060547 5
vertex 10.856679916381836 -9.047656059265137 0
vertex 10.856679916381836 -9.047656059265137 5
endloop
endfacet
facet normal 0 1 0
outer loop
vertex 53.406681060791016 0.602344274520874 3.549999952316284
vertex 48.85668182373047 0.602344274520874 0
vertex 48.85668182373047 0.602344274520874 5
endloop
endfacet
facet normal 0 -1 0
outer loop
vertex -27.143320083618164 9.952343940734863 5
vertex -17.593318939208984 9.952343940734863 3.549999952316284
vertex -13.043319702148438 9.952343940734863 5
endloop
endfacet
facet normal 0 1 0
outer loop
vertex 5.9566802978515625 -8.897655487060547 0
vertex 1.4066802263259888 -8.897655487060547 3.549999952316284
vertex 5.9566802978515625 -8.897655487060547 5
endloop
endfacet
facet normal 0 -1 0
outer loop
vertex 10.856679916381836 -9.047656059265137 5
vertex 10.856679916381836 -9.047656059265137 0
vertex 15.4066801071167 -9.047656059265137 3.549999952316284
endloop
endfacet
facet normal 0 -1 0
outer loop
vertex -27.143320083618164 9.952343940734863 5
vertex -22.593318939208984 9.952343940734863 3.549999952316284
vertex -17.593318939208984 9.952343940734863 3.549999952316284
endloop
endfacet
facet normal 0 1 0
outer loop
vertex -32.04331970214844 -37.39765548706055 0
vertex -36.593318939208984 -37.39765548706055 0
vertex -36.593318939208984 -37.39765548706055 3.549999952316284
endloop
endfacet
facet normal 0 1 0
outer loop
vertex 15.4066801071167 -4.147655963897705 3.549999952316284
vertex 10.856679916381836 -4.147655963897705 0
vertex 10.856679916381836 -4.147655963897705 5
endloop
endfacet
facet normal -1 0 0
outer loop
vertex 5.9566802978515625 -8.897655487060547 5
vertex 5.9566802978515625 5.2023444175720215 5
vertex 5.9566802978515625 -8.897655487060547 0
endloop
endfacet
facet normal 0 1 0
outer loop
vertex 24.956680297851562 -23.147655487060547 0
vertex 20.406681060791016 -23.147655487060547 3.549999952316284
vertex 24.956680297851562 -23.147655487060547 5
endloop
endfacet
facet normal 0 -1 0
outer loop
vertex 29.856679916381836 -23.29765510559082 5
vertex 29.856679916381836 -23.29765510559082 0
vertex 34.406681060791016 -23.29765510559082 3.549999952316284
endloop
endfacet
facet normal 0 1 0
outer loop
vertex 34.406681060791016 -18.397655487060547 3.549999952316284
vertex 29.856679916381836 -18.397655487060547 0
vertex 29.856679916381836 -18.397655487060547 5
endloop
endfacet
facet normal 1 0 0
outer loop
vertex -8.143320083618164 5.2023444175720215 5
vertex -8.143320083618164 -8.897655487060547 5
vertex -8.143320083618164 5.2023444175720215 0
endloop
endfacet
facet normal -1 0 0
outer loop
vertex -13.043319702148438 9.952343940734863 5
vertex -13.043319702148438 -4.147655963897705 0
vertex -13.043319702148438 -4.147655963897705 5
endloop
endfacet
facet normal 0 -1 0
outer loop
vertex -8.143320083618164 5.2023444175720215 0
vertex -3.593319892883301 5.2023444175720215 3.549999952316284
vertex -8.143320083618164 5.2023444175720215 5
endloop
endfacet
facet normal 0 -1 0
outer loop
vertex -17.593318939208984 9.952343940734863 3.549999952316284
vertex -13.043319702148438 9.952343940734863 0
vertex -13.043319702148438 9.952343940734863 5
endloop
endfacet
facet normal -1 0 0
outer loop
vertex 24.956680297851562 -9.047656059265137 5
vertex 24.956680297851562 -23.147655487060547 0
vertex 24.956680297851562 -23.147655487060547 5
endloop
endfacet
facet normal 0 1 0
outer loop
vertex -3.593319892883301 -46.89765548706055 0
vertex -8.143320083618164 -46.89765548706055 0
vertex -3.593319892883301 -46.89765548706055 3.549999952316284
endloop
endfacet
facet normal 0 1 0
outer loop
vertex -3.593319892883301 -8.897655487060547 0
vertex -8.143320083618164 -8.897655487060547 0
vertex -3.593319892883301 -8.897655487060547 3.549999952316284
endloop
endfacet
facet normal 0 1 0
outer loop
vertex -41.593318939208984 -37.39765548706055 0
vertex -46.14331817626953 -37.39765548706055 0
vertex -41.593318939208984 -37.39765548706055 3.549999952316284
endloop
endfacet
facet normal 0 -1 0
outer loop
vertex -36.593318939208984 14.702343940734863 3.549999952316284
vertex -32.04331970214844 14.702343940734863 0
vertex -32.04331970214844 14.702343940734863 5
endloop
endfacet
facet normal 0 1 0
outer loop
vertex -36.593318939208984 0.602344274520874 3.549999952316284
vertex -41.593318939208984 0.602344274520874 3.549999952316284
vertex -32.04331970214844 0.602344274520874 5
endloop
endfacet
facet normal 0 1 0
outer loop
vertex -32.04331970214844 0.602344274520874 5
vertex -41.593318939208984 0.602344274520874 3.549999952316284
vertex -46.14331817626953 0.602344274520874 5
endloop
endfacet
facet normal 1 0 0
outer loop
vertex -27.143320083618164 -4.147655963897705 5
vertex -27.143320083618164 9.952343940734863 0
vertex -27.143320083618164 9.952343940734863 5
endloop
endfacet
facet normal -1 0 0
outer loop
vertex -32.04331970214844 14.702343940734863 5
vertex -32.04331970214844 0.602344274520874 0
vertex -32.04331970214844 0.602344274520874 5
endloop
endfacet
facet normal 0 -1 0
outer loop
vertex -27.143320083618164 9.952343940734863 0
vertex -22.593318939208984 9.952343940734863 3.549999952316284
vertex -27.143320083618164 9.952343940734863 5
endloop
endfacet
facet normal 0 1 0
outer loop
vertex -32.04331970214844 0.602344274520874 0
vertex -36.593318939208984 0.602344274520874 3.549999952316284
vertex -32.04331970214844 0.602344274520874 5
endloop
endfacet
facet normal 0 -1 0
outer loop
vertex -46.14331817626953 14.702343940734863 5
vertex -41.593318939208984 14.702343940734863 3.549999952316284
vertex -36.593318939208984 14.702343940734863 3.549999952316284
endloop
endfacet
facet normal 0 -1 0
outer loop
vertex 10.856679916381836 28.95234489440918 5
vertex 10.856679916381836 28.95234489440918 0
vertex 15.4066801071167 28.95234489440918 3.549999952316284
endloop
endfacet
facet normal 1 0 0
outer loop
vertex -27.143320083618164 -23.147655487060547 0
vertex -27.143320083618164 -9.047656059265137 0
vertex -27.143320083618164 -23.147655487060547 5
endloop
endfacet
facet normal 0 -1 0
outer loop
vertex -46.14331817626953 14.702343940734863 5
vertex -36.593318939208984 14.702343940734863 3.549999952316284
vertex -32.04331970214844 14.702343940734863 5
endloop
endfacet
facet normal 0 1 0
outer loop
vertex 62.95668029785156 0.602344274520874 0
vertex 58.406681060791016 0.602344274520874 3.549999952316284
vertex 62.95668029785156 0.602344274520874 5
endloop
endfacet
facet normal -1 0 0
outer loop
vertex -32.04331970214844 -4.2976555824279785 0
vertex -32.04331970214844 -18.397655487060547 0
vertex -32.04331970214844 -4.2976555824279785 5
endloop
endfacet
facet normal 0 -1 0
outer loop
vertex 29.856679916381836 -4.2976555824279785 0
vertex 34.406681060791016 -4.2976555824279785 3.549999952316284
vertex 29.856679916381836 -4.2976555824279785 5
endloop
endfacet
facet normal 0 1 0
outer loop
vertex 24.956680297851562 -4.147655963897705 0
vertex 20.406681060791016 -4.147655963897705 3.549999952316284
vertex 24.956680297851562 -4.147655963897705 5
endloop
endfacet
facet normal 0 -1 0
outer loop
vertex 20.406681060791016 -9.047656059265137 3.549999952316284
vertex 24.956680297851562 -9.047656059265137 0
vertex 24.956680297851562 -9.047656059265137 5
endloop
endfacet
facet normal 0 1 0
outer loop
vertex -13.043319702148438 -42.14765548706055 0
vertex -17.593318939208984 -42.14765548706055 0
vertex -17.593318939208984 -42.14765548706055 3.549999952316284
endloop
endfacet
facet normal -1 0 0
outer loop
vertex 43.95668029785156 14.702343940734863 5
vertex 43.95668029785156 0.602344274520874 0
vertex 43.95668029785156 0.602344274520874 5
endloop
endfacet
facet normal -1 0 0
outer loop
vertex 43.95668029785156 33.70234298706055 5
vertex 43.95668029785156 19.602344512939453 0
vertex 43.95668029785156 19.602344512939453 5
endloop
endfacet
facet normal 0 1 0
outer loop
vertex 15.4066801071167 -42.14765548706055 0
vertex 10.856679916381836 -42.14765548706055 0
vertex 15.4066801071167 -42.14765548706055 3.549999952316284
endloop
endfacet
facet normal -1 0 0
outer loop
vertex -13.043319702148438 -9.047656059265137 0
vertex -13.043319702148438 -23.147655487060547 0
vertex -13.043319702148438 -9.047656059265137 5
endloop
endfacet
facet normal 0 1 0
outer loop
vertex -3.593319892883301 -46.89765548706055 3.549999952316284
vertex -8.143320083618164 -46.89765548706055 0
vertex -8.143320083618164 -46.89765548706055 5
endloop
endfacet
facet normal 0 1 0
outer loop
vertex -13.043319702148438 -42.14765548706055 0
vertex -17.593318939208984 -42.14765548706055 3.549999952316284
vertex -13.043319702148438 -42.14765548706055 5
endloop
endfacet
facet normal 1 0 0
outer loop
vertex -8.143320083618164 -27.897655487060547 5
vertex -8.143320083618164 -27.897655487060547 0
vertex -8.143320083618164 -13.797656059265137 0
endloop
endfacet
facet normal 1 0 0
outer loop
vertex -8.143320083618164 -8.897655487060547 5
vertex -8.143320083618164 -8.897655487060547 0
vertex -8.143320083618164 5.2023444175720215 0
endloop
endfacet
facet normal 1 0 0
outer loop
vertex -27.143320083618164 -42.14765548706055 5
vertex -27.143320083618164 -28.04765510559082 0
vertex -27.143320083618164 -28.04765510559082 5
endloop
endfacet
facet normal -1 0 0
outer loop
vertex -32.04331970214844 -23.29765510559082 5
vertex -32.04331970214844 -37.39765548706055 0
vertex -32.04331970214844 -37.39765548706055 5
endloop
endfacet
facet normal 0 -1 0
outer loop
vertex -27.143320083618164 -28.04765510559082 0
vertex -22.593318939208984 -28.04765510559082 3.549999952316284
vertex -27.143320083618164 -28.04765510559082 5
endloop
endfacet
facet normal 0 1 0
outer loop
vertex -32.04331970214844 -37.39765548706055 0
vertex -36.593318939208984 -37.39765548706055 3.549999952316284
vertex -32.04331970214844 -37.39765548706055 5
endloop
endfacet
facet normal 0 1 0
outer loop
vertex 24.956680297851562 -42.14765548706055 0
vertex 20.406681060791016 -42.14765548706055 0
vertex 20.406681060791016 -42.14765548706055 3.549999952316284
endloop
endfacet
facet normal 0 -1 0
outer loop
vertex 48.85668182373047 14.702343940734863 5
vertex 48.85668182373047 14.702343940734863 0
vertex 53.406681060791016 14.702343940734863 3.549999952316284
endloop
endfacet
facet normal 0 1 0
outer loop
vertex -22.593318939208984 -42.14765548706055 3.549999952316284
vertex -27.143320083618164 -42.14765548706055 0
vertex -27.143320083618164 -42.14765548706055 5
endloop
endfacet
facet normal 0 -1 0
outer loop
vertex -46.14331817626953 -4.2976555824279785 5
vertex -36.593318939208984 -4.2976555824279785 3.549999952316284
vertex -32.04331970214844 -4.2976555824279785 5
endloop
endfacet
facet normal 0 -1 0
outer loop
vertex -46.14331817626953 -4.2976555824279785 5
vertex -41.593318939208984 -4.2976555824279785 3.549999952316284
vertex -36.593318939208984 -4.2976555824279785 3.549999952316284
endloop
endfacet
facet normal 0 1 0
outer loop
vertex -32.04331970214844 -18.397655487060547 5
vertex -41.593318939208984 -18.397655487060547 3.549999952316284
vertex -46.14331817626953 -18.397655487060547 5
endloop
endfacet
facet normal 0 -1 0
outer loop
vertex -46.14331817626953 -23.29765510559082 5
vertex -36.593318939208984 -23.29765510559082 3.549999952316284
vertex -32.04331970214844 -23.29765510559082 5
endloop
endfacet
facet normal 0 1 0
outer loop
vertex -36.593318939208984 -18.397655487060547 3.549999952316284
vertex -41.593318939208984 -18.397655487060547 3.549999952316284
vertex -32.04331970214844 -18.397655487060547 5
endloop
endfacet
facet normal 0 -1 0
outer loop
vertex -46.14331817626953 -23.29765510559082 5
vertex -41.593318939208984 -23.29765510559082 3.549999952316284
vertex -36.593318939208984 -23.29765510559082 3.549999952316284
endloop
endfacet
facet normal 0 1 0
outer loop
vertex 43.95668029785156 19.602344512939453 0
vertex 39.406681060791016 19.602344512939453 3.549999952316284
vertex 43.95668029785156 19.602344512939453 5
endloop
endfacet
facet normal -1 0 0
outer loop
vertex 5.9566802978515625 -32.79765701293945 0
vertex 5.9566802978515625 -40.99309158325195 0
vertex 5.9566802978515625 -32.79765701293945 5
endloop
endfacet
facet normal 0 -1 0
outer loop
vertex 39.406681060791016 14.702343940734863 3.549999952316284
vertex 43.95668029785156 14.702343940734863 0
vertex 43.95668029785156 14.702343940734863 5
endloop
endfacet
facet normal 1 0 0
outer loop
vertex 10.856679916381836 -42.14765548706055 5
vertex 10.856679916381836 -39.88473892211914 0
vertex 10.856679916381836 -28.04765510559082 0
endloop
endfacet
facet normal 1 0 0
outer loop
vertex -46.14331817626953 -18.397655487060547 5
vertex -46.14331817626953 -4.2976555824279785 0
vertex -46.14331817626953 -4.2976555824279785 5
endloop
endfacet
facet normal 0 -1 0
outer loop
vertex -46.14331817626953 -4.2976555824279785 0
vertex -41.593318939208984 -4.2976555824279785 3.549999952316284
vertex -46.14331817626953 -4.2976555824279785 5
endloop
endfacet
facet normal 0 1 0
outer loop
vertex -41.593318939208984 -37.39765548706055 3.549999952316284
vertex -46.14331817626953 -37.39765548706055 0
vertex -46.14331817626953 -37.39765548706055 5
endloop
endfacet
facet normal 1 0 0
outer loop
vertex 48.85668182373047 0.602344274520874 5
vertex 48.85668182373047 14.702343940734863 0
vertex 48.85668182373047 14.702343940734863 5
endloop
endfacet
facet normal 1 0 0
outer loop
vertex -46.14331817626953 -37.39765548706055 5
vertex -46.14331817626953 -23.29765510559082 0
vertex -46.14331817626953 -23.29765510559082 5
endloop
endfacet
facet normal 0 1 0
outer loop
vertex -36.593318939208984 -37.39765548706055 3.549999952316284
vertex -41.593318939208984 -37.39765548706055 3.549999952316284
vertex -32.04331970214844 -37.39765548706055 5
endloop
endfacet
facet normal 0 1 0
outer loop
vertex -41.593318939208984 -18.397655487060547 3.549999952316284
vertex -46.14331817626953 -18.397655487060547 0
vertex -46.14331817626953 -18.397655487060547 5
endloop
endfacet
facet normal 0 -1 0
outer loop
vertex -46.14331817626953 -23.29765510559082 5
vertex -46.14331817626953 -23.29765510559082 0
vertex -41.593318939208984 -23.29765510559082 3.549999952316284
endloop
endfacet
facet normal -1 0 0
outer loop
vertex -32.04331970214844 -23.29765510559082 0
vertex -32.04331970214844 -29.736539840698242 0
vertex -32.04331970214844 -23.29765510559082 5
endloop
endfacet
facet normal 1 0 0
outer loop
vertex -3.593319892883301 -47.59765625 3.549999952316284
vertex -3.593319892883301 -47.59765625 0
vertex -3.593319892883301 -46.89765548706055 0
endloop
endfacet
facet normal -1 0 0
outer loop
vertex 1.4066802263259888 -32.09765625 3.549999952316284
vertex 1.4066802263259888 -32.09765625 0
vertex 1.4066802263259888 -32.79765701293945 0
endloop
endfacet
facet normal 0 0 -1
outer loop
vertex 1.4066802263259888 -32.79765701293945 3.549999952316284
vertex -3.593319892883301 -32.09765625 3.549999952316284
vertex 1.4066802263259888 -32.09765625 3.549999952316284
endloop
endfacet
facet normal -1 0 0
outer loop
vertex 1.4066802263259888 -46.89765548706055 0
vertex 1.4066802263259888 -47.59765625 0
vertex 1.4066802263259888 -46.89765548706055 3.549999952316284
endloop
endfacet
facet normal 0 1 0
outer loop
vertex 1.4066802263259888 -47.59765625 0
vertex -3.593319892883301 -47.59765625 3.549999952316284
vertex 1.4066802263259888 -47.59765625 3.549999952316284
endloop
endfacet
facet normal 1 0 0
outer loop
vertex -3.593319892883301 -47.59765625 3.549999952316284
vertex -3.593319892883301 -46.89765548706055 0
vertex -3.593319892883301 -46.89765548706055 3.549999952316284
endloop
endfacet
facet normal -1 0 0
outer loop
vertex 1.4066802263259888 -32.09765625 3.549999952316284
vertex 1.4066802263259888 -32.79765701293945 0
vertex 1.4066802263259888 -32.79765701293945 3.549999952316284
endloop
endfacet
facet normal 0 0 -1
outer loop
vertex 1.4066802263259888 -47.59765625 3.549999952316284
vertex -3.593319892883301 -46.89765548706055 3.549999952316284
vertex 1.4066802263259888 -46.89765548706055 3.549999952316284
endloop
endfacet
facet normal -1 0 0
outer loop
vertex 1.4066802263259888 -46.89765548706055 3.549999952316284
vertex 1.4066802263259888 -47.59765625 0
vertex 1.4066802263259888 -47.59765625 3.549999952316284
endloop
endfacet
facet normal 0 0 -1
outer loop
vertex 1.4066802263259888 -47.59765625 3.549999952316284
vertex -3.593319892883301 -47.59765625 3.549999952316284
vertex -3.593319892883301 -46.89765548706055 3.549999952316284
endloop
endfacet
facet normal 1 0 0
outer loop
vertex -3.593319892883301 -32.79765701293945 3.549999952316284
vertex -3.593319892883301 -32.79765701293945 0
vertex -3.593319892883301 -32.09765625 0
endloop
endfacet
facet normal 0 -1 0
outer loop
vertex 1.4066802263259888 -32.09765625 0
vertex 1.4066802263259888 -32.09765625 3.549999952316284
vertex -3.593319892883301 -32.09765625 0
endloop
endfacet
facet normal 1 0 0
outer loop
vertex -3.593319892883301 -32.79765701293945 3.549999952316284
vertex -3.593319892883301 -32.09765625 0
vertex -3.593319892883301 -32.09765625 3.549999952316284
endloop
endfacet
facet normal 0 1 0
outer loop
vertex 1.4066802263259888 -47.59765625 0
vertex -3.593319892883301 -47.59765625 0
vertex -3.593319892883301 -47.59765625 3.549999952316284
endloop
endfacet
facet normal 0 -1 0
outer loop
vertex -3.593319892883301 -32.09765625 3.549999952316284
vertex -3.593319892883301 -32.09765625 0
vertex 1.4066802263259888 -32.09765625 3.549999952316284
endloop
endfacet
facet normal 0 0 -1
outer loop
vertex -3.593319892883301 -32.09765625 3.549999952316284
vertex 1.4066802263259888 -32.79765701293945 3.549999952316284
vertex -3.593319892883301 -32.79765701293945 3.549999952316284
endloop
endfacet
facet normal 0 0 -1
outer loop
vertex 20.406681060791016 -27.34765625 3.549999952316284
vertex 20.406681060791016 -28.04765510559082 3.549999952316284
vertex 15.4066801071167 -27.34765625 3.549999952316284
endloop
endfacet
facet normal 1 0 0
outer loop
vertex 15.4066801071167 -28.04765510559082 3.549999952316284
vertex 15.4066801071167 -28.04765510559082 0
vertex 15.4066801071167 -27.34765625 0
endloop
endfacet
facet normal 1 0 0
outer loop
vertex 15.4066801071167 -42.84765625 3.549999952316284
vertex 15.4066801071167 -42.14765548706055 0
vertex 15.4066801071167 -42.14765548706055 3.549999952316284
endloop
endfacet
facet normal 0 -1 0
outer loop
vertex 15.4066801071167 -27.34765625 3.549999952316284
vertex 15.4066801071167 -27.34765625 0
vertex 20.406681060791016 -27.34765625 3.549999952316284
endloop
endfacet
facet normal 1 0 0
outer loop
vertex 15.4066801071167 -28.04765510559082 3.549999952316284
vertex 15.4066801071167 -27.34765625 0
vertex 15.4066801071167 -27.34765625 3.549999952316284
endloop
endfacet
facet normal 0 1 0
outer loop
vertex 20.406681060791016 -42.84765625 0
vertex 15.4066801071167 -42.84765625 3.549999952316284
vertex 20.406681060791016 -42.84765625 3.549999952316284
endloop
endfacet
facet normal -1 0 0
outer loop
vertex 20.406681060791016 -42.14765548706055 0
vertex 20.406681060791016 -42.84765625 0
vertex 20.406681060791016 -42.14765548706055 3.549999952316284
endloop
endfacet
facet normal 0 0 -1
outer loop
vertex 20.406681060791016 -42.14765548706055 3.549999952316284
vertex 20.406681060791016 -42.84765625 3.549999952316284
vertex 15.4066801071167 -42.14765548706055 3.549999952316284
endloop
endfacet
facet normal 0 0 -1
outer loop
vertex 15.4066801071167 -27.34765625 3.549999952316284
vertex 20.406681060791016 -28.04765510559082 3.549999952316284
vertex 15.4066801071167 -28.04765510559082 3.549999952316284
endloop
endfacet
facet normal 0 -1 0
outer loop
vertex 15.4066801071167 -27.34765625 0
vertex 20.406681060791016 -27.34765625 0
vertex 20.406681060791016 -27.34765625 3.549999952316284
endloop
endfacet
facet normal -1 0 0
outer loop
vertex 20.406681060791016 -27.34765625 0
vertex 20.406681060791016 -28.04765510559082 0
vertex 20.406681060791016 -27.34765625 3.549999952316284
endloop
endfacet
facet normal -1 0 0
outer loop
vertex 20.406681060791016 -42.14765548706055 3.549999952316284
vertex 20.406681060791016 -42.84765625 0
vertex 20.406681060791016 -42.84765625 3.549999952316284
endloop
endfacet
facet normal 0 1 0
outer loop
vertex 20.406681060791016 -42.84765625 0
vertex 15.4066801071167 -42.84765625 0
vertex 15.4066801071167 -42.84765625 3.549999952316284
endloop
endfacet
facet normal 0 0 -1
outer loop
vertex 20.406681060791016 -42.84765625 3.549999952316284
vertex 15.4066801071167 -42.84765625 3.549999952316284
vertex 15.4066801071167 -42.14765548706055 3.549999952316284
endloop
endfacet
facet normal 1 0 0
outer loop
vertex 15.4066801071167 -42.14765548706055 0
vertex 15.4066801071167 -42.84765625 3.549999952316284
vertex 15.4066801071167 -42.84765625 0
endloop
endfacet
facet normal -1 0 0
outer loop
vertex 20.406681060791016 -27.34765625 3.549999952316284
vertex 20.406681060791016 -28.04765510559082 0
vertex 20.406681060791016 -28.04765510559082 3.549999952316284
endloop
endfacet
facet normal 0 1 0
outer loop
vertex -17.593318939208984 -42.84765625 0
vertex -22.593318939208984 -42.84765625 3.549999952316284
vertex -17.593318939208984 -42.84765625 3.549999952316284
endloop
endfacet
facet normal 1 0 0
outer loop
vertex -22.593318939208984 -42.84765625 3.549999952316284
vertex -22.593318939208984 -42.14765548706055 0
vertex -22.593318939208984 -42.14765548706055 3.549999952316284
endloop
endfacet
facet normal 0 -1 0
outer loop
vertex -22.593318939208984 -27.34765625 0
vertex -17.593318939208984 -27.34765625 0
vertex -17.593318939208984 -27.34765625 3.549999952316284
endloop
endfacet
facet normal 1 0 0
outer loop
vertex -22.593318939208984 -28.04765510559082 3.549999952316284
vertex -22.593318939208984 -28.04765510559082 0
vertex -22.593318939208984 -27.34765625 0
endloop
endfacet
facet normal -1 0 0
outer loop
vertex -17.593318939208984 -42.14765548706055 3.549999952316284
vertex -17.593318939208984 -42.84765625 0
vertex -17.593318939208984 -42.84765625 3.549999952316284
endloop
endfacet
facet normal -1 0 0
outer loop
vertex -17.593318939208984 -27.34765625 3.549999952316284
vertex -17.593318939208984 -27.34765625 0
vertex -17.593318939208984 -28.04765510559082 0
endloop
endfacet
facet normal 0 0 -1
outer loop
vertex -17.593318939208984 -27.34765625 3.549999952316284
vertex -17.593318939208984 -28.04765510559082 3.549999952316284
vertex -22.593318939208984 -27.34765625 3.549999952316284
endloop
endfacet
facet normal 1 0 0
outer loop
vertex -22.593318939208984 -28.04765510559082 3.549999952316284
vertex -22.593318939208984 -27.34765625 0
vertex -22.593318939208984 -27.34765625 3.549999952316284
endloop
endfacet
facet normal 0 -1 0
outer loop
vertex -22.593318939208984 -27.34765625 3.549999952316284
vertex -22.593318939208984 -27.34765625 0
vertex -17.593318939208984 -27.34765625 3.549999952316284
endloop
endfacet
facet normal -1 0 0
outer loop
vertex -17.593318939208984 -27.34765625 3.549999952316284
vertex -17.593318939208984 -28.04765510559082 0
vertex -17.593318939208984 -28.04765510559082 3.549999952316284
endloop
endfacet
facet normal 0 0 -1
outer loop
vertex -17.593318939208984 -42.14765548706055 3.549999952316284
vertex -17.593318939208984 -42.84765625 3.549999952316284
vertex -22.593318939208984 -42.14765548706055 3.549999952316284
endloop
endfacet
facet normal 0 0 -1
outer loop
vertex -17.593318939208984 -42.84765625 3.549999952316284
vertex -22.593318939208984 -42.84765625 3.549999952316284
vertex -22.593318939208984 -42.14765548706055 3.549999952316284
endloop
endfacet
facet normal -1 0 0
outer loop
vertex -17.593318939208984 -42.84765625 0
vertex -17.593318939208984 -42.14765548706055 3.549999952316284
vertex -17.593318939208984 -42.14765548706055 0
endloop
endfacet
facet normal 0 1 0
outer loop
vertex -17.593318939208984 -42.84765625 0
vertex -22.593318939208984 -42.84765625 0
vertex -22.593318939208984 -42.84765625 3.549999952316284
endloop
endfacet
facet normal 1 0 0
outer loop
vertex -22.593318939208984 -42.14765548706055 0
vertex -22.593318939208984 -42.84765625 3.549999952316284
vertex -22.593318939208984 -42.84765625 0
endloop
endfacet
facet normal 0 0 -1
outer loop
vertex -22.593318939208984 -27.34765625 3.549999952316284
vertex -17.593318939208984 -28.04765510559082 3.549999952316284
vertex -22.593318939208984 -28.04765510559082 3.549999952316284
endloop
endfacet
facet normal -1 0 0
outer loop
vertex 58.406681060791016 -22.59765625 0
vertex 58.406681060791016 -23.29765510559082 0
vertex 58.406681060791016 -22.59765625 3.549999952316284
endloop
endfacet
facet normal 1 0 0
outer loop
vertex 53.406681060791016 -38.09765625 0
vertex 53.406681060791016 -37.39765548706055 0
vertex 53.406681060791016 -38.09765625 3.549999952316284
endloop
endfacet
facet normal 0 -1 0
outer loop
vertex 53.406681060791016 -22.59765625 0
vertex 58.406681060791016 -22.59765625 0
vertex 58.406681060791016 -22.59765625 3.549999952316284
endloop
endfacet
facet normal 1 0 0
outer loop
vertex 53.406681060791016 -23.29765510559082 3.549999952316284
vertex 53.406681060791016 -22.59765625 0
vertex 53.406681060791016 -22.59765625 3.549999952316284
endloop
endfacet
facet normal 1 0 0
outer loop
vertex 53.406681060791016 -23.29765510559082 3.549999952316284
vertex 53.406681060791016 -23.29765510559082 0
vertex 53.406681060791016 -22.59765625 0
endloop
endfacet
facet normal -1 0 0
outer loop
vertex 58.406681060791016 -37.39765548706055 3.549999952316284
vertex 58.406681060791016 -38.09765625 0
vertex 58.406681060791016 -38.09765625 3.549999952316284
endloop
endfacet
facet normal 0 -1 0
outer loop
vertex 53.406681060791016 -22.59765625 3.549999952316284
vertex 53.406681060791016 -22.59765625 0
vertex 58.406681060791016 -22.59765625 3.549999952316284
endloop
endfacet
facet normal -1 0 0
outer loop
vertex 58.406681060791016 -22.59765625 3.549999952316284
vertex 58.406681060791016 -23.29765510559082 0
vertex 58.406681060791016 -23.29765510559082 3.549999952316284
endloop
endfacet
facet normal 0 1 0
outer loop
vertex 58.406681060791016 -38.09765625 0
vertex 53.406681060791016 -38.09765625 3.549999952316284
vertex 58.406681060791016 -38.09765625 3.549999952316284
endloop
endfacet
facet normal 1 0 0
outer loop
vertex 53.406681060791016 -38.09765625 3.549999952316284
vertex 53.406681060791016 -37.39765548706055 0
vertex 53.406681060791016 -37.39765548706055 3.549999952316284
endloop
endfacet
facet normal 0 0 -1
outer loop
vertex 58.406681060791016 -38.09765625 3.549999952316284
vertex 53.406681060791016 -38.09765625 3.549999952316284
vertex 53.406681060791016 -37.39765548706055 3.549999952316284
endloop
endfacet
facet normal 0 0 -1
outer loop
vertex 58.406681060791016 -37.39765548706055 3.549999952316284
vertex 58.406681060791016 -38.09765625 3.549999952316284
vertex 53.406681060791016 -37.39765548706055 3.549999952316284
endloop
endfacet
facet normal 0 0 -1
outer loop
vertex 53.406681060791016 -22.59765625 3.549999952316284
vertex 58.406681060791016 -23.29765510559082 3.549999952316284
vertex 53.406681060791016 -23.29765510559082 3.549999952316284
endloop
endfacet
facet normal 0 0 -1
outer loop
vertex 58.406681060791016 -22.59765625 3.549999952316284
vertex 58.406681060791016 -23.29765510559082 3.549999952316284
vertex 53.406681060791016 -22.59765625 3.549999952316284
endloop
endfacet
facet normal -1 0 0
outer loop
vertex 58.406681060791016 -37.39765548706055 0
vertex 58.406681060791016 -38.09765625 0
vertex 58.406681060791016 -37.39765548706055 3.549999952316284
endloop
endfacet
facet normal 0 1 0
outer loop
vertex 58.406681060791016 -38.09765625 0
vertex 53.406681060791016 -38.09765625 0
vertex 53.406681060791016 -38.09765625 3.549999952316284
endloop
endfacet
facet normal 0 -1 0
outer loop
vertex 34.406681060791016 -22.59765625 3.549999952316284
vertex 34.406681060791016 -22.59765625 0
vertex 39.406681060791016 -22.59765625 3.549999952316284
endloop
endfacet
facet normal 0 0 -1
outer loop
vertex 39.406681060791016 -22.59765625 3.549999952316284
vertex 39.406681060791016 -23.29765510559082 3.549999952316284
vertex 34.406681060791016 -22.59765625 3.549999952316284
endloop
endfacet
facet normal 0 1 0
outer loop
vertex 39.406681060791016 -38.09765625 0
vertex 34.406681060791016 -38.09765625 0
vertex 34.406681060791016 -38.09765625 3.549999952316284
endloop
endfacet
facet normal -1 0 0
outer loop
vertex 39.406681060791016 -22.59765625 3.549999952316284
vertex 39.406681060791016 -23.29765510559082 0
vertex 39.406681060791016 -23.29765510559082 3.549999952316284
endloop
endfacet
facet normal -1 0 0
outer loop
vertex 39.406681060791016 -22.59765625 0
vertex 39.406681060791016 -23.29765510559082 0
vertex 39.406681060791016 -22.59765625 3.549999952316284
endloop
endfacet
facet normal 0 -1 0
outer loop
vertex 34.406681060791016 -22.59765625 0
vertex 39.406681060791016 -22.59765625 0
vertex 39.406681060791016 -22.59765625 3.549999952316284
endloop
endfacet
facet normal -1 0 0
outer loop
vertex 39.406681060791016 -37.39765548706055 3.549999952316284
vertex 39.406681060791016 -38.09765625 0
vertex 39.406681060791016 -38.09765625 3.549999952316284
endloop
endfacet
facet normal 0 1 0
outer loop
vertex 39.406681060791016 -38.09765625 0
vertex 34.406681060791016 -38.09765625 3.549999952316284
vertex 39.406681060791016 -38.09765625 3.549999952316284
endloop
endfacet
facet normal 1 0 0
outer loop
vertex 34.406681060791016 -38.09765625 3.549999952316284
vertex 34.406681060791016 -37.39765548706055 0
vertex 34.406681060791016 -37.39765548706055 3.549999952316284
endloop
endfacet
facet normal 1 0 0
outer loop
vertex 34.406681060791016 -37.39765548706055 0
vertex 34.406681060791016 -38.09765625 3.549999952316284
vertex 34.406681060791016 -38.09765625 0
endloop
endfacet
facet normal 0 0 -1
outer loop
vertex 39.406681060791016 -38.09765625 3.549999952316284
vertex 34.406681060791016 -38.09765625 3.549999952316284
vertex 34.406681060791016 -37.39765548706055 3.549999952316284
endloop
endfacet
facet normal 1 0 0
outer loop
vertex 34.406681060791016 -23.29765510559082 3.549999952316284
vertex 34.406681060791016 -23.29765510559082 0
vertex 34.406681060791016 -22.59765625 0
endloop
endfacet
facet normal 0 0 -1
outer loop
vertex 39.406681060791016 -37.39765548706055 3.549999952316284
vertex 39.406681060791016 -38.09765625 3.549999952316284
vertex 34.406681060791016 -37.39765548706055 3.549999952316284
endloop
endfacet
facet normal 1 0 0
outer loop
vertex 34.406681060791016 -23.29765510559082 3.549999952316284
vertex 34.406681060791016 -22.59765625 0
vertex 34.406681060791016 -22.59765625 3.549999952316284
endloop
endfacet
facet normal 0 0 -1
outer loop
vertex 39.406681060791016 -23.29765510559082 3.549999952316284
vertex 34.406681060791016 -23.29765510559082 3.549999952316284
vertex 34.406681060791016 -22.59765625 3.549999952316284
endloop
endfacet
facet normal -1 0 0
outer loop
vertex 39.406681060791016 -37.39765548706055 0
vertex 39.406681060791016 -38.09765625 0
vertex 39.406681060791016 -37.39765548706055 3.549999952316284
endloop
endfacet
facet normal -1 0 0
outer loop
vertex -36.593318939208984 -22.59765625 3.549999952316284
vertex -36.593318939208984 -23.29765510559082 0
vertex -36.593318939208984 -23.29765510559082 3.549999952316284
endloop
endfacet
facet normal -1 0 0
outer loop
vertex -36.593318939208984 -37.39765548706055 0
vertex -36.593318939208984 -38.09765625 0
vertex -36.593318939208984 -37.39765548706055 3.549999952316284
endloop
endfacet
facet normal 0 0 -1
outer loop
vertex -41.593318939208984 -22.59765625 3.549999952316284
vertex -36.593318939208984 -23.29765510559082 3.549999952316284
vertex -41.593318939208984 -23.29765510559082 3.549999952316284
endloop
endfacet
facet normal -1 0 0
outer loop
vertex -36.593318939208984 -37.39765548706055 3.549999952316284
vertex -36.593318939208984 -38.09765625 0
vertex -36.593318939208984 -38.09765625 3.549999952316284
endloop
endfacet
facet normal 0 1 0
outer loop
vertex -36.593318939208984 -38.09765625 0
vertex -41.593318939208984 -38.09765625 3.549999952316284
vertex -36.593318939208984 -38.09765625 3.549999952316284
endloop
endfacet
facet normal 1 0 0
outer loop
vertex -41.593318939208984 -38.09765625 3.549999952316284
vertex -41.593318939208984 -37.39765548706055 0
vertex -41.593318939208984 -37.39765548706055 3.549999952316284
endloop
endfacet
facet normal 0 0 -1
outer loop
vertex -36.593318939208984 -22.59765625 3.549999952316284
vertex -36.593318939208984 -23.29765510559082 3.549999952316284
vertex -41.593318939208984 -22.59765625 3.549999952316284
endloop
endfacet
facet normal 1 0 0
outer loop
vertex -41.593318939208984 -23.29765510559082 3.549999952316284
vertex -41.593318939208984 -23.29765510559082 0
vertex -41.593318939208984 -22.59765625 0
endloop
endfacet
facet normal 1 0 0
outer loop
vertex -41.593318939208984 -23.29765510559082 3.549999952316284
vertex -41.593318939208984 -22.59765625 0
vertex -41.593318939208984 -22.59765625 3.549999952316284
endloop
endfacet
facet normal 0 -1 0
outer loop
vertex -41.593318939208984 -22.59765625 3.549999952316284
vertex -41.593318939208984 -22.59765625 0
vertex -36.593318939208984 -22.59765625 3.549999952316284
endloop
endfacet
facet normal 0 -1 0
outer loop
vertex -36.593318939208984 -22.59765625 0
vertex -36.593318939208984 -22.59765625 3.549999952316284
vertex -41.593318939208984 -22.59765625 0
endloop
endfacet
facet normal 0 0 -1
outer loop
vertex -36.593318939208984 -37.39765548706055 3.549999952316284
vertex -36.593318939208984 -38.09765625 3.549999952316284
vertex -41.593318939208984 -37.39765548706055 3.549999952316284
endloop
endfacet
facet normal 1 0 0
outer loop
vertex -41.593318939208984 -37.39765548706055 0
vertex -41.593318939208984 -38.09765625 3.549999952316284
vertex -41.593318939208984 -38.09765625 0
endloop
endfacet
facet normal 0 0 -1
outer loop
vertex -36.593318939208984 -38.09765625 3.549999952316284
vertex -41.593318939208984 -38.09765625 3.549999952316284
vertex -41.593318939208984 -37.39765548706055 3.549999952316284
endloop
endfacet
facet normal -1 0 0
outer loop
vertex -36.593318939208984 -22.59765625 0
vertex -36.593318939208984 -23.29765510559082 0
vertex -36.593318939208984 -22.59765625 3.549999952316284
endloop
endfacet
facet normal 0 1 0
outer loop
vertex -36.593318939208984 -38.09765625 0
vertex -41.593318939208984 -38.09765625 0
vertex -41.593318939208984 -38.09765625 3.549999952316284
endloop
endfacet
facet normal -1 0 0
outer loop
vertex 1.4066802263259888 -13.097655296325684 3.549999952316284
vertex 1.4066802263259888 -13.797656059265137 0
vertex 1.4066802263259888 -13.797656059265137 3.549999952316284
endloop
endfacet
facet normal 0 1 0
outer loop
vertex 1.4066802263259888 -28.59765625 0
vertex -3.593319892883301 -28.59765625 3.549999952316284
vertex 1.4066802263259888 -28.59765625 3.549999952316284
endloop
endfacet
facet normal 1 0 0
outer loop
vertex -3.593319892883301 -28.59765625 3.549999952316284
vertex -3.593319892883301 -27.897655487060547 0
vertex -3.593319892883301 -27.897655487060547 3.549999952316284
endloop
endfacet
facet normal 0 0 -1
outer loop
vertex 1.4066802263259888 -28.59765625 3.549999952316284
vertex -3.593319892883301 -27.897655487060547 3.549999952316284
vertex 1.4066802263259888 -27.897655487060547 3.549999952316284
endloop
endfacet
facet normal 0 0 -1
outer loop
vertex -3.593319892883301 -13.097655296325684 3.549999952316284
vertex 1.4066802263259888 -13.797656059265137 3.549999952316284
vertex -3.593319892883301 -13.797656059265137 3.549999952316284
endloop
endfacet
facet normal 0 -1 0
outer loop
vertex -3.593319892883301 -13.097655296325684 3.549999952316284
vertex -3.593319892883301 -13.097655296325684 0
vertex 1.4066802263259888 -13.097655296325684 3.549999952316284
endloop
endfacet
facet normal 1 0 0
outer loop
vertex -3.593319892883301 -13.797656059265137 3.549999952316284
vertex -3.593319892883301 -13.097655296325684 0
vertex -3.593319892883301 -13.097655296325684 3.549999952316284
endloop
endfacet
facet normal 0 1 0
outer loop
vertex 1.4066802263259888 -28.59765625 0
vertex -3.593319892883301 -28.59765625 0
vertex -3.593319892883301 -28.59765625 3.549999952316284
endloop
endfacet
facet normal 0 0 -1
outer loop
vertex 1.4066802263259888 -28.59765625 3.549999952316284
vertex -3.593319892883301 -28.59765625 3.549999952316284
vertex -3.593319892883301 -27.897655487060547 3.549999952316284
endloop
endfacet
facet normal -1 0 0
outer loop
vertex 1.4066802263259888 -13.097655296325684 3.549999952316284
vertex 1.4066802263259888 -13.097655296325684 0
vertex 1.4066802263259888 -13.797656059265137 0
endloop
endfacet
facet normal 0 -1 0
outer loop
vertex -3.593319892883301 -13.097655296325684 0
vertex 1.4066802263259888 -13.097655296325684 0
vertex 1.4066802263259888 -13.097655296325684 3.549999952316284
endloop
endfacet
facet normal -1 0 0
outer loop
vertex 1.4066802263259888 -27.897655487060547 0
vertex 1.4066802263259888 -28.59765625 0
vertex 1.4066802263259888 -27.897655487060547 3.549999952316284
endloop
endfacet
facet normal 1 0 0
outer loop
vertex -3.593319892883301 -27.897655487060547 0
vertex -3.593319892883301 -28.59765625 3.549999952316284
vertex -3.593319892883301 -28.59765625 0
endloop
endfacet
facet normal 1 0 0
outer loop
vertex -3.593319892883301 -13.797656059265137 3.549999952316284
vertex -3.593319892883301 -13.797656059265137 0
vertex -3.593319892883301 -13.097655296325684 0
endloop
endfacet
facet normal -1 0 0
outer loop
vertex 1.4066802263259888 -27.897655487060547 3.549999952316284
vertex 1.4066802263259888 -28.59765625 0
vertex 1.4066802263259888 -28.59765625 3.549999952316284
endloop
endfacet
facet normal 0 0 -1
outer loop
vertex 1.4066802263259888 -13.797656059265137 3.549999952316284
vertex -3.593319892883301 -13.097655296325684 3.549999952316284
vertex 1.4066802263259888 -13.097655296325684 3.549999952316284
endloop
endfacet
facet normal 0 -1 0
outer loop
vertex 15.4066801071167 -8.347655296325684 0
vertex 20.406681060791016 -8.347655296325684 0
vertex 20.406681060791016 -8.347655296325684 3.549999952316284
endloop
endfacet
facet normal 0 0 -1
outer loop
vertex 20.406681060791016 -8.347655296325684 3.549999952316284
vertex 20.406681060791016 -9.047656059265137 3.549999952316284
vertex 15.4066801071167 -8.347655296325684 3.549999952316284
endloop
endfacet
facet normal 1 0 0
outer loop
vertex 15.4066801071167 -9.047656059265137 3.549999952316284
vertex 15.4066801071167 -9.047656059265137 0
vertex 15.4066801071167 -8.347655296325684 0
endloop
endfacet
facet normal 0 -1 0
outer loop
vertex 15.4066801071167 -8.347655296325684 3.549999952316284
vertex 15.4066801071167 -8.347655296325684 0
vertex 20.406681060791016 -8.347655296325684 3.549999952316284
endloop
endfacet
facet normal 0 0 -1
outer loop
vertex 20.406681060791016 -23.147655487060547 3.549999952316284
vertex 20.406681060791016 -23.84765625 3.549999952316284
vertex 15.4066801071167 -23.147655487060547 3.549999952316284
endloop
endfacet
facet normal 1 0 0
outer loop
vertex 15.4066801071167 -23.84765625 3.549999952316284
vertex 15.4066801071167 -23.84765625 0
vertex 15.4066801071167 -23.147655487060547 0
endloop
endfacet
facet normal 0 1 0
outer loop
vertex 20.406681060791016 -23.84765625 0
vertex 15.4066801071167 -23.84765625 3.549999952316284
vertex 20.406681060791016 -23.84765625 3.549999952316284
endloop
endfacet
facet normal 0 1 0
outer loop
vertex 20.406681060791016 -23.84765625 0
vertex 15.4066801071167 -23.84765625 0
vertex 15.4066801071167 -23.84765625 3.549999952316284
endloop
endfacet
facet normal -1 0 0
outer loop
vertex 20.406681060791016 -23.147655487060547 3.549999952316284
vertex 20.406681060791016 -23.84765625 0
vertex 20.406681060791016 -23.84765625 3.549999952316284
endloop
endfacet
facet normal -1 0 0
outer loop
vertex 20.406681060791016 -23.147655487060547 0
vertex 20.406681060791016 -23.84765625 0
vertex 20.406681060791016 -23.147655487060547 3.549999952316284
endloop
endfacet
facet normal -1 0 0
outer loop
vertex 20.406681060791016 -8.347655296325684 3.549999952316284
vertex 20.406681060791016 -9.047656059265137 0
vertex 20.406681060791016 -9.047656059265137 3.549999952316284
endloop
endfacet
facet normal 0 0 -1
outer loop
vertex 15.4066801071167 -8.347655296325684 3.549999952316284
vertex 20.406681060791016 -9.047656059265137 3.549999952316284
vertex 15.4066801071167 -9.047656059265137 3.549999952316284
endloop
endfacet
facet normal 0 0 -1
outer loop
vertex 20.406681060791016 -23.84765625 3.549999952316284
vertex 15.4066801071167 -23.84765625 3.549999952316284
vertex 15.4066801071167 -23.147655487060547 3.549999952316284
endloop
endfacet
facet normal 1 0 0
outer loop
vertex 15.4066801071167 -9.047656059265137 3.549999952316284
vertex 15.4066801071167 -8.347655296325684 0
vertex 15.4066801071167 -8.347655296325684 3.549999952316284
endloop
endfacet
facet normal 1 0 0
outer loop
vertex 15.4066801071167 -23.84765625 3.549999952316284
vertex 15.4066801071167 -23.147655487060547 0
vertex 15.4066801071167 -23.147655487060547 3.549999952316284
endloop
endfacet
facet normal -1 0 0
outer loop
vertex 20.406681060791016 -8.347655296325684 0
vertex 20.406681060791016 -9.047656059265137 0
vertex 20.406681060791016 -8.347655296325684 3.549999952316284
endloop
endfacet
facet normal 0 1 0
outer loop
vertex -17.593318939208984 -23.84765625 0
vertex -22.593318939208984 -23.84765625 3.549999952316284
vertex -17.593318939208984 -23.84765625 3.549999952316284
endloop
endfacet
facet normal -1 0 0
outer loop
vertex -17.593318939208984 -8.347655296325684 3.549999952316284
vertex -17.593318939208984 -9.047656059265137 0
vertex -17.593318939208984 -9.047656059265137 3.549999952316284
endloop
endfacet
facet normal 1 0 0
outer loop
vertex -22.593318939208984 -23.84765625 3.549999952316284
vertex -22.593318939208984 -23.147655487060547 0
vertex -22.593318939208984 -23.147655487060547 3.549999952316284
endloop
endfacet
facet normal 0 1 0
outer loop
vertex -17.593318939208984 -23.84765625 0
vertex -22.593318939208984 -23.84765625 0
vertex -22.593318939208984 -23.84765625 3.549999952316284
endloop
endfacet
facet normal 0 -1 0
outer loop
vertex -22.593318939208984 -8.347655296325684 3.549999952316284
vertex -22.593318939208984 -8.347655296325684 0
vertex -17.593318939208984 -8.347655296325684 3.549999952316284
endloop
endfacet
facet normal 1 0 0
outer loop
vertex -22.593318939208984 -9.047656059265137 3.549999952316284
vertex -22.593318939208984 -8.347655296325684 0
vertex -22.593318939208984 -8.347655296325684 3.549999952316284
endloop
endfacet
facet normal 0 0 -1
outer loop
vertex -17.593318939208984 -23.84765625 3.549999952316284
vertex -22.593318939208984 -23.84765625 3.549999952316284
vertex -22.593318939208984 -23.147655487060547 3.549999952316284
endloop
endfacet
facet normal 0 0 -1
outer loop
vertex -17.593318939208984 -23.147655487060547 3.549999952316284
vertex -17.593318939208984 -23.84765625 3.549999952316284
vertex -22.593318939208984 -23.147655487060547 3.549999952316284
endloop
endfacet
facet normal 0 -1 0
outer loop
vertex -22.593318939208984 -8.347655296325684 0
vertex -17.593318939208984 -8.347655296325684 0
vertex -17.593318939208984 -8.347655296325684 3.549999952316284
endloop
endfacet
facet normal 0 0 -1
outer loop
vertex -22.593318939208984 -8.347655296325684 3.549999952316284
vertex -17.593318939208984 -9.047656059265137 3.549999952316284
vertex -22.593318939208984 -9.047656059265137 3.549999952316284
endloop
endfacet
facet normal 0 0 -1
outer loop
vertex -17.593318939208984 -8.347655296325684 3.549999952316284
vertex -17.593318939208984 -9.047656059265137 3.549999952316284
vertex -22.593318939208984 -8.347655296325684 3.549999952316284
endloop
endfacet
facet normal -1 0 0
outer loop
vertex -17.593318939208984 -9.047656059265137 0
vertex -17.593318939208984 -8.347655296325684 3.549999952316284
vertex -17.593318939208984 -8.347655296325684 0
endloop
endfacet
facet normal 1 0 0
outer loop
vertex -22.593318939208984 -9.047656059265137 3.549999952316284
vertex -22.593318939208984 -9.047656059265137 0
vertex -22.593318939208984 -8.347655296325684 0
endloop
endfacet
facet normal -1 0 0
outer loop
vertex -17.593318939208984 -23.84765625 0
vertex -17.593318939208984 -23.147655487060547 3.549999952316284
vertex -17.593318939208984 -23.147655487060547 0
endloop
endfacet
facet normal -1 0 0
outer loop
vertex -17.593318939208984 -23.147655487060547 3.549999952316284
vertex -17.593318939208984 -23.84765625 0
vertex -17.593318939208984 -23.84765625 3.549999952316284
endloop
endfacet
facet normal 1 0 0
outer loop
vertex -22.593318939208984 -23.147655487060547 0
vertex -22.593318939208984 -23.84765625 3.549999952316284
vertex -22.593318939208984 -23.84765625 0
endloop
endfacet
facet normal -1 0 0
outer loop
vertex 58.406681060791016 -3.597655773162842 0
vertex 58.406681060791016 -4.2976555824279785 0
vertex 58.406681060791016 -3.597655773162842 3.549999952316284
endloop
endfacet
facet normal -1 0 0
outer loop
vertex 58.406681060791016 -18.397655487060547 3.549999952316284
vertex 58.406681060791016 -19.09765625 0
vertex 58.406681060791016 -19.09765625 3.549999952316284
endloop
endfacet
facet normal 0 0 -1
outer loop
vertex 58.406681060791016 -3.597655773162842 3.549999952316284
vertex 58.406681060791016 -4.2976555824279785 3.549999952316284
vertex 53.406681060791016 -3.597655773162842 3.549999952316284
endloop
endfacet
facet normal 1 0 0
outer loop
vertex 53.406681060791016 -4.2976555824279785 3.549999952316284
vertex 53.406681060791016 -4.2976555824279785 0
vertex 53.406681060791016 -3.597655773162842 0
endloop
endfacet
facet normal -1 0 0
outer loop
vertex 58.406681060791016 -3.597655773162842 3.549999952316284
vertex 58.406681060791016 -4.2976555824279785 0
vertex 58.406681060791016 -4.2976555824279785 3.549999952316284
endloop
endfacet
facet normal 1 0 0
outer loop
vertex 53.406681060791016 -18.397655487060547 0
vertex 53.406681060791016 -19.09765625 3.549999952316284
vertex 53.406681060791016 -19.09765625 0
endloop
endfacet
facet normal 1 0 0
outer loop
vertex 53.406681060791016 -19.09765625 3.549999952316284
vertex 53.406681060791016 -18.397655487060547 0
vertex 53.406681060791016 -18.397655487060547 3.549999952316284
endloop
endfacet
facet normal 0 0 -1
outer loop
vertex 58.406681060791016 -19.09765625 3.549999952316284
vertex 53.406681060791016 -19.09765625 3.549999952316284
vertex 53.406681060791016 -18.397655487060547 3.549999952316284
endloop
endfacet
facet normal 0 0 -1
outer loop
vertex 53.406681060791016 -3.597655773162842 3.549999952316284
vertex 58.406681060791016 -4.2976555824279785 3.549999952316284
vertex 53.406681060791016 -4.2976555824279785 3.549999952316284
endloop
endfacet
facet normal 1 0 0
outer loop
vertex 53.406681060791016 -4.2976555824279785 3.549999952316284
vertex 53.406681060791016 -3.597655773162842 0
vertex 53.406681060791016 -3.597655773162842 3.549999952316284
endloop
endfacet
facet normal 0 -1 0
outer loop
vertex 53.406681060791016 -3.597655773162842 3.549999952316284
vertex 53.406681060791016 -3.597655773162842 0
vertex 58.406681060791016 -3.597655773162842 3.549999952316284
endloop
endfacet
facet normal 0 1 0
outer loop
vertex 58.406681060791016 -19.09765625 0
vertex 53.406681060791016 -19.09765625 0
vertex 53.406681060791016 -19.09765625 3.549999952316284
endloop
endfacet
facet normal -1 0 0
outer loop
vertex 58.406681060791016 -18.397655487060547 0
vertex 58.406681060791016 -19.09765625 0
vertex 58.406681060791016 -18.397655487060547 3.549999952316284
endloop
endfacet
facet normal 0 1 0
outer loop
vertex 58.406681060791016 -19.09765625 0
vertex 53.406681060791016 -19.09765625 3.549999952316284
vertex 58.406681060791016 -19.09765625 3.549999952316284
endloop
endfacet
facet normal 0 -1 0
outer loop
vertex 53.406681060791016 -3.597655773162842 0
vertex 58.406681060791016 -3.597655773162842 0
vertex 58.406681060791016 -3.597655773162842 3.549999952316284
endloop
endfacet
facet normal 0 0 -1
outer loop
vertex 58.406681060791016 -18.397655487060547 3.549999952316284
vertex 58.406681060791016 -19.09765625 3.549999952316284
vertex 53.406681060791016 -18.397655487060547 3.549999952316284
endloop
endfacet
facet normal 1 0 0
outer loop
vertex 34.406681060791016 -4.2976555824279785 3.549999952316284
vertex 34.406681060791016 -3.597655773162842 0
vertex 34.406681060791016 -3.597655773162842 3.549999952316284
endloop
endfacet
facet normal 1 0 0
outer loop
vertex 34.406681060791016 -18.397655487060547 0
vertex 34.406681060791016 -19.09765625 3.549999952316284
vertex 34.406681060791016 -19.09765625 0
endloop
endfacet
facet normal 1 0 0
outer loop
vertex 34.406681060791016 -4.2976555824279785 3.549999952316284
vertex 34.406681060791016 -4.2976555824279785 0
vertex 34.406681060791016 -3.597655773162842 0
endloop
endfacet
facet normal -1 0 0
outer loop
vertex 39.406681060791016 -3.597655773162842 0
vertex 39.406681060791016 -4.2976555824279785 0
vertex 39.406681060791016 -3.597655773162842 3.549999952316284
endloop
endfacet
facet normal -1 0 0
outer loop
vertex 39.406681060791016 -3.597655773162842 3.549999952316284
vertex 39.406681060791016 -4.2976555824279785 0
vertex 39.406681060791016 -4.2976555824279785 3.549999952316284
endloop
endfacet
facet normal 0 -1 0
outer loop
vertex 34.406681060791016 -3.597655773162842 3.549999952316284
vertex 34.406681060791016 -3.597655773162842 0
vertex 39.406681060791016 -3.597655773162842 3.549999952316284
endloop
endfacet
facet normal 1 0 0
outer loop
vertex 34.406681060791016 -19.09765625 3.549999952316284
vertex 34.406681060791016 -18.397655487060547 0
vertex 34.406681060791016 -18.397655487060547 3.549999952316284
endloop
endfacet
facet normal 0 1 0
outer loop
vertex 39.406681060791016 -19.09765625 0
vertex 34.406681060791016 -19.09765625 0
vertex 34.406681060791016 -19.09765625 3.549999952316284
endloop
endfacet
facet normal -1 0 0
outer loop
vertex 39.406681060791016 -18.397655487060547 0
vertex 39.406681060791016 -19.09765625 0
vertex 39.406681060791016 -18.397655487060547 3.549999952316284
endloop
endfacet
facet normal 0 1 0
outer loop
vertex 39.406681060791016 -19.09765625 0
vertex 34.406681060791016 -19.09765625 3.549999952316284
vertex 39.406681060791016 -19.09765625 3.549999952316284
endloop
endfacet
facet normal 0 0 -1
outer loop
vertex 39.406681060791016 -19.09765625 3.549999952316284
vertex 34.406681060791016 -19.09765625 3.549999952316284
vertex 34.406681060791016 -18.397655487060547 3.549999952316284
endloop
endfacet
facet normal 0 0 -1
outer loop
vertex 39.406681060791016 -18.397655487060547 3.549999952316284
vertex 39.406681060791016 -19.09765625 3.549999952316284
vertex 34.406681060791016 -18.397655487060547 3.549999952316284
endloop
endfacet
facet normal 0 0 -1
outer loop
vertex 39.406681060791016 -4.2976555824279785 3.549999952316284
vertex 34.406681060791016 -4.2976555824279785 3.549999952316284
vertex 34.406681060791016 -3.597655773162842 3.549999952316284
endloop
endfacet
facet normal -1 0 0
outer loop
vertex 39.406681060791016 -18.397655487060547 3.549999952316284
vertex 39.406681060791016 -19.09765625 0
vertex 39.406681060791016 -19.09765625 3.549999952316284
endloop
endfacet
facet normal 0 0 -1
outer loop
vertex 39.406681060791016 -3.597655773162842 3.549999952316284
vertex 39.406681060791016 -4.2976555824279785 3.549999952316284
vertex 34.406681060791016 -3.597655773162842 3.549999952316284
endloop
endfacet
facet normal 0 -1 0
outer loop
vertex 34.406681060791016 -3.597655773162842 0
vertex 39.406681060791016 -3.597655773162842 0
vertex 39.406681060791016 -3.597655773162842 3.549999952316284
endloop
endfacet
facet normal 0 1 0
outer loop
vertex -36.593318939208984 -19.09765625 0
vertex -41.593318939208984 -19.09765625 3.549999952316284
vertex -36.593318939208984 -19.09765625 3.549999952316284
endloop
endfacet
facet normal -1 0 0
outer loop
vertex -36.593318939208984 -3.597655773162842 0
vertex -36.593318939208984 -4.2976555824279785 0
vertex -36.593318939208984 -3.597655773162842 3.549999952316284
endloop
endfacet
facet normal 0 0 -1
outer loop
vertex -36.593318939208984 -19.09765625 3.549999952316284
vertex -41.593318939208984 -19.09765625 3.549999952316284
vertex -41.593318939208984 -18.397655487060547 3.549999952316284
endloop
endfacet
facet normal 0 0 -1
outer loop
vertex -36.593318939208984 -18.397655487060547 3.549999952316284
vertex -36.593318939208984 -19.09765625 3.549999952316284
vertex -41.593318939208984 -18.397655487060547 3.549999952316284
endloop
endfacet
facet normal 0 0 -1
outer loop
vertex -41.593318939208984 -3.597655773162842 3.549999952316284
vertex -36.593318939208984 -4.2976555824279785 3.549999952316284
vertex -41.593318939208984 -4.2976555824279785 3.549999952316284
endloop
endfacet
facet normal -1 0 0
outer loop
vertex -36.593318939208984 -3.597655773162842 3.549999952316284
vertex -36.593318939208984 -4.2976555824279785 0
vertex -36.593318939208984 -4.2976555824279785 3.549999952316284
endloop
endfacet
facet normal 0 -1 0
outer loop
vertex -41.593318939208984 -3.597655773162842 3.549999952316284
vertex -41.593318939208984 -3.597655773162842 0
vertex -36.593318939208984 -3.597655773162842 3.549999952316284
endloop
endfacet
facet normal 1 0 0
outer loop
vertex -41.593318939208984 -4.2976555824279785 3.549999952316284
vertex -41.593318939208984 -3.597655773162842 0
vertex -41.593318939208984 -3.597655773162842 3.549999952316284
endloop
endfacet
facet normal -1 0 0
outer loop
vertex -36.593318939208984 -18.397655487060547 3.549999952316284
vertex -36.593318939208984 -19.09765625 0
vertex -36.593318939208984 -19.09765625 3.549999952316284
endloop
endfacet
facet normal 0 0 -1
outer loop
vertex -36.593318939208984 -3.597655773162842 3.549999952316284
vertex -36.593318939208984 -4.2976555824279785 3.549999952316284
vertex -41.593318939208984 -3.597655773162842 3.549999952316284
endloop
endfacet
facet normal 1 0 0
outer loop
vertex -41.593318939208984 -19.09765625 3.549999952316284
vertex -41.593318939208984 -18.397655487060547 0
vertex -41.593318939208984 -18.397655487060547 3.549999952316284
endloop
endfacet
facet normal 1 0 0
outer loop
vertex -41.593318939208984 -18.397655487060547 0
vertex -41.593318939208984 -19.09765625 3.549999952316284
vertex -41.593318939208984 -19.09765625 0
endloop
endfacet
facet normal 0 1 0
outer loop
vertex -36.593318939208984 -19.09765625 0
vertex -41.593318939208984 -19.09765625 0
vertex -41.593318939208984 -19.09765625 3.549999952316284
endloop
endfacet
facet normal -1 0 0
outer loop
vertex -36.593318939208984 -18.397655487060547 0
vertex -36.593318939208984 -19.09765625 0
vertex -36.593318939208984 -18.397655487060547 3.549999952316284
endloop
endfacet
facet normal 1 0 0
outer loop
vertex -41.593318939208984 -4.2976555824279785 3.549999952316284
vertex -41.593318939208984 -4.2976555824279785 0
vertex -41.593318939208984 -3.597655773162842 0
endloop
endfacet
facet normal 0 -1 0
outer loop
vertex -36.593318939208984 -3.597655773162842 0
vertex -36.593318939208984 -3.597655773162842 3.549999952316284
vertex -41.593318939208984 -3.597655773162842 0
endloop
endfacet
facet normal 0 -1 0
outer loop
vertex 1.4066802263259888 5.902344226837158 0
vertex 1.4066802263259888 5.902344226837158 3.549999952316284
vertex -3.593319892883301 5.902344226837158 0
endloop
endfacet
facet normal 0 0 -1
outer loop
vertex 1.4066802263259888 -9.597655296325684 3.549999952316284
vertex -3.593319892883301 -8.897655487060547 3.549999952316284
vertex 1.4066802263259888 -8.897655487060547 3.549999952316284
endloop
endfacet
facet normal 0 0 -1
outer loop
vertex 1.4066802263259888 -9.597655296325684 3.549999952316284
vertex -3.593319892883301 -9.597655296325684 3.549999952316284
vertex -3.593319892883301 -8.897655487060547 3.549999952316284
endloop
endfacet
facet normal 0 0 -1
outer loop
vertex 1.4066802263259888 5.2023444175720215 3.549999952316284
vertex -3.593319892883301 5.902344226837158 3.549999952316284
vertex 1.4066802263259888 5.902344226837158 3.549999952316284
endloop
endfacet
facet normal 0 1 0
outer loop
vertex 1.4066802263259888 -9.597655296325684 0
vertex -3.593319892883301 -9.597655296325684 0
vertex -3.593319892883301 -9.597655296325684 3.549999952316284
endloop
endfacet
facet normal -1 0 0
outer loop
vertex 1.4066802263259888 5.902344226837158 3.549999952316284
vertex 1.4066802263259888 5.902344226837158 0
vertex 1.4066802263259888 5.2023444175720215 0
endloop
endfacet
facet normal 1 0 0
outer loop
vertex -3.593319892883301 -8.897655487060547 0
vertex -3.593319892883301 -9.597655296325684 3.549999952316284
vertex -3.593319892883301 -9.597655296325684 0
endloop
endfacet
facet normal 0 0 -1
outer loop
vertex -3.593319892883301 5.902344226837158 3.549999952316284
vertex 1.4066802263259888 5.2023444175720215 3.549999952316284
vertex -3.593319892883301 5.2023444175720215 3.549999952316284
endloop
endfacet
facet normal -1 0 0
outer loop
vertex 1.4066802263259888 5.902344226837158 3.549999952316284
vertex 1.4066802263259888 5.2023444175720215 0
vertex 1.4066802263259888 5.2023444175720215 3.549999952316284
endloop
endfacet
facet normal -1 0 0
outer loop
vertex 1.4066802263259888 -8.897655487060547 3.549999952316284
vertex 1.4066802263259888 -9.597655296325684 0
vertex 1.4066802263259888 -9.597655296325684 3.549999952316284
endloop
endfacet
facet normal 1 0 0
outer loop
vertex -3.593319892883301 -9.597655296325684 3.549999952316284
vertex -3.593319892883301 -8.897655487060547 0
vertex -3.593319892883301 -8.897655487060547 3.549999952316284
endloop
endfacet
facet normal -1 0 0
outer loop
vertex 1.4066802263259888 -8.897655487060547 0
vertex 1.4066802263259888 -9.597655296325684 0
vertex 1.4066802263259888 -8.897655487060547 3.549999952316284
endloop
endfacet
facet normal 1 0 0
outer loop
vertex -3.593319892883301 5.2023444175720215 3.549999952316284
vertex -3.593319892883301 5.2023444175720215 0
vertex -3.593319892883301 5.902344226837158 0
endloop
endfacet
facet normal 0 -1 0
outer loop
vertex -3.593319892883301 5.902344226837158 3.549999952316284
vertex -3.593319892883301 5.902344226837158 0
vertex 1.4066802263259888 5.902344226837158 3.549999952316284
endloop
endfacet
facet normal 1 0 0
outer loop
vertex -3.593319892883301 5.2023444175720215 3.549999952316284
vertex -3.593319892883301 5.902344226837158 0
vertex -3.593319892883301 5.902344226837158 3.549999952316284
endloop
endfacet
facet normal 0 1 0
outer loop
vertex 1.4066802263259888 -9.597655296325684 0
vertex -3.593319892883301 -9.597655296325684 3.549999952316284
vertex 1.4066802263259888 -9.597655296325684 3.549999952316284
endloop
endfacet
facet normal -1 0 0
outer loop
vertex 20.406681060791016 10.652344703674316 3.549999952316284
vertex 20.406681060791016 9.952343940734863 0
vertex 20.406681060791016 9.952343940734863 3.549999952316284
endloop
endfacet
facet normal 1 0 0
outer loop
vertex 15.4066801071167 9.952343940734863 3.549999952316284
vertex 15.4066801071167 9.952343940734863 0
vertex 15.4066801071167 10.652344703674316 0
endloop
endfacet
facet normal 0 1 0
outer loop
vertex 15.4066801071167 -4.847655773162842 0
vertex 15.4066801071167 -4.847655773162842 3.549999952316284
vertex 20.406681060791016 -4.847655773162842 0
endloop
endfacet
facet normal 0 0 -1
outer loop
vertex 15.4066801071167 10.652344703674316 3.549999952316284
vertex 20.406681060791016 9.952343940734863 3.549999952316284
vertex 15.4066801071167 9.952343940734863 3.549999952316284
endloop
endfacet
facet normal 0 0 -1
outer loop
vertex 20.406681060791016 10.652344703674316 3.549999952316284
vertex 20.406681060791016 9.952343940734863 3.549999952316284
vertex 15.4066801071167 10.652344703674316 3.549999952316284
endloop
endfacet
facet normal 0 1 0
outer loop
vertex 20.406681060791016 -4.847655773162842 0
vertex 15.4066801071167 -4.847655773162842 3.549999952316284
vertex 20.406681060791016 -4.847655773162842 3.549999952316284
endloop
endfacet
facet normal 0 0 -1
outer loop
vertex 20.406681060791016 -4.847655773162842 3.549999952316284
vertex 15.4066801071167 -4.847655773162842 3.549999952316284
vertex 15.4066801071167 -4.147655963897705 3.549999952316284
endloop
endfacet
facet normal 1 0 0
outer loop
vertex 15.4066801071167 -4.147655963897705 0
vertex 15.4066801071167 -4.847655773162842 3.549999952316284
vertex 15.4066801071167 -4.847655773162842 0
endloop
endfacet
facet normal 0 -1 0
outer loop
vertex 15.4066801071167 10.652344703674316 0
vertex 20.406681060791016 10.652344703674316 0
vertex 20.406681060791016 10.652344703674316 3.549999952316284
endloop
endfacet
facet normal -1 0 0
outer loop
vertex 20.406681060791016 -4.147655963897705 0
vertex 20.406681060791016 -4.847655773162842 0
vertex 20.406681060791016 -4.147655963897705 3.549999952316284
endloop
endfacet
facet normal -1 0 0
outer loop
vertex 20.406681060791016 -4.147655963897705 3.549999952316284
vertex 20.406681060791016 -4.847655773162842 0
vertex 20.406681060791016 -4.847655773162842 3.549999952316284
endloop
endfacet
facet normal 0 -1 0
outer loop
vertex 15.4066801071167 10.652344703674316 3.549999952316284
vertex 15.4066801071167 10.652344703674316 0
vertex 20.406681060791016 10.652344703674316 3.549999952316284
endloop
endfacet
facet normal -1 0 0
outer loop
vertex 20.406681060791016 10.652344703674316 0
vertex 20.406681060791016 9.952343940734863 0
vertex 20.406681060791016 10.652344703674316 3.549999952316284
endloop
endfacet
facet normal 0 0 -1
outer loop
vertex 20.406681060791016 -4.147655963897705 3.549999952316284
vertex 20.406681060791016 -4.847655773162842 3.549999952316284
vertex 15.4066801071167 -4.147655963897705 3.549999952316284
endloop
endfacet
facet normal 1 0 0
outer loop
vertex 15.4066801071167 9.952343940734863 3.549999952316284
vertex 15.4066801071167 10.652344703674316 0
vertex 15.4066801071167 10.652344703674316 3.549999952316284
endloop
endfacet
facet normal 1 0 0
outer loop
vertex 15.4066801071167 -4.847655773162842 3.549999952316284
vertex 15.4066801071167 -4.147655963897705 0
vertex 15.4066801071167 -4.147655963897705 3.549999952316284
endloop
endfacet
facet normal 1 0 0
outer loop
vertex -22.593318939208984 9.952343940734863 3.549999952316284
vertex -22.593318939208984 9.952343940734863 0
vertex -22.593318939208984 10.652344703674316 0
endloop
endfacet
facet normal 1 0 0
outer loop
vertex -22.593318939208984 -4.147655963897705 0
vertex -22.593318939208984 -4.847655773162842 3.549999952316284
vertex -22.593318939208984 -4.847655773162842 0
endloop
endfacet
facet normal 0 0 -1
outer loop
vertex -22.593318939208984 10.652344703674316 3.549999952316284
vertex -17.593318939208984 9.952343940734863 3.549999952316284
vertex -22.593318939208984 9.952343940734863 3.549999952316284
endloop
endfacet
facet normal 0 1 0
outer loop
vertex -17.593318939208984 -4.847655773162842 0
vertex -22.593318939208984 -4.847655773162842 0
vertex -22.593318939208984 -4.847655773162842 3.549999952316284
endloop
endfacet
facet normal -1 0 0
outer loop
vertex -17.593318939208984 -4.847655773162842 0
vertex -17.593318939208984 -4.147655963897705 3.549999952316284
vertex -17.593318939208984 -4.147655963897705 0
endloop
endfacet
facet normal 0 -1 0
outer loop
vertex -22.593318939208984 10.652344703674316 3.549999952316284
vertex -22.593318939208984 10.652344703674316 0
vertex -17.593318939208984 10.652344703674316 3.549999952316284
endloop
endfacet
facet normal -1 0 0
outer loop
vertex -17.593318939208984 10.652344703674316 3.549999952316284
vertex -17.593318939208984 9.952343940734863 0
vertex -17.593318939208984 9.952343940734863 3.549999952316284
endloop
endfacet
facet normal 0 0 -1
outer loop
vertex -17.593318939208984 10.652344703674316 3.549999952316284
vertex -17.593318939208984 9.952343940734863 3.549999952316284
vertex -22.593318939208984 10.652344703674316 3.549999952316284
endloop
endfacet
facet normal 1 0 0
outer loop
vertex -22.593318939208984 9.952343940734863 3.549999952316284
vertex -22.593318939208984 10.652344703674316 0
vertex -22.593318939208984 10.652344703674316 3.549999952316284
endloop
endfacet
facet normal 0 -1 0
outer loop
vertex -17.593318939208984 10.652344703674316 0
vertex -17.593318939208984 10.652344703674316 3.549999952316284
vertex -22.593318939208984 10.652344703674316 0
endloop
endfacet
facet normal -1 0 0
outer loop
vertex -17.593318939208984 10.652344703674316 3.549999952316284
vertex -17.593318939208984 10.652344703674316 0
vertex -17.593318939208984 9.952343940734863 0
endloop
endfacet
facet normal 0 0 -1
outer loop
vertex -17.593318939208984 -4.147655963897705 3.549999952316284
vertex -17.593318939208984 -4.847655773162842 3.549999952316284
vertex -22.593318939208984 -4.147655963897705 3.549999952316284
endloop
endfacet
facet normal 1 0 0
outer loop
vertex -22.593318939208984 -4.847655773162842 3.549999952316284
vertex -22.593318939208984 -4.147655963897705 0
vertex -22.593318939208984 -4.147655963897705 3.549999952316284
endloop
endfacet
facet normal -1 0 0
outer loop
vertex -17.593318939208984 -4.147655963897705 3.549999952316284
vertex -17.593318939208984 -4.847655773162842 0
vertex -17.593318939208984 -4.847655773162842 3.549999952316284
endloop
endfacet
facet normal 0 0 -1
outer loop
vertex -17.593318939208984 -4.847655773162842 3.549999952316284
vertex -22.593318939208984 -4.847655773162842 3.549999952316284
vertex -22.593318939208984 -4.147655963897705 3.549999952316284
endloop
endfacet
facet normal 0 1 0
outer loop
vertex -17.593318939208984 -4.847655773162842 0
vertex -22.593318939208984 -4.847655773162842 3.549999952316284
vertex -17.593318939208984 -4.847655773162842 3.549999952316284
endloop
endfacet
facet normal 1 0 0
outer loop
vertex 53.406681060791016 -0.09765574336051941 3.549999952316284
vertex 53.406681060791016 -0.09765574336051941 0
vertex 53.406681060791016 0.602344274520874 0
endloop
endfacet
facet normal 0 0 -1
outer loop
vertex 58.406681060791016 -0.09765574336051941 3.549999952316284
vertex 53.406681060791016 -0.09765574336051941 3.549999952316284
vertex 53.406681060791016 0.602344274520874 3.549999952316284
endloop
endfacet
facet normal -1 0 0
outer loop
vertex 58.406681060791016 0.602344274520874 0
vertex 58.406681060791016 -0.09765574336051941 0
vertex 58.406681060791016 0.602344274520874 3.549999952316284
endloop
endfacet
facet normal 1 0 0
outer loop
vertex 53.406681060791016 -0.09765574336051941 3.549999952316284
vertex 53.406681060791016 0.602344274520874 0
vertex 53.406681060791016 0.602344274520874 3.549999952316284
endloop
endfacet
facet normal 1 0 0
outer loop
vertex 53.406681060791016 14.702343940734863 3.549999952316284
vertex 53.406681060791016 15.402344703674316 0
vertex 53.406681060791016 15.402344703674316 3.549999952316284
endloop
endfacet
facet normal -1 0 0
outer loop
vertex 58.406681060791016 15.402344703674316 3.549999952316284
vertex 58.406681060791016 14.702343940734863 0
vertex 58.406681060791016 14.702343940734863 3.549999952316284
endloop
endfacet
facet normal 0 -1 0
outer loop
vertex 53.406681060791016 15.402344703674316 3.549999952316284
vertex 53.406681060791016 15.402344703674316 0
vertex 58.406681060791016 15.402344703674316 3.549999952316284
endloop
endfacet
facet normal 0 -1 0
outer loop
vertex 53.406681060791016 15.402344703674316 0
vertex 58.406681060791016 15.402344703674316 0
vertex 58.406681060791016 15.402344703674316 3.549999952316284
endloop
endfacet
facet normal -1 0 0
outer loop
vertex 58.406681060791016 15.402344703674316 0
vertex 58.406681060791016 14.702343940734863 0
vertex 58.406681060791016 15.402344703674316 3.549999952316284
endloop
endfacet
facet normal 0 1 0
outer loop
vertex 58.406681060791016 -0.09765574336051941 0
vertex 53.406681060791016 -0.09765574336051941 0
vertex 53.406681060791016 -0.09765574336051941 3.549999952316284
endloop
endfacet
facet normal 0 0 -1
outer loop
vertex 58.406681060791016 0.602344274520874 3.549999952316284
vertex 58.406681060791016 -0.09765574336051941 3.549999952316284
vertex 53.406681060791016 0.602344274520874 3.549999952316284
endloop
endfacet
facet normal 0 0 -1
outer loop
vertex 58.406681060791016 15.402344703674316 3.549999952316284
vertex 58.406681060791016 14.702343940734863 3.549999952316284
vertex 53.406681060791016 15.402344703674316 3.549999952316284
endloop
endfacet
facet normal 0 0 -1
outer loop
vertex 53.406681060791016 15.402344703674316 3.549999952316284
vertex 58.406681060791016 14.702343940734863 3.549999952316284
vertex 53.406681060791016 14.702343940734863 3.549999952316284
endloop
endfacet
facet normal 0 1 0
outer loop
vertex 58.406681060791016 -0.09765574336051941 0
vertex 53.406681060791016 -0.09765574336051941 3.549999952316284
vertex 58.406681060791016 -0.09765574336051941 3.549999952316284
endloop
endfacet
facet normal -1 0 0
outer loop
vertex 58.406681060791016 0.602344274520874 3.549999952316284
vertex 58.406681060791016 -0.09765574336051941 0
vertex 58.406681060791016 -0.09765574336051941 3.549999952316284
endloop
endfacet
facet normal 1 0 0
outer loop
vertex 53.406681060791016 14.702343940734863 3.549999952316284
vertex 53.406681060791016 14.702343940734863 0
vertex 53.406681060791016 15.402344703674316 0
endloop
endfacet
facet normal 0 -1 0
outer loop
vertex 34.406681060791016 15.402344703674316 3.549999952316284
vertex 34.406681060791016 15.402344703674316 0
vertex 39.406681060791016 15.402344703674316 3.549999952316284
endloop
endfacet
facet normal 1 0 0
outer loop
vertex 34.406681060791016 14.702343940734863 3.549999952316284
vertex 34.406681060791016 15.402344703674316 0
vertex 34.406681060791016 15.402344703674316 3.549999952316284
endloop
endfacet
facet normal 0 0 -1
outer loop
vertex 39.406681060791016 15.402344703674316 3.549999952316284
vertex 39.406681060791016 14.702343940734863 3.549999952316284
vertex 34.406681060791016 15.402344703674316 3.549999952316284
endloop
endfacet
facet normal 1 0 0
outer loop
vertex 34.406681060791016 14.702343940734863 3.549999952316284
vertex 34.406681060791016 14.702343940734863 0
vertex 34.406681060791016 15.402344703674316 0
endloop
endfacet
facet normal 0 1 0
outer loop
vertex 39.406681060791016 -0.09765574336051941 0
vertex 34.406681060791016 -0.09765574336051941 0
vertex 34.406681060791016 -0.09765574336051941 3.549999952316284
endloop
endfacet
facet normal -1 0 0
outer loop
vertex 39.406681060791016 0.602344274520874 3.549999952316284
vertex 39.406681060791016 -0.09765574336051941 0
vertex 39.406681060791016 -0.09765574336051941 3.549999952316284
endloop
endfacet
facet normal -1 0 0
outer loop
vertex 39.406681060791016 15.402344703674316 3.549999952316284
vertex 39.406681060791016 14.702343940734863 0
vertex 39.406681060791016 14.702343940734863 3.549999952316284
endloop
endfacet
facet normal 0 0 -1
outer loop
vertex 39.406681060791016 14.702343940734863 3.549999952316284
vertex 34.406681060791016 14.702343940734863 3.549999952316284
vertex 34.406681060791016 15.402344703674316 3.549999952316284
endloop
endfacet
facet normal 0 0 -1
outer loop
vertex 39.406681060791016 0.602344274520874 3.549999952316284
vertex 39.406681060791016 -0.09765574336051941 3.549999952316284
vertex 34.406681060791016 0.602344274520874 3.549999952316284
endloop
endfacet
facet normal -1 0 0
outer loop
vertex 39.406681060791016 15.402344703674316 0
vertex 39.406681060791016 14.702343940734863 0
vertex 39.406681060791016 15.402344703674316 3.549999952316284
endloop
endfacet
facet normal 1 0 0
outer loop
vertex 34.406681060791016 -0.09765574336051941 3.549999952316284
vertex 34.406681060791016 -0.09765574336051941 0
vertex 34.406681060791016 0.602344274520874 0
endloop
endfacet
facet normal 1 0 0
outer loop
vertex 34.406681060791016 -0.09765574336051941 3.549999952316284
vertex 34.406681060791016 0.602344274520874 0
vertex 34.406681060791016 0.602344274520874 3.549999952316284
endloop
endfacet
facet normal 0 -1 0
outer loop
vertex 34.406681060791016 15.402344703674316 0
vertex 39.406681060791016 15.402344703674316 0
vertex 39.406681060791016 15.402344703674316 3.549999952316284
endloop
endfacet
facet normal 0 0 -1
outer loop
vertex 39.406681060791016 -0.09765574336051941 3.549999952316284
vertex 34.406681060791016 -0.09765574336051941 3.549999952316284
vertex 34.406681060791016 0.602344274520874 3.549999952316284
endloop
endfacet
facet normal -1 0 0
outer loop
vertex 39.406681060791016 0.602344274520874 0
vertex 39.406681060791016 -0.09765574336051941 0
vertex 39.406681060791016 0.602344274520874 3.549999952316284
endloop
endfacet
facet normal 0 1 0
outer loop
vertex 39.406681060791016 -0.09765574336051941 0
vertex 34.406681060791016 -0.09765574336051941 3.549999952316284
vertex 39.406681060791016 -0.09765574336051941 3.549999952316284
endloop
endfacet
facet normal 0 0 -1
outer loop
vertex -36.593318939208984 0.602344274520874 3.549999952316284
vertex -36.593318939208984 -0.09765574336051941 3.549999952316284
vertex -41.593318939208984 0.602344274520874 3.549999952316284
endloop
endfacet
facet normal -1 0 0
outer loop
vertex -36.593318939208984 15.402344703674316 0
vertex -36.593318939208984 14.702343940734863 0
vertex -36.593318939208984 15.402344703674316 3.549999952316284
endloop
endfacet
facet normal 0 -1 0
outer loop
vertex -36.593318939208984 15.402344703674316 0
vertex -36.593318939208984 15.402344703674316 3.549999952316284
vertex -41.593318939208984 15.402344703674316 0
endloop
endfacet
facet normal 1 0 0
outer loop
vertex -41.593318939208984 -0.09765574336051941 3.549999952316284
vertex -41.593318939208984 -0.09765574336051941 0
vertex -41.593318939208984 0.602344274520874 0
endloop
endfacet
facet normal -1 0 0
outer loop
vertex -36.593318939208984 0.602344274520874 0
vertex -36.593318939208984 -0.09765574336051941 0
vertex -36.593318939208984 0.602344274520874 3.549999952316284
endloop
endfacet
facet normal 0 -1 0
outer loop
vertex -41.593318939208984 15.402344703674316 3.549999952316284
vertex -41.593318939208984 15.402344703674316 0
vertex -36.593318939208984 15.402344703674316 3.549999952316284
endloop
endfacet
facet normal 1 0 0
outer loop
vertex -41.593318939208984 14.702343940734863 3.549999952316284
vertex -41.593318939208984 14.702343940734863 0
vertex -41.593318939208984 15.402344703674316 0
endloop
endfacet
facet normal 1 0 0
outer loop
vertex -41.593318939208984 14.702343940734863 3.549999952316284
vertex -41.593318939208984 15.402344703674316 0
vertex -41.593318939208984 15.402344703674316 3.549999952316284
endloop
endfacet
facet normal 0 1 0
outer loop
vertex -36.593318939208984 -0.09765574336051941 0
vertex -41.593318939208984 -0.09765574336051941 0
vertex -41.593318939208984 -0.09765574336051941 3.549999952316284
endloop
endfacet
facet normal 0 0 -1
outer loop
vertex -36.593318939208984 -0.09765574336051941 3.549999952316284
vertex -41.593318939208984 -0.09765574336051941 3.549999952316284
vertex -41.593318939208984 0.602344274520874 3.549999952316284
endloop
endfacet
facet normal -1 0 0
outer loop
vertex -36.593318939208984 0.602344274520874 3.549999952316284
vertex -36.593318939208984 -0.09765574336051941 0
vertex -36.593318939208984 -0.09765574336051941 3.549999952316284
endloop
endfacet
facet normal 1 0 0
outer loop
vertex -41.593318939208984 -0.09765574336051941 3.549999952316284
vertex -41.593318939208984 0.602344274520874 0
vertex -41.593318939208984 0.602344274520874 3.549999952316284
endloop
endfacet
facet normal -1 0 0
outer loop
vertex -36.593318939208984 15.402344703674316 3.549999952316284
vertex -36.593318939208984 14.702343940734863 0
vertex -36.593318939208984 14.702343940734863 3.549999952316284
endloop
endfacet
facet normal 0 0 -1
outer loop
vertex -36.593318939208984 15.402344703674316 3.549999952316284
vertex -36.593318939208984 14.702343940734863 3.549999952316284
vertex -41.593318939208984 15.402344703674316 3.549999952316284
endloop
endfacet
facet normal 0 0 -1
outer loop
vertex -41.593318939208984 15.402344703674316 3.549999952316284
vertex -36.593318939208984 14.702343940734863 3.549999952316284
vertex -41.593318939208984 14.702343940734863 3.549999952316284
endloop
endfacet
facet normal 0 1 0
outer loop
vertex -36.593318939208984 -0.09765574336051941 0
vertex -41.593318939208984 -0.09765574336051941 3.549999952316284
vertex -36.593318939208984 -0.09765574336051941 3.549999952316284
endloop
endfacet
facet normal 0 0 -1
outer loop
vertex 15.4066801071167 29.65234375 3.549999952316284
vertex 20.406681060791016 28.95234489440918 3.549999952316284
vertex 15.4066801071167 28.95234489440918 3.549999952316284
endloop
endfacet
facet normal -1 0 0
outer loop
vertex 20.406681060791016 29.65234375 0
vertex 20.406681060791016 28.95234489440918 0
vertex 20.406681060791016 29.65234375 3.549999952316284
endloop
endfacet
facet normal 1 0 0
outer loop
vertex 15.4066801071167 14.152344703674316 3.549999952316284
vertex 15.4066801071167 14.852344512939453 0
vertex 15.4066801071167 14.852344512939453 3.549999952316284
endloop
endfacet
facet normal -1 0 0
outer loop
vertex 20.406681060791016 14.852344512939453 0
vertex 20.406681060791016 14.152344703674316 0
vertex 20.406681060791016 14.852344512939453 3.549999952316284
endloop
endfacet
facet normal 0 1 0
outer loop
vertex 20.406681060791016 14.152344703674316 0
vertex 15.4066801071167 14.152344703674316 3.549999952316284
vertex 20.406681060791016 14.152344703674316 3.549999952316284
endloop
endfacet
facet normal 0 0 -1
outer loop
vertex 20.406681060791016 14.852344512939453 3.549999952316284
vertex 20.406681060791016 14.152344703674316 3.549999952316284
vertex 15.4066801071167 14.852344512939453 3.549999952316284
endloop
endfacet
facet normal -1 0 0
outer loop
vertex 20.406681060791016 14.852344512939453 3.549999952316284
vertex 20.406681060791016 14.152344703674316 0
vertex 20.406681060791016 14.152344703674316 3.549999952316284
endloop
endfacet
facet normal 0 0 -1
outer loop
vertex 20.406681060791016 14.152344703674316 3.549999952316284
vertex 15.4066801071167 14.152344703674316 3.549999952316284
vertex 15.4066801071167 14.852344512939453 3.549999952316284
endloop
endfacet
facet normal 1 0 0
outer loop
vertex 15.4066801071167 28.95234489440918 3.549999952316284
vertex 15.4066801071167 28.95234489440918 0
vertex 15.4066801071167 29.65234375 0
endloop
endfacet
facet normal -1 0 0
outer loop
vertex 20.406681060791016 29.65234375 3.549999952316284
vertex 20.406681060791016 28.95234489440918 0
vertex 20.406681060791016 28.95234489440918 3.549999952316284
endloop
endfacet
facet normal 0 -1 0
outer loop
vertex 15.4066801071167 29.65234375 3.549999952316284
vertex 15.4066801071167 29.65234375 0
vertex 20.406681060791016 29.65234375 3.549999952316284
endloop
endfacet
facet normal 0 -1 0
outer loop
vertex 15.4066801071167 29.65234375 0
vertex 20.406681060791016 29.65234375 0
vertex 20.406681060791016 29.65234375 3.549999952316284
endloop
endfacet
facet normal 0 1 0
outer loop
vertex 15.4066801071167 14.152344703674316 0
vertex 15.4066801071167 14.152344703674316 3.549999952316284
vertex 20.406681060791016 14.152344703674316 0
endloop
endfacet
facet normal 1 0 0
outer loop
vertex 15.4066801071167 28.95234489440918 3.549999952316284
vertex 15.4066801071167 29.65234375 0
vertex 15.4066801071167 29.65234375 3.549999952316284
endloop
endfacet
facet normal 1 0 0
outer loop
vertex 15.4066801071167 14.152344703674316 0
vertex 15.4066801071167 14.852344512939453 0
vertex 15.4066801071167 14.152344703674316 3.549999952316284
endloop
endfacet
facet normal 0 0 -1
outer loop
vertex 20.406681060791016 29.65234375 3.549999952316284
vertex 20.406681060791016 28.95234489440918 3.549999952316284
vertex 15.4066801071167 29.65234375 3.549999952316284
endloop
endfacet
facet normal -1 0 0
outer loop
vertex 39.406681060791016 34.40234375 3.549999952316284
vertex 39.406681060791016 33.70234298706055 0
vertex 39.406681060791016 33.70234298706055 3.549999952316284
endloop
endfacet
facet normal 1 0 0
outer loop
vertex 34.406681060791016 33.70234298706055 3.549999952316284
vertex 34.406681060791016 33.70234298706055 0
vertex 34.406681060791016 34.40234375 0
endloop
endfacet
facet normal 1 0 0
outer loop
vertex 34.406681060791016 18.90234375 0
vertex 34.406681060791016 19.602344512939453 0
vertex 34.406681060791016 18.90234375 3.549999952316284
endloop
endfacet
facet normal 0 -1 0
outer loop
vertex 34.406681060791016 34.40234375 0
vertex 39.406681060791016 34.40234375 0
vertex 39.406681060791016 34.40234375 3.549999952316284
endloop
endfacet
facet normal -1 0 0
outer loop
vertex 39.406681060791016 34.40234375 0
vertex 39.406681060791016 33.70234298706055 0
vertex 39.406681060791016 34.40234375 3.549999952316284
endloop
endfacet
facet normal 0 -1 0
outer loop
vertex 34.406681060791016 34.40234375 3.549999952316284
vertex 34.406681060791016 34.40234375 0
vertex 39.406681060791016 34.40234375 3.549999952316284
endloop
endfacet
facet normal 0 0 -1
outer loop
vertex 39.406681060791016 33.70234298706055 3.549999952316284
vertex 34.406681060791016 33.70234298706055 3.549999952316284
vertex 34.406681060791016 34.40234375 3.549999952316284
endloop
endfacet
facet normal 1 0 0
outer loop
vertex 34.406681060791016 33.70234298706055 3.549999952316284
vertex 34.406681060791016 34.40234375 0
vertex 34.406681060791016 34.40234375 3.549999952316284
endloop
endfacet
facet normal 0 0 -1
outer loop
vertex 39.406681060791016 19.602344512939453 3.549999952316284
vertex 39.406681060791016 18.90234375 3.549999952316284
vertex 34.406681060791016 19.602344512939453 3.549999952316284
endloop
endfacet
facet normal -1 0 0
outer loop
vertex 39.406681060791016 19.602344512939453 0
vertex 39.406681060791016 18.90234375 0
vertex 39.406681060791016 19.602344512939453 3.549999952316284
endloop
endfacet
facet normal 0 1 0
outer loop
vertex 39.406681060791016 18.90234375 0
vertex 34.406681060791016 18.90234375 0
vertex 34.406681060791016 18.90234375 3.549999952316284
endloop
endfacet
facet normal 0 0 -1
outer loop
vertex 39.406681060791016 34.40234375 3.549999952316284
vertex 39.406681060791016 33.70234298706055 3.549999952316284
vertex 34.406681060791016 34.40234375 3.549999952316284
endloop
endfacet
facet normal -1 0 0
outer loop
vertex 39.406681060791016 19.602344512939453 3.549999952316284
vertex 39.406681060791016 18.90234375 0
vertex 39.406681060791016 18.90234375 3.549999952316284
endloop
endfacet
facet normal 1 0 0
outer loop
vertex 34.406681060791016 18.90234375 3.549999952316284
vertex 34.406681060791016 19.602344512939453 0
vertex 34.406681060791016 19.602344512939453 3.549999952316284
endloop
endfacet
facet normal 0 0 -1
outer loop
vertex 39.406681060791016 18.90234375 3.549999952316284
vertex 34.406681060791016 18.90234375 3.549999952316284
vertex 34.406681060791016 19.602344512939453 3.549999952316284
endloop
endfacet
facet normal 0 1 0
outer loop
vertex 39.406681060791016 18.90234375 0
vertex 34.406681060791016 18.90234375 3.549999952316284
vertex 39.406681060791016 18.90234375 3.549999952316284
endloop
endfacet
facet normal 1 0 0
outer loop
vertex -14.233320236206055 20.422344207763672 3.549999952316284
vertex -14.233320236206055 21.122344970703125 0
vertex -14.233320236206055 21.122344970703125 3.549999952316284
endloop
endfacet
facet normal 0 0 -1
outer loop
vertex -9.233320236206055 35.92234420776367 3.549999952316284
vertex -9.233320236206055 35.22234344482422 3.549999952316284
vertex -14.233320236206055 35.92234420776367 3.549999952316284
endloop
endfacet
facet normal 0 0 -1
outer loop
vertex -14.233320236206055 35.92234420776367 3.549999952316284
vertex -9.233320236206055 35.22234344482422 3.549999952316284
vertex -14.233320236206055 35.22234344482422 3.549999952316284
endloop
endfacet
facet normal 0 1 0
outer loop
vertex -9.233320236206055 20.422344207763672 0
vertex -14.233320236206055 20.422344207763672 3.549999952316284
vertex -9.233320236206055 20.422344207763672 3.549999952316284
endloop
endfacet
facet normal -1 0 0
outer loop
vertex -9.233320236206055 21.122344970703125 3.549999952316284
vertex -9.233320236206055 20.422344207763672 0
vertex -9.233320236206055 20.422344207763672 3.549999952316284
endloop
endfacet
facet normal 1 0 0
outer loop
vertex -14.233320236206055 35.22234344482422 3.549999952316284
vertex -14.233320236206055 35.22234344482422 0
vertex -14.233320236206055 35.92234420776367 0
endloop
endfacet
facet normal 0 -1 0
outer loop
vertex -9.233320236206055 35.92234420776367 0
vertex -9.233320236206055 35.92234420776367 3.549999952316284
vertex -14.233320236206055 35.92234420776367 0
endloop
endfacet
facet normal -1 0 0
outer loop
vertex -9.233320236206055 35.92234420776367 0
vertex -9.233320236206055 35.22234344482422 0
vertex -9.233320236206055 35.92234420776367 3.549999952316284
endloop
endfacet
facet normal 0 0 -1
outer loop
vertex -9.233320236206055 21.122344970703125 3.549999952316284
vertex -9.233320236206055 20.422344207763672 3.549999952316284
vertex -14.233320236206055 21.122344970703125 3.549999952316284
endloop
endfacet
facet normal 0 0 -1
outer loop
vertex -9.233320236206055 20.422344207763672 3.549999952316284
vertex -14.233320236206055 20.422344207763672 3.549999952316284
vertex -14.233320236206055 21.122344970703125 3.549999952316284
endloop
endfacet
facet normal 0 1 0
outer loop
vertex -9.233320236206055 20.422344207763672 0
vertex -14.233320236206055 20.422344207763672 0
vertex -14.233320236206055 20.422344207763672 3.549999952316284
endloop
endfacet
facet normal -1 0 0
outer loop
vertex -9.233320236206055 21.122344970703125 0
vertex -9.233320236206055 20.422344207763672 0
vertex -9.233320236206055 21.122344970703125 3.549999952316284
endloop
endfacet
facet normal 1 0 0
outer loop
vertex -14.233320236206055 35.22234344482422 3.549999952316284
vertex -14.233320236206055 35.92234420776367 0
vertex -14.233320236206055 35.92234420776367 3.549999952316284
endloop
endfacet
facet normal 0 -1 0
outer loop
vertex -14.233320236206055 35.92234420776367 3.549999952316284
vertex -14.233320236206055 35.92234420776367 0
vertex -9.233320236206055 35.92234420776367 3.549999952316284
endloop
endfacet
facet normal -1 0 0
outer loop
vertex -9.233320236206055 35.92234420776367 3.549999952316284
vertex -9.233320236206055 35.22234344482422 0
vertex -9.233320236206055 35.22234344482422 3.549999952316284
endloop
endfacet
facet normal 1 0 0
outer loop
vertex -14.233320236206055 21.122344970703125 0
vertex -14.233320236206055 20.422344207763672 3.549999952316284
vertex -14.233320236206055 20.422344207763672 0
endloop
endfacet
facet normal 0.9784015119330043 -0.20671352507083618 0
outer loop
vertex -33.88215637207031 37.90257263183594 3.549999952316284
vertex -33.88215637207031 37.90257263183594 0
vertex -33.737457275390625 38.58745193481445 0
endloop
endfacet
facet normal -0.978400409748883 0.20671874178027025 0
outer loop
vertex -28.84545135498047 37.553871154785156 3.549999952316284
vertex -28.990154266357422 36.86899185180664 0
vertex -28.990154266357422 36.86899185180664 3.549999952316284
endloop
endfacet
facet normal 0.20671647505972457 0.9784008886641928 0
outer loop
vertex -32.049556732177734 22.388656616210938 0
vertex -36.94156265258789 23.422239303588867 3.549999952316284
vertex -32.049556732177734 22.388656616210938 3.549999952316284
endloop
endfacet
facet normal -0.978400409748883 0.20671874178027025 0
outer loop
vertex -28.84545135498047 37.553871154785156 0
vertex -28.990154266357422 36.86899185180664 0
vertex -28.84545135498047 37.553871154785156 3.549999952316284
endloop
endfacet
facet normal -0.20671610989091538 -0.9784009658169633 0
outer loop
vertex -33.737457275390625 38.58745193481445 0
vertex -28.84545135498047 37.553871154785156 0
vertex -28.84545135498047 37.553871154785156 3.549999952316284
endloop
endfacet
facet normal 0 0 -1
outer loop
vertex -32.049556732177734 22.388656616210938 3.549999952316284
vertex -36.94156265258789 23.422239303588867 3.549999952316284
vertex -36.79685974121094 24.107120513916016 3.549999952316284
endloop
endfacet
facet normal -0.9784010772781376 0.20671558233713266 0
outer loop
vertex -31.904855728149414 23.073537826538086 0
vertex -32.049556732177734 22.388656616210938 0
vertex -31.904855728149414 23.073537826538086 3.549999952316284
endloop
endfacet
facet normal -0.9784010772781376 0.20671558233713266 0
outer loop
vertex -31.904855728149414 23.073537826538086 3.549999952316284
vertex -32.049556732177734 22.388656616210938 0
vertex -32.049556732177734 22.388656616210938 3.549999952316284
endloop
endfacet
facet normal 0 0 -1
outer loop
vertex -31.904855728149414 23.073537826538086 3.549999952316284
vertex -32.049556732177734 22.388656616210938 3.549999952316284
vertex -36.79685974121094 24.107120513916016 3.549999952316284
endloop
endfacet
facet normal 0.9784005261857832 -0.20671819068331304 0
outer loop
vertex -36.94156265258789 23.422239303588867 3.549999952316284
vertex -36.79685974121094 24.107120513916016 0
vertex -36.79685974121094 24.107120513916016 3.549999952316284
endloop
endfacet
facet normal 0 0 -1
outer loop
vertex -28.84545135498047 37.553871154785156 3.549999952316284
vertex -28.990154266357422 36.86899185180664 3.549999952316284
vertex -33.737457275390625 38.58745193481445 3.549999952316284
endloop
endfacet
facet normal 0 0 -1
outer loop
vertex -33.737457275390625 38.58745193481445 3.549999952316284
vertex -28.990154266357422 36.86899185180664 3.549999952316284
vertex -33.88215637207031 37.90257263183594 3.549999952316284
endloop
endfacet
facet normal 0.9784015119330043 -0.20671352507083618 0
outer loop
vertex -33.88215637207031 37.90257263183594 3.549999952316284
vertex -33.737457275390625 38.58745193481445 0
vertex -33.737457275390625 38.58745193481445 3.549999952316284
endloop
endfacet
facet normal 0.20671647505972457 0.9784008886641928 0
outer loop
vertex -32.049556732177734 22.388656616210938 0
vertex -36.94156265258789 23.422239303588867 0
vertex -36.94156265258789 23.422239303588867 3.549999952316284
endloop
endfacet
facet normal 0.9784005261857832 -0.20671819068331304 0
outer loop
vertex -36.79685974121094 24.107120513916016 0
vertex -36.94156265258789 23.422239303588867 3.549999952316284
vertex -36.94156265258789 23.422239303588867 0
endloop
endfacet
facet normal -0.20671610989091538 -0.9784009658169633 0
outer loop
vertex -33.737457275390625 38.58745193481445 3.549999952316284
vertex -33.737457275390625 38.58745193481445 0
vertex -28.84545135498047 37.553871154785156 3.549999952316284
endloop
endfacet
facet normal -0.920504342088225 0.3907323331856787 0
outer loop
vertex -47.54662322998047 42.964046478271484 0
vertex -47.82013702392578 42.3196907043457 0
vertex -47.54662322998047 42.964046478271484 3.549999952316284
endloop
endfacet
facet normal -0.9205054701429792 0.39072967565422123 0
outer loop
vertex -53.60295486450195 28.69622039794922 0
vertex -53.329444885253906 29.340572357177734 3.549999952316284
vertex -53.329444885253906 29.340572357177734 0
endloop
endfacet
facet normal 0.39073081972207935 0.9205049845162774 0
outer loop
vertex -53.60295486450195 28.69622039794922 0
vertex -58.205482482910156 30.64987564086914 0
vertex -58.205482482910156 30.64987564086914 3.549999952316284
endloop
endfacet
facet normal 0.9205039260909031 -0.39073331320893684 0
outer loop
vertex -57.931968688964844 31.29422950744629 0
vertex -58.205482482910156 30.64987564086914 3.549999952316284
vertex -58.205482482910156 30.64987564086914 0
endloop
endfacet
facet normal 0.9205039260909031 -0.39073331320893684 0
outer loop
vertex -58.205482482910156 30.64987564086914 3.549999952316284
vertex -57.931968688964844 31.29422950744629 0
vertex -57.931968688964844 31.29422950744629 3.549999952316284
endloop
endfacet
facet normal 0.39073081972207935 0.9205049845162774 0
outer loop
vertex -53.60295486450195 28.69622039794922 0
vertex -58.205482482910156 30.64987564086914 3.549999952316284
vertex -53.60295486450195 28.69622039794922 3.549999952316284
endloop
endfacet
facet normal -0.9205054701429792 0.39072967565422123 0
outer loop
vertex -53.329444885253906 29.340572357177734 3.549999952316284
vertex -53.60295486450195 28.69622039794922 0
vertex -53.60295486450195 28.69622039794922 3.549999952316284
endloop
endfacet
facet normal 0 0 -1
outer loop
vertex -53.60295486450195 28.69622039794922 3.549999952316284
vertex -58.205482482910156 30.64987564086914 3.549999952316284
vertex -57.931968688964844 31.29422950744629 3.549999952316284
endloop
endfacet
facet normal 0 0 -1
outer loop
vertex -53.329444885253906 29.340572357177734 3.549999952316284
vertex -53.60295486450195 28.69622039794922 3.549999952316284
vertex -57.931968688964844 31.29422950744629 3.549999952316284
endloop
endfacet
facet normal 0 0 -1
outer loop
vertex -52.42266082763672 44.273345947265625 3.549999952316284
vertex -52.149147033691406 44.917701721191406 3.549999952316284
vertex -47.82013702392578 42.3196907043457 3.549999952316284
endloop
endfacet
facet normal -0.920504342088225 0.3907323331856787 0
outer loop
vertex -47.54662322998047 42.964046478271484 3.549999952316284
vertex -47.82013702392578 42.3196907043457 0
vertex -47.82013702392578 42.3196907043457 3.549999952316284
endloop
endfacet
facet normal -0.39073109412827306 -0.920504868037819 0
outer loop
vertex -52.149147033691406 44.917701721191406 3.549999952316284
vertex -52.149147033691406 44.917701721191406 0
vertex -47.54662322998047 42.964046478271484 3.549999952316284
endloop
endfacet
facet normal 0.920504342088225 -0.3907323331856787 0
outer loop
vertex -52.42266082763672 44.273345947265625 3.549999952316284
vertex -52.149147033691406 44.917701721191406 0
vertex -52.149147033691406 44.917701721191406 3.549999952316284
endloop
endfacet
facet normal 0 0 -1
outer loop
vertex -47.54662322998047 42.964046478271484 3.549999952316284
vertex -47.82013702392578 42.3196907043457 3.549999952316284
vertex -52.149147033691406 44.917701721191406 3.549999952316284
endloop
endfacet
facet normal -0.39073109412827306 -0.920504868037819 0
outer loop
vertex -47.54662322998047 42.964046478271484 0
vertex -47.54662322998047 42.964046478271484 3.549999952316284
vertex -52.149147033691406 44.917701721191406 0
endloop
endfacet
facet normal 0.920504342088225 -0.3907323331856787 0
outer loop
vertex -52.42266082763672 44.273345947265625 3.549999952316284
vertex -52.42266082763672 44.273345947265625 0
vertex -52.149147033691406 44.917701721191406 0
endloop
endfacet
facet normal 0 0 -1
outer loop
vertex 9.324840545654297 -42.18585205078125 1.7000000476837158
vertex 9.178850173950195 -42.28340148925781 1.7000000476837158
vertex 9.324840545654297 -41.54945755004883 1.7000000476837158
endloop
endfacet
facet normal -0.19509971138541468 0.9807834126948354 0
outer loop
vertex 9.178850173950195 -42.28340148925781 0
vertex 9.00664234161377 -42.317657470703125 0
vertex 9.00664234161377 -42.317657470703125 1.7000000476837158
endloop
endfacet
facet normal 0.8314665660174577 0.5555747920803612 0
outer loop
vertex 8.688444137573242 -42.18585205078125 1.7000000476837158
vertex 8.688444137573242 -42.18585205078125 0
vertex 8.590896606445312 -42.03986358642578 1.7000000476837158
endloop
endfacet
facet normal -0.5555772839934787 -0.8314649009491799 0
outer loop
vertex 9.324840545654297 -41.54945755004883 0
vertex 9.324840545654297 -41.54945755004883 1.7000000476837158
vertex 9.178850173950195 -41.451908111572266 0
endloop
endfacet
facet normal 0 0 -1
outer loop
vertex 8.590896606445312 -42.03986358642578 1.7000000476837158
vertex 8.556642532348633 -41.86765670776367 1.7000000476837158
vertex 8.590896606445312 -41.69544982910156 1.7000000476837158
endloop
endfacet
facet normal 0 0 -1
outer loop
vertex 8.688444137573242 -42.18585205078125 1.7000000476837158
vertex 8.590896606445312 -42.03986358642578 1.7000000476837158
vertex 8.688444137573242 -41.54945755004883 1.7000000476837158
endloop
endfacet
facet normal -0.9807852845629332 -0.19509030110388895 0
outer loop
vertex 9.422388076782227 -41.69544982910156 1.7000000476837158
vertex 9.422388076782227 -41.69544982910156 0
vertex 9.456642150878906 -41.86765670776367 1.7000000476837158
endloop
endfacet
facet normal 0.8314665660174577 0.5555747920803612 0
outer loop
vertex 8.590896606445312 -42.03986358642578 0
vertex 8.590896606445312 -42.03986358642578 1.7000000476837158
vertex 8.688444137573242 -42.18585205078125 0
endloop
endfacet
facet normal -0.8314732719568675 -0.5555647559208026 0
outer loop
vertex 9.324840545654297 -41.54945755004883 1.7000000476837158
vertex 9.324840545654297 -41.54945755004883 0
vertex 9.422388076782227 -41.69544982910156 1.7000000476837158
endloop
endfacet
facet normal 0 0 -1
outer loop
vertex 8.688444137573242 -41.54945755004883 1.7000000476837158
vertex 8.590896606445312 -42.03986358642578 1.7000000476837158
vertex 8.590896606445312 -41.69544982910156 1.7000000476837158
endloop
endfacet
facet normal 0.5555772839934787 -0.8314649009491799 0
outer loop
vertex 8.834434509277344 -41.451908111572266 0
vertex 8.834434509277344 -41.451908111572266 1.7000000476837158
vertex 8.688444137573242 -41.54945755004883 0
endloop
endfacet
facet normal 0.9807852845629332 -0.19509030110388895 0
outer loop
vertex 8.556642532348633 -41.86765670776367 1.7000000476837158
vertex 8.556642532348633 -41.86765670776367 0
vertex 8.590896606445312 -41.69544982910156 1.7000000476837158
endloop
endfacet
facet normal 0.8314732719568675 -0.5555647559208026 0
outer loop
vertex 8.590896606445312 -41.69544982910156 1.7000000476837158
vertex 8.590896606445312 -41.69544982910156 0
vertex 8.688444137573242 -41.54945755004883 1.7000000476837158
endloop
endfacet
facet normal 0.5555772839934787 0.8314649009491799 0
outer loop
vertex 8.834434509277344 -42.28340148925781 1.7000000476837158
vertex 8.834434509277344 -42.28340148925781 0
vertex 8.688444137573242 -42.18585205078125 1.7000000476837158
endloop
endfacet
facet normal 0.19509971138541468 0.9807834126948354 0
outer loop
vertex 9.00664234161377 -42.317657470703125 1.7000000476837158
vertex 9.00664234161377 -42.317657470703125 0
vertex 8.834434509277344 -42.28340148925781 1.7000000476837158
endloop
endfacet
facet normal -0.8314665660174577 0.5555747920803612 0
outer loop
vertex 9.422388076782227 -42.03986358642578 0
vertex 9.324840545654297 -42.18585205078125 0
vertex 9.324840545654297 -42.18585205078125 1.7000000476837158
endloop
endfacet
facet normal 0.1950788122039888 -0.9807875697770038 0
outer loop
vertex 9.00664234161377 -41.41765594482422 0
vertex 9.00664234161377 -41.41765594482422 1.7000000476837158
vertex 8.834434509277344 -41.451908111572266 0
endloop
endfacet
facet normal -0.19509971138541468 0.9807834126948354 0
outer loop
vertex 9.178850173950195 -42.28340148925781 1.7000000476837158
vertex 9.178850173950195 -42.28340148925781 0
vertex 9.00664234161377 -42.317657470703125 1.7000000476837158
endloop
endfacet
facet normal 0.9807852845629332 0.19509030110388895 0
outer loop
vertex 8.556642532348633 -41.86765670776367 0
vertex 8.556642532348633 -41.86765670776367 1.7000000476837158
vertex 8.590896606445312 -42.03986358642578 0
endloop
endfacet
facet normal -0.1950788122039888 -0.9807875697770038 0
outer loop
vertex 9.178850173950195 -41.451908111572266 0
vertex 9.178850173950195 -41.451908111572266 1.7000000476837158
vertex 9.00664234161377 -41.41765594482422 0
endloop
endfacet
facet normal 0.5555772839934787 -0.8314649009491799 0
outer loop
vertex 8.688444137573242 -41.54945755004883 1.7000000476837158
vertex 8.688444137573242 -41.54945755004883 0
vertex 8.834434509277344 -41.451908111572266 1.7000000476837158
endloop
endfacet
facet normal 0.1950788122039888 -0.9807875697770038 0
outer loop
vertex 8.834434509277344 -41.451908111572266 1.7000000476837158
vertex 8.834434509277344 -41.451908111572266 0
vertex 9.00664234161377 -41.41765594482422 1.7000000476837158
endloop
endfacet
facet normal 0.19509971138541468 0.9807834126948354 0
outer loop
vertex 9.00664234161377 -42.317657470703125 0
vertex 8.834434509277344 -42.28340148925781 0
vertex 8.834434509277344 -42.28340148925781 1.7000000476837158
endloop
endfacet
facet normal -0.9807852845629332 0.19509030110388895 0
outer loop
vertex 9.456642150878906 -41.86765670776367 0
vertex 9.422388076782227 -42.03986358642578 0
vertex 9.422388076782227 -42.03986358642578 1.7000000476837158
endloop
endfacet
facet normal 0.9807852845629332 -0.19509030110388895 0
outer loop
vertex 8.590896606445312 -41.69544982910156 0
vertex 8.590896606445312 -41.69544982910156 1.7000000476837158
vertex 8.556642532348633 -41.86765670776367 0
endloop
endfacet
facet normal 0 0 -1
outer loop
vertex 9.324840545654297 -41.54945755004883 1.7000000476837158
vertex 9.422388076782227 -41.69544982910156 1.7000000476837158
vertex 9.324840545654297 -42.18585205078125 1.7000000476837158
endloop
endfacet
facet normal -0.9807852845629332 -0.19509030110388895 0
outer loop
vertex 9.422388076782227 -41.69544982910156 0
vertex 9.456642150878906 -41.86765670776367 0
vertex 9.456642150878906 -41.86765670776367 1.7000000476837158
endloop
endfacet
facet normal -0.9807852845629332 0.19509030110388895 0
outer loop
vertex 9.456642150878906 -41.86765670776367 1.7000000476837158
vertex 9.456642150878906 -41.86765670776367 0
vertex 9.422388076782227 -42.03986358642578 1.7000000476837158
endloop
endfacet
facet normal -0.8314665660174577 0.5555747920803612 0
outer loop
vertex 9.422388076782227 -42.03986358642578 1.7000000476837158
vertex 9.422388076782227 -42.03986358642578 0
vertex 9.324840545654297 -42.18585205078125 1.7000000476837158
endloop
endfacet
facet normal -0.5555772839934787 0.8314649009491799 0
outer loop
vertex 9.324840545654297 -42.18585205078125 1.7000000476837158
vertex 9.324840545654297 -42.18585205078125 0
vertex 9.178850173950195 -42.28340148925781 1.7000000476837158
endloop
endfacet
facet normal 0 0 -1
outer loop
vertex 8.834434509277344 -42.28340148925781 1.7000000476837158
vertex 8.688444137573242 -42.18585205078125 1.7000000476837158
vertex 8.834434509277344 -41.451908111572266 1.7000000476837158
endloop
endfacet
facet normal 0 0 -1
outer loop
vertex 9.00664234161377 -42.317657470703125 1.7000000476837158
vertex 8.834434509277344 -42.28340148925781 1.7000000476837158
vertex 9.00664234161377 -41.41765594482422 1.7000000476837158
endloop
endfacet
facet normal -0.1950788122039888 -0.9807875697770038 0
outer loop
vertex 9.00664234161377 -41.41765594482422 1.7000000476837158
vertex 9.00664234161377 -41.41765594482422 0
vertex 9.178850173950195 -41.451908111572266 1.7000000476837158
endloop
endfacet
facet normal 0 0 -1
outer loop
vertex 8.834434509277344 -41.451908111572266 1.7000000476837158
vertex 8.688444137573242 -42.18585205078125 1.7000000476837158
vertex 8.688444137573242 -41.54945755004883 1.7000000476837158
endloop
endfacet
facet normal 0.5555772839934787 0.8314649009491799 0
outer loop
vertex 8.834434509277344 -42.28340148925781 0
vertex 8.688444137573242 -42.18585205078125 0
vertex 8.688444137573242 -42.18585205078125 1.7000000476837158
endloop
endfacet
facet normal 0 0 -1
outer loop
vertex 9.00664234161377 -41.41765594482422 1.7000000476837158
vertex 8.834434509277344 -42.28340148925781 1.7000000476837158
vertex 8.834434509277344 -41.451908111572266 1.7000000476837158
endloop
endfacet
facet normal 0 0 -1
outer loop
vertex 9.178850173950195 -42.28340148925781 1.7000000476837158
vertex 9.00664234161377 -42.317657470703125 1.7000000476837158
vertex 9.178850173950195 -41.451908111572266 1.7000000476837158
endloop
endfacet
facet normal -0.8314732719568675 -0.5555647559208026 0
outer loop
vertex 9.324840545654297 -41.54945755004883 0
vertex 9.422388076782227 -41.69544982910156 0
vertex 9.422388076782227 -41.69544982910156 1.7000000476837158
endloop
endfacet
facet normal 0 0 -1
outer loop
vertex 9.178850173950195 -41.451908111572266 1.7000000476837158
vertex 9.00664234161377 -42.317657470703125 1.7000000476837158
vertex 9.00664234161377 -41.41765594482422 1.7000000476837158
endloop
endfacet
facet normal 0 0 -1
outer loop
vertex 9.178850173950195 -42.28340148925781 1.7000000476837158
vertex 9.178850173950195 -41.451908111572266 1.7000000476837158
vertex 9.324840545654297 -41.54945755004883 1.7000000476837158
endloop
endfacet
facet normal 0.8314732719568675 -0.5555647559208026 0
outer loop
vertex 8.688444137573242 -41.54945755004883 0
vertex 8.688444137573242 -41.54945755004883 1.7000000476837158
vertex 8.590896606445312 -41.69544982910156 0
endloop
endfacet
facet normal -0.5555772839934787 0.8314649009491799 0
outer loop
vertex 9.178850173950195 -42.28340148925781 0
vertex 9.178850173950195 -42.28340148925781 1.7000000476837158
vertex 9.324840545654297 -42.18585205078125 0
endloop
endfacet
facet normal -0.5555772839934787 -0.8314649009491799 0
outer loop
vertex 9.178850173950195 -41.451908111572266 1.7000000476837158
vertex 9.178850173950195 -41.451908111572266 0
vertex 9.324840545654297 -41.54945755004883 1.7000000476837158
endloop
endfacet
facet normal 0 0 -1
outer loop
vertex 9.456642150878906 -41.86765670776367 1.7000000476837158
vertex 9.422388076782227 -42.03986358642578 1.7000000476837158
vertex 9.422388076782227 -41.69544982910156 1.7000000476837158
endloop
endfacet
facet normal 0 0 -1
outer loop
vertex 9.422388076782227 -42.03986358642578 1.7000000476837158
vertex 9.324840545654297 -42.18585205078125 1.7000000476837158
vertex 9.422388076782227 -41.69544982910156 1.7000000476837158
endloop
endfacet
facet normal 0.9807852845629332 0.19509030110388895 0
outer loop
vertex 8.590896606445312 -42.03986358642578 1.7000000476837158
vertex 8.590896606445312 -42.03986358642578 0
vertex 8.556642532348633 -41.86765670776367 1.7000000476837158
endloop
endfacet
facet normal 0 0 -1
outer loop
vertex 9.178850173950195 -41.01340103149414 1.7000000476837158
vertex 9.00664234161377 -41.04765701293945 1.7000000476837158
vertex 9.178850173950195 -40.18191146850586 1.7000000476837158
endloop
endfacet
facet normal -0.19509971138541468 -0.9807834126948354 0
outer loop
vertex 9.178850173950195 -40.18191146850586 0
vertex 9.178850173950195 -40.18191146850586 1.7000000476837158
vertex 9.00664234161377 -40.14765548706055 0
endloop
endfacet
facet normal 0 0 -1
outer loop
vertex 9.324840545654297 -40.915855407714844 1.7000000476837158
vertex 9.178850173950195 -41.01340103149414 1.7000000476837158
vertex 9.324840545654297 -40.279457092285156 1.7000000476837158
endloop
endfacet
facet normal 0 0 -1
outer loop
vertex 9.00664234161377 -41.04765701293945 1.7000000476837158
vertex 8.834434509277344 -41.01340103149414 1.7000000476837158
vertex 9.00664234161377 -40.14765548706055 1.7000000476837158
endloop
endfacet
facet normal 0 0 -1
outer loop
vertex 9.178850173950195 -41.01340103149414 1.7000000476837158
vertex 9.178850173950195 -40.18191146850586 1.7000000476837158
vertex 9.324840545654297 -40.279457092285156 1.7000000476837158
endloop
endfacet
facet normal -0.5555622638012966 0.8314749371087372 0
outer loop
vertex 9.178850173950195 -41.01340103149414 0
vertex 9.178850173950195 -41.01340103149414 1.7000000476837158
vertex 9.324840545654297 -40.915855407714844 0
endloop
endfacet
facet normal 0 0 -1
outer loop
vertex 9.422388076782227 -40.76986312866211 1.7000000476837158
vertex 9.324840545654297 -40.915855407714844 1.7000000476837158
vertex 9.422388076782227 -40.42544937133789 1.7000000476837158
endloop
endfacet
facet normal 0 0 -1
outer loop
vertex 9.456642150878906 -40.59765625 1.7000000476837158
vertex 9.422388076782227 -40.76986312866211 1.7000000476837158
vertex 9.422388076782227 -40.42544937133789 1.7000000476837158
endloop
endfacet
facet normal 0 0 -1
outer loop
vertex 9.324840545654297 -40.279457092285156 1.7000000476837158
vertex 9.422388076782227 -40.42544937133789 1.7000000476837158
vertex 9.324840545654297 -40.915855407714844 1.7000000476837158
endloop
endfacet
facet normal 0 0 -1
outer loop
vertex 8.834434509277344 -41.01340103149414 1.7000000476837158
vertex 8.688444137573242 -40.915855407714844 1.7000000476837158
vertex 8.834434509277344 -40.18191146850586 1.7000000476837158
endloop
endfacet
facet normal 0 0 -1
outer loop
vertex 8.688444137573242 -40.279457092285156 1.7000000476837158
vertex 8.590896606445312 -40.76986312866211 1.7000000476837158
vertex 8.590896606445312 -40.42544937133789 1.7000000476837158
endloop
endfacet
facet normal 0 0 -1
outer loop
vertex 8.590896606445312 -40.76986312866211 1.7000000476837158
vertex 8.556642532348633 -40.59765625 1.7000000476837158
vertex 8.590896606445312 -40.42544937133789 1.7000000476837158
endloop
endfacet
facet normal -0.5555622638012966 -0.8314749371087372 0
outer loop
vertex 9.178850173950195 -40.18191146850586 1.7000000476837158
vertex 9.178850173950195 -40.18191146850586 0
vertex 9.324840545654297 -40.279457092285156 1.7000000476837158
endloop
endfacet
facet normal -0.9807852845629332 0.19509030110388895 0
outer loop
vertex 9.456642150878906 -40.59765625 0
vertex 9.422388076782227 -40.76986312866211 0
vertex 9.422388076782227 -40.76986312866211 1.7000000476837158
endloop
endfacet
facet normal -0.8314732719568675 -0.5555647559208026 0
outer loop
vertex 9.324840545654297 -40.279457092285156 0
vertex 9.422388076782227 -40.42544937133789 0
vertex 9.422388076782227 -40.42544937133789 1.7000000476837158
endloop
endfacet
facet normal -0.9807852845629332 -0.19509030110388895 0
outer loop
vertex 9.422388076782227 -40.42544937133789 0
vertex 9.456642150878906 -40.59765625 0
vertex 9.456642150878906 -40.59765625 1.7000000476837158
endloop
endfacet
facet normal -0.5555622638012966 -0.8314749371087372 0
outer loop
vertex 9.324840545654297 -40.279457092285156 0
vertex 9.324840545654297 -40.279457092285156 1.7000000476837158
vertex 9.178850173950195 -40.18191146850586 0
endloop
endfacet
facet normal -0.19509971138541468 -0.9807834126948354 0
outer loop
vertex 9.00664234161377 -40.14765548706055 1.7000000476837158
vertex 9.00664234161377 -40.14765548706055 0
vertex 9.178850173950195 -40.18191146850586 1.7000000476837158
endloop
endfacet
facet normal 0.19509971138541468 -0.9807834126948354 0
outer loop
vertex 8.834434509277344 -40.18191146850586 1.7000000476837158
vertex 8.834434509277344 -40.18191146850586 0
vertex 9.00664234161377 -40.14765548706055 1.7000000476837158
endloop
endfacet
facet normal 0.5555622638012966 -0.8314749371087372 0
outer loop
vertex 8.688444137573242 -40.279457092285156 1.7000000476837158
vertex 8.688444137573242 -40.279457092285156 0
vertex 8.834434509277344 -40.18191146850586 1.7000000476837158
endloop
endfacet
facet normal 0.8314732719568675 -0.5555647559208026 0
outer loop
vertex 8.590896606445312 -40.42544937133789 1.7000000476837158
vertex 8.590896606445312 -40.42544937133789 0
vertex 8.688444137573242 -40.279457092285156 1.7000000476837158
endloop
endfacet
facet normal 0.9807852845629332 -0.19509030110388895 0
outer loop
vertex 8.556642532348633 -40.59765625 1.7000000476837158
vertex 8.556642532348633 -40.59765625 0
vertex 8.590896606445312 -40.42544937133789 1.7000000476837158
endloop
endfacet
facet normal 0.9807852845629332 0.19509030110388895 0
outer loop
vertex 8.590896606445312 -40.76986312866211 1.7000000476837158
vertex 8.590896606445312 -40.76986312866211 0
vertex 8.556642532348633 -40.59765625 1.7000000476837158
endloop
endfacet
facet normal 0 0 -1
outer loop
vertex 8.688444137573242 -40.915855407714844 1.7000000476837158
vertex 8.590896606445312 -40.76986312866211 1.7000000476837158
vertex 8.688444137573242 -40.279457092285156 1.7000000476837158
endloop
endfacet
facet normal 0 0 -1
outer loop
vertex 9.178850173950195 -40.18191146850586 1.7000000476837158
vertex 9.00664234161377 -41.04765701293945 1.7000000476837158
vertex 9.00664234161377 -40.14765548706055 1.7000000476837158
endloop
endfacet
facet normal 0 0 -1
outer loop
vertex 8.834434509277344 -40.18191146850586 1.7000000476837158
vertex 8.688444137573242 -40.915855407714844 1.7000000476837158
vertex 8.688444137573242 -40.279457092285156 1.7000000476837158
endloop
endfacet
facet normal -0.8314732719568675 -0.5555647559208026 0
outer loop
vertex 9.324840545654297 -40.279457092285156 1.7000000476837158
vertex 9.324840545654297 -40.279457092285156 0
vertex 9.422388076782227 -40.42544937133789 1.7000000476837158
endloop
endfacet
facet normal -0.9807852845629332 -0.19509030110388895 0
outer loop
vertex 9.422388076782227 -40.42544937133789 1.7000000476837158
vertex 9.422388076782227 -40.42544937133789 0
vertex 9.456642150878906 -40.59765625 1.7000000476837158
endloop
endfacet
facet normal -0.9807852845629332 0.19509030110388895 0
outer loop
vertex 9.456642150878906 -40.59765625 1.7000000476837158
vertex 9.456642150878906 -40.59765625 0
vertex 9.422388076782227 -40.76986312866211 1.7000000476837158
endloop
endfacet
facet normal -0.19509971138541468 0.9807834126948354 0
outer loop
vertex 9.178850173950195 -41.01340103149414 0
vertex 9.00664234161377 -41.04765701293945 0
vertex 9.00664234161377 -41.04765701293945 1.7000000476837158
endloop
endfacet
facet normal 0.5555622638012966 0.8314749371087372 0
outer loop
vertex 8.834434509277344 -41.01340103149414 0
vertex 8.688444137573242 -40.915855407714844 0
vertex 8.688444137573242 -40.915855407714844 1.7000000476837158
endloop
endfacet
facet normal 0.19509971138541468 0.9807834126948354 0
outer loop
vertex 9.00664234161377 -41.04765701293945 0
vertex 8.834434509277344 -41.01340103149414 0
vertex 8.834434509277344 -41.01340103149414 1.7000000476837158
endloop
endfacet
facet normal 0.8314732719568675 0.5555647559208026 0
outer loop
vertex 8.590896606445312 -40.76986312866211 0
vertex 8.590896606445312 -40.76986312866211 1.7000000476837158
vertex 8.688444137573242 -40.915855407714844 0
endloop
endfacet
facet normal -0.8314732719568675 0.5555647559208026 0
outer loop
vertex 9.422388076782227 -40.76986312866211 0
vertex 9.324840545654297 -40.915855407714844 0
vertex 9.324840545654297 -40.915855407714844 1.7000000476837158
endloop
endfacet
facet normal 0.8314732719568675 0.5555647559208026 0
outer loop
vertex 8.688444137573242 -40.915855407714844 1.7000000476837158
vertex 8.688444137573242 -40.915855407714844 0
vertex 8.590896606445312 -40.76986312866211 1.7000000476837158
endloop
endfacet
facet normal 0.5555622638012966 0.8314749371087372 0
outer loop
vertex 8.834434509277344 -41.01340103149414 1.7000000476837158
vertex 8.834434509277344 -41.01340103149414 0
vertex 8.688444137573242 -40.915855407714844 1.7000000476837158
endloop
endfacet
facet normal 0.19509971138541468 0.9807834126948354 0
outer loop
vertex 9.00664234161377 -41.04765701293945 1.7000000476837158
vertex 9.00664234161377 -41.04765701293945 0
vertex 8.834434509277344 -41.01340103149414 1.7000000476837158
endloop
endfacet
facet normal -0.19509971138541468 0.9807834126948354 0
outer loop
vertex 9.178850173950195 -41.01340103149414 1.7000000476837158
vertex 9.178850173950195 -41.01340103149414 0
vertex 9.00664234161377 -41.04765701293945 1.7000000476837158
endloop
endfacet
facet normal -0.5555622638012966 0.8314749371087372 0
outer loop
vertex 9.324840545654297 -40.915855407714844 1.7000000476837158
vertex 9.324840545654297 -40.915855407714844 0
vertex 9.178850173950195 -41.01340103149414 1.7000000476837158
endloop
endfacet
facet normal -0.8314732719568675 0.5555647559208026 0
outer loop
vertex 9.422388076782227 -40.76986312866211 0
vertex 9.324840545654297 -40.915855407714844 1.7000000476837158
vertex 9.422388076782227 -40.76986312866211 1.7000000476837158
endloop
endfacet
facet normal 0.9807852845629332 0.19509030110388895 0
outer loop
vertex 8.556642532348633 -40.59765625 0
vertex 8.556642532348633 -40.59765625 1.7000000476837158
vertex 8.590896606445312 -40.76986312866211 0
endloop
endfacet
facet normal 0.9807852845629332 -0.19509030110388895 0
outer loop
vertex 8.590896606445312 -40.42544937133789 0
vertex 8.590896606445312 -40.42544937133789 1.7000000476837158
vertex 8.556642532348633 -40.59765625 0
endloop
endfacet
facet normal 0.8314732719568675 -0.5555647559208026 0
outer loop
vertex 8.688444137573242 -40.279457092285156 0
vertex 8.688444137573242 -40.279457092285156 1.7000000476837158
vertex 8.590896606445312 -40.42544937133789 0
endloop
endfacet
facet normal 0.5555622638012966 -0.8314749371087372 0
outer loop
vertex 8.834434509277344 -40.18191146850586 0
vertex 8.834434509277344 -40.18191146850586 1.7000000476837158
vertex 8.688444137573242 -40.279457092285156 0
endloop
endfacet
facet normal 0.19509971138541468 -0.9807834126948354 0
outer loop
vertex 9.00664234161377 -40.14765548706055 0
vertex 9.00664234161377 -40.14765548706055 1.7000000476837158
vertex 8.834434509277344 -40.18191146850586 0
endloop
endfacet
facet normal 0 0 -1
outer loop
vertex 9.00664234161377 -40.14765548706055 1.7000000476837158
vertex 8.834434509277344 -41.01340103149414 1.7000000476837158
vertex 8.834434509277344 -40.18191146850586 1.7000000476837158
endloop
endfacet
facet normal -0.5555622638012966 0.8314749371087372 0
outer loop
vertex 9.324840545654297 -39.64585494995117 1.7000000476837158
vertex 9.324840545654297 -39.64585494995117 0
vertex 9.178850173950195 -39.74340057373047 1.7000000476837158
endloop
endfacet
facet normal 0.9807852845629332 0.19509030110388895 0
outer loop
vertex 8.556642532348633 -39.32765579223633 0
vertex 8.556642532348633 -39.32765579223633 1.7000000476837158
vertex 8.590896606445312 -39.49986267089844 0
endloop
endfacet
facet normal 0.9807852845629332 -0.19509030110388895 0
outer loop
vertex 8.590896606445312 -39.15544891357422 0
vertex 8.590896606445312 -39.15544891357422 1.7000000476837158
vertex 8.556642532348633 -39.32765579223633 0
endloop
endfacet
facet normal 0.19509971138541468 0.9807834126948354 0
outer loop
vertex 9.00664234161377 -39.77765655517578 0
vertex 8.834434509277344 -39.74340057373047 0
vertex 8.834434509277344 -39.74340057373047 1.7000000476837158
endloop
endfacet
facet normal 0.5555622638012966 0.8314749371087372 0
outer loop
vertex 8.834434509277344 -39.74340057373047 0
vertex 8.688444137573242 -39.64585494995117 0
vertex 8.688444137573242 -39.64585494995117 1.7000000476837158
endloop
endfacet
facet normal 0 0 -1
outer loop
vertex 8.688444137573242 -39.64585494995117 1.7000000476837158
vertex 8.590896606445312 -39.49986267089844 1.7000000476837158
vertex 8.688444137573242 -39.009456634521484 1.7000000476837158
endloop
endfacet
facet normal 0 0 -1
outer loop
vertex 8.590896606445312 -39.49986267089844 1.7000000476837158
vertex 8.556642532348633 -39.32765579223633 1.7000000476837158
vertex 8.590896606445312 -39.15544891357422 1.7000000476837158
endloop
endfacet
facet normal -0.19509971138541468 0.9807834126948354 0
outer loop
vertex 9.178850173950195 -39.74340057373047 0
vertex 9.00664234161377 -39.77765655517578 0
vertex 9.00664234161377 -39.77765655517578 1.7000000476837158
endloop
endfacet
facet normal 0 0 -1
outer loop
vertex 8.688444137573242 -39.009456634521484 1.7000000476837158
vertex 8.590896606445312 -39.49986267089844 1.7000000476837158
vertex 8.590896606445312 -39.15544891357422 1.7000000476837158
endloop
endfacet
facet normal -0.5555622638012966 0.8314749371087372 0
outer loop
vertex 9.178850173950195 -39.74340057373047 0
vertex 9.178850173950195 -39.74340057373047 1.7000000476837158
vertex 9.324840545654297 -39.64585494995117 0
endloop
endfacet
facet normal -0.8314732719568675 0.5555647559208026 0
outer loop
vertex 9.422388076782227 -39.49986267089844 1.7000000476837158
vertex 9.422388076782227 -39.49986267089844 0
vertex 9.324840545654297 -39.64585494995117 1.7000000476837158
endloop
endfacet
facet normal -0.9807852845629332 0.19509030110388895 0
outer loop
vertex 9.456642150878906 -39.32765579223633 1.7000000476837158
vertex 9.456642150878906 -39.32765579223633 0
vertex 9.422388076782227 -39.49986267089844 1.7000000476837158
endloop
endfacet
facet normal -0.9807852845629332 -0.19509030110388895 0
outer loop
vertex 9.422388076782227 -39.15544891357422 1.7000000476837158
vertex 9.422388076782227 -39.15544891357422 0
vertex 9.456642150878906 -39.32765579223633 1.7000000476837158
endloop
endfacet
facet normal -0.8314732719568675 -0.5555647559208026 0
outer loop
vertex 9.324840545654297 -39.009456634521484 1.7000000476837158
vertex 9.324840545654297 -39.009456634521484 0
vertex 9.422388076782227 -39.15544891357422 1.7000000476837158
endloop
endfacet
facet normal -0.9807852845629332 -0.19509030110388895 0
outer loop
vertex 9.422388076782227 -39.15544891357422 0
vertex 9.456642150878906 -39.32765579223633 0
vertex 9.456642150878906 -39.32765579223633 1.7000000476837158
endloop
endfacet
facet normal -0.8314732719568675 -0.5555647559208026 0
outer loop
vertex 9.324840545654297 -39.009456634521484 0
vertex 9.422388076782227 -39.15544891357422 0
vertex 9.422388076782227 -39.15544891357422 1.7000000476837158
endloop
endfacet
facet normal -0.9807852845629332 0.19509030110388895 0
outer loop
vertex 9.456642150878906 -39.32765579223633 0
vertex 9.422388076782227 -39.49986267089844 0
vertex 9.422388076782227 -39.49986267089844 1.7000000476837158
endloop
endfacet
facet normal -0.8314732719568675 0.5555647559208026 0
outer loop
vertex 9.422388076782227 -39.49986267089844 0
vertex 9.324840545654297 -39.64585494995117 0
vertex 9.324840545654297 -39.64585494995117 1.7000000476837158
endloop
endfacet
facet normal 0 0 -1
outer loop
vertex 9.324840545654297 -39.009456634521484 1.7000000476837158
vertex 9.422388076782227 -39.15544891357422 1.7000000476837158
vertex 9.324840545654297 -39.64585494995117 1.7000000476837158
endloop
endfacet
facet normal 0.8314732719568675 0.5555647559208026 0
outer loop
vertex 8.688444137573242 -39.64585494995117 1.7000000476837158
vertex 8.688444137573242 -39.64585494995117 0
vertex 8.590896606445312 -39.49986267089844 1.7000000476837158
endloop
endfacet
facet normal 0.9807852845629332 0.19509030110388895 0
outer loop
vertex 8.590896606445312 -39.49986267089844 1.7000000476837158
vertex 8.590896606445312 -39.49986267089844 0
vertex 8.556642532348633 -39.32765579223633 1.7000000476837158
endloop
endfacet
facet normal 0.9807852845629332 -0.19509030110388895 0
outer loop
vertex 8.556642532348633 -39.32765579223633 1.7000000476837158
vertex 8.556642532348633 -39.32765579223633 0
vertex 8.590896606445312 -39.15544891357422 1.7000000476837158
endloop
endfacet
facet normal 0.8314732719568675 -0.5555647559208026 0
outer loop
vertex 8.590896606445312 -39.15544891357422 1.7000000476837158
vertex 8.590896606445312 -39.15544891357422 0
vertex 8.688444137573242 -39.009456634521484 1.7000000476837158
endloop
endfacet
facet normal 0.5555622638012966 0.8314749371087372 0
outer loop
vertex 8.834434509277344 -39.74340057373047 1.7000000476837158
vertex 8.834434509277344 -39.74340057373047 0
vertex 8.688444137573242 -39.64585494995117 1.7000000476837158
endloop
endfacet
facet normal 0.19509971138541468 0.9807834126948354 0
outer loop
vertex 9.00664234161377 -39.77765655517578 1.7000000476837158
vertex 9.00664234161377 -39.77765655517578 0
vertex 8.834434509277344 -39.74340057373047 1.7000000476837158
endloop
endfacet
facet normal -0.19509971138541468 0.9807834126948354 0
outer loop
vertex 9.178850173950195 -39.74340057373047 1.7000000476837158
vertex 9.178850173950195 -39.74340057373047 0
vertex 9.00664234161377 -39.77765655517578 1.7000000476837158
endloop
endfacet
facet normal 0.5555622638012966 -0.8314749371087372 0
outer loop
vertex 8.688444137573242 -39.009456634521484 1.7000000476837158
vertex 8.688444137573242 -39.009456634521484 0
vertex 8.834434509277344 -38.91191101074219 1.7000000476837158
endloop
endfacet
facet normal 0.19509971138541468 -0.9807834126948354 0
outer loop
vertex 8.834434509277344 -38.91191101074219 1.7000000476837158
vertex 8.834434509277344 -38.91191101074219 0
vertex 9.00664234161377 -38.877655029296875 1.7000000476837158
endloop
endfacet
facet normal -0.19509971138541468 -0.9807834126948354 0
outer loop
vertex 9.00664234161377 -38.877655029296875 1.7000000476837158
vertex 9.00664234161377 -38.877655029296875 0
vertex 9.178850173950195 -38.91191101074219 1.7000000476837158
endloop
endfacet
facet normal -0.5555622638012966 -0.8314749371087372 0
outer loop
vertex 9.178850173950195 -38.91191101074219 1.7000000476837158
vertex 9.178850173950195 -38.91191101074219 0
vertex 9.324840545654297 -39.009456634521484 1.7000000476837158
endloop
endfacet
facet normal -0.19509971138541468 -0.9807834126948354 0
outer loop
vertex 9.178850173950195 -38.91191101074219 0
vertex 9.178850173950195 -38.91191101074219 1.7000000476837158
vertex 9.00664234161377 -38.877655029296875 0
endloop
endfacet
facet normal 0 0 -1
outer loop
vertex 9.178850173950195 -39.74340057373047 1.7000000476837158
vertex 9.178850173950195 -38.91191101074219 1.7000000476837158
vertex 9.324840545654297 -39.009456634521484 1.7000000476837158
endloop
endfacet
facet normal 0 0 -1
outer loop
vertex 9.178850173950195 -38.91191101074219 1.7000000476837158
vertex 9.00664234161377 -39.77765655517578 1.7000000476837158
vertex 9.00664234161377 -38.877655029296875 1.7000000476837158
endloop
endfacet
facet normal 0 0 -1
outer loop
vertex 9.178850173950195 -39.74340057373047 1.7000000476837158
vertex 9.00664234161377 -39.77765655517578 1.7000000476837158
vertex 9.178850173950195 -38.91191101074219 1.7000000476837158
endloop
endfacet
facet normal 0.19509971138541468 -0.9807834126948354 0
outer loop
vertex 9.00664234161377 -38.877655029296875 0
vertex 9.00664234161377 -38.877655029296875 1.7000000476837158
vertex 8.834434509277344 -38.91191101074219 0
endloop
endfacet
facet normal 0.5555622638012966 -0.8314749371087372 0
outer loop
vertex 8.834434509277344 -38.91191101074219 0
vertex 8.834434509277344 -38.91191101074219 1.7000000476837158
vertex 8.688444137573242 -39.009456634521484 0
endloop
endfacet
facet normal 0 0 -1
outer loop
vertex 9.00664234161377 -38.877655029296875 1.7000000476837158
vertex 8.834434509277344 -39.74340057373047 1.7000000476837158
vertex 8.834434509277344 -38.91191101074219 1.7000000476837158
endloop
endfacet
facet normal 0 0 -1
outer loop
vertex 8.834434509277344 -38.91191101074219 1.7000000476837158
vertex 8.688444137573242 -39.64585494995117 1.7000000476837158
vertex 8.688444137573242 -39.009456634521484 1.7000000476837158
endloop
endfacet
facet normal 0 0 -1
outer loop
vertex 9.456642150878906 -39.32765579223633 1.7000000476837158
vertex 9.422388076782227 -39.49986267089844 1.7000000476837158
vertex 9.422388076782227 -39.15544891357422 1.7000000476837158
endloop
endfacet
facet normal 0 0 -1
outer loop
vertex 9.00664234161377 -39.77765655517578 1.7000000476837158
vertex 8.834434509277344 -39.74340057373047 1.7000000476837158
vertex 9.00664234161377 -38.877655029296875 1.7000000476837158
endloop
endfacet
facet normal 0.8314732719568675 -0.5555647559208026 0
outer loop
vertex 8.688444137573242 -39.009456634521484 0
vertex 8.688444137573242 -39.009456634521484 1.7000000476837158
vertex 8.590896606445312 -39.15544891357422 0
endloop
endfacet
facet normal 0 0 -1
outer loop
vertex 9.422388076782227 -39.49986267089844 1.7000000476837158
vertex 9.324840545654297 -39.64585494995117 1.7000000476837158
vertex 9.422388076782227 -39.15544891357422 1.7000000476837158
endloop
endfacet
facet normal 0 0 -1
outer loop
vertex 9.324840545654297 -39.64585494995117 1.7000000476837158
vertex 9.178850173950195 -39.74340057373047 1.7000000476837158
vertex 9.324840545654297 -39.009456634521484 1.7000000476837158
endloop
endfacet
facet normal -0.5555622638012966 -0.8314749371087372 0
outer loop
vertex 9.324840545654297 -39.009456634521484 0
vertex 9.324840545654297 -39.009456634521484 1.7000000476837158
vertex 9.178850173950195 -38.91191101074219 0
endloop
endfacet
facet normal 0 0 -1
outer loop
vertex 8.834434509277344 -39.74340057373047 1.7000000476837158
vertex 8.688444137573242 -39.64585494995117 1.7000000476837158
vertex 8.834434509277344 -38.91191101074219 1.7000000476837158
endloop
endfacet
facet normal 0.8314732719568675 0.5555647559208026 0
outer loop
vertex 8.590896606445312 -39.49986267089844 0
vertex 8.590896606445312 -39.49986267089844 1.7000000476837158
vertex 8.688444137573242 -39.64585494995117 0
endloop
endfacet
facet normal 0 0 -1
outer loop
vertex 9.178850173950195 -37.641910552978516 1.7000000476837158
vertex 9.00664234161377 -38.50765609741211 1.7000000476837158
vertex 9.00664234161377 -37.6076545715332 1.7000000476837158
endloop
endfacet
facet normal 0.19509971138541468 0.9807834126948354 0
outer loop
vertex 9.00664234161377 -38.50765609741211 0
vertex 8.834434509277344 -38.4734001159668 0
vertex 8.834434509277344 -38.4734001159668 1.7000000476837158
endloop
endfacet
facet normal 0.19509971138541468 0.9807834126948354 0
outer loop
vertex 9.00664234161377 -38.50765609741211 1.7000000476837158
vertex 9.00664234161377 -38.50765609741211 0
vertex 8.834434509277344 -38.4734001159668 1.7000000476837158
endloop
endfacet
facet normal -0.19509971138541468 0.9807834126948354 0
outer loop
vertex 9.178850173950195 -38.4734001159668 1.7000000476837158
vertex 9.178850173950195 -38.4734001159668 0
vertex 9.00664234161377 -38.50765609741211 1.7000000476837158
endloop
endfacet
facet normal 0.9807852845629332 0.19509030110388895 0
outer loop
vertex 8.590896606445312 -38.229862213134766 1.7000000476837158
vertex 8.590896606445312 -38.229862213134766 0
vertex 8.556642532348633 -38.057655334472656 1.7000000476837158
endloop
endfacet
facet normal 0.9807852845629332 -0.19509030110388895 0
outer loop
vertex 8.556642532348633 -38.057655334472656 1.7000000476837158
vertex 8.556642532348633 -38.057655334472656 0
vertex 8.590896606445312 -37.88544845581055 1.7000000476837158
endloop
endfacet
facet normal 0.8314732719568675 0.5555647559208026 0
outer loop
vertex 8.590896606445312 -38.229862213134766 0
vertex 8.590896606445312 -38.229862213134766 1.7000000476837158
vertex 8.688444137573242 -38.3758544921875 0
endloop
endfacet
facet normal 0.8314732719568675 -0.5555647559208026 0
outer loop
vertex 8.590896606445312 -37.88544845581055 1.7000000476837158
vertex 8.590896606445312 -37.88544845581055 0
vertex 8.688444137573242 -37.73945617675781 1.7000000476837158
endloop
endfacet
facet normal 0.5555622638012966 -0.8314749371087372 0
outer loop
vertex 8.688444137573242 -37.73945617675781 1.7000000476837158
vertex 8.688444137573242 -37.73945617675781 0
vertex 8.834434509277344 -37.641910552978516 1.7000000476837158
endloop
endfacet
facet normal 0.19509971138541468 -0.9807834126948354 0
outer loop
vertex 8.834434509277344 -37.641910552978516 1.7000000476837158
vertex 8.834434509277344 -37.641910552978516 0
vertex 9.00664234161377 -37.6076545715332 1.7000000476837158
endloop
endfacet
facet normal -0.19509971138541468 -0.9807834126948354 0
outer loop
vertex 9.00664234161377 -37.6076545715332 1.7000000476837158
vertex 9.00664234161377 -37.6076545715332 0
vertex 9.178850173950195 -37.641910552978516 1.7000000476837158
endloop
endfacet
facet normal -0.5555622638012966 -0.8314749371087372 0
outer loop
vertex 9.178850173950195 -37.641910552978516 1.7000000476837158
vertex 9.178850173950195 -37.641910552978516 0
vertex 9.324840545654297 -37.73945617675781 1.7000000476837158
endloop
endfacet
facet normal -0.9807852845629332 0.19509030110388895 0
outer loop
vertex 9.456642150878906 -38.057655334472656 0
vertex 9.422388076782227 -38.229862213134766 0
vertex 9.422388076782227 -38.229862213134766 1.7000000476837158
endloop
endfacet
facet normal 0 0 -1
outer loop
vertex 9.324840545654297 -38.3758544921875 1.7000000476837158
vertex 9.178850173950195 -38.4734001159668 1.7000000476837158
vertex 9.324840545654297 -37.73945617675781 1.7000000476837158
endloop
endfacet
facet normal 0 0 -1
outer loop
vertex 8.688444137573242 -38.3758544921875 1.7000000476837158
vertex 8.590896606445312 -38.229862213134766 1.7000000476837158
vertex 8.688444137573242 -37.73945617675781 1.7000000476837158
endloop
endfacet
facet normal 0 0 -1
outer loop
vertex 8.590896606445312 -38.229862213134766 1.7000000476837158
vertex 8.556642532348633 -38.057655334472656 1.7000000476837158
vertex 8.590896606445312 -37.88544845581055 1.7000000476837158
endloop
endfacet
facet normal 0 0 -1
outer loop
vertex 8.688444137573242 -37.73945617675781 1.7000000476837158
vertex 8.590896606445312 -38.229862213134766 1.7000000476837158
vertex 8.590896606445312 -37.88544845581055 1.7000000476837158
endloop
endfacet
facet normal 0 0 -1
outer loop
vertex 8.834434509277344 -38.4734001159668 1.7000000476837158
vertex 8.688444137573242 -38.3758544921875 1.7000000476837158
vertex 8.834434509277344 -37.641910552978516 1.7000000476837158
endloop
endfacet
facet normal 0 0 -1
outer loop
vertex 9.00664234161377 -38.50765609741211 1.7000000476837158
vertex 8.834434509277344 -38.4734001159668 1.7000000476837158
vertex 9.00664234161377 -37.6076545715332 1.7000000476837158
endloop
endfacet
facet normal 0 0 -1
outer loop
vertex 8.834434509277344 -37.641910552978516 1.7000000476837158
vertex 8.688444137573242 -38.3758544921875 1.7000000476837158
vertex 8.688444137573242 -37.73945617675781 1.7000000476837158
endloop
endfacet
facet normal 0 0 -1
outer loop
vertex 9.00664234161377 -37.6076545715332 1.7000000476837158
vertex 8.834434509277344 -38.4734001159668 1.7000000476837158
vertex 8.834434509277344 -37.641910552978516 1.7000000476837158
endloop
endfacet
facet normal 0 0 -1
outer loop
vertex 9.178850173950195 -38.4734001159668 1.7000000476837158
vertex 9.00664234161377 -38.50765609741211 1.7000000476837158
vertex 9.178850173950195 -37.641910552978516 1.7000000476837158
endloop
endfacet
facet normal 0 0 -1
outer loop
vertex 9.422388076782227 -38.229862213134766 1.7000000476837158
vertex 9.324840545654297 -38.3758544921875 1.7000000476837158
vertex 9.422388076782227 -37.88544845581055 1.7000000476837158
endloop
endfacet
facet normal 0 0 -1
outer loop
vertex 9.178850173950195 -38.4734001159668 1.7000000476837158
vertex 9.178850173950195 -37.641910552978516 1.7000000476837158
vertex 9.324840545654297 -37.73945617675781 1.7000000476837158
endloop
endfacet
facet normal 0 0 -1
outer loop
vertex 9.456642150878906 -38.057655334472656 1.7000000476837158
vertex 9.422388076782227 -38.229862213134766 1.7000000476837158
vertex 9.422388076782227 -37.88544845581055 1.7000000476837158
endloop
endfacet
facet normal 0 0 -1
outer loop
vertex 9.324840545654297 -37.73945617675781 1.7000000476837158
vertex 9.422388076782227 -37.88544845581055 1.7000000476837158
vertex 9.324840545654297 -38.3758544921875 1.7000000476837158
endloop
endfacet
facet normal -0.19509971138541468 -0.9807834126948354 0
outer loop
vertex 9.178850173950195 -37.641910552978516 0
vertex 9.178850173950195 -37.641910552978516 1.7000000476837158
vertex 9.00664234161377 -37.6076545715332 0
endloop
endfacet
facet normal 0.19509971138541468 -0.9807834126948354 0
outer loop
vertex 9.00664234161377 -37.6076545715332 0
vertex 9.00664234161377 -37.6076545715332 1.7000000476837158
vertex 8.834434509277344 -37.641910552978516 0
endloop
endfacet
facet normal 0.5555622638012966 -0.8314749371087372 0
outer loop
vertex 8.834434509277344 -37.641910552978516 0
vertex 8.834434509277344 -37.641910552978516 1.7000000476837158
vertex 8.688444137573242 -37.73945617675781 0
endloop
endfacet
facet normal 0.8314732719568675 -0.5555647559208026 0
outer loop
vertex 8.688444137573242 -37.73945617675781 0
vertex 8.688444137573242 -37.73945617675781 1.7000000476837158
vertex 8.590896606445312 -37.88544845581055 0
endloop
endfacet
facet normal 0.9807852845629332 -0.19509030110388895 0
outer loop
vertex 8.590896606445312 -37.88544845581055 0
vertex 8.590896606445312 -37.88544845581055 1.7000000476837158
vertex 8.556642532348633 -38.057655334472656 0
endloop
endfacet
facet normal 0.9807852845629332 0.19509030110388895 0
outer loop
vertex 8.556642532348633 -38.057655334472656 0
vertex 8.556642532348633 -38.057655334472656 1.7000000476837158
vertex 8.590896606445312 -38.229862213134766 0
endloop
endfacet
facet normal -0.8314732719568675 -0.5555647559208026 0
outer loop
vertex 9.324840545654297 -37.73945617675781 1.7000000476837158
vertex 9.324840545654297 -37.73945617675781 0
vertex 9.422388076782227 -37.88544845581055 1.7000000476837158
endloop
endfacet
facet normal -0.9807852845629332 -0.19509030110388895 0
outer loop
vertex 9.422388076782227 -37.88544845581055 1.7000000476837158
vertex 9.422388076782227 -37.88544845581055 0
vertex 9.456642150878906 -38.057655334472656 1.7000000476837158
endloop
endfacet
facet normal -0.9807852845629332 0.19509030110388895 0
outer loop
vertex 9.456642150878906 -38.057655334472656 1.7000000476837158
vertex 9.456642150878906 -38.057655334472656 0
vertex 9.422388076782227 -38.229862213134766 1.7000000476837158
endloop
endfacet
facet normal -0.8314732719568675 0.5555647559208026 0
outer loop
vertex 9.422388076782227 -38.229862213134766 1.7000000476837158
vertex 9.422388076782227 -38.229862213134766 0
vertex 9.324840545654297 -38.3758544921875 1.7000000476837158
endloop
endfacet
facet normal -0.5555622638012966 0.8314749371087372 0
outer loop
vertex 9.324840545654297 -38.3758544921875 1.7000000476837158
vertex 9.324840545654297 -38.3758544921875 0
vertex 9.178850173950195 -38.4734001159668 1.7000000476837158
endloop
endfacet
facet normal 0.8314732719568675 0.5555647559208026 0
outer loop
vertex 8.688444137573242 -38.3758544921875 1.7000000476837158
vertex 8.688444137573242 -38.3758544921875 0
vertex 8.590896606445312 -38.229862213134766 1.7000000476837158
endloop
endfacet
facet normal -0.5555622638012966 0.8314749371087372 0
outer loop
vertex 9.178850173950195 -38.4734001159668 0
vertex 9.178850173950195 -38.4734001159668 1.7000000476837158
vertex 9.324840545654297 -38.3758544921875 0
endloop
endfacet
facet normal 0.5555622638012966 0.8314749371087372 0
outer loop
vertex 8.834434509277344 -38.4734001159668 1.7000000476837158
vertex 8.834434509277344 -38.4734001159668 0
vertex 8.688444137573242 -38.3758544921875 1.7000000476837158
endloop
endfacet
facet normal -0.19509971138541468 0.9807834126948354 0
outer loop
vertex 9.178850173950195 -38.4734001159668 0
vertex 9.00664234161377 -38.50765609741211 0
vertex 9.00664234161377 -38.50765609741211 1.7000000476837158
endloop
endfacet
facet normal -0.8314732719568675 -0.5555647559208026 0
outer loop
vertex 9.324840545654297 -37.73945617675781 0
vertex 9.422388076782227 -37.88544845581055 0
vertex 9.422388076782227 -37.88544845581055 1.7000000476837158
endloop
endfacet
facet normal -0.9807852845629332 -0.19509030110388895 0
outer loop
vertex 9.422388076782227 -37.88544845581055 0
vertex 9.456642150878906 -38.057655334472656 0
vertex 9.456642150878906 -38.057655334472656 1.7000000476837158
endloop
endfacet
facet normal -0.5555622638012966 -0.8314749371087372 0
outer loop
vertex 9.324840545654297 -37.73945617675781 0
vertex 9.324840545654297 -37.73945617675781 1.7000000476837158
vertex 9.178850173950195 -37.641910552978516 0
endloop
endfacet
facet normal 0.5555622638012966 0.8314749371087372 0
outer loop
vertex 8.834434509277344 -38.4734001159668 0
vertex 8.688444137573242 -38.3758544921875 0
vertex 8.688444137573242 -38.3758544921875 1.7000000476837158
endloop
endfacet
facet normal -0.8314732719568675 0.5555647559208026 0
outer loop
vertex 9.422388076782227 -38.229862213134766 0
vertex 9.324840545654297 -38.3758544921875 0
vertex 9.324840545654297 -38.3758544921875 1.7000000476837158
endloop
endfacet
facet normal -0.19509971138541468 -0.9807834126948354 0
outer loop
vertex 9.178850173950195 -36.371910095214844 0
vertex 9.178850173950195 -36.371910095214844 1.7000000476837158
vertex 9.00664234161377 -36.33765411376953 0
endloop
endfacet
facet normal 0.9807852845629332 0.19509030110388895 0
outer loop
vertex 8.556642532348633 -36.787654876708984 0
vertex 8.556642532348633 -36.787654876708984 1.7000000476837158
vertex 8.590896606445312 -36.959861755371094 0
endloop
endfacet
facet normal 0.8314732719568675 0.5555647559208026 0
outer loop
vertex 8.688444137573242 -37.10585403442383 1.7000000476837158
vertex 8.688444137573242 -37.10585403442383 0
vertex 8.590896606445312 -36.959861755371094 1.7000000476837158
endloop
endfacet
facet normal -0.8314665660174577 -0.5555747920803612 0
outer loop
vertex 9.324840545654297 -36.469459533691406 1.7000000476837158
vertex 9.324840545654297 -36.469459533691406 0
vertex 9.422388076782227 -36.615447998046875 1.7000000476837158
endloop
endfacet
facet normal -0.9807852845629332 -0.19509030110388895 0
outer loop
vertex 9.422388076782227 -36.615447998046875 1.7000000476837158
vertex 9.422388076782227 -36.615447998046875 0
vertex 9.456642150878906 -36.787654876708984 1.7000000476837158
endloop
endfacet
facet normal 0.9807852845629332 0.19509030110388895 0
outer loop
vertex 8.590896606445312 -36.959861755371094 1.7000000476837158
vertex 8.590896606445312 -36.959861755371094 0
vertex 8.556642532348633 -36.787654876708984 1.7000000476837158
endloop
endfacet
facet normal 0.9807852845629332 -0.19509030110388895 0
outer loop
vertex 8.556642532348633 -36.787654876708984 1.7000000476837158
vertex 8.556642532348633 -36.787654876708984 0
vertex 8.590896606445312 -36.615447998046875 1.7000000476837158
endloop
endfacet
facet normal 0 0 -1
outer loop
vertex 8.688444137573242 -37.10585403442383 1.7000000476837158
vertex 8.590896606445312 -36.959861755371094 1.7000000476837158
vertex 8.688444137573242 -36.469459533691406 1.7000000476837158
endloop
endfacet
facet normal 0 0 -1
outer loop
vertex 9.324840545654297 -37.10585403442383 1.7000000476837158
vertex 9.178850173950195 -37.203399658203125 1.7000000476837158
vertex 9.324840545654297 -36.469459533691406 1.7000000476837158
endloop
endfacet
facet normal 0 0 -1
outer loop
vertex 9.422388076782227 -36.959861755371094 1.7000000476837158
vertex 9.324840545654297 -37.10585403442383 1.7000000476837158
vertex 9.422388076782227 -36.615447998046875 1.7000000476837158
endloop
endfacet
facet normal 0.9807852845629332 -0.19509030110388895 0
outer loop
vertex 8.590896606445312 -36.615447998046875 0
vertex 8.590896606445312 -36.615447998046875 1.7000000476837158
vertex 8.556642532348633 -36.787654876708984 0
endloop
endfacet
facet normal 0.19509971138541468 0.9807834126948354 0
outer loop
vertex 9.00664234161377 -37.23765563964844 0
vertex 8.834434509277344 -37.203399658203125 0
vertex 8.834434509277344 -37.203399658203125 1.7000000476837158
endloop
endfacet
facet normal 0.5555622638012966 0.8314749371087372 0
outer loop
vertex 8.834434509277344 -37.203399658203125 0
vertex 8.688444137573242 -37.10585403442383 0
vertex 8.688444137573242 -37.10585403442383 1.7000000476837158
endloop
endfacet
facet normal -0.19509971138541468 0.9807834126948354 0
outer loop
vertex 9.178850173950195 -37.203399658203125 0
vertex 9.00664234161377 -37.23765563964844 0
vertex 9.00664234161377 -37.23765563964844 1.7000000476837158
endloop
endfacet
facet normal -0.5555772839934787 -0.8314649009491799 0
outer loop
vertex 9.324840545654297 -36.469459533691406 0
vertex 9.324840545654297 -36.469459533691406 1.7000000476837158
vertex 9.178850173950195 -36.371910095214844 0
endloop
endfacet
facet normal -0.9807852845629332 -0.19509030110388895 0
outer loop
vertex 9.422388076782227 -36.615447998046875 0
vertex 9.456642150878906 -36.787654876708984 0
vertex 9.456642150878906 -36.787654876708984 1.7000000476837158
endloop
endfacet
facet normal -0.8314665660174577 -0.5555747920803612 0
outer loop
vertex 9.324840545654297 -36.469459533691406 0
vertex 9.422388076782227 -36.615447998046875 0
vertex 9.422388076782227 -36.615447998046875 1.7000000476837158
endloop
endfacet
facet normal -0.9807852845629332 0.19509030110388895 0
outer loop
vertex 9.456642150878906 -36.787654876708984 0
vertex 9.422388076782227 -36.959861755371094 0
vertex 9.422388076782227 -36.959861755371094 1.7000000476837158
endloop
endfacet
facet normal -0.8314732719568675 0.5555647559208026 0
outer loop
vertex 9.422388076782227 -36.959861755371094 0
vertex 9.324840545654297 -37.10585403442383 0
vertex 9.324840545654297 -37.10585403442383 1.7000000476837158
endloop
endfacet
facet normal 0 0 -1
outer loop
vertex 9.456642150878906 -36.787654876708984 1.7000000476837158
vertex 9.422388076782227 -36.959861755371094 1.7000000476837158
vertex 9.422388076782227 -36.615447998046875 1.7000000476837158
endloop
endfacet
facet normal -0.5555772839934787 -0.8314649009491799 0
outer loop
vertex 9.178850173950195 -36.371910095214844 1.7000000476837158
vertex 9.178850173950195 -36.371910095214844 0
vertex 9.324840545654297 -36.469459533691406 1.7000000476837158
endloop
endfacet
facet normal -0.19509971138541468 -0.9807834126948354 0
outer loop
vertex 9.00664234161377 -36.33765411376953 1.7000000476837158
vertex 9.00664234161377 -36.33765411376953 0
vertex 9.178850173950195 -36.371910095214844 1.7000000476837158
endloop
endfacet
facet normal 0.19509971138541468 -0.9807834126948354 0
outer loop
vertex 8.834434509277344 -36.371910095214844 1.7000000476837158
vertex 8.834434509277344 -36.371910095214844 0
vertex 9.00664234161377 -36.33765411376953 1.7000000476837158
endloop
endfacet
facet normal 0.5555772839934787 -0.8314649009491799 0
outer loop
vertex 8.688444137573242 -36.469459533691406 1.7000000476837158
vertex 8.688444137573242 -36.469459533691406 0
vertex 8.834434509277344 -36.371910095214844 1.7000000476837158
endloop
endfacet
facet normal 0 0 -1
outer loop
vertex 9.324840545654297 -36.469459533691406 1.7000000476837158
vertex 9.422388076782227 -36.615447998046875 1.7000000476837158
vertex 9.324840545654297 -37.10585403442383 1.7000000476837158
endloop
endfacet
facet normal -0.19509971138541468 0.9807834126948354 0
outer loop
vertex 9.178850173950195 -37.203399658203125 1.7000000476837158
vertex 9.178850173950195 -37.203399658203125 0
vertex 9.00664234161377 -37.23765563964844 1.7000000476837158
endloop
endfacet
facet normal 0.19509971138541468 0.9807834126948354 0
outer loop
vertex 9.00664234161377 -37.23765563964844 1.7000000476837158
vertex 9.00664234161377 -37.23765563964844 0
vertex 8.834434509277344 -37.203399658203125 1.7000000476837158
endloop
endfacet
facet normal 0.5555622638012966 0.8314749371087372 0
outer loop
vertex 8.834434509277344 -37.203399658203125 1.7000000476837158
vertex 8.834434509277344 -37.203399658203125 0
vertex 8.688444137573242 -37.10585403442383 1.7000000476837158
endloop
endfacet
facet normal 0.8314665660174577 -0.5555747920803612 0
outer loop
vertex 8.590896606445312 -36.615447998046875 1.7000000476837158
vertex 8.590896606445312 -36.615447998046875 0
vertex 8.688444137573242 -36.469459533691406 1.7000000476837158
endloop
endfacet
facet normal 0 0 -1
outer loop
vertex 9.178850173950195 -37.203399658203125 1.7000000476837158
vertex 9.00664234161377 -37.23765563964844 1.7000000476837158
vertex 9.178850173950195 -36.371910095214844 1.7000000476837158
endloop
endfacet
facet normal -0.5555622638012966 0.8314749371087372 0
outer loop
vertex 9.324840545654297 -37.10585403442383 1.7000000476837158
vertex 9.324840545654297 -37.10585403442383 0
vertex 9.178850173950195 -37.203399658203125 1.7000000476837158
endloop
endfacet
facet normal -0.8314732719568675 0.5555647559208026 0
outer loop
vertex 9.422388076782227 -36.959861755371094 1.7000000476837158
vertex 9.422388076782227 -36.959861755371094 0
vertex 9.324840545654297 -37.10585403442383 1.7000000476837158
endloop
endfacet
facet normal -0.9807852845629332 0.19509030110388895 0
outer loop
vertex 9.456642150878906 -36.787654876708984 1.7000000476837158
vertex 9.456642150878906 -36.787654876708984 0
vertex 9.422388076782227 -36.959861755371094 1.7000000476837158
endloop
endfacet
facet normal 0 0 -1
outer loop
vertex 9.00664234161377 -36.33765411376953 1.7000000476837158
vertex 8.834434509277344 -37.203399658203125 1.7000000476837158
vertex 8.834434509277344 -36.371910095214844 1.7000000476837158
endloop
endfacet
facet normal 0 0 -1
outer loop
vertex 8.834434509277344 -36.371910095214844 1.7000000476837158
vertex 8.688444137573242 -37.10585403442383 1.7000000476837158
vertex 8.688444137573242 -36.469459533691406 1.7000000476837158
endloop
endfacet
facet normal 0 0 -1
outer loop
vertex 9.00664234161377 -37.23765563964844 1.7000000476837158
vertex 8.834434509277344 -37.203399658203125 1.7000000476837158
vertex 9.00664234161377 -36.33765411376953 1.7000000476837158
endloop
endfacet
facet normal 0 0 -1
outer loop
vertex 8.834434509277344 -37.203399658203125 1.7000000476837158
vertex 8.688444137573242 -37.10585403442383 1.7000000476837158
vertex 8.834434509277344 -36.371910095214844 1.7000000476837158
endloop
endfacet
facet normal 0 0 -1
outer loop
vertex 8.688444137573242 -36.469459533691406 1.7000000476837158
vertex 8.590896606445312 -36.959861755371094 1.7000000476837158
vertex 8.590896606445312 -36.615447998046875 1.7000000476837158
endloop
endfacet
facet normal 0 0 -1
outer loop
vertex 8.590896606445312 -36.959861755371094 1.7000000476837158
vertex 8.556642532348633 -36.787654876708984 1.7000000476837158
vertex 8.590896606445312 -36.615447998046875 1.7000000476837158
endloop
endfacet
facet normal 0 0 -1
outer loop
vertex 9.178850173950195 -36.371910095214844 1.7000000476837158
vertex 9.00664234161377 -37.23765563964844 1.7000000476837158
vertex 9.00664234161377 -36.33765411376953 1.7000000476837158
endloop
endfacet
facet normal 0 0 -1
outer loop
vertex 9.178850173950195 -37.203399658203125 1.7000000476837158
vertex 9.178850173950195 -36.371910095214844 1.7000000476837158
vertex 9.324840545654297 -36.469459533691406 1.7000000476837158
endloop
endfacet
facet normal -0.5555622638012966 0.8314749371087372 0
outer loop
vertex 9.178850173950195 -37.203399658203125 0
vertex 9.178850173950195 -37.203399658203125 1.7000000476837158
vertex 9.324840545654297 -37.10585403442383 0
endloop
endfacet
facet normal 0.8314732719568675 0.5555647559208026 0
outer loop
vertex 8.590896606445312 -36.959861755371094 0
vertex 8.590896606445312 -36.959861755371094 1.7000000476837158
vertex 8.688444137573242 -37.10585403442383 0
endloop
endfacet
facet normal 0.8314665660174577 -0.5555747920803612 0
outer loop
vertex 8.688444137573242 -36.469459533691406 0
vertex 8.688444137573242 -36.469459533691406 1.7000000476837158
vertex 8.590896606445312 -36.615447998046875 0
endloop
endfacet
facet normal 0.5555772839934787 -0.8314649009491799 0
outer loop
vertex 8.834434509277344 -36.371910095214844 0
vertex 8.834434509277344 -36.371910095214844 1.7000000476837158
vertex 8.688444137573242 -36.469459533691406 0
endloop
endfacet
facet normal 0.19509971138541468 -0.9807834126948354 0
outer loop
vertex 9.00664234161377 -36.33765411376953 0
vertex 9.00664234161377 -36.33765411376953 1.7000000476837158
vertex 8.834434509277344 -36.371910095214844 0
endloop
endfacet
facet normal 0.9807861114401027 0.19508614406513386 0
outer loop
vertex 8.590896606445312 -35.68986511230469 1.7000000476837158
vertex 8.590896606445312 -35.68986511230469 0
vertex 8.556642532348633 -35.51765441894531 1.7000000476837158
endloop
endfacet
facet normal 0 0 -1
outer loop
vertex 9.178850173950195 -35.10190963745117 1.7000000476837158
vertex 9.00664234161377 -35.967655181884766 1.7000000476837158
vertex 9.00664234161377 -35.067657470703125 1.7000000476837158
endloop
endfacet
facet normal 0.9807852845629332 -0.19509030110388895 0
outer loop
vertex 8.590896606445312 -35.3454475402832 0
vertex 8.590896606445312 -35.3454475402832 1.7000000476837158
vertex 8.556642532348633 -35.51765441894531 0
endloop
endfacet
facet normal 0.9807861114401027 0.19508614406513386 0
outer loop
vertex 8.556642532348633 -35.51765441894531 0
vertex 8.556642532348633 -35.51765441894531 1.7000000476837158
vertex 8.590896606445312 -35.68986511230469 0
endloop
endfacet
facet normal -0.5555772839934787 0.8314649009491799 0
outer loop
vertex 9.178850173950195 -35.93340301513672 0
vertex 9.178850173950195 -35.93340301513672 1.7000000476837158
vertex 9.324840545654297 -35.835853576660156 0
endloop
endfacet
facet normal -0.1950788122039888 0.9807875697770038 0
outer loop
vertex 9.178850173950195 -35.93340301513672 0
vertex 9.00664234161377 -35.967655181884766 0
vertex 9.00664234161377 -35.967655181884766 1.7000000476837158
endloop
endfacet
facet normal 0.5555772839934787 0.8314649009491799 0
outer loop
vertex 8.834434509277344 -35.93340301513672 0
vertex 8.688444137573242 -35.835853576660156 0
vertex 8.688444137573242 -35.835853576660156 1.7000000476837158
endloop
endfacet
facet normal 0.1950788122039888 0.9807875697770038 0
outer loop
vertex 9.00664234161377 -35.967655181884766 0
vertex 8.834434509277344 -35.93340301513672 0
vertex 8.834434509277344 -35.93340301513672 1.7000000476837158
endloop
endfacet
facet normal 0.5555772839934787 -0.8314649009491799 0
outer loop
vertex 8.834434509277344 -35.10190963745117 0
vertex 8.834434509277344 -35.10190963745117 1.7000000476837158
vertex 8.688444137573242 -35.199459075927734 0
endloop
endfacet
facet normal 0.1950788122039888 -0.9807875697770038 0
outer loop
vertex 9.00664234161377 -35.067657470703125 0
vertex 9.00664234161377 -35.067657470703125 1.7000000476837158
vertex 8.834434509277344 -35.10190963745117 0
endloop
endfacet
facet normal -0.1950788122039888 -0.9807875697770038 0
outer loop
vertex 9.178850173950195 -35.10190963745117 0
vertex 9.178850173950195 -35.10190963745117 1.7000000476837158
vertex 9.00664234161377 -35.067657470703125 0
endloop
endfacet
facet normal 0.8314665660174577 0.5555747920803612 0
outer loop
vertex 8.590896606445312 -35.68986511230469 0
vertex 8.590896606445312 -35.68986511230469 1.7000000476837158
vertex 8.688444137573242 -35.835853576660156 0
endloop
endfacet
facet normal 0 0 -1
outer loop
vertex 8.688444137573242 -35.199459075927734 1.7000000476837158
vertex 8.590896606445312 -35.68986511230469 1.7000000476837158
vertex 8.590896606445312 -35.3454475402832 1.7000000476837158
endloop
endfacet
facet normal 0 0 -1
outer loop
vertex 8.834434509277344 -35.93340301513672 1.7000000476837158
vertex 8.688444137573242 -35.835853576660156 1.7000000476837158
vertex 8.834434509277344 -35.10190963745117 1.7000000476837158
endloop
endfacet
facet normal 0 0 -1
outer loop
vertex 9.00664234161377 -35.967655181884766 1.7000000476837158
vertex 8.834434509277344 -35.93340301513672 1.7000000476837158
vertex 9.00664234161377 -35.067657470703125 1.7000000476837158
endloop
endfacet
facet normal 0 0 -1
outer loop
vertex 8.590896606445312 -35.68986511230469 1.7000000476837158
vertex 8.556642532348633 -35.51765441894531 1.7000000476837158
vertex 8.590896606445312 -35.3454475402832 1.7000000476837158
endloop
endfacet
facet normal 0 0 -1
outer loop
vertex 8.834434509277344 -35.10190963745117 1.7000000476837158
vertex 8.688444137573242 -35.835853576660156 1.7000000476837158
vertex 8.688444137573242 -35.199459075927734 1.7000000476837158
endloop
endfacet
facet normal 0 0 -1
outer loop
vertex 9.324840545654297 -35.199459075927734 1.7000000476837158
vertex 9.422388076782227 -35.3454475402832 1.7000000476837158
vertex 9.324840545654297 -35.835853576660156 1.7000000476837158
endloop
endfacet
facet normal 0 0 -1
outer loop
vertex 9.456642150878906 -35.51765441894531 1.7000000476837158
vertex 9.422388076782227 -35.68986511230469 1.7000000476837158
vertex 9.422388076782227 -35.3454475402832 1.7000000476837158
endloop
endfacet
facet normal 0 0 -1
outer loop
vertex 9.422388076782227 -35.68986511230469 1.7000000476837158
vertex 9.324840545654297 -35.835853576660156 1.7000000476837158
vertex 9.422388076782227 -35.3454475402832 1.7000000476837158
endloop
endfacet
facet normal 0 0 -1
outer loop
vertex 9.324840545654297 -35.835853576660156 1.7000000476837158
vertex 9.178850173950195 -35.93340301513672 1.7000000476837158
vertex 9.324840545654297 -35.199459075927734 1.7000000476837158
endloop
endfacet
facet normal 0 0 -1
outer loop
vertex 8.688444137573242 -35.835853576660156 1.7000000476837158
vertex 8.590896606445312 -35.68986511230469 1.7000000476837158
vertex 8.688444137573242 -35.199459075927734 1.7000000476837158
endloop
endfacet
facet normal 0.8314665660174577 0.5555747920803612 0
outer loop
vertex 8.688444137573242 -35.835853576660156 1.7000000476837158
vertex 8.688444137573242 -35.835853576660156 0
vertex 8.590896606445312 -35.68986511230469 1.7000000476837158
endloop
endfacet
facet normal 0.5555772839934787 0.8314649009491799 0
outer loop
vertex 8.834434509277344 -35.93340301513672 1.7000000476837158
vertex 8.834434509277344 -35.93340301513672 0
vertex 8.688444137573242 -35.835853576660156 1.7000000476837158
endloop
endfacet
facet normal -0.8314665660174577 0.5555747920803612 0
outer loop
vertex 9.422388076782227 -35.68986511230469 0
vertex 9.324840545654297 -35.835853576660156 0
vertex 9.324840545654297 -35.835853576660156 1.7000000476837158
endloop
endfacet
facet normal -0.9807861114401027 0.19508614406513386 0
outer loop
vertex 9.456642150878906 -35.51765441894531 0
vertex 9.422388076782227 -35.68986511230469 0
vertex 9.422388076782227 -35.68986511230469 1.7000000476837158
endloop
endfacet
facet normal -0.8314665660174577 -0.5555747920803612 0
outer loop
vertex 9.324840545654297 -35.199459075927734 0
vertex 9.422388076782227 -35.3454475402832 0
vertex 9.422388076782227 -35.3454475402832 1.7000000476837158
endloop
endfacet
facet normal -0.9807852845629332 -0.19509030110388895 0
outer loop
vertex 9.422388076782227 -35.3454475402832 0
vertex 9.456642150878906 -35.51765441894531 0
vertex 9.456642150878906 -35.51765441894531 1.7000000476837158
endloop
endfacet
facet normal -0.5555772839934787 -0.8314649009491799 0
outer loop
vertex 9.324840545654297 -35.199459075927734 0
vertex 9.324840545654297 -35.199459075927734 1.7000000476837158
vertex 9.178850173950195 -35.10190963745117 0
endloop
endfacet
facet normal 0.1950788122039888 0.9807875697770038 0
outer loop
vertex 9.00664234161377 -35.967655181884766 1.7000000476837158
vertex 9.00664234161377 -35.967655181884766 0
vertex 8.834434509277344 -35.93340301513672 1.7000000476837158
endloop
endfacet
facet normal -0.5555772839934787 -0.8314649009491799 0
outer loop
vertex 9.178850173950195 -35.10190963745117 1.7000000476837158
vertex 9.178850173950195 -35.10190963745117 0
vertex 9.324840545654297 -35.199459075927734 1.7000000476837158
endloop
endfacet
facet normal 0 0 -1
outer loop
vertex 9.178850173950195 -35.93340301513672 1.7000000476837158
vertex 9.178850173950195 -35.10190963745117 1.7000000476837158
vertex 9.324840545654297 -35.199459075927734 1.7000000476837158
endloop
endfacet
facet normal -0.1950788122039888 0.9807875697770038 0
outer loop
vertex 9.178850173950195 -35.93340301513672 1.7000000476837158
vertex 9.178850173950195 -35.93340301513672 0
vertex 9.00664234161377 -35.967655181884766 1.7000000476837158
endloop
endfacet
facet normal -0.1950788122039888 -0.9807875697770038 0
outer loop
vertex 9.00664234161377 -35.067657470703125 1.7000000476837158
vertex 9.00664234161377 -35.067657470703125 0
vertex 9.178850173950195 -35.10190963745117 1.7000000476837158
endloop
endfacet
facet normal 0.1950788122039888 -0.9807875697770038 0
outer loop
vertex 8.834434509277344 -35.10190963745117 1.7000000476837158
vertex 8.834434509277344 -35.10190963745117 0
vertex 9.00664234161377 -35.067657470703125 1.7000000476837158
endloop
endfacet
facet normal 0.5555772839934787 -0.8314649009491799 0
outer loop
vertex 8.688444137573242 -35.199459075927734 1.7000000476837158
vertex 8.688444137573242 -35.199459075927734 0
vertex 8.834434509277344 -35.10190963745117 1.7000000476837158
endloop
endfacet
facet normal -0.5555772839934787 0.8314649009491799 0
outer loop
vertex 9.324840545654297 -35.835853576660156 1.7000000476837158
vertex 9.324840545654297 -35.835853576660156 0
vertex 9.178850173950195 -35.93340301513672 1.7000000476837158
endloop
endfacet
facet normal -0.8314665660174577 0.5555747920803612 0
outer loop
vertex 9.422388076782227 -35.68986511230469 1.7000000476837158
vertex 9.422388076782227 -35.68986511230469 0
vertex 9.324840545654297 -35.835853576660156 1.7000000476837158
endloop
endfacet
facet normal -0.9807861114401027 0.19508614406513386 0
outer loop
vertex 9.456642150878906 -35.51765441894531 1.7000000476837158
vertex 9.456642150878906 -35.51765441894531 0
vertex 9.422388076782227 -35.68986511230469 1.7000000476837158
endloop
endfacet
facet normal -0.9807852845629332 -0.19509030110388895 0
outer loop
vertex 9.422388076782227 -35.3454475402832 1.7000000476837158
vertex 9.422388076782227 -35.3454475402832 0
vertex 9.456642150878906 -35.51765441894531 1.7000000476837158
endloop
endfacet
facet normal -0.8314665660174577 -0.5555747920803612 0
outer loop
vertex 9.324840545654297 -35.199459075927734 1.7000000476837158
vertex 9.324840545654297 -35.199459075927734 0
vertex 9.422388076782227 -35.3454475402832 1.7000000476837158
endloop
endfacet
facet normal 0.8314665660174577 -0.5555747920803612 0
outer loop
vertex 8.590896606445312 -35.3454475402832 1.7000000476837158
vertex 8.590896606445312 -35.3454475402832 0
vertex 8.688444137573242 -35.199459075927734 1.7000000476837158
endloop
endfacet
facet normal 0.9807852845629332 -0.19509030110388895 0
outer loop
vertex 8.556642532348633 -35.51765441894531 1.7000000476837158
vertex 8.556642532348633 -35.51765441894531 0
vertex 8.590896606445312 -35.3454475402832 1.7000000476837158
endloop
endfacet
facet normal 0 0 -1
outer loop
vertex 9.00664234161377 -35.067657470703125 1.7000000476837158
vertex 8.834434509277344 -35.93340301513672 1.7000000476837158
vertex 8.834434509277344 -35.10190963745117 1.7000000476837158
endloop
endfacet
facet normal 0 0 -1
outer loop
vertex 9.178850173950195 -35.93340301513672 1.7000000476837158
vertex 9.00664234161377 -35.967655181884766 1.7000000476837158
vertex 9.178850173950195 -35.10190963745117 1.7000000476837158
endloop
endfacet
facet normal 0.8314665660174577 -0.5555747920803612 0
outer loop
vertex 8.688444137573242 -35.199459075927734 0
vertex 8.688444137573242 -35.199459075927734 1.7000000476837158
vertex 8.590896606445312 -35.3454475402832 0
endloop
endfacet
facet normal -0.8314665660174577 -0.5555747920803612 0
outer loop
vertex 9.324840545654297 -33.92945861816406 1.7000000476837158
vertex 9.324840545654297 -33.92945861816406 0
vertex 9.422388076782227 -34.07544708251953 1.7000000476837158
endloop
endfacet
facet normal 0 0 -1
outer loop
vertex 9.00664234161377 -34.697654724121094 1.7000000476837158
vertex 8.834434509277344 -34.66340255737305 1.7000000476837158
vertex 9.00664234161377 -33.79765701293945 1.7000000476837158
endloop
endfacet
facet normal 0 0 -1
outer loop
vertex 8.834434509277344 -34.66340255737305 1.7000000476837158
vertex 8.688444137573242 -34.565853118896484 1.7000000476837158
vertex 8.834434509277344 -33.8319091796875 1.7000000476837158
endloop
endfacet
facet normal 0 0 -1
outer loop
vertex 8.688444137573242 -33.92945861816406 1.7000000476837158
vertex 8.590896606445312 -34.419864654541016 1.7000000476837158
vertex 8.590896606445312 -34.07544708251953 1.7000000476837158
endloop
endfacet
facet normal 0 0 -1
outer loop
vertex 8.590896606445312 -34.419864654541016 1.7000000476837158
vertex 8.556642532348633 -34.24765396118164 1.7000000476837158
vertex 8.590896606445312 -34.07544708251953 1.7000000476837158
endloop
endfacet
facet normal 0 0 -1
outer loop
vertex 8.688444137573242 -34.565853118896484 1.7000000476837158
vertex 8.590896606445312 -34.419864654541016 1.7000000476837158
vertex 8.688444137573242 -33.92945861816406 1.7000000476837158
endloop
endfacet
facet normal 0 0 -1
outer loop
vertex 8.834434509277344 -33.8319091796875 1.7000000476837158
vertex 8.688444137573242 -34.565853118896484 1.7000000476837158
vertex 8.688444137573242 -33.92945861816406 1.7000000476837158
endloop
endfacet
facet normal 0 0 -1
outer loop
vertex 9.00664234161377 -33.79765701293945 1.7000000476837158
vertex 8.834434509277344 -34.66340255737305 1.7000000476837158
vertex 8.834434509277344 -33.8319091796875 1.7000000476837158
endloop
endfacet
facet normal 0 0 -1
outer loop
vertex 9.178850173950195 -34.66340255737305 1.7000000476837158
vertex 9.00664234161377 -34.697654724121094 1.7000000476837158
vertex 9.178850173950195 -33.8319091796875 1.7000000476837158
endloop
endfacet
facet normal 0 0 -1
outer loop
vertex 9.178850173950195 -33.8319091796875 1.7000000476837158
vertex 9.00664234161377 -34.697654724121094 1.7000000476837158
vertex 9.00664234161377 -33.79765701293945 1.7000000476837158
endloop
endfacet
facet normal 0 0 -1
outer loop
vertex 9.178850173950195 -34.66340255737305 1.7000000476837158
vertex 9.178850173950195 -33.8319091796875 1.7000000476837158
vertex 9.324840545654297 -33.92945861816406 1.7000000476837158
endloop
endfacet
facet normal 0 0 -1
outer loop
vertex 9.324840545654297 -34.565853118896484 1.7000000476837158
vertex 9.178850173950195 -34.66340255737305 1.7000000476837158
vertex 9.324840545654297 -33.92945861816406 1.7000000476837158
endloop
endfacet
facet normal 0 0 -1
outer loop
vertex 9.422388076782227 -34.419864654541016 1.7000000476837158
vertex 9.324840545654297 -34.565853118896484 1.7000000476837158
vertex 9.422388076782227 -34.07544708251953 1.7000000476837158
endloop
endfacet
facet normal 0 0 -1
outer loop
vertex 9.456642150878906 -34.24765396118164 1.7000000476837158
vertex 9.422388076782227 -34.419864654541016 1.7000000476837158
vertex 9.422388076782227 -34.07544708251953 1.7000000476837158
endloop
endfacet
facet normal 0 0 -1
outer loop
vertex 9.324840545654297 -33.92945861816406 1.7000000476837158
vertex 9.422388076782227 -34.07544708251953 1.7000000476837158
vertex 9.324840545654297 -34.565853118896484 1.7000000476837158
endloop
endfacet
facet normal 0.8314665660174577 0.5555747920803612 0
outer loop
vertex 8.590896606445312 -34.419864654541016 0
vertex 8.590896606445312 -34.419864654541016 1.7000000476837158
vertex 8.688444137573242 -34.565853118896484 0
endloop
endfacet
facet normal 0.9807861114401027 0.19508614406513386 0
outer loop
vertex 8.556642532348633 -34.24765396118164 0
vertex 8.556642532348633 -34.24765396118164 1.7000000476837158
vertex 8.590896606445312 -34.419864654541016 0
endloop
endfacet
facet normal 0.9807852845629332 -0.19509030110388895 0
outer loop
vertex 8.590896606445312 -34.07544708251953 0
vertex 8.590896606445312 -34.07544708251953 1.7000000476837158
vertex 8.556642532348633 -34.24765396118164 0
endloop
endfacet
facet normal 0.1950788122039888 0.9807875697770038 0
outer loop
vertex 9.00664234161377 -34.697654724121094 0
vertex 8.834434509277344 -34.66340255737305 0
vertex 8.834434509277344 -34.66340255737305 1.7000000476837158
endloop
endfacet
facet normal 0.5555772839934787 0.8314649009491799 0
outer loop
vertex 8.834434509277344 -34.66340255737305 0
vertex 8.688444137573242 -34.565853118896484 0
vertex 8.688444137573242 -34.565853118896484 1.7000000476837158
endloop
endfacet
facet normal -0.1950788122039888 0.9807875697770038 0
outer loop
vertex 9.178850173950195 -34.66340255737305 0
vertex 9.00664234161377 -34.697654724121094 0
vertex 9.00664234161377 -34.697654724121094 1.7000000476837158
endloop
endfacet
facet normal -0.5555772839934787 0.8314649009491799 0
outer loop
vertex 9.178850173950195 -34.66340255737305 0
vertex 9.178850173950195 -34.66340255737305 1.7000000476837158
vertex 9.324840545654297 -34.565853118896484 0
endloop
endfacet
facet normal 0.8314665660174577 -0.5555747920803612 0
outer loop
vertex 8.688444137573242 -33.92945861816406 0
vertex 8.688444137573242 -33.92945861816406 1.7000000476837158
vertex 8.590896606445312 -34.07544708251953 0
endloop
endfacet
facet normal 0.5555772839934787 -0.8314649009491799 0
outer loop
vertex 8.834434509277344 -33.8319091796875 0
vertex 8.834434509277344 -33.8319091796875 1.7000000476837158
vertex 8.688444137573242 -33.92945861816406 0
endloop
endfacet
facet normal 0.1950788122039888 -0.9807875697770038 0
outer loop
vertex 9.00664234161377 -33.79765701293945 0
vertex 9.00664234161377 -33.79765701293945 1.7000000476837158
vertex 8.834434509277344 -33.8319091796875 0
endloop
endfacet
facet normal -0.1950788122039888 -0.9807875697770038 0
outer loop
vertex 9.178850173950195 -33.8319091796875 0
vertex 9.178850173950195 -33.8319091796875 1.7000000476837158
vertex 9.00664234161377 -33.79765701293945 0
endloop
endfacet
facet normal -0.9807861114401027 0.19508614406513386 0
outer loop
vertex 9.456642150878906 -34.24765396118164 1.7000000476837158
vertex 9.456642150878906 -34.24765396118164 0
vertex 9.422388076782227 -34.419864654541016 1.7000000476837158
endloop
endfacet
facet normal -0.9807852845629332 -0.19509030110388895 0
outer loop
vertex 9.422388076782227 -34.07544708251953 1.7000000476837158
vertex 9.422388076782227 -34.07544708251953 0
vertex 9.456642150878906 -34.24765396118164 1.7000000476837158
endloop
endfacet
facet normal -0.8314665660174577 0.5555747920803612 0
outer loop
vertex 9.422388076782227 -34.419864654541016 0
vertex 9.324840545654297 -34.565853118896484 0
vertex 9.324840545654297 -34.565853118896484 1.7000000476837158
endloop
endfacet
facet normal -0.5555772839934787 -0.8314649009491799 0
outer loop
vertex 9.324840545654297 -33.92945861816406 0
vertex 9.324840545654297 -33.92945861816406 1.7000000476837158
vertex 9.178850173950195 -33.8319091796875 0
endloop
endfacet
facet normal -0.9807861114401027 0.19508614406513386 0
outer loop
vertex 9.456642150878906 -34.24765396118164 0
vertex 9.422388076782227 -34.419864654541016 0
vertex 9.422388076782227 -34.419864654541016 1.7000000476837158
endloop
endfacet
facet normal -0.9807852845629332 -0.19509030110388895 0
outer loop
vertex 9.456642150878906 -34.24765396118164 0
vertex 9.456642150878906 -34.24765396118164 1.7000000476837158
vertex 9.422388076782227 -34.07544708251953 0
endloop
endfacet
facet normal -0.8314665660174577 0.5555747920803612 0
outer loop
vertex 9.422388076782227 -34.419864654541016 1.7000000476837158
vertex 9.422388076782227 -34.419864654541016 0
vertex 9.324840545654297 -34.565853118896484 1.7000000476837158
endloop
endfacet
facet normal -0.5555772839934787 0.8314649009491799 0
outer loop
vertex 9.324840545654297 -34.565853118896484 1.7000000476837158
vertex 9.324840545654297 -34.565853118896484 0
vertex 9.178850173950195 -34.66340255737305 1.7000000476837158
endloop
endfacet
facet normal -0.5555772839934787 -0.8314649009491799 0
outer loop
vertex 9.178850173950195 -33.8319091796875 1.7000000476837158
vertex 9.178850173950195 -33.8319091796875 0
vertex 9.324840545654297 -33.92945861816406 1.7000000476837158
endloop
endfacet
facet normal -0.1950788122039888 -0.9807875697770038 0
outer loop
vertex 9.00664234161377 -33.79765701293945 1.7000000476837158
vertex 9.00664234161377 -33.79765701293945 0
vertex 9.178850173950195 -33.8319091796875 1.7000000476837158
endloop
endfacet
facet normal 0.1950788122039888 -0.9807875697770038 0
outer loop
vertex 8.834434509277344 -33.8319091796875 1.7000000476837158
vertex 8.834434509277344 -33.8319091796875 0
vertex 9.00664234161377 -33.79765701293945 1.7000000476837158
endloop
endfacet
facet normal 0.5555772839934787 -0.8314649009491799 0
outer loop
vertex 8.688444137573242 -33.92945861816406 1.7000000476837158
vertex 8.688444137573242 -33.92945861816406 0
vertex 8.834434509277344 -33.8319091796875 1.7000000476837158
endloop
endfacet
facet normal -0.1950788122039888 0.9807875697770038 0
outer loop
vertex 9.178850173950195 -34.66340255737305 1.7000000476837158
vertex 9.178850173950195 -34.66340255737305 0
vertex 9.00664234161377 -34.697654724121094 1.7000000476837158
endloop
endfacet
facet normal 0.1950788122039888 0.9807875697770038 0
outer loop
vertex 9.00664234161377 -34.697654724121094 1.7000000476837158
vertex 9.00664234161377 -34.697654724121094 0
vertex 8.834434509277344 -34.66340255737305 1.7000000476837158
endloop
endfacet
facet normal 0.5555772839934787 0.8314649009491799 0
outer loop
vertex 8.834434509277344 -34.66340255737305 1.7000000476837158
vertex 8.834434509277344 -34.66340255737305 0
vertex 8.688444137573242 -34.565853118896484 1.7000000476837158
endloop
endfacet
facet normal 0.8314665660174577 -0.5555747920803612 0
outer loop
vertex 8.590896606445312 -34.07544708251953 1.7000000476837158
vertex 8.590896606445312 -34.07544708251953 0
vertex 8.688444137573242 -33.92945861816406 1.7000000476837158
endloop
endfacet
facet normal 0.9807852845629332 -0.19509030110388895 0
outer loop
vertex 8.556642532348633 -34.24765396118164 1.7000000476837158
vertex 8.556642532348633 -34.24765396118164 0
vertex 8.590896606445312 -34.07544708251953 1.7000000476837158
endloop
endfacet
facet normal 0.9807861114401027 0.19508614406513386 0
outer loop
vertex 8.590896606445312 -34.419864654541016 1.7000000476837158
vertex 8.590896606445312 -34.419864654541016 0
vertex 8.556642532348633 -34.24765396118164 1.7000000476837158
endloop
endfacet
facet normal 0.8314665660174577 0.5555747920803612 0
outer loop
vertex 8.688444137573242 -34.565853118896484 1.7000000476837158
vertex 8.688444137573242 -34.565853118896484 0
vertex 8.590896606445312 -34.419864654541016 1.7000000476837158
endloop
endfacet
facet normal -0.8314665660174577 -0.5555747920803612 0
outer loop
vertex 9.422388076782227 -34.07544708251953 0
vertex 9.422388076782227 -34.07544708251953 1.7000000476837158
vertex 9.324840545654297 -33.92945861816406 0
endloop
endfacet
facet normal -0.5555747749587596 -0.8314665774578817 0
outer loop
vertex -9.675121307373047 -33.92945861816406 0
vertex -9.675121307373047 -33.92945861816406 1.7000000476837158
vertex -9.821112632751465 -33.8319091796875 0
endloop
endfacet
facet normal 0 0 -1
outer loop
vertex -9.675121307373047 -33.92945861816406 1.7000000476837158
vertex -9.821112632751465 -34.66340255737305 1.7000000476837158
vertex -9.821112632751465 -33.8319091796875 1.7000000476837158
endloop
endfacet
facet normal 0 0 -1
outer loop
vertex -9.543319702148438 -34.24765396118164 1.7000000476837158
vertex -9.577573776245117 -34.419864654541016 1.7000000476837158
vertex -9.577573776245117 -34.07544708251953 1.7000000476837158
endloop
endfacet
facet normal 0 0 -1
outer loop
vertex -9.577573776245117 -34.419864654541016 1.7000000476837158
vertex -9.675121307373047 -34.565853118896484 1.7000000476837158
vertex -9.577573776245117 -34.07544708251953 1.7000000476837158
endloop
endfacet
facet normal 0 0 -1
outer loop
vertex -9.675121307373047 -34.565853118896484 1.7000000476837158
vertex -9.821112632751465 -34.66340255737305 1.7000000476837158
vertex -9.675121307373047 -33.92945861816406 1.7000000476837158
endloop
endfacet
facet normal 0 0 -1
outer loop
vertex -9.821112632751465 -33.8319091796875 1.7000000476837158
vertex -9.993319511413574 -34.697654724121094 1.7000000476837158
vertex -9.993319511413574 -33.79765701293945 1.7000000476837158
endloop
endfacet
facet normal 0 0 -1
outer loop
vertex -9.821112632751465 -34.66340255737305 1.7000000476837158
vertex -9.993319511413574 -34.697654724121094 1.7000000476837158
vertex -9.821112632751465 -33.8319091796875 1.7000000476837158
endloop
endfacet
facet normal 0 0 -1
outer loop
vertex -9.993319511413574 -34.697654724121094 1.7000000476837158
vertex -10.16552734375 -34.66340255737305 1.7000000476837158
vertex -9.993319511413574 -33.79765701293945 1.7000000476837158
endloop
endfacet
facet normal 0 0 -1
outer loop
vertex -10.16552734375 -34.66340255737305 1.7000000476837158
vertex -10.16552734375 -33.8319091796875 1.7000000476837158
vertex -9.993319511413574 -33.79765701293945 1.7000000476837158
endloop
endfacet
facet normal 0 0 -1
outer loop
vertex -10.16552734375 -33.8319091796875 1.7000000476837158
vertex -10.311517715454102 -34.565853118896484 1.7000000476837158
vertex -10.311517715454102 -33.92945861816406 1.7000000476837158
endloop
endfacet
facet normal 0 0 -1
outer loop
vertex -10.16552734375 -34.66340255737305 1.7000000476837158
vertex -10.311517715454102 -34.565853118896484 1.7000000476837158
vertex -10.16552734375 -33.8319091796875 1.7000000476837158
endloop
endfacet
facet normal 0 0 -1
outer loop
vertex -10.311517715454102 -33.92945861816406 1.7000000476837158
vertex -10.409065246582031 -34.419864654541016 1.7000000476837158
vertex -10.409065246582031 -34.07544708251953 1.7000000476837158
endloop
endfacet
facet normal 0 0 -1
outer loop
vertex -10.409065246582031 -34.419864654541016 1.7000000476837158
vertex -10.443320274353027 -34.24765396118164 1.7000000476837158
vertex -10.409065246582031 -34.07544708251953 1.7000000476837158
endloop
endfacet
facet normal 0 0 -1
outer loop
vertex -10.311517715454102 -34.565853118896484 1.7000000476837158
vertex -10.409065246582031 -34.419864654541016 1.7000000476837158
vertex -10.311517715454102 -33.92945861816406 1.7000000476837158
endloop
endfacet
facet normal -0.1950798514286955 -0.9807873630744628 0
outer loop
vertex -9.821112632751465 -33.8319091796875 0
vertex -9.821112632751465 -33.8319091796875 1.7000000476837158
vertex -9.993319511413574 -33.79765701293945 0
endloop
endfacet
facet normal 0.1950788122039888 -0.9807875697770038 0
outer loop
vertex -9.993319511413574 -33.79765701293945 0
vertex -9.993319511413574 -33.79765701293945 1.7000000476837158
vertex -10.16552734375 -33.8319091796875 0
endloop
endfacet
facet normal 0.5555772839934787 -0.8314649009491799 0
outer loop
vertex -10.16552734375 -33.8319091796875 0
vertex -10.16552734375 -33.8319091796875 1.7000000476837158
vertex -10.311517715454102 -33.92945861816406 0
endloop
endfacet
facet normal 0.8314665660174577 -0.5555747920803612 0
outer loop
vertex -10.311517715454102 -33.92945861816406 0
vertex -10.311517715454102 -33.92945861816406 1.7000000476837158
vertex -10.409065246582031 -34.07544708251953 0
endloop
endfacet
facet normal -0.8314665660174577 -0.5555747920803612 0
outer loop
vertex -9.577573776245117 -34.07544708251953 0
vertex -9.577573776245117 -34.07544708251953 1.7000000476837158
vertex -9.675121307373047 -33.92945861816406 0
endloop
endfacet
facet normal -0.9807852845629332 -0.19509030110388895 0
outer loop
vertex -9.543319702148438 -34.24765396118164 0
vertex -9.543319702148438 -34.24765396118164 1.7000000476837158
vertex -9.577573776245117 -34.07544708251953 0
endloop
endfacet
facet normal 0.8314665660174577 0.5555747920803612 0
outer loop
vertex -10.311517715454102 -34.565853118896484 1.7000000476837158
vertex -10.311517715454102 -34.565853118896484 0
vertex -10.409065246582031 -34.419864654541016 1.7000000476837158
endloop
endfacet
facet normal 0.5555772839934787 0.8314649009491799 0
outer loop
vertex -10.16552734375 -34.66340255737305 1.7000000476837158
vertex -10.16552734375 -34.66340255737305 0
vertex -10.311517715454102 -34.565853118896484 1.7000000476837158
endloop
endfacet
facet normal 0.9807850721893059 0.19509136877529504 0
outer loop
vertex -10.409065246582031 -34.419864654541016 1.7000000476837158
vertex -10.409065246582031 -34.419864654541016 0
vertex -10.443320274353027 -34.24765396118164 1.7000000476837158
endloop
endfacet
facet normal 0.9807842452687219 -0.1950955259165719 0
outer loop
vertex -10.443320274353027 -34.24765396118164 1.7000000476837158
vertex -10.443320274353027 -34.24765396118164 0
vertex -10.409065246582031 -34.07544708251953 1.7000000476837158
endloop
endfacet
facet normal 0.8314665660174577 -0.5555747920803612 0
outer loop
vertex -10.409065246582031 -34.07544708251953 1.7000000476837158
vertex -10.409065246582031 -34.07544708251953 0
vertex -10.311517715454102 -33.92945861816406 1.7000000476837158
endloop
endfacet
facet normal 0.1950788122039888 0.9807875697770038 0
outer loop
vertex -9.993319511413574 -34.697654724121094 1.7000000476837158
vertex -9.993319511413574 -34.697654724121094 0
vertex -10.16552734375 -34.66340255737305 1.7000000476837158
endloop
endfacet
facet normal -0.1950798514286955 0.9807873630744628 0
outer loop
vertex -9.821112632751465 -34.66340255737305 1.7000000476837158
vertex -9.821112632751465 -34.66340255737305 0
vertex -9.993319511413574 -34.697654724121094 1.7000000476837158
endloop
endfacet
facet normal -0.5555747749587596 0.8314665774578817 0
outer loop
vertex -9.675121307373047 -34.565853118896484 1.7000000476837158
vertex -9.675121307373047 -34.565853118896484 0
vertex -9.821112632751465 -34.66340255737305 1.7000000476837158
endloop
endfacet
facet normal -0.8314665660174577 0.5555747920803612 0
outer loop
vertex -9.577573776245117 -34.419864654541016 1.7000000476837158
vertex -9.577573776245117 -34.419864654541016 0
vertex -9.675121307373047 -34.565853118896484 1.7000000476837158
endloop
endfacet
facet normal -0.9807861114401027 0.19508614406513386 0
outer loop
vertex -9.543319702148438 -34.24765396118164 1.7000000476837158
vertex -9.543319702148438 -34.24765396118164 0
vertex -9.577573776245117 -34.419864654541016 1.7000000476837158
endloop
endfacet
facet normal -0.9807852845629332 -0.19509030110388895 0
outer loop
vertex -9.577573776245117 -34.07544708251953 1.7000000476837158
vertex -9.577573776245117 -34.07544708251953 0
vertex -9.543319702148438 -34.24765396118164 1.7000000476837158
endloop
endfacet
facet normal 0.5555772839934787 -0.8314649009491799 0
outer loop
vertex -10.311517715454102 -33.92945861816406 1.7000000476837158
vertex -10.311517715454102 -33.92945861816406 0
vertex -10.16552734375 -33.8319091796875 1.7000000476837158
endloop
endfacet
facet normal 0.1950788122039888 -0.9807875697770038 0
outer loop
vertex -10.16552734375 -33.8319091796875 1.7000000476837158
vertex -10.16552734375 -33.8319091796875 0
vertex -9.993319511413574 -33.79765701293945 1.7000000476837158
endloop
endfacet
facet normal -0.1950798514286955 -0.9807873630744628 0
outer loop
vertex -9.993319511413574 -33.79765701293945 1.7000000476837158
vertex -9.993319511413574 -33.79765701293945 0
vertex -9.821112632751465 -33.8319091796875 1.7000000476837158
endloop
endfacet
facet normal -0.5555747749587596 -0.8314665774578817 0
outer loop
vertex -9.821112632751465 -33.8319091796875 1.7000000476837158
vertex -9.821112632751465 -33.8319091796875 0
vertex -9.675121307373047 -33.92945861816406 1.7000000476837158
endloop
endfacet
facet normal -0.8314665660174577 -0.5555747920803612 0
outer loop
vertex -9.675121307373047 -33.92945861816406 1.7000000476837158
vertex -9.675121307373047 -33.92945861816406 0
vertex -9.577573776245117 -34.07544708251953 1.7000000476837158
endloop
endfacet
facet normal -0.9807861114401027 0.19508614406513386 0
outer loop
vertex -9.543319702148438 -34.24765396118164 0
vertex -9.577573776245117 -34.419864654541016 0
vertex -9.577573776245117 -34.419864654541016 1.7000000476837158
endloop
endfacet
facet normal -0.8314665660174577 0.5555747920803612 0
outer loop
vertex -9.577573776245117 -34.419864654541016 0
vertex -9.675121307373047 -34.565853118896484 0
vertex -9.675121307373047 -34.565853118896484 1.7000000476837158
endloop
endfacet
facet normal -0.5555747749587596 0.8314665774578817 0
outer loop
vertex -9.675121307373047 -34.565853118896484 0
vertex -9.821112632751465 -34.66340255737305 0
vertex -9.821112632751465 -34.66340255737305 1.7000000476837158
endloop
endfacet
facet normal -0.1950798514286955 0.9807873630744628 0
outer loop
vertex -9.821112632751465 -34.66340255737305 0
vertex -9.993319511413574 -34.697654724121094 0
vertex -9.993319511413574 -34.697654724121094 1.7000000476837158
endloop
endfacet
facet normal 0.9807842452687219 -0.1950955259165719 0
outer loop
vertex -10.409065246582031 -34.07544708251953 0
vertex -10.409065246582031 -34.07544708251953 1.7000000476837158
vertex -10.443320274353027 -34.24765396118164 0
endloop
endfacet
facet normal 0.9807850721893059 0.19509136877529504 0
outer loop
vertex -10.443320274353027 -34.24765396118164 0
vertex -10.443320274353027 -34.24765396118164 1.7000000476837158
vertex -10.409065246582031 -34.419864654541016 0
endloop
endfacet
facet normal 0.5555772839934787 0.8314649009491799 0
outer loop
vertex -10.311517715454102 -34.565853118896484 0
vertex -10.311517715454102 -34.565853118896484 1.7000000476837158
vertex -10.16552734375 -34.66340255737305 0
endloop
endfacet
facet normal 0.1950788122039888 0.9807875697770038 0
outer loop
vertex -9.993319511413574 -34.697654724121094 0
vertex -10.16552734375 -34.66340255737305 0
vertex -10.16552734375 -34.66340255737305 1.7000000476837158
endloop
endfacet
facet normal 0.8314665660174577 0.5555747920803612 0
outer loop
vertex -10.409065246582031 -34.419864654541016 0
vertex -10.409065246582031 -34.419864654541016 1.7000000476837158
vertex -10.311517715454102 -34.565853118896484 0
endloop
endfacet
facet normal 0 0 -1
outer loop
vertex -9.675121307373047 -33.92945861816406 1.7000000476837158
vertex -9.577573776245117 -34.07544708251953 1.7000000476837158
vertex -9.675121307373047 -34.565853118896484 1.7000000476837158
endloop
endfacet
facet normal 0 0 -1
outer loop
vertex -9.821112632751465 -35.93340301513672 1.7000000476837158
vertex -9.993319511413574 -35.967655181884766 1.7000000476837158
vertex -9.821112632751465 -35.10190963745117 1.7000000476837158
endloop
endfacet
facet normal -0.1950798514286955 -0.9807873630744628 0
outer loop
vertex -9.993319511413574 -35.067657470703125 1.7000000476837158
vertex -9.993319511413574 -35.067657470703125 0
vertex -9.821112632751465 -35.10190963745117 1.7000000476837158
endloop
endfacet
facet normal 0 0 -1
outer loop
vertex -9.675121307373047 -35.199459075927734 1.7000000476837158
vertex -9.821112632751465 -35.93340301513672 1.7000000476837158
vertex -9.821112632751465 -35.10190963745117 1.7000000476837158
endloop
endfacet
facet normal 0 0 -1
outer loop
vertex -9.543319702148438 -35.51765441894531 1.7000000476837158
vertex -9.577573776245117 -35.68986511230469 1.7000000476837158
vertex -9.577573776245117 -35.3454475402832 1.7000000476837158
endloop
endfacet
facet normal 0 0 -1
outer loop
vertex -9.577573776245117 -35.68986511230469 1.7000000476837158
vertex -9.675121307373047 -35.835853576660156 1.7000000476837158
vertex -9.577573776245117 -35.3454475402832 1.7000000476837158
endloop
endfacet
facet normal 0 0 -1
outer loop
vertex -9.675121307373047 -35.835853576660156 1.7000000476837158
vertex -9.821112632751465 -35.93340301513672 1.7000000476837158
vertex -9.675121307373047 -35.199459075927734 1.7000000476837158
endloop
endfacet
facet normal 0 0 -1
outer loop
vertex -9.821112632751465 -35.10190963745117 1.7000000476837158
vertex -9.993319511413574 -35.967655181884766 1.7000000476837158
vertex -9.993319511413574 -35.067657470703125 1.7000000476837158
endloop
endfacet
facet normal 0 0 -1
outer loop
vertex -9.675121307373047 -35.199459075927734 1.7000000476837158
vertex -9.577573776245117 -35.3454475402832 1.7000000476837158
vertex -9.675121307373047 -35.835853576660156 1.7000000476837158
endloop
endfacet
facet normal 0 0 -1
outer loop
vertex -9.993319511413574 -35.967655181884766 1.7000000476837158
vertex -10.16552734375 -35.93340301513672 1.7000000476837158
vertex -9.993319511413574 -35.067657470703125 1.7000000476837158
endloop
endfacet
facet normal 0 0 -1
outer loop
vertex -10.16552734375 -35.93340301513672 1.7000000476837158
vertex -10.16552734375 -35.10190963745117 1.7000000476837158
vertex -9.993319511413574 -35.067657470703125 1.7000000476837158
endloop
endfacet
facet normal 0 0 -1
outer loop
vertex -10.16552734375 -35.10190963745117 1.7000000476837158
vertex -10.311517715454102 -35.835853576660156 1.7000000476837158
vertex -10.311517715454102 -35.199459075927734 1.7000000476837158
endloop
endfacet
facet normal 0 0 -1
outer loop
vertex -10.16552734375 -35.93340301513672 1.7000000476837158
vertex -10.311517715454102 -35.835853576660156 1.7000000476837158
vertex -10.16552734375 -35.10190963745117 1.7000000476837158
endloop
endfacet
facet normal 0 0 -1
outer loop
vertex -10.311517715454102 -35.199459075927734 1.7000000476837158
vertex -10.409065246582031 -35.68986511230469 1.7000000476837158
vertex -10.409065246582031 -35.3454475402832 1.7000000476837158
endloop
endfacet
facet normal 0 0 -1
outer loop
vertex -10.409065246582031 -35.68986511230469 1.7000000476837158
vertex -10.443320274353027 -35.51765441894531 1.7000000476837158
vertex -10.409065246582031 -35.3454475402832 1.7000000476837158
endloop
endfacet
facet normal 0 0 -1
outer loop
vertex -10.311517715454102 -35.835853576660156 1.7000000476837158
vertex -10.409065246582031 -35.68986511230469 1.7000000476837158
vertex -10.311517715454102 -35.199459075927734 1.7000000476837158
endloop
endfacet
facet normal -0.9807861114401027 0.19508614406513386 0
outer loop
vertex -9.543319702148438 -35.51765441894531 1.7000000476837158
vertex -9.543319702148438 -35.51765441894531 0
vertex -9.577573776245117 -35.68986511230469 1.7000000476837158
endloop
endfacet
facet normal 0.1950788122039888 -0.9807875697770038 0
outer loop
vertex -10.16552734375 -35.10190963745117 1.7000000476837158
vertex -10.16552734375 -35.10190963745117 0
vertex -9.993319511413574 -35.067657470703125 1.7000000476837158
endloop
endfacet
facet normal 0.5555772839934787 -0.8314649009491799 0
outer loop
vertex -10.311517715454102 -35.199459075927734 1.7000000476837158
vertex -10.311517715454102 -35.199459075927734 0
vertex -10.16552734375 -35.10190963745117 1.7000000476837158
endloop
endfacet
facet normal 0.8314665660174577 -0.5555747920803612 0
outer loop
vertex -10.409065246582031 -35.3454475402832 1.7000000476837158
vertex -10.409065246582031 -35.3454475402832 0
vertex -10.311517715454102 -35.199459075927734 1.7000000476837158
endloop
endfacet
facet normal 0.9807842452687219 -0.1950955259165719 0
outer loop
vertex -10.443320274353027 -35.51765441894531 1.7000000476837158
vertex -10.443320274353027 -35.51765441894531 0
vertex -10.409065246582031 -35.3454475402832 1.7000000476837158
endloop
endfacet
facet normal 0.9807850721893059 0.19509136877529504 0
outer loop
vertex -10.409065246582031 -35.68986511230469 1.7000000476837158
vertex -10.409065246582031 -35.68986511230469 0
vertex -10.443320274353027 -35.51765441894531 1.7000000476837158
endloop
endfacet
facet normal -0.8314665660174577 0.5555747920803612 0
outer loop
vertex -9.577573776245117 -35.68986511230469 1.7000000476837158
vertex -9.577573776245117 -35.68986511230469 0
vertex -9.675121307373047 -35.835853576660156 1.7000000476837158
endloop
endfacet
facet normal -0.5555747749587596 0.8314665774578817 0
outer loop
vertex -9.675121307373047 -35.835853576660156 1.7000000476837158
vertex -9.675121307373047 -35.835853576660156 0
vertex -9.821112632751465 -35.93340301513672 1.7000000476837158
endloop
endfacet
facet normal -0.1950798514286955 0.9807873630744628 0
outer loop
vertex -9.821112632751465 -35.93340301513672 1.7000000476837158
vertex -9.821112632751465 -35.93340301513672 0
vertex -9.993319511413574 -35.967655181884766 1.7000000476837158
endloop
endfacet
facet normal 0.1950788122039888 0.9807875697770038 0
outer loop
vertex -9.993319511413574 -35.967655181884766 1.7000000476837158
vertex -9.993319511413574 -35.967655181884766 0
vertex -10.16552734375 -35.93340301513672 1.7000000476837158
endloop
endfacet
facet normal 0.5555772839934787 0.8314649009491799 0
outer loop
vertex -10.16552734375 -35.93340301513672 1.7000000476837158
vertex -10.16552734375 -35.93340301513672 0
vertex -10.311517715454102 -35.835853576660156 1.7000000476837158
endloop
endfacet
facet normal 0.8314665660174577 0.5555747920803612 0
outer loop
vertex -10.311517715454102 -35.835853576660156 1.7000000476837158
vertex -10.311517715454102 -35.835853576660156 0
vertex -10.409065246582031 -35.68986511230469 1.7000000476837158
endloop
endfacet
facet normal -0.5555747749587596 -0.8314665774578817 0
outer loop
vertex -9.675121307373047 -35.199459075927734 0
vertex -9.675121307373047 -35.199459075927734 1.7000000476837158
vertex -9.821112632751465 -35.10190963745117 0
endloop
endfacet
facet normal -0.1950798514286955 -0.9807873630744628 0
outer loop
vertex -9.821112632751465 -35.10190963745117 0
vertex -9.821112632751465 -35.10190963745117 1.7000000476837158
vertex -9.993319511413574 -35.067657470703125 0
endloop
endfacet
facet normal 0.1950788122039888 -0.9807875697770038 0
outer loop
vertex -9.993319511413574 -35.067657470703125 0
vertex -9.993319511413574 -35.067657470703125 1.7000000476837158
vertex -10.16552734375 -35.10190963745117 0
endloop
endfacet
facet normal -0.8314665660174577 -0.5555747920803612 0
outer loop
vertex -9.675121307373047 -35.199459075927734 0
vertex -9.577573776245117 -35.3454475402832 0
vertex -9.577573776245117 -35.3454475402832 1.7000000476837158
endloop
endfacet
facet normal -0.9807852845629332 -0.19509030110388895 0
outer loop
vertex -9.577573776245117 -35.3454475402832 0
vertex -9.543319702148438 -35.51765441894531 0
vertex -9.543319702148438 -35.51765441894531 1.7000000476837158
endloop
endfacet
facet normal -0.9807861114401027 0.19508614406513386 0
outer loop
vertex -9.543319702148438 -35.51765441894531 0
vertex -9.577573776245117 -35.68986511230469 0
vertex -9.577573776245117 -35.68986511230469 1.7000000476837158
endloop
endfacet
facet normal 0.5555772839934787 -0.8314649009491799 0
outer loop
vertex -10.16552734375 -35.10190963745117 0
vertex -10.16552734375 -35.10190963745117 1.7000000476837158
vertex -10.311517715454102 -35.199459075927734 0
endloop
endfacet
facet normal 0.8314665660174577 -0.5555747920803612 0
outer loop
vertex -10.311517715454102 -35.199459075927734 0
vertex -10.311517715454102 -35.199459075927734 1.7000000476837158
vertex -10.409065246582031 -35.3454475402832 0
endloop
endfacet
facet normal 0.9807842452687219 -0.1950955259165719 0
outer loop
vertex -10.409065246582031 -35.3454475402832 0
vertex -10.409065246582031 -35.3454475402832 1.7000000476837158
vertex -10.443320274353027 -35.51765441894531 0
endloop
endfacet
facet normal 0.9807850721893059 0.19509136877529504 0
outer loop
vertex -10.443320274353027 -35.51765441894531 0
vertex -10.443320274353027 -35.51765441894531 1.7000000476837158
vertex -10.409065246582031 -35.68986511230469 0
endloop
endfacet
facet normal -0.8314665660174577 0.5555747920803612 0
outer loop
vertex -9.577573776245117 -35.68986511230469 0
vertex -9.675121307373047 -35.835853576660156 0
vertex -9.675121307373047 -35.835853576660156 1.7000000476837158
endloop
endfacet
facet normal -0.5555747749587596 0.8314665774578817 0
outer loop
vertex -9.675121307373047 -35.835853576660156 0
vertex -9.821112632751465 -35.93340301513672 0
vertex -9.821112632751465 -35.93340301513672 1.7000000476837158
endloop
endfacet
facet normal -0.1950798514286955 0.9807873630744628 0
outer loop
vertex -9.821112632751465 -35.93340301513672 0
vertex -9.993319511413574 -35.967655181884766 0
vertex -9.993319511413574 -35.967655181884766 1.7000000476837158
endloop
endfacet
facet normal 0.5555772839934787 0.8314649009491799 0
outer loop
vertex -10.311517715454102 -35.835853576660156 0
vertex -10.311517715454102 -35.835853576660156 1.7000000476837158
vertex -10.16552734375 -35.93340301513672 0
endloop
endfacet
facet normal 0.1950788122039888 0.9807875697770038 0
outer loop
vertex -9.993319511413574 -35.967655181884766 0
vertex -10.16552734375 -35.93340301513672 0
vertex -10.16552734375 -35.93340301513672 1.7000000476837158
endloop
endfacet
facet normal 0.8314665660174577 0.5555747920803612 0
outer loop
vertex -10.311517715454102 -35.835853576660156 0
vertex -10.409065246582031 -35.68986511230469 0
vertex -10.409065246582031 -35.68986511230469 1.7000000476837158
endloop
endfacet
facet normal -0.9807852845629332 -0.19509030110388895 0
outer loop
vertex -9.577573776245117 -35.3454475402832 1.7000000476837158
vertex -9.577573776245117 -35.3454475402832 0
vertex -9.543319702148438 -35.51765441894531 1.7000000476837158
endloop
endfacet
facet normal -0.8314665660174577 -0.5555747920803612 0
outer loop
vertex -9.675121307373047 -35.199459075927734 1.7000000476837158
vertex -9.675121307373047 -35.199459075927734 0
vertex -9.577573776245117 -35.3454475402832 1.7000000476837158
endloop
endfacet
facet normal -0.5555747749587596 -0.8314665774578817 0
outer loop
vertex -9.821112632751465 -35.10190963745117 1.7000000476837158
vertex -9.821112632751465 -35.10190963745117 0
vertex -9.675121307373047 -35.199459075927734 1.7000000476837158
endloop
endfacet
facet normal -0.8314665660174577 -0.5555747920803612 0
outer loop
vertex -9.674867630004883 -36.469459533691406 0
vertex -9.577320098876953 -36.615447998046875 0
vertex -9.577320098876953 -36.615447998046875 1.7000000476837158
endloop
endfacet
facet normal -0.9807852845629332 -0.19509030110388895 0
outer loop
vertex -9.577320098876953 -36.615447998046875 0
vertex -9.543066024780273 -36.787654876708984 0
vertex -9.543066024780273 -36.787654876708984 1.7000000476837158
endloop
endfacet
facet normal 0.8314665660174577 -0.5555747920803612 0
outer loop
vertex -10.311264038085938 -36.469459533691406 0
vertex -10.311264038085938 -36.469459533691406 1.7000000476837158
vertex -10.408811569213867 -36.615447998046875 0
endloop
endfacet
facet normal 0 0 -1
outer loop
vertex -9.674867630004883 -36.469459533691406 1.7000000476837158
vertex -9.577320098876953 -36.615447998046875 1.7000000476837158
vertex -9.674867630004883 -37.10585403442383 1.7000000476837158
endloop
endfacet
facet normal 0 0 -1
outer loop
vertex -9.674867630004883 -36.469459533691406 1.7000000476837158
vertex -9.820858001708984 -37.203399658203125 1.7000000476837158
vertex -9.820858001708984 -36.371910095214844 1.7000000476837158
endloop
endfacet
facet normal 0 0 -1
outer loop
vertex -9.543066024780273 -36.787654876708984 1.7000000476837158
vertex -9.577320098876953 -36.959861755371094 1.7000000476837158
vertex -9.577320098876953 -36.615447998046875 1.7000000476837158
endloop
endfacet
facet normal 0 0 -1
outer loop
vertex -9.577320098876953 -36.959861755371094 1.7000000476837158
vertex -9.674867630004883 -37.10585403442383 1.7000000476837158
vertex -9.577320098876953 -36.615447998046875 1.7000000476837158
endloop
endfacet
facet normal 0 0 -1
outer loop
vertex -9.674867630004883 -37.10585403442383 1.7000000476837158
vertex -9.820858001708984 -37.203399658203125 1.7000000476837158
vertex -9.674867630004883 -36.469459533691406 1.7000000476837158
endloop
endfacet
facet normal 0 0 -1
outer loop
vertex -9.820858001708984 -36.371910095214844 1.7000000476837158
vertex -9.99306583404541 -37.23765563964844 1.7000000476837158
vertex -9.99306583404541 -36.33765411376953 1.7000000476837158
endloop
endfacet
facet normal 0 0 -1
outer loop
vertex -9.820858001708984 -37.203399658203125 1.7000000476837158
vertex -9.99306583404541 -37.23765563964844 1.7000000476837158
vertex -9.820858001708984 -36.371910095214844 1.7000000476837158
endloop
endfacet
facet normal 0 0 -1
outer loop
vertex -9.99306583404541 -37.23765563964844 1.7000000476837158
vertex -10.165273666381836 -37.203399658203125 1.7000000476837158
vertex -9.99306583404541 -36.33765411376953 1.7000000476837158
endloop
endfacet
facet normal 0 0 -1
outer loop
vertex -10.165273666381836 -37.203399658203125 1.7000000476837158
vertex -10.165273666381836 -36.371910095214844 1.7000000476837158
vertex -9.99306583404541 -36.33765411376953 1.7000000476837158
endloop
endfacet
facet normal 0 0 -1
outer loop
vertex -10.165273666381836 -36.371910095214844 1.7000000476837158
vertex -10.311264038085938 -37.10585403442383 1.7000000476837158
vertex -10.311264038085938 -36.469459533691406 1.7000000476837158
endloop
endfacet
facet normal 0.8314732719568675 0.5555647559208026 0
outer loop
vertex -10.311264038085938 -37.10585403442383 0
vertex -10.408811569213867 -36.959861755371094 0
vertex -10.408811569213867 -36.959861755371094 1.7000000476837158
endloop
endfacet
facet normal 0.19509971138541468 0.9807834126948354 0
outer loop
vertex -9.99306583404541 -37.23765563964844 0
vertex -10.165273666381836 -37.203399658203125 0
vertex -10.165273666381836 -37.203399658203125 1.7000000476837158
endloop
endfacet
facet normal 0.5555622638012966 0.8314749371087372 0
outer loop
vertex -10.311264038085938 -37.10585403442383 0
vertex -10.311264038085938 -37.10585403442383 1.7000000476837158
vertex -10.165273666381836 -37.203399658203125 0
endloop
endfacet
facet normal 0.9807852845629332 0.19509030110388895 0
outer loop
vertex -10.443065643310547 -36.787654876708984 0
vertex -10.443065643310547 -36.787654876708984 1.7000000476837158
vertex -10.408811569213867 -36.959861755371094 0
endloop
endfacet
facet normal 0.9807852845629332 -0.19509030110388895 0
outer loop
vertex -10.408811569213867 -36.615447998046875 0
vertex -10.408811569213867 -36.615447998046875 1.7000000476837158
vertex -10.443065643310547 -36.787654876708984 0
endloop
endfacet
facet normal -0.19509971138541468 0.9807834126948354 0
outer loop
vertex -9.820858001708984 -37.203399658203125 0
vertex -9.99306583404541 -37.23765563964844 0
vertex -9.99306583404541 -37.23765563964844 1.7000000476837158
endloop
endfacet
facet normal -0.5555622638012966 0.8314749371087372 0
outer loop
vertex -9.674867630004883 -37.10585403442383 0
vertex -9.820858001708984 -37.203399658203125 0
vertex -9.820858001708984 -37.203399658203125 1.7000000476837158
endloop
endfacet
facet normal -0.8314732719568675 0.5555647559208026 0
outer loop
vertex -9.577320098876953 -36.959861755371094 0
vertex -9.674867630004883 -37.10585403442383 0
vertex -9.674867630004883 -37.10585403442383 1.7000000476837158
endloop
endfacet
facet normal -0.9807852845629332 0.19509030110388895 0
outer loop
vertex -9.543066024780273 -36.787654876708984 0
vertex -9.577320098876953 -36.959861755371094 0
vertex -9.577320098876953 -36.959861755371094 1.7000000476837158
endloop
endfacet
facet normal -0.8314665660174577 -0.5555747920803612 0
outer loop
vertex -9.674867630004883 -36.469459533691406 1.7000000476837158
vertex -9.674867630004883 -36.469459533691406 0
vertex -9.577320098876953 -36.615447998046875 1.7000000476837158
endloop
endfacet
facet normal -0.5555772839934787 -0.8314649009491799 0
outer loop
vertex -9.820858001708984 -36.371910095214844 1.7000000476837158
vertex -9.820858001708984 -36.371910095214844 0
vertex -9.674867630004883 -36.469459533691406 1.7000000476837158
endloop
endfacet
facet normal -0.19509971138541468 -0.9807834126948354 0
outer loop
vertex -9.99306583404541 -36.33765411376953 1.7000000476837158
vertex -9.99306583404541 -36.33765411376953 0
vertex -9.820858001708984 -36.371910095214844 1.7000000476837158
endloop
endfacet
facet normal 0.5555772839934787 -0.8314649009491799 0
outer loop
vertex -10.165273666381836 -36.371910095214844 0
vertex -10.165273666381836 -36.371910095214844 1.7000000476837158
vertex -10.311264038085938 -36.469459533691406 0
endloop
endfacet
facet normal 0 0 -1
outer loop
vertex -10.165273666381836 -37.203399658203125 1.7000000476837158
vertex -10.311264038085938 -37.10585403442383 1.7000000476837158
vertex -10.165273666381836 -36.371910095214844 1.7000000476837158
endloop
endfacet
facet normal 0 0 -1
outer loop
vertex -10.311264038085938 -36.469459533691406 1.7000000476837158
vertex -10.408811569213867 -36.959861755371094 1.7000000476837158
vertex -10.408811569213867 -36.615447998046875 1.7000000476837158
endloop
endfacet
facet normal 0.19509971138541468 -0.9807834126948354 0
outer loop
vertex -10.165273666381836 -36.371910095214844 1.7000000476837158
vertex -10.165273666381836 -36.371910095214844 0
vertex -9.99306583404541 -36.33765411376953 1.7000000476837158
endloop
endfacet
facet normal 0.19509971138541468 -0.9807834126948354 0
outer loop
vertex -9.99306583404541 -36.33765411376953 0
vertex -9.99306583404541 -36.33765411376953 1.7000000476837158
vertex -10.165273666381836 -36.371910095214844 0
endloop
endfacet
facet normal -0.19509971138541468 -0.9807834126948354 0
outer loop
vertex -9.820858001708984 -36.371910095214844 0
vertex -9.820858001708984 -36.371910095214844 1.7000000476837158
vertex -9.99306583404541 -36.33765411376953 0
endloop
endfacet
facet normal -0.5555772839934787 -0.8314649009491799 0
outer loop
vertex -9.674867630004883 -36.469459533691406 0
vertex -9.674867630004883 -36.469459533691406 1.7000000476837158
vertex -9.820858001708984 -36.371910095214844 0
endloop
endfacet
facet normal 0.5555772839934787 -0.8314649009491799 0
outer loop
vertex -10.311264038085938 -36.469459533691406 1.7000000476837158
vertex -10.311264038085938 -36.469459533691406 0
vertex -10.165273666381836 -36.371910095214844 1.7000000476837158
endloop
endfacet
facet normal -0.9807852845629332 -0.19509030110388895 0
outer loop
vertex -9.577320098876953 -36.615447998046875 1.7000000476837158
vertex -9.577320098876953 -36.615447998046875 0
vertex -9.543066024780273 -36.787654876708984 1.7000000476837158
endloop
endfacet
facet normal -0.9807852845629332 0.19509030110388895 0
outer loop
vertex -9.543066024780273 -36.787654876708984 1.7000000476837158
vertex -9.543066024780273 -36.787654876708984 0
vertex -9.577320098876953 -36.959861755371094 1.7000000476837158
endloop
endfacet
facet normal -0.8314732719568675 0.5555647559208026 0
outer loop
vertex -9.577320098876953 -36.959861755371094 1.7000000476837158
vertex -9.577320098876953 -36.959861755371094 0
vertex -9.674867630004883 -37.10585403442383 1.7000000476837158
endloop
endfacet
facet normal -0.5555622638012966 0.8314749371087372 0
outer loop
vertex -9.674867630004883 -37.10585403442383 1.7000000476837158
vertex -9.674867630004883 -37.10585403442383 0
vertex -9.820858001708984 -37.203399658203125 1.7000000476837158
endloop
endfacet
facet normal -0.19509971138541468 0.9807834126948354 0
outer loop
vertex -9.820858001708984 -37.203399658203125 1.7000000476837158
vertex -9.820858001708984 -37.203399658203125 0
vertex -9.99306583404541 -37.23765563964844 1.7000000476837158
endloop
endfacet
facet normal 0.19509971138541468 0.9807834126948354 0
outer loop
vertex -9.99306583404541 -37.23765563964844 1.7000000476837158
vertex -9.99306583404541 -37.23765563964844 0
vertex -10.165273666381836 -37.203399658203125 1.7000000476837158
endloop
endfacet
facet normal 0.8314665660174577 -0.5555747920803612 0
outer loop
vertex -10.408811569213867 -36.615447998046875 1.7000000476837158
vertex -10.408811569213867 -36.615447998046875 0
vertex -10.311264038085938 -36.469459533691406 1.7000000476837158
endloop
endfacet
facet normal 0.9807852845629332 -0.19509030110388895 0
outer loop
vertex -10.443065643310547 -36.787654876708984 1.7000000476837158
vertex -10.443065643310547 -36.787654876708984 0
vertex -10.408811569213867 -36.615447998046875 1.7000000476837158
endloop
endfacet
facet normal 0.9807852845629332 0.19509030110388895 0
outer loop
vertex -10.408811569213867 -36.959861755371094 1.7000000476837158
vertex -10.408811569213867 -36.959861755371094 0
vertex -10.443065643310547 -36.787654876708984 1.7000000476837158
endloop
endfacet
facet normal 0.5555622638012966 0.8314749371087372 0
outer loop
vertex -10.165273666381836 -37.203399658203125 1.7000000476837158
vertex -10.165273666381836 -37.203399658203125 0
vertex -10.311264038085938 -37.10585403442383 1.7000000476837158
endloop
endfacet
facet normal 0 0 -1
outer loop
vertex -10.311264038085938 -37.10585403442383 1.7000000476837158
vertex -10.408811569213867 -36.959861755371094 1.7000000476837158
vertex -10.311264038085938 -36.469459533691406 1.7000000476837158
endloop
endfacet
facet normal 0 0 -1
outer loop
vertex -10.408811569213867 -36.959861755371094 1.7000000476837158
vertex -10.443065643310547 -36.787654876708984 1.7000000476837158
vertex -10.408811569213867 -36.615447998046875 1.7000000476837158
endloop
endfacet
facet normal 0.8314732719568675 0.5555647559208026 0
outer loop
vertex -10.311264038085938 -37.10585403442383 1.7000000476837158
vertex -10.311264038085938 -37.10585403442383 0
vertex -10.408811569213867 -36.959861755371094 1.7000000476837158
endloop
endfacet
facet normal 0.5555622638012966 0.8314749371087372 0
outer loop
vertex -10.165273666381836 -38.4734001159668 1.7000000476837158
vertex -10.165273666381836 -38.4734001159668 0
vertex -10.311264038085938 -38.3758544921875 1.7000000476837158
endloop
endfacet
facet normal -0.19509971138541468 0.9807834126948354 0
outer loop
vertex -9.820858001708984 -38.4734001159668 0
vertex -9.99306583404541 -38.50765609741211 0
vertex -9.99306583404541 -38.50765609741211 1.7000000476837158
endloop
endfacet
facet normal -0.19509971138541468 0.9807834126948354 0
outer loop
vertex -9.820858001708984 -38.4734001159668 1.7000000476837158
vertex -9.820858001708984 -38.4734001159668 0
vertex -9.99306583404541 -38.50765609741211 1.7000000476837158
endloop
endfacet
facet normal -0.5555622638012966 0.8314749371087372 0
outer loop
vertex -9.674867630004883 -38.3758544921875 1.7000000476837158
vertex -9.674867630004883 -38.3758544921875 0
vertex -9.820858001708984 -38.4734001159668 1.7000000476837158
endloop
endfacet
facet normal -0.8314732719568675 0.5555647559208026 0
outer loop
vertex -9.577320098876953 -38.229862213134766 1.7000000476837158
vertex -9.577320098876953 -38.229862213134766 0
vertex -9.674867630004883 -38.3758544921875 1.7000000476837158
endloop
endfacet
facet normal 0.9807852845629332 0.19509030110388895 0
outer loop
vertex -10.408811569213867 -38.229862213134766 1.7000000476837158
vertex -10.408811569213867 -38.229862213134766 0
vertex -10.443065643310547 -38.057655334472656 1.7000000476837158
endloop
endfacet
facet normal 0.9807852845629332 -0.19509030110388895 0
outer loop
vertex -10.443065643310547 -38.057655334472656 1.7000000476837158
vertex -10.443065643310547 -38.057655334472656 0
vertex -10.408811569213867 -37.88544845581055 1.7000000476837158
endloop
endfacet
facet normal 0.8314732719568675 -0.5555647559208026 0
outer loop
vertex -10.408811569213867 -37.88544845581055 1.7000000476837158
vertex -10.408811569213867 -37.88544845581055 0
vertex -10.311264038085938 -37.73945617675781 1.7000000476837158
endloop
endfacet
facet normal 0.5555622638012966 -0.8314749371087372 0
outer loop
vertex -10.311264038085938 -37.73945617675781 1.7000000476837158
vertex -10.311264038085938 -37.73945617675781 0
vertex -10.165273666381836 -37.641910552978516 1.7000000476837158
endloop
endfacet
facet normal 0.19509971138541468 -0.9807834126948354 0
outer loop
vertex -10.165273666381836 -37.641910552978516 1.7000000476837158
vertex -10.165273666381836 -37.641910552978516 0
vertex -9.99306583404541 -37.6076545715332 1.7000000476837158
endloop
endfacet
facet normal -0.9807852845629332 0.19509030110388895 0
outer loop
vertex -9.543066024780273 -38.057655334472656 1.7000000476837158
vertex -9.543066024780273 -38.057655334472656 0
vertex -9.577320098876953 -38.229862213134766 1.7000000476837158
endloop
endfacet
facet normal -0.9807852845629332 -0.19509030110388895 0
outer loop
vertex -9.577320098876953 -37.88544845581055 1.7000000476837158
vertex -9.577320098876953 -37.88544845581055 0
vertex -9.543066024780273 -38.057655334472656 1.7000000476837158
endloop
endfacet
facet normal -0.19509971138541468 -0.9807834126948354 0
outer loop
vertex -9.99306583404541 -37.6076545715332 1.7000000476837158
vertex -9.99306583404541 -37.6076545715332 0
vertex -9.820858001708984 -37.641910552978516 1.7000000476837158
endloop
endfacet
facet normal -0.5555622638012966 -0.8314749371087372 0
outer loop
vertex -9.820858001708984 -37.641910552978516 1.7000000476837158
vertex -9.820858001708984 -37.641910552978516 0
vertex -9.674867630004883 -37.73945617675781 1.7000000476837158
endloop
endfacet
facet normal -0.8314732719568675 -0.5555647559208026 0
outer loop
vertex -9.674867630004883 -37.73945617675781 1.7000000476837158
vertex -9.674867630004883 -37.73945617675781 0
vertex -9.577320098876953 -37.88544845581055 1.7000000476837158
endloop
endfacet
facet normal 0.8314732719568675 0.5555647559208026 0
outer loop
vertex -10.311264038085938 -38.3758544921875 1.7000000476837158
vertex -10.311264038085938 -38.3758544921875 0
vertex -10.408811569213867 -38.229862213134766 1.7000000476837158
endloop
endfacet
facet normal 0 0 -1
outer loop
vertex -9.674867630004883 -37.73945617675781 1.7000000476837158
vertex -9.577320098876953 -37.88544845581055 1.7000000476837158
vertex -9.674867630004883 -38.3758544921875 1.7000000476837158
endloop
endfacet
facet normal 0 0 -1
outer loop
vertex -9.674867630004883 -37.73945617675781 1.7000000476837158
vertex -9.820858001708984 -38.4734001159668 1.7000000476837158
vertex -9.820858001708984 -37.641910552978516 1.7000000476837158
endloop
endfacet
facet normal 0 0 -1
outer loop
vertex -9.543066024780273 -38.057655334472656 1.7000000476837158
vertex -9.577320098876953 -38.229862213134766 1.7000000476837158
vertex -9.577320098876953 -37.88544845581055 1.7000000476837158
endloop
endfacet
facet normal 0 0 -1
outer loop
vertex -9.577320098876953 -38.229862213134766 1.7000000476837158
vertex -9.674867630004883 -38.3758544921875 1.7000000476837158
vertex -9.577320098876953 -37.88544845581055 1.7000000476837158
endloop
endfacet
facet normal 0 0 -1
outer loop
vertex -9.674867630004883 -38.3758544921875 1.7000000476837158
vertex -9.820858001708984 -38.4734001159668 1.7000000476837158
vertex -9.674867630004883 -37.73945617675781 1.7000000476837158
endloop
endfacet
facet normal 0 0 -1
outer loop
vertex -9.820858001708984 -37.641910552978516 1.7000000476837158
vertex -9.99306583404541 -38.50765609741211 1.7000000476837158
vertex -9.99306583404541 -37.6076545715332 1.7000000476837158
endloop
endfacet
facet normal 0 0 -1
outer loop
vertex -9.820858001708984 -38.4734001159668 1.7000000476837158
vertex -9.99306583404541 -38.50765609741211 1.7000000476837158
vertex -9.820858001708984 -37.641910552978516 1.7000000476837158
endloop
endfacet
facet normal 0 0 -1
outer loop
vertex -9.99306583404541 -38.50765609741211 1.7000000476837158
vertex -10.165273666381836 -38.4734001159668 1.7000000476837158
vertex -9.99306583404541 -37.6076545715332 1.7000000476837158
endloop
endfacet
facet normal 0 0 -1
outer loop
vertex -10.165273666381836 -38.4734001159668 1.7000000476837158
vertex -10.165273666381836 -37.641910552978516 1.7000000476837158
vertex -9.99306583404541 -37.6076545715332 1.7000000476837158
endloop
endfacet
facet normal 0 0 -1
outer loop
vertex -10.165273666381836 -37.641910552978516 1.7000000476837158
vertex -10.311264038085938 -38.3758544921875 1.7000000476837158
vertex -10.311264038085938 -37.73945617675781 1.7000000476837158
endloop
endfacet
facet normal 0 0 -1
outer loop
vertex -10.165273666381836 -38.4734001159668 1.7000000476837158
vertex -10.311264038085938 -38.3758544921875 1.7000000476837158
vertex -10.165273666381836 -37.641910552978516 1.7000000476837158
endloop
endfacet
facet normal 0 0 -1
outer loop
vertex -10.311264038085938 -37.73945617675781 1.7000000476837158
vertex -10.408811569213867 -38.229862213134766 1.7000000476837158
vertex -10.408811569213867 -37.88544845581055 1.7000000476837158
endloop
endfacet
facet normal 0 0 -1
outer loop
vertex -10.408811569213867 -38.229862213134766 1.7000000476837158
vertex -10.443065643310547 -38.057655334472656 1.7000000476837158
vertex -10.408811569213867 -37.88544845581055 1.7000000476837158
endloop
endfacet
facet normal 0 0 -1
outer loop
vertex -10.311264038085938 -38.3758544921875 1.7000000476837158
vertex -10.408811569213867 -38.229862213134766 1.7000000476837158
vertex -10.311264038085938 -37.73945617675781 1.7000000476837158
endloop
endfacet
facet normal 0.8314732719568675 0.5555647559208026 0
outer loop
vertex -10.311264038085938 -38.3758544921875 0
vertex -10.408811569213867 -38.229862213134766 0
vertex -10.408811569213867 -38.229862213134766 1.7000000476837158
endloop
endfacet
facet normal 0.19509971138541468 0.9807834126948354 0
outer loop
vertex -9.99306583404541 -38.50765609741211 0
vertex -10.165273666381836 -38.4734001159668 0
vertex -10.165273666381836 -38.4734001159668 1.7000000476837158
endloop
endfacet
facet normal 0.5555622638012966 0.8314749371087372 0
outer loop
vertex -10.311264038085938 -38.3758544921875 0
vertex -10.311264038085938 -38.3758544921875 1.7000000476837158
vertex -10.165273666381836 -38.4734001159668 0
endloop
endfacet
facet normal -0.5555622638012966 -0.8314749371087372 0
outer loop
vertex -9.674867630004883 -37.73945617675781 0
vertex -9.674867630004883 -37.73945617675781 1.7000000476837158
vertex -9.820858001708984 -37.641910552978516 0
endloop
endfacet
facet normal -0.19509971138541468 -0.9807834126948354 0
outer loop
vertex -9.820858001708984 -37.641910552978516 0
vertex -9.820858001708984 -37.641910552978516 1.7000000476837158
vertex -9.99306583404541 -37.6076545715332 0
endloop
endfacet
facet normal 0.19509971138541468 -0.9807834126948354 0
outer loop
vertex -9.99306583404541 -37.6076545715332 0
vertex -9.99306583404541 -37.6076545715332 1.7000000476837158
vertex -10.165273666381836 -37.641910552978516 0
endloop
endfacet
facet normal -0.8314732719568675 -0.5555647559208026 0
outer loop
vertex -9.674867630004883 -37.73945617675781 0
vertex -9.577320098876953 -37.88544845581055 0
vertex -9.577320098876953 -37.88544845581055 1.7000000476837158
endloop
endfacet
facet normal -0.9807852845629332 -0.19509030110388895 0
outer loop
vertex -9.577320098876953 -37.88544845581055 0
vertex -9.543066024780273 -38.057655334472656 0
vertex -9.543066024780273 -38.057655334472656 1.7000000476837158
endloop
endfacet
facet normal -0.9807852845629332 0.19509030110388895 0
outer loop
vertex -9.543066024780273 -38.057655334472656 0
vertex -9.577320098876953 -38.229862213134766 0
vertex -9.577320098876953 -38.229862213134766 1.7000000476837158
endloop
endfacet
facet normal 0.5555622638012966 -0.8314749371087372 0
outer loop
vertex -10.165273666381836 -37.641910552978516 0
vertex -10.165273666381836 -37.641910552978516 1.7000000476837158
vertex -10.311264038085938 -37.73945617675781 0
endloop
endfacet
facet normal 0.8314732719568675 -0.5555647559208026 0
outer loop
vertex -10.311264038085938 -37.73945617675781 0
vertex -10.311264038085938 -37.73945617675781 1.7000000476837158
vertex -10.408811569213867 -37.88544845581055 0
endloop
endfacet
facet normal 0.9807852845629332 -0.19509030110388895 0
outer loop
vertex -10.408811569213867 -37.88544845581055 0
vertex -10.408811569213867 -37.88544845581055 1.7000000476837158
vertex -10.443065643310547 -38.057655334472656 0
endloop
endfacet
facet normal 0.9807852845629332 0.19509030110388895 0
outer loop
vertex -10.443065643310547 -38.057655334472656 0
vertex -10.443065643310547 -38.057655334472656 1.7000000476837158
vertex -10.408811569213867 -38.229862213134766 0
endloop
endfacet
facet normal -0.8314732719568675 0.5555647559208026 0
outer loop
vertex -9.577320098876953 -38.229862213134766 0
vertex -9.674867630004883 -38.3758544921875 0
vertex -9.674867630004883 -38.3758544921875 1.7000000476837158
endloop
endfacet
facet normal -0.5555622638012966 0.8314749371087372 0
outer loop
vertex -9.674867630004883 -38.3758544921875 0
vertex -9.820858001708984 -38.4734001159668 0
vertex -9.820858001708984 -38.4734001159668 1.7000000476837158
endloop
endfacet
facet normal 0.19509971138541468 0.9807834126948354 0
outer loop
vertex -9.99306583404541 -38.50765609741211 1.7000000476837158
vertex -9.99306583404541 -38.50765609741211 0
vertex -10.165273666381836 -38.4734001159668 1.7000000476837158
endloop
endfacet
facet normal 0.5555622638012966 -0.8314749371087372 0
outer loop
vertex -10.165273666381836 -38.91191101074219 0
vertex -10.165273666381836 -38.91191101074219 1.7000000476837158
vertex -10.311264038085938 -39.009456634521484 0
endloop
endfacet
facet normal 0.8314732719568675 -0.5555647559208026 0
outer loop
vertex -10.311264038085938 -39.009456634521484 0
vertex -10.311264038085938 -39.009456634521484 1.7000000476837158
vertex -10.408811569213867 -39.15544891357422 0
endloop
endfacet
facet normal 0 0 -1
outer loop
vertex -9.674867630004883 -39.009456634521484 1.7000000476837158
vertex -9.820858001708984 -39.74340057373047 1.7000000476837158
vertex -9.820858001708984 -38.91191101074219 1.7000000476837158
endloop
endfacet
facet normal 0 0 -1
outer loop
vertex -9.543066024780273 -39.32765579223633 1.7000000476837158
vertex -9.577320098876953 -39.49986267089844 1.7000000476837158
vertex -9.577320098876953 -39.15544891357422 1.7000000476837158
endloop
endfacet
facet normal 0.19509971138541468 -0.9807834126948354 0
outer loop
vertex -9.99306583404541 -38.877655029296875 0
vertex -9.99306583404541 -38.877655029296875 1.7000000476837158
vertex -10.165273666381836 -38.91191101074219 0
endloop
endfacet
facet normal -0.19509971138541468 -0.9807834126948354 0
outer loop
vertex -9.820858001708984 -38.91191101074219 0
vertex -9.820858001708984 -38.91191101074219 1.7000000476837158
vertex -9.99306583404541 -38.877655029296875 0
endloop
endfacet
facet normal -0.5555622638012966 -0.8314749371087372 0
outer loop
vertex -9.674867630004883 -39.009456634521484 0
vertex -9.674867630004883 -39.009456634521484 1.7000000476837158
vertex -9.820858001708984 -38.91191101074219 0
endloop
endfacet
facet normal 0 0 -1
outer loop
vertex -9.577320098876953 -39.49986267089844 1.7000000476837158
vertex -9.674867630004883 -39.64585494995117 1.7000000476837158
vertex -9.577320098876953 -39.15544891357422 1.7000000476837158
endloop
endfacet
facet normal 0 0 -1
outer loop
vertex -9.674867630004883 -39.64585494995117 1.7000000476837158
vertex -9.820858001708984 -39.74340057373047 1.7000000476837158
vertex -9.674867630004883 -39.009456634521484 1.7000000476837158
endloop
endfacet
facet normal 0 0 -1
outer loop
vertex -9.820858001708984 -38.91191101074219 1.7000000476837158
vertex -9.99306583404541 -39.77765655517578 1.7000000476837158
vertex -9.99306583404541 -38.877655029296875 1.7000000476837158
endloop
endfacet
facet normal 0 0 -1
outer loop
vertex -9.820858001708984 -39.74340057373047 1.7000000476837158
vertex -9.99306583404541 -39.77765655517578 1.7000000476837158
vertex -9.820858001708984 -38.91191101074219 1.7000000476837158
endloop
endfacet
facet normal 0 0 -1
outer loop
vertex -9.99306583404541 -39.77765655517578 1.7000000476837158
vertex -10.165273666381836 -39.74340057373047 1.7000000476837158
vertex -9.99306583404541 -38.877655029296875 1.7000000476837158
endloop
endfacet
facet normal 0 0 -1
outer loop
vertex -10.165273666381836 -39.74340057373047 1.7000000476837158
vertex -10.165273666381836 -38.91191101074219 1.7000000476837158
vertex -9.99306583404541 -38.877655029296875 1.7000000476837158
endloop
endfacet
facet normal -0.8314732719568675 -0.5555647559208026 0
outer loop
vertex -9.674867630004883 -39.009456634521484 0
vertex -9.577320098876953 -39.15544891357422 0
vertex -9.577320098876953 -39.15544891357422 1.7000000476837158
endloop
endfacet
facet normal 0 0 -1
outer loop
vertex -10.165273666381836 -38.91191101074219 1.7000000476837158
vertex -10.311264038085938 -39.64585494995117 1.7000000476837158
vertex -10.311264038085938 -39.009456634521484 1.7000000476837158
endloop
endfacet
facet normal -0.9807852845629332 -0.19509030110388895 0
outer loop
vertex -9.577320098876953 -39.15544891357422 0
vertex -9.543066024780273 -39.32765579223633 0
vertex -9.543066024780273 -39.32765579223633 1.7000000476837158
endloop
endfacet
facet normal -0.9807852845629332 0.19509030110388895 0
outer loop
vertex -9.543066024780273 -39.32765579223633 0
vertex -9.577320098876953 -39.49986267089844 0
vertex -9.577320098876953 -39.49986267089844 1.7000000476837158
endloop
endfacet
facet normal -0.8314732719568675 0.5555647559208026 0
outer loop
vertex -9.577320098876953 -39.49986267089844 0
vertex -9.674867630004883 -39.64585494995117 0
vertex -9.674867630004883 -39.64585494995117 1.7000000476837158
endloop
endfacet
facet normal 0 0 -1
outer loop
vertex -10.165273666381836 -39.74340057373047 1.7000000476837158
vertex -10.311264038085938 -39.64585494995117 1.7000000476837158
vertex -10.165273666381836 -38.91191101074219 1.7000000476837158
endloop
endfacet
facet normal -0.5555622638012966 0.8314749371087372 0
outer loop
vertex -9.674867630004883 -39.64585494995117 0
vertex -9.820858001708984 -39.74340057373047 0
vertex -9.820858001708984 -39.74340057373047 1.7000000476837158
endloop
endfacet
facet normal -0.19509971138541468 0.9807834126948354 0
outer loop
vertex -9.820858001708984 -39.74340057373047 0
vertex -9.99306583404541 -39.77765655517578 0
vertex -9.99306583404541 -39.77765655517578 1.7000000476837158
endloop
endfacet
facet normal 0.9807852845629332 -0.19509030110388895 0
outer loop
vertex -10.408811569213867 -39.15544891357422 0
vertex -10.408811569213867 -39.15544891357422 1.7000000476837158
vertex -10.443065643310547 -39.32765579223633 0
endloop
endfacet
facet normal 0 0 -1
outer loop
vertex -10.311264038085938 -39.009456634521484 1.7000000476837158
vertex -10.408811569213867 -39.49986267089844 1.7000000476837158
vertex -10.408811569213867 -39.15544891357422 1.7000000476837158
endloop
endfacet
facet normal 0.9807852845629332 0.19509030110388895 0
outer loop
vertex -10.443065643310547 -39.32765579223633 0
vertex -10.443065643310547 -39.32765579223633 1.7000000476837158
vertex -10.408811569213867 -39.49986267089844 0
endloop
endfacet
facet normal 0.5555622638012966 0.8314749371087372 0
outer loop
vertex -10.311264038085938 -39.64585494995117 0
vertex -10.311264038085938 -39.64585494995117 1.7000000476837158
vertex -10.165273666381836 -39.74340057373047 0
endloop
endfacet
facet normal 0.19509971138541468 0.9807834126948354 0
outer loop
vertex -9.99306583404541 -39.77765655517578 0
vertex -10.165273666381836 -39.74340057373047 0
vertex -10.165273666381836 -39.74340057373047 1.7000000476837158
endloop
endfacet
facet normal 0.8314732719568675 0.5555647559208026 0
outer loop
vertex -10.311264038085938 -39.64585494995117 0
vertex -10.408811569213867 -39.49986267089844 0
vertex -10.408811569213867 -39.49986267089844 1.7000000476837158
endloop
endfacet
facet normal 0 0 -1
outer loop
vertex -10.408811569213867 -39.49986267089844 1.7000000476837158
vertex -10.443065643310547 -39.32765579223633 1.7000000476837158
vertex -10.408811569213867 -39.15544891357422 1.7000000476837158
endloop
endfacet
facet normal 0 0 -1
outer loop
vertex -10.311264038085938 -39.64585494995117 1.7000000476837158
vertex -10.408811569213867 -39.49986267089844 1.7000000476837158
vertex -10.311264038085938 -39.009456634521484 1.7000000476837158
endloop
endfacet
facet normal 0.8314732719568675 0.5555647559208026 0
outer loop
vertex -10.311264038085938 -39.64585494995117 1.7000000476837158
vertex -10.311264038085938 -39.64585494995117 0
vertex -10.408811569213867 -39.49986267089844 1.7000000476837158
endloop
endfacet
facet normal 0.5555622638012966 0.8314749371087372 0
outer loop
vertex -10.165273666381836 -39.74340057373047 1.7000000476837158
vertex -10.165273666381836 -39.74340057373047 0
vertex -10.311264038085938 -39.64585494995117 1.7000000476837158
endloop
endfacet
facet normal 0.9807852845629332 0.19509030110388895 0
outer loop
vertex -10.408811569213867 -39.49986267089844 1.7000000476837158
vertex -10.408811569213867 -39.49986267089844 0
vertex -10.443065643310547 -39.32765579223633 1.7000000476837158
endloop
endfacet
facet normal 0.9807852845629332 -0.19509030110388895 0
outer loop
vertex -10.443065643310547 -39.32765579223633 1.7000000476837158
vertex -10.443065643310547 -39.32765579223633 0
vertex -10.408811569213867 -39.15544891357422 1.7000000476837158
endloop
endfacet
facet normal 0.8314732719568675 -0.5555647559208026 0
outer loop
vertex -10.408811569213867 -39.15544891357422 1.7000000476837158
vertex -10.408811569213867 -39.15544891357422 0
vertex -10.311264038085938 -39.009456634521484 1.7000000476837158
endloop
endfacet
facet normal 0.19509971138541468 0.9807834126948354 0
outer loop
vertex -9.99306583404541 -39.77765655517578 1.7000000476837158
vertex -9.99306583404541 -39.77765655517578 0
vertex -10.165273666381836 -39.74340057373047 1.7000000476837158
endloop
endfacet
facet normal -0.19509971138541468 0.9807834126948354 0
outer loop
vertex -9.820858001708984 -39.74340057373047 1.7000000476837158
vertex -9.820858001708984 -39.74340057373047 0
vertex -9.99306583404541 -39.77765655517578 1.7000000476837158
endloop
endfacet
facet normal -0.5555622638012966 0.8314749371087372 0
outer loop
vertex -9.674867630004883 -39.64585494995117 1.7000000476837158
vertex -9.674867630004883 -39.64585494995117 0
vertex -9.820858001708984 -39.74340057373047 1.7000000476837158
endloop
endfacet
facet normal -0.8314732719568675 0.5555647559208026 0
outer loop
vertex -9.577320098876953 -39.49986267089844 1.7000000476837158
vertex -9.577320098876953 -39.49986267089844 0
vertex -9.674867630004883 -39.64585494995117 1.7000000476837158
endloop
endfacet
facet normal -0.9807852845629332 0.19509030110388895 0
outer loop
vertex -9.543066024780273 -39.32765579223633 1.7000000476837158
vertex -9.543066024780273 -39.32765579223633 0
vertex -9.577320098876953 -39.49986267089844 1.7000000476837158
endloop
endfacet
facet normal -0.9807852845629332 -0.19509030110388895 0
outer loop
vertex -9.577320098876953 -39.15544891357422 1.7000000476837158
vertex -9.577320098876953 -39.15544891357422 0
vertex -9.543066024780273 -39.32765579223633 1.7000000476837158
endloop
endfacet
facet normal 0.5555622638012966 -0.8314749371087372 0
outer loop
vertex -10.311264038085938 -39.009456634521484 1.7000000476837158
vertex -10.311264038085938 -39.009456634521484 0
vertex -10.165273666381836 -38.91191101074219 1.7000000476837158
endloop
endfacet
facet normal 0.19509971138541468 -0.9807834126948354 0
outer loop
vertex -10.165273666381836 -38.91191101074219 1.7000000476837158
vertex -10.165273666381836 -38.91191101074219 0
vertex -9.99306583404541 -38.877655029296875 1.7000000476837158
endloop
endfacet
facet normal -0.19509971138541468 -0.9807834126948354 0
outer loop
vertex -9.99306583404541 -38.877655029296875 1.7000000476837158
vertex -9.99306583404541 -38.877655029296875 0
vertex -9.820858001708984 -38.91191101074219 1.7000000476837158
endloop
endfacet
facet normal -0.5555622638012966 -0.8314749371087372 0
outer loop
vertex -9.820858001708984 -38.91191101074219 1.7000000476837158
vertex -9.820858001708984 -38.91191101074219 0
vertex -9.674867630004883 -39.009456634521484 1.7000000476837158
endloop
endfacet
facet normal -0.8314732719568675 -0.5555647559208026 0
outer loop
vertex -9.674867630004883 -39.009456634521484 1.7000000476837158
vertex -9.674867630004883 -39.009456634521484 0
vertex -9.577320098876953 -39.15544891357422 1.7000000476837158
endloop
endfacet
facet normal 0 0 -1
outer loop
vertex -9.674867630004883 -39.009456634521484 1.7000000476837158
vertex -9.577320098876953 -39.15544891357422 1.7000000476837158
vertex -9.674867630004883 -39.64585494995117 1.7000000476837158
endloop
endfacet
facet normal 0 0 -1
outer loop
vertex -10.311264038085938 -40.915855407714844 1.7000000476837158
vertex -10.408811569213867 -40.76986312866211 1.7000000476837158
vertex -10.311264038085938 -40.279457092285156 1.7000000476837158
endloop
endfacet
facet normal 0.8314732719568675 0.5555647559208026 0
outer loop
vertex -10.311264038085938 -40.915855407714844 0
vertex -10.408811569213867 -40.76986312866211 0
vertex -10.408811569213867 -40.76986312866211 1.7000000476837158
endloop
endfacet
facet normal 0.5555622638012966 0.8314749371087372 0
outer loop
vertex -10.311264038085938 -40.915855407714844 0
vertex -10.311264038085938 -40.915855407714844 1.7000000476837158
vertex -10.165273666381836 -41.01340103149414 0
endloop
endfacet
facet normal -0.5555622638012966 -0.8314749371087372 0
outer loop
vertex -9.674867630004883 -40.279457092285156 0
vertex -9.674867630004883 -40.279457092285156 1.7000000476837158
vertex -9.820858001708984 -40.18191146850586 0
endloop
endfacet
facet normal -0.19509971138541468 -0.9807834126948354 0
outer loop
vertex -9.820858001708984 -40.18191146850586 0
vertex -9.820858001708984 -40.18191146850586 1.7000000476837158
vertex -9.99306583404541 -40.14765548706055 0
endloop
endfacet
facet normal 0.19509971138541468 -0.9807834126948354 0
outer loop
vertex -9.99306583404541 -40.14765548706055 0
vertex -9.99306583404541 -40.14765548706055 1.7000000476837158
vertex -10.165273666381836 -40.18191146850586 0
endloop
endfacet
facet normal -0.19509971138541468 0.9807834126948354 0
outer loop
vertex -9.820858001708984 -41.01340103149414 0
vertex -9.99306583404541 -41.04765701293945 0
vertex -9.99306583404541 -41.04765701293945 1.7000000476837158
endloop
endfacet
facet normal -0.5555622638012966 0.8314749371087372 0
outer loop
vertex -9.674867630004883 -40.915855407714844 0
vertex -9.820858001708984 -41.01340103149414 0
vertex -9.820858001708984 -41.01340103149414 1.7000000476837158
endloop
endfacet
facet normal -0.8314732719568675 0.5555647559208026 0
outer loop
vertex -9.577320098876953 -40.76986312866211 0
vertex -9.674867630004883 -40.915855407714844 0
vertex -9.674867630004883 -40.915855407714844 1.7000000476837158
endloop
endfacet
facet normal -0.8314732719568675 -0.5555647559208026 0
outer loop
vertex -9.674867630004883 -40.279457092285156 0
vertex -9.577320098876953 -40.42544937133789 0
vertex -9.577320098876953 -40.42544937133789 1.7000000476837158
endloop
endfacet
facet normal -0.9807852845629332 -0.19509030110388895 0
outer loop
vertex -9.577320098876953 -40.42544937133789 0
vertex -9.543066024780273 -40.59765625 0
vertex -9.543066024780273 -40.59765625 1.7000000476837158
endloop
endfacet
facet normal 0 0 -1
outer loop
vertex -9.674867630004883 -40.279457092285156 1.7000000476837158
vertex -9.577320098876953 -40.42544937133789 1.7000000476837158
vertex -9.674867630004883 -40.915855407714844 1.7000000476837158
endloop
endfacet
facet normal 0 0 -1
outer loop
vertex -9.674867630004883 -40.279457092285156 1.7000000476837158
vertex -9.820858001708984 -41.01340103149414 1.7000000476837158
vertex -9.820858001708984 -40.18191146850586 1.7000000476837158
endloop
endfacet
facet normal 0 0 -1
outer loop
vertex -9.543066024780273 -40.59765625 1.7000000476837158
vertex -9.577320098876953 -40.76986312866211 1.7000000476837158
vertex -9.577320098876953 -40.42544937133789 1.7000000476837158
endloop
endfacet
facet normal 0 0 -1
outer loop
vertex -9.577320098876953 -40.76986312866211 1.7000000476837158
vertex -9.674867630004883 -40.915855407714844 1.7000000476837158
vertex -9.577320098876953 -40.42544937133789 1.7000000476837158
endloop
endfacet
facet normal 0 0 -1
outer loop
vertex -9.674867630004883 -40.915855407714844 1.7000000476837158
vertex -9.820858001708984 -41.01340103149414 1.7000000476837158
vertex -9.674867630004883 -40.279457092285156 1.7000000476837158
endloop
endfacet
facet normal 0 0 -1
outer loop
vertex -9.820858001708984 -40.18191146850586 1.7000000476837158
vertex -9.99306583404541 -41.04765701293945 1.7000000476837158
vertex -9.99306583404541 -40.14765548706055 1.7000000476837158
endloop
endfacet
facet normal 0 0 -1
outer loop
vertex -9.820858001708984 -41.01340103149414 1.7000000476837158
vertex -9.99306583404541 -41.04765701293945 1.7000000476837158
vertex -9.820858001708984 -40.18191146850586 1.7000000476837158
endloop
endfacet
facet normal 0 0 -1
outer loop
vertex -9.99306583404541 -41.04765701293945 1.7000000476837158
vertex -10.165273666381836 -41.01340103149414 1.7000000476837158
vertex -9.99306583404541 -40.14765548706055 1.7000000476837158
endloop
endfacet
facet normal -0.9807852845629332 0.19509030110388895 0
outer loop
vertex -9.543066024780273 -40.59765625 0
vertex -9.577320098876953 -40.76986312866211 0
vertex -9.577320098876953 -40.76986312866211 1.7000000476837158
endloop
endfacet
facet normal 0.5555622638012966 -0.8314749371087372 0
outer loop
vertex -10.165273666381836 -40.18191146850586 0
vertex -10.165273666381836 -40.18191146850586 1.7000000476837158
vertex -10.311264038085938 -40.279457092285156 0
endloop
endfacet
facet normal 0.8314732719568675 -0.5555647559208026 0
outer loop
vertex -10.311264038085938 -40.279457092285156 0
vertex -10.311264038085938 -40.279457092285156 1.7000000476837158
vertex -10.408811569213867 -40.42544937133789 0
endloop
endfacet
facet normal 0.9807852845629332 -0.19509030110388895 0
outer loop
vertex -10.408811569213867 -40.42544937133789 0
vertex -10.408811569213867 -40.42544937133789 1.7000000476837158
vertex -10.443065643310547 -40.59765625 0
endloop
endfacet
facet normal 0.9807852845629332 0.19509030110388895 0
outer loop
vertex -10.443065643310547 -40.59765625 0
vertex -10.443065643310547 -40.59765625 1.7000000476837158
vertex -10.408811569213867 -40.76986312866211 0
endloop
endfacet
facet normal 0 0 -1
outer loop
vertex -10.165273666381836 -41.01340103149414 1.7000000476837158
vertex -10.165273666381836 -40.18191146850586 1.7000000476837158
vertex -9.99306583404541 -40.14765548706055 1.7000000476837158
endloop
endfacet
facet normal 0 0 -1
outer loop
vertex -10.165273666381836 -40.18191146850586 1.7000000476837158
vertex -10.311264038085938 -40.915855407714844 1.7000000476837158
vertex -10.311264038085938 -40.279457092285156 1.7000000476837158
endloop
endfacet
facet normal 0 0 -1
outer loop
vertex -10.165273666381836 -41.01340103149414 1.7000000476837158
vertex -10.311264038085938 -40.915855407714844 1.7000000476837158
vertex -10.165273666381836 -40.18191146850586 1.7000000476837158
endloop
endfacet
facet normal 0 0 -1
outer loop
vertex -10.311264038085938 -40.279457092285156 1.7000000476837158
vertex -10.408811569213867 -40.76986312866211 1.7000000476837158
vertex -10.408811569213867 -40.42544937133789 1.7000000476837158
endloop
endfacet
facet normal -0.8314732719568675 0.5555647559208026 0
outer loop
vertex -9.577320098876953 -40.76986312866211 0
vertex -9.674867630004883 -40.915855407714844 1.7000000476837158
vertex -9.577320098876953 -40.76986312866211 1.7000000476837158
endloop
endfacet
facet normal 0.9807852845629332 0.19509030110388895 0
outer loop
vertex -10.408811569213867 -40.76986312866211 1.7000000476837158
vertex -10.408811569213867 -40.76986312866211 0
vertex -10.443065643310547 -40.59765625 1.7000000476837158
endloop
endfacet
facet normal 0.9807852845629332 -0.19509030110388895 0
outer loop
vertex -10.443065643310547 -40.59765625 1.7000000476837158
vertex -10.443065643310547 -40.59765625 0
vertex -10.408811569213867 -40.42544937133789 1.7000000476837158
endloop
endfacet
facet normal 0.8314732719568675 -0.5555647559208026 0
outer loop
vertex -10.408811569213867 -40.42544937133789 1.7000000476837158
vertex -10.408811569213867 -40.42544937133789 0
vertex -10.311264038085938 -40.279457092285156 1.7000000476837158
endloop
endfacet
facet normal 0.5555622638012966 -0.8314749371087372 0
outer loop
vertex -10.311264038085938 -40.279457092285156 1.7000000476837158
vertex -10.311264038085938 -40.279457092285156 0
vertex -10.165273666381836 -40.18191146850586 1.7000000476837158
endloop
endfacet
facet normal 0.19509971138541468 -0.9807834126948354 0
outer loop
vertex -10.165273666381836 -40.18191146850586 1.7000000476837158
vertex -10.165273666381836 -40.18191146850586 0
vertex -9.99306583404541 -40.14765548706055 1.7000000476837158
endloop
endfacet
facet normal -0.9807852845629332 0.19509030110388895 0
outer loop
vertex -9.543066024780273 -40.59765625 1.7000000476837158
vertex -9.543066024780273 -40.59765625 0
vertex -9.577320098876953 -40.76986312866211 1.7000000476837158
endloop
endfacet
facet normal -0.9807852845629332 -0.19509030110388895 0
outer loop
vertex -9.577320098876953 -40.42544937133789 1.7000000476837158
vertex -9.577320098876953 -40.42544937133789 0
vertex -9.543066024780273 -40.59765625 1.7000000476837158
endloop
endfacet
facet normal -0.19509971138541468 -0.9807834126948354 0
outer loop
vertex -9.99306583404541 -40.14765548706055 1.7000000476837158
vertex -9.99306583404541 -40.14765548706055 0
vertex -9.820858001708984 -40.18191146850586 1.7000000476837158
endloop
endfacet
facet normal -0.5555622638012966 -0.8314749371087372 0
outer loop
vertex -9.820858001708984 -40.18191146850586 1.7000000476837158
vertex -9.820858001708984 -40.18191146850586 0
vertex -9.674867630004883 -40.279457092285156 1.7000000476837158
endloop
endfacet
facet normal -0.8314732719568675 -0.5555647559208026 0
outer loop
vertex -9.674867630004883 -40.279457092285156 1.7000000476837158
vertex -9.674867630004883 -40.279457092285156 0
vertex -9.577320098876953 -40.42544937133789 1.7000000476837158
endloop
endfacet
facet normal 0.19509971138541468 0.9807834126948354 0
outer loop
vertex -9.99306583404541 -41.04765701293945 0
vertex -10.165273666381836 -41.01340103149414 0
vertex -10.165273666381836 -41.01340103149414 1.7000000476837158
endloop
endfacet
facet normal -0.5555622638012966 0.8314749371087372 0
outer loop
vertex -9.674867630004883 -40.915855407714844 1.7000000476837158
vertex -9.674867630004883 -40.915855407714844 0
vertex -9.820858001708984 -41.01340103149414 1.7000000476837158
endloop
endfacet
facet normal -0.19509971138541468 0.9807834126948354 0
outer loop
vertex -9.820858001708984 -41.01340103149414 1.7000000476837158
vertex -9.820858001708984 -41.01340103149414 0
vertex -9.99306583404541 -41.04765701293945 1.7000000476837158
endloop
endfacet
facet normal 0.19509971138541468 0.9807834126948354 0
outer loop
vertex -9.99306583404541 -41.04765701293945 1.7000000476837158
vertex -9.99306583404541 -41.04765701293945 0
vertex -10.165273666381836 -41.01340103149414 1.7000000476837158
endloop
endfacet
facet normal 0.5555622638012966 0.8314749371087372 0
outer loop
vertex -10.165273666381836 -41.01340103149414 1.7000000476837158
vertex -10.165273666381836 -41.01340103149414 0
vertex -10.311264038085938 -40.915855407714844 1.7000000476837158
endloop
endfacet
facet normal 0.8314732719568675 0.5555647559208026 0
outer loop
vertex -10.311264038085938 -40.915855407714844 1.7000000476837158
vertex -10.311264038085938 -40.915855407714844 0
vertex -10.408811569213867 -40.76986312866211 1.7000000476837158
endloop
endfacet
facet normal 0 0 -1
outer loop
vertex -10.408811569213867 -40.76986312866211 1.7000000476837158
vertex -10.443065643310547 -40.59765625 1.7000000476837158
vertex -10.408811569213867 -40.42544937133789 1.7000000476837158
endloop
endfacet
facet normal 0.9807852845629332 0.19509030110388895 0
outer loop
vertex -10.443065643310547 -41.86765670776367 0
vertex -10.443065643310547 -41.86765670776367 1.7000000476837158
vertex -10.408811569213867 -42.03986358642578 0
endloop
endfacet
facet normal 0 0 -1
outer loop
vertex -9.99306583404541 -42.317657470703125 1.7000000476837158
vertex -10.165273666381836 -42.28340148925781 1.7000000476837158
vertex -9.99306583404541 -41.41765594482422 1.7000000476837158
endloop
endfacet
facet normal 0.5555772839934787 -0.8314649009491799 0
outer loop
vertex -10.165273666381836 -41.451908111572266 0
vertex -10.165273666381836 -41.451908111572266 1.7000000476837158
vertex -10.311264038085938 -41.54945755004883 0
endloop
endfacet
facet normal -0.9807852845629332 0.19509030110388895 0
outer loop
vertex -9.543066024780273 -41.86765670776367 1.7000000476837158
vertex -9.543066024780273 -41.86765670776367 0
vertex -9.577320098876953 -42.03986358642578 1.7000000476837158
endloop
endfacet
facet normal -0.9807852845629332 -0.19509030110388895 0
outer loop
vertex -9.577320098876953 -41.69544982910156 1.7000000476837158
vertex -9.577320098876953 -41.69544982910156 0
vertex -9.543066024780273 -41.86765670776367 1.7000000476837158
endloop
endfacet
facet normal 0.5555772839934787 -0.8314649009491799 0
outer loop
vertex -10.311264038085938 -41.54945755004883 1.7000000476837158
vertex -10.311264038085938 -41.54945755004883 0
vertex -10.165273666381836 -41.451908111572266 1.7000000476837158
endloop
endfacet
facet normal 0.1950788122039888 -0.9807875697770038 0
outer loop
vertex -10.165273666381836 -41.451908111572266 1.7000000476837158
vertex -10.165273666381836 -41.451908111572266 0
vertex -9.99306583404541 -41.41765594482422 1.7000000476837158
endloop
endfacet
facet normal 0 0 -1
outer loop
vertex -9.543066024780273 -41.86765670776367 1.7000000476837158
vertex -9.577320098876953 -42.03986358642578 1.7000000476837158
vertex -9.577320098876953 -41.69544982910156 1.7000000476837158
endloop
endfacet
facet normal 0 0 -1
outer loop
vertex -9.577320098876953 -42.03986358642578 1.7000000476837158
vertex -9.674867630004883 -42.18585205078125 1.7000000476837158
vertex -9.577320098876953 -41.69544982910156 1.7000000476837158
endloop
endfacet
facet normal -0.1950788122039888 -0.9807875697770038 0
outer loop
vertex -9.99306583404541 -41.41765594482422 1.7000000476837158
vertex -9.99306583404541 -41.41765594482422 0
vertex -9.820858001708984 -41.451908111572266 1.7000000476837158
endloop
endfacet
facet normal -0.5555772839934787 -0.8314649009491799 0
outer loop
vertex -9.820858001708984 -41.451908111572266 1.7000000476837158
vertex -9.820858001708984 -41.451908111572266 0
vertex -9.674867630004883 -41.54945755004883 1.7000000476837158
endloop
endfacet
facet normal -0.8314732719568675 -0.5555647559208026 0
outer loop
vertex -9.674867630004883 -41.54945755004883 1.7000000476837158
vertex -9.674867630004883 -41.54945755004883 0
vertex -9.577320098876953 -41.69544982910156 1.7000000476837158
endloop
endfacet
facet normal 0 0 -1
outer loop
vertex -9.674867630004883 -42.18585205078125 1.7000000476837158
vertex -9.820858001708984 -42.28340148925781 1.7000000476837158
vertex -9.674867630004883 -41.54945755004883 1.7000000476837158
endloop
endfacet
facet normal 0.8314732719568675 -0.5555647559208026 0
outer loop
vertex -10.311264038085938 -41.54945755004883 0
vertex -10.311264038085938 -41.54945755004883 1.7000000476837158
vertex -10.408811569213867 -41.69544982910156 0
endloop
endfacet
facet normal -0.8314732719568675 -0.5555647559208026 0
outer loop
vertex -9.674867630004883 -41.54945755004883 0
vertex -9.577320098876953 -41.69544982910156 0
vertex -9.577320098876953 -41.69544982910156 1.7000000476837158
endloop
endfacet
facet normal -0.9807852845629332 -0.19509030110388895 0
outer loop
vertex -9.577320098876953 -41.69544982910156 0
vertex -9.543066024780273 -41.86765670776367 0
vertex -9.543066024780273 -41.86765670776367 1.7000000476837158
endloop
endfacet
facet normal 0 0 -1
outer loop
vertex -9.820858001708984 -41.451908111572266 1.7000000476837158
vertex -9.99306583404541 -42.317657470703125 1.7000000476837158
vertex -9.99306583404541 -41.41765594482422 1.7000000476837158
endloop
endfacet
facet normal -0.8314665660174577 0.5555747920803612 0
outer loop
vertex -9.577320098876953 -42.03986358642578 1.7000000476837158
vertex -9.577320098876953 -42.03986358642578 0
vertex -9.674867630004883 -42.18585205078125 1.7000000476837158
endloop
endfacet
facet normal -0.9807852845629332 0.19509030110388895 0
outer loop
vertex -9.543066024780273 -41.86765670776367 0
vertex -9.577320098876953 -42.03986358642578 0
vertex -9.577320098876953 -42.03986358642578 1.7000000476837158
endloop
endfacet
facet normal -0.8314665660174577 0.5555747920803612 0
outer loop
vertex -9.577320098876953 -42.03986358642578 0
vertex -9.674867630004883 -42.18585205078125 0
vertex -9.674867630004883 -42.18585205078125 1.7000000476837158
endloop
endfacet
facet normal -0.5555772839934787 0.8314649009491799 0
outer loop
vertex -9.674867630004883 -42.18585205078125 0
vertex -9.820858001708984 -42.28340148925781 0
vertex -9.820858001708984 -42.28340148925781 1.7000000476837158
endloop
endfacet
facet normal -0.19509971138541468 0.9807834126948354 0
outer loop
vertex -9.820858001708984 -42.28340148925781 0
vertex -9.99306583404541 -42.317657470703125 0
vertex -9.99306583404541 -42.317657470703125 1.7000000476837158
endloop
endfacet
facet normal 0.9807852845629332 -0.19509030110388895 0
outer loop
vertex -10.408811569213867 -41.69544982910156 0
vertex -10.408811569213867 -41.69544982910156 1.7000000476837158
vertex -10.443065643310547 -41.86765670776367 0
endloop
endfacet
facet normal -0.5555772839934787 0.8314649009491799 0
outer loop
vertex -9.674867630004883 -42.18585205078125 1.7000000476837158
vertex -9.674867630004883 -42.18585205078125 0
vertex -9.820858001708984 -42.28340148925781 1.7000000476837158
endloop
endfacet
facet normal 0.5555772839934787 0.8314649009491799 0
outer loop
vertex -10.311264038085938 -42.18585205078125 0
vertex -10.311264038085938 -42.18585205078125 1.7000000476837158
vertex -10.165273666381836 -42.28340148925781 0
endloop
endfacet
facet normal 0.19509971138541468 0.9807834126948354 0
outer loop
vertex -9.99306583404541 -42.317657470703125 0
vertex -10.165273666381836 -42.28340148925781 0
vertex -10.165273666381836 -42.28340148925781 1.7000000476837158
endloop
endfacet
facet normal 0.8314665660174577 0.5555747920803612 0
outer loop
vertex -10.311264038085938 -42.18585205078125 0
vertex -10.408811569213867 -42.03986358642578 0
vertex -10.408811569213867 -42.03986358642578 1.7000000476837158
endloop
endfacet
facet normal 0 0 -1
outer loop
vertex -9.674867630004883 -41.54945755004883 1.7000000476837158
vertex -9.577320098876953 -41.69544982910156 1.7000000476837158
vertex -9.674867630004883 -42.18585205078125 1.7000000476837158
endloop
endfacet
facet normal 0 0 -1
outer loop
vertex -9.674867630004883 -41.54945755004883 1.7000000476837158
vertex -9.820858001708984 -42.28340148925781 1.7000000476837158
vertex -9.820858001708984 -41.451908111572266 1.7000000476837158
endloop
endfacet
facet normal 0.1950788122039888 -0.9807875697770038 0
outer loop
vertex -9.99306583404541 -41.41765594482422 0
vertex -9.99306583404541 -41.41765594482422 1.7000000476837158
vertex -10.165273666381836 -41.451908111572266 0
endloop
endfacet
facet normal -0.1950788122039888 -0.9807875697770038 0
outer loop
vertex -9.820858001708984 -41.451908111572266 0
vertex -9.820858001708984 -41.451908111572266 1.7000000476837158
vertex -9.99306583404541 -41.41765594482422 0
endloop
endfacet
facet normal -0.19509971138541468 0.9807834126948354 0
outer loop
vertex -9.820858001708984 -42.28340148925781 1.7000000476837158
vertex -9.820858001708984 -42.28340148925781 0
vertex -9.99306583404541 -42.317657470703125 1.7000000476837158
endloop
endfacet
facet normal 0.19509971138541468 0.9807834126948354 0
outer loop
vertex -9.99306583404541 -42.317657470703125 1.7000000476837158
vertex -9.99306583404541 -42.317657470703125 0
vertex -10.165273666381836 -42.28340148925781 1.7000000476837158
endloop
endfacet
facet normal 0.8314732719568675 -0.5555647559208026 0
outer loop
vertex -10.408811569213867 -41.69544982910156 1.7000000476837158
vertex -10.408811569213867 -41.69544982910156 0
vertex -10.311264038085938 -41.54945755004883 1.7000000476837158
endloop
endfacet
facet normal 0.9807852845629332 -0.19509030110388895 0
outer loop
vertex -10.443065643310547 -41.86765670776367 1.7000000476837158
vertex -10.443065643310547 -41.86765670776367 0
vertex -10.408811569213867 -41.69544982910156 1.7000000476837158
endloop
endfacet
facet normal 0.9807852845629332 0.19509030110388895 0
outer loop
vertex -10.408811569213867 -42.03986358642578 1.7000000476837158
vertex -10.408811569213867 -42.03986358642578 0
vertex -10.443065643310547 -41.86765670776367 1.7000000476837158
endloop
endfacet
facet normal 0.5555772839934787 0.8314649009491799 0
outer loop
vertex -10.165273666381836 -42.28340148925781 1.7000000476837158
vertex -10.165273666381836 -42.28340148925781 0
vertex -10.311264038085938 -42.18585205078125 1.7000000476837158
endloop
endfacet
facet normal 0.8314665660174577 0.5555747920803612 0
outer loop
vertex -10.311264038085938 -42.18585205078125 1.7000000476837158
vertex -10.311264038085938 -42.18585205078125 0
vertex -10.408811569213867 -42.03986358642578 1.7000000476837158
endloop
endfacet
facet normal -0.5555772839934787 -0.8314649009491799 0
outer loop
vertex -9.674867630004883 -41.54945755004883 0
vertex -9.674867630004883 -41.54945755004883 1.7000000476837158
vertex -9.820858001708984 -41.451908111572266 0
endloop
endfacet
facet normal 0 0 -1
outer loop
vertex -10.408811569213867 -42.03986358642578 1.7000000476837158
vertex -10.443065643310547 -41.86765670776367 1.7000000476837158
vertex -10.408811569213867 -41.69544982910156 1.7000000476837158
endloop
endfacet
facet normal 0 0 -1
outer loop
vertex -10.311264038085938 -41.54945755004883 1.7000000476837158
vertex -10.408811569213867 -42.03986358642578 1.7000000476837158
vertex -10.408811569213867 -41.69544982910156 1.7000000476837158
endloop
endfacet
facet normal 0 0 -1
outer loop
vertex -10.165273666381836 -42.28340148925781 1.7000000476837158
vertex -10.311264038085938 -42.18585205078125 1.7000000476837158
vertex -10.165273666381836 -41.451908111572266 1.7000000476837158
endloop
endfacet
facet normal 0 0 -1
outer loop
vertex -10.165273666381836 -41.451908111572266 1.7000000476837158
vertex -10.311264038085938 -42.18585205078125 1.7000000476837158
vertex -10.311264038085938 -41.54945755004883 1.7000000476837158
endloop
endfacet
facet normal 0 0 -1
outer loop
vertex -10.165273666381836 -42.28340148925781 1.7000000476837158
vertex -10.165273666381836 -41.451908111572266 1.7000000476837158
vertex -9.99306583404541 -41.41765594482422 1.7000000476837158
endloop
endfacet
facet normal 0 0 -1
outer loop
vertex -9.820858001708984 -42.28340148925781 1.7000000476837158
vertex -9.99306583404541 -42.317657470703125 1.7000000476837158
vertex -9.820858001708984 -41.451908111572266 1.7000000476837158
endloop
endfacet
facet normal 0 0 -1
outer loop
vertex -10.311264038085938 -42.18585205078125 1.7000000476837158
vertex -10.408811569213867 -42.03986358642578 1.7000000476837158
vertex -10.311264038085938 -41.54945755004883 1.7000000476837158
endloop
endfacet
facet normal 0.1950788122039888 -0.9807875697770038 0
outer loop
vertex -10.165273666381836 -42.72190856933594 1.7000000476837158
vertex -10.165273666381836 -42.72190856933594 0
vertex -9.99306583404541 -42.68765640258789 1.7000000476837158
endloop
endfacet
facet normal -0.9807852845629332 0.19509030110388895 0
outer loop
vertex -9.543066024780273 -43.137657165527344 1.7000000476837158
vertex -9.543066024780273 -43.137657165527344 0
vertex -9.577320098876953 -43.30986404418945 1.7000000476837158
endloop
endfacet
facet normal -0.9807861114401027 -0.19508614406513386 0
outer loop
vertex -9.577320098876953 -42.96544647216797 1.7000000476837158
vertex -9.577320098876953 -42.96544647216797 0
vertex -9.543066024780273 -43.137657165527344 1.7000000476837158
endloop
endfacet
facet normal -0.1950788122039888 -0.9807875697770038 0
outer loop
vertex -9.99306583404541 -42.68765640258789 1.7000000476837158
vertex -9.99306583404541 -42.68765640258789 0
vertex -9.820858001708984 -42.72190856933594 1.7000000476837158
endloop
endfacet
facet normal -0.5555772839934787 -0.8314649009491799 0
outer loop
vertex -9.820858001708984 -42.72190856933594 1.7000000476837158
vertex -9.820858001708984 -42.72190856933594 0
vertex -9.674867630004883 -42.8194580078125 1.7000000476837158
endloop
endfacet
facet normal 0.5555772839934787 -0.8314649009491799 0
outer loop
vertex -10.311264038085938 -42.8194580078125 1.7000000476837158
vertex -10.311264038085938 -42.8194580078125 0
vertex -10.165273666381836 -42.72190856933594 1.7000000476837158
endloop
endfacet
facet normal 0.8314665660174577 -0.5555747920803612 0
outer loop
vertex -10.408811569213867 -42.96544647216797 1.7000000476837158
vertex -10.408811569213867 -42.96544647216797 0
vertex -10.311264038085938 -42.8194580078125 1.7000000476837158
endloop
endfacet
facet normal 0.9807861114401027 -0.19508614406513386 0
outer loop
vertex -10.443065643310547 -43.137657165527344 1.7000000476837158
vertex -10.443065643310547 -43.137657165527344 0
vertex -10.408811569213867 -42.96544647216797 1.7000000476837158
endloop
endfacet
facet normal 0.9807852845629332 0.19509030110388895 0
outer loop
vertex -10.408811569213867 -43.30986404418945 1.7000000476837158
vertex -10.408811569213867 -43.30986404418945 0
vertex -10.443065643310547 -43.137657165527344 1.7000000476837158
endloop
endfacet
facet normal -0.8314665660174577 0.5555747920803612 0
outer loop
vertex -9.577320098876953 -43.30986404418945 1.7000000476837158
vertex -9.577320098876953 -43.30986404418945 0
vertex -9.674867630004883 -43.45585250854492 1.7000000476837158
endloop
endfacet
facet normal -0.5555772839934787 0.8314649009491799 0
outer loop
vertex -9.674867630004883 -43.45585250854492 1.7000000476837158
vertex -9.674867630004883 -43.45585250854492 0
vertex -9.820858001708984 -43.553401947021484 1.7000000476837158
endloop
endfacet
facet normal -0.1950788122039888 0.9807875697770038 0
outer loop
vertex -9.820858001708984 -43.553401947021484 1.7000000476837158
vertex -9.820858001708984 -43.553401947021484 0
vertex -9.99306583404541 -43.58765411376953 1.7000000476837158
endloop
endfacet
facet normal 0.1950788122039888 0.9807875697770038 0
outer loop
vertex -9.99306583404541 -43.58765411376953 1.7000000476837158
vertex -9.99306583404541 -43.58765411376953 0
vertex -10.165273666381836 -43.553401947021484 1.7000000476837158
endloop
endfacet
facet normal -0.9807861114401027 -0.19508614406513386 0
outer loop
vertex -9.577320098876953 -42.96544647216797 0
vertex -9.543066024780273 -43.137657165527344 0
vertex -9.543066024780273 -43.137657165527344 1.7000000476837158
endloop
endfacet
facet normal -0.9807852845629332 0.19509030110388895 0
outer loop
vertex -9.543066024780273 -43.137657165527344 0
vertex -9.577320098876953 -43.30986404418945 0
vertex -9.577320098876953 -43.30986404418945 1.7000000476837158
endloop
endfacet
facet normal 0.5555772839934787 0.8314649009491799 0
outer loop
vertex -10.165273666381836 -43.553401947021484 1.7000000476837158
vertex -10.165273666381836 -43.553401947021484 0
vertex -10.311264038085938 -43.45585250854492 1.7000000476837158
endloop
endfacet
facet normal 0.8314665660174577 0.5555747920803612 0
outer loop
vertex -10.311264038085938 -43.45585250854492 1.7000000476837158
vertex -10.311264038085938 -43.45585250854492 0
vertex -10.408811569213867 -43.30986404418945 1.7000000476837158
endloop
endfacet
facet normal -0.8314665660174577 -0.5555747920803612 0
outer loop
vertex -9.674867630004883 -42.8194580078125 1.7000000476837158
vertex -9.674867630004883 -42.8194580078125 0
vertex -9.577320098876953 -42.96544647216797 1.7000000476837158
endloop
endfacet
facet normal -0.8314665660174577 -0.5555747920803612 0
outer loop
vertex -9.674867630004883 -42.8194580078125 0
vertex -9.577320098876953 -42.96544647216797 0
vertex -9.577320098876953 -42.96544647216797 1.7000000476837158
endloop
endfacet
facet normal 0.1950788122039888 -0.9807875697770038 0
outer loop
vertex -9.99306583404541 -42.68765640258789 0
vertex -9.99306583404541 -42.68765640258789 1.7000000476837158
vertex -10.165273666381836 -42.72190856933594 0
endloop
endfacet
facet normal 0.5555772839934787 -0.8314649009491799 0
outer loop
vertex -10.165273666381836 -42.72190856933594 0
vertex -10.165273666381836 -42.72190856933594 1.7000000476837158
vertex -10.311264038085938 -42.8194580078125 0
endloop
endfacet
facet normal 0.8314665660174577 -0.5555747920803612 0
outer loop
vertex -10.311264038085938 -42.8194580078125 0
vertex -10.311264038085938 -42.8194580078125 1.7000000476837158
vertex -10.408811569213867 -42.96544647216797 0
endloop
endfacet
facet normal 0.9807861114401027 -0.19508614406513386 0
outer loop
vertex -10.408811569213867 -42.96544647216797 0
vertex -10.408811569213867 -42.96544647216797 1.7000000476837158
vertex -10.443065643310547 -43.137657165527344 0
endloop
endfacet
facet normal 0.9807852845629332 0.19509030110388895 0
outer loop
vertex -10.443065643310547 -43.137657165527344 0
vertex -10.443065643310547 -43.137657165527344 1.7000000476837158
vertex -10.408811569213867 -43.30986404418945 0
endloop
endfacet
facet normal -0.8314665660174577 0.5555747920803612 0
outer loop
vertex -9.577320098876953 -43.30986404418945 0
vertex -9.674867630004883 -43.45585250854492 0
vertex -9.674867630004883 -43.45585250854492 1.7000000476837158
endloop
endfacet
facet normal -0.5555772839934787 0.8314649009491799 0
outer loop
vertex -9.674867630004883 -43.45585250854492 0
vertex -9.820858001708984 -43.553401947021484 0
vertex -9.820858001708984 -43.553401947021484 1.7000000476837158
endloop
endfacet
facet normal -0.1950788122039888 0.9807875697770038 0
outer loop
vertex -9.820858001708984 -43.553401947021484 0
vertex -9.99306583404541 -43.58765411376953 0
vertex -9.99306583404541 -43.58765411376953 1.7000000476837158
endloop
endfacet
facet normal 0.5555772839934787 0.8314649009491799 0
outer loop
vertex -10.311264038085938 -43.45585250854492 0
vertex -10.311264038085938 -43.45585250854492 1.7000000476837158
vertex -10.165273666381836 -43.553401947021484 0
endloop
endfacet
facet normal 0.1950788122039888 0.9807875697770038 0
outer loop
vertex -9.99306583404541 -43.58765411376953 0
vertex -10.165273666381836 -43.553401947021484 0
vertex -10.165273666381836 -43.553401947021484 1.7000000476837158
endloop
endfacet
facet normal 0.8314665660174577 0.5555747920803612 0
outer loop
vertex -10.311264038085938 -43.45585250854492 0
vertex -10.408811569213867 -43.30986404418945 0
vertex -10.408811569213867 -43.30986404418945 1.7000000476837158
endloop
endfacet
facet normal 0 0 -1
outer loop
vertex -10.311264038085938 -43.45585250854492 1.7000000476837158
vertex -10.408811569213867 -43.30986404418945 1.7000000476837158
vertex -10.311264038085938 -42.8194580078125 1.7000000476837158
endloop
endfacet
facet normal 0 0 -1
outer loop
vertex -10.408811569213867 -43.30986404418945 1.7000000476837158
vertex -10.443065643310547 -43.137657165527344 1.7000000476837158
vertex -10.408811569213867 -42.96544647216797 1.7000000476837158
endloop
endfacet
facet normal 0 0 -1
outer loop
vertex -10.311264038085938 -42.8194580078125 1.7000000476837158
vertex -10.408811569213867 -43.30986404418945 1.7000000476837158
vertex -10.408811569213867 -42.96544647216797 1.7000000476837158
endloop
endfacet
facet normal 0 0 -1
outer loop
vertex -10.165273666381836 -43.553401947021484 1.7000000476837158
vertex -10.311264038085938 -43.45585250854492 1.7000000476837158
vertex -10.165273666381836 -42.72190856933594 1.7000000476837158
endloop
endfacet
facet normal 0 0 -1
outer loop
vertex -10.165273666381836 -42.72190856933594 1.7000000476837158
vertex -10.311264038085938 -43.45585250854492 1.7000000476837158
vertex -10.311264038085938 -42.8194580078125 1.7000000476837158
endloop
endfacet
facet normal 0 0 -1
outer loop
vertex -10.165273666381836 -43.553401947021484 1.7000000476837158
vertex -10.165273666381836 -42.72190856933594 1.7000000476837158
vertex -9.99306583404541 -42.68765640258789 1.7000000476837158
endloop
endfacet
facet normal 0 0 -1
outer loop
vertex -9.99306583404541 -43.58765411376953 1.7000000476837158
vertex -10.165273666381836 -43.553401947021484 1.7000000476837158
vertex -9.99306583404541 -42.68765640258789 1.7000000476837158
endloop
endfacet
facet normal 0 0 -1
outer loop
vertex -9.820858001708984 -43.553401947021484 1.7000000476837158
vertex -9.99306583404541 -43.58765411376953 1.7000000476837158
vertex -9.820858001708984 -42.72190856933594 1.7000000476837158
endloop
endfacet
facet normal 0 0 -1
outer loop
vertex -9.820858001708984 -42.72190856933594 1.7000000476837158
vertex -9.99306583404541 -43.58765411376953 1.7000000476837158
vertex -9.99306583404541 -42.68765640258789 1.7000000476837158
endloop
endfacet
facet normal 0 0 -1
outer loop
vertex -9.674867630004883 -43.45585250854492 1.7000000476837158
vertex -9.820858001708984 -43.553401947021484 1.7000000476837158
vertex -9.674867630004883 -42.8194580078125 1.7000000476837158
endloop
endfacet
facet normal 0 0 -1
outer loop
vertex -9.577320098876953 -43.30986404418945 1.7000000476837158
vertex -9.674867630004883 -43.45585250854492 1.7000000476837158
vertex -9.577320098876953 -42.96544647216797 1.7000000476837158
endloop
endfacet
facet normal 0 0 -1
outer loop
vertex -9.543066024780273 -43.137657165527344 1.7000000476837158
vertex -9.577320098876953 -43.30986404418945 1.7000000476837158
vertex -9.577320098876953 -42.96544647216797 1.7000000476837158
endloop
endfacet
facet normal 0 0 -1
outer loop
vertex -9.674867630004883 -42.8194580078125 1.7000000476837158
vertex -9.820858001708984 -43.553401947021484 1.7000000476837158
vertex -9.820858001708984 -42.72190856933594 1.7000000476837158
endloop
endfacet
facet normal 0 0 -1
outer loop
vertex -9.674867630004883 -42.8194580078125 1.7000000476837158
vertex -9.577320098876953 -42.96544647216797 1.7000000476837158
vertex -9.674867630004883 -43.45585250854492 1.7000000476837158
endloop
endfacet
facet normal -0.1950788122039888 -0.9807875697770038 0
outer loop
vertex -9.820858001708984 -42.72190856933594 0
vertex -9.820858001708984 -42.72190856933594 1.7000000476837158
vertex -9.99306583404541 -42.68765640258789 0
endloop
endfacet
facet normal -0.5555772839934787 -0.8314649009491799 0
outer loop
vertex -9.674867630004883 -42.8194580078125 0
vertex -9.674867630004883 -42.8194580078125 1.7000000476837158
vertex -9.820858001708984 -42.72190856933594 0
endloop
endfacet
facet normal -0.1950788122039888 0.9807875697770038 0
outer loop
vertex -9.820858001708984 -44.823402404785156 1.7000000476837158
vertex -9.820858001708984 -44.823402404785156 0
vertex -9.99306583404541 -44.8576545715332 1.7000000476837158
endloop
endfacet
facet normal -0.9807861114401027 -0.19508614406513386 0
outer loop
vertex -9.577320098876953 -44.23544692993164 0
vertex -9.543066024780273 -44.407657623291016 0
vertex -9.543066024780273 -44.407657623291016 1.7000000476837158
endloop
endfacet
facet normal 0.5555772839934787 -0.8314649009491799 0
outer loop
vertex -10.165273666381836 -43.99190902709961 0
vertex -10.165273666381836 -43.99190902709961 1.7000000476837158
vertex -10.311264038085938 -44.08945846557617 0
endloop
endfacet
facet normal -0.8314665660174577 -0.5555747920803612 0
outer loop
vertex -9.674867630004883 -44.08945846557617 0
vertex -9.577320098876953 -44.23544692993164 0
vertex -9.577320098876953 -44.23544692993164 1.7000000476837158
endloop
endfacet
facet normal 0 0 -1
outer loop
vertex -10.165273666381836 -43.99190902709961 1.7000000476837158
vertex -10.311264038085938 -44.725852966308594 1.7000000476837158
vertex -10.311264038085938 -44.08945846557617 1.7000000476837158
endloop
endfacet
facet normal 0 0 -1
outer loop
vertex -10.165273666381836 -44.823402404785156 1.7000000476837158
vertex -10.311264038085938 -44.725852966308594 1.7000000476837158
vertex -10.165273666381836 -43.99190902709961 1.7000000476837158
endloop
endfacet
facet normal 0 0 -1
outer loop
vertex -10.311264038085938 -44.08945846557617 1.7000000476837158
vertex -10.408811569213867 -44.579864501953125 1.7000000476837158
vertex -10.408811569213867 -44.23544692993164 1.7000000476837158
endloop
endfacet
facet normal 0 0 -1
outer loop
vertex -10.408811569213867 -44.579864501953125 1.7000000476837158
vertex -10.443065643310547 -44.407657623291016 1.7000000476837158
vertex -10.408811569213867 -44.23544692993164 1.7000000476837158
endloop
endfacet
facet normal 0 0 -1
outer loop
vertex -10.311264038085938 -44.725852966308594 1.7000000476837158
vertex -10.408811569213867 -44.579864501953125 1.7000000476837158
vertex -10.311264038085938 -44.08945846557617 1.7000000476837158
endloop
endfacet
facet normal 0.8314665660174577 0.5555747920803612 0
outer loop
vertex -10.311264038085938 -44.725852966308594 1.7000000476837158
vertex -10.311264038085938 -44.725852966308594 0
vertex -10.408811569213867 -44.579864501953125 1.7000000476837158
endloop
endfacet
facet normal 0.5555772839934787 0.8314649009491799 0
outer loop
vertex -10.165273666381836 -44.823402404785156 1.7000000476837158
vertex -10.165273666381836 -44.823402404785156 0
vertex -10.311264038085938 -44.725852966308594 1.7000000476837158
endloop
endfacet
facet normal 0.9807852845629332 0.19509030110388895 0
outer loop
vertex -10.408811569213867 -44.579864501953125 1.7000000476837158
vertex -10.408811569213867 -44.579864501953125 0
vertex -10.443065643310547 -44.407657623291016 1.7000000476837158
endloop
endfacet
facet normal 0.9807861114401027 -0.19508614406513386 0
outer loop
vertex -10.443065643310547 -44.407657623291016 1.7000000476837158
vertex -10.443065643310547 -44.407657623291016 0
vertex -10.408811569213867 -44.23544692993164 1.7000000476837158
endloop
endfacet
facet normal 0.8314665660174577 -0.5555747920803612 0
outer loop
vertex -10.408811569213867 -44.23544692993164 1.7000000476837158
vertex -10.408811569213867 -44.23544692993164 0
vertex -10.311264038085938 -44.08945846557617 1.7000000476837158
endloop
endfacet
facet normal 0.1950788122039888 0.9807875697770038 0
outer loop
vertex -9.99306583404541 -44.8576545715332 1.7000000476837158
vertex -9.99306583404541 -44.8576545715332 0
vertex -10.165273666381836 -44.823402404785156 1.7000000476837158
endloop
endfacet
facet normal 0 0 -1
outer loop
vertex -9.99306583404541 -44.8576545715332 1.7000000476837158
vertex -10.165273666381836 -44.823402404785156 1.7000000476837158
vertex -9.99306583404541 -43.95765686035156 1.7000000476837158
endloop
endfacet
facet normal 0 0 -1
outer loop
vertex -10.165273666381836 -44.823402404785156 1.7000000476837158
vertex -10.165273666381836 -43.99190902709961 1.7000000476837158
vertex -9.99306583404541 -43.95765686035156 1.7000000476837158
endloop
endfacet
facet normal -0.8314665660174577 0.5555747920803612 0
outer loop
vertex -9.577320098876953 -44.579864501953125 1.7000000476837158
vertex -9.577320098876953 -44.579864501953125 0
vertex -9.674867630004883 -44.725852966308594 1.7000000476837158
endloop
endfacet
facet normal -0.9807852845629332 0.19509030110388895 0
outer loop
vertex -9.543066024780273 -44.407657623291016 1.7000000476837158
vertex -9.543066024780273 -44.407657623291016 0
vertex -9.577320098876953 -44.579864501953125 1.7000000476837158
endloop
endfacet
facet normal -0.9807861114401027 -0.19508614406513386 0
outer loop
vertex -9.577320098876953 -44.23544692993164 1.7000000476837158
vertex -9.577320098876953 -44.23544692993164 0
vertex -9.543066024780273 -44.407657623291016 1.7000000476837158
endloop
endfacet
facet normal 0.5555772839934787 -0.8314649009491799 0
outer loop
vertex -10.311264038085938 -44.08945846557617 1.7000000476837158
vertex -10.311264038085938 -44.08945846557617 0
vertex -10.165273666381836 -43.99190902709961 1.7000000476837158
endloop
endfacet
facet normal 0.1950788122039888 -0.9807875697770038 0
outer loop
vertex -10.165273666381836 -43.99190902709961 1.7000000476837158
vertex -10.165273666381836 -43.99190902709961 0
vertex -9.99306583404541 -43.95765686035156 1.7000000476837158
endloop
endfacet
facet normal -0.1950788122039888 -0.9807875697770038 0
outer loop
vertex -9.99306583404541 -43.95765686035156 1.7000000476837158
vertex -9.99306583404541 -43.95765686035156 0
vertex -9.820858001708984 -43.99190902709961 1.7000000476837158
endloop
endfacet
facet normal -0.5555772839934787 -0.8314649009491799 0
outer loop
vertex -9.820858001708984 -43.99190902709961 1.7000000476837158
vertex -9.820858001708984 -43.99190902709961 0
vertex -9.674867630004883 -44.08945846557617 1.7000000476837158
endloop
endfacet
facet normal -0.8314665660174577 -0.5555747920803612 0
outer loop
vertex -9.674867630004883 -44.08945846557617 1.7000000476837158
vertex -9.674867630004883 -44.08945846557617 0
vertex -9.577320098876953 -44.23544692993164 1.7000000476837158
endloop
endfacet
facet normal 0 0 -1
outer loop
vertex -9.820858001708984 -44.823402404785156 1.7000000476837158
vertex -9.99306583404541 -44.8576545715332 1.7000000476837158
vertex -9.820858001708984 -43.99190902709961 1.7000000476837158
endloop
endfacet
facet normal 0 0 -1
outer loop
vertex -9.820858001708984 -43.99190902709961 1.7000000476837158
vertex -9.99306583404541 -44.8576545715332 1.7000000476837158
vertex -9.99306583404541 -43.95765686035156 1.7000000476837158
endloop
endfacet
facet normal 0 0 -1
outer loop
vertex -9.674867630004883 -44.725852966308594 1.7000000476837158
vertex -9.820858001708984 -44.823402404785156 1.7000000476837158
vertex -9.674867630004883 -44.08945846557617 1.7000000476837158
endloop
endfacet
facet normal 0 0 -1
outer loop
vertex -9.577320098876953 -44.579864501953125 1.7000000476837158
vertex -9.674867630004883 -44.725852966308594 1.7000000476837158
vertex -9.577320098876953 -44.23544692993164 1.7000000476837158
endloop
endfacet
facet normal -0.5555772839934787 -0.8314649009491799 0
outer loop
vertex -9.674867630004883 -44.08945846557617 0
vertex -9.674867630004883 -44.08945846557617 1.7000000476837158
vertex -9.820858001708984 -43.99190902709961 0
endloop
endfacet
facet normal -0.1950788122039888 -0.9807875697770038 0
outer loop
vertex -9.820858001708984 -43.99190902709961 0
vertex -9.820858001708984 -43.99190902709961 1.7000000476837158
vertex -9.99306583404541 -43.95765686035156 0
endloop
endfacet
facet normal 0.1950788122039888 -0.9807875697770038 0
outer loop
vertex -9.99306583404541 -43.95765686035156 0
vertex -9.99306583404541 -43.95765686035156 1.7000000476837158
vertex -10.165273666381836 -43.99190902709961 0
endloop
endfacet
facet normal 0 0 -1
outer loop
vertex -9.543066024780273 -44.407657623291016 1.7000000476837158
vertex -9.577320098876953 -44.579864501953125 1.7000000476837158
vertex -9.577320098876953 -44.23544692993164 1.7000000476837158
endloop
endfacet
facet normal 0 0 -1
outer loop
vertex -9.674867630004883 -44.08945846557617 1.7000000476837158
vertex -9.820858001708984 -44.823402404785156 1.7000000476837158
vertex -9.820858001708984 -43.99190902709961 1.7000000476837158
endloop
endfacet
facet normal 0 0 -1
outer loop
vertex -9.674867630004883 -44.08945846557617 1.7000000476837158
vertex -9.577320098876953 -44.23544692993164 1.7000000476837158
vertex -9.674867630004883 -44.725852966308594 1.7000000476837158
endloop
endfacet
facet normal 0.8314665660174577 -0.5555747920803612 0
outer loop
vertex -10.311264038085938 -44.08945846557617 0
vertex -10.311264038085938 -44.08945846557617 1.7000000476837158
vertex -10.408811569213867 -44.23544692993164 0
endloop
endfacet
facet normal 0.8314665660174577 0.5555747920803612 0
outer loop
vertex -10.311264038085938 -44.725852966308594 0
vertex -10.408811569213867 -44.579864501953125 0
vertex -10.408811569213867 -44.579864501953125 1.7000000476837158
endloop
endfacet
facet normal 0.1950788122039888 0.9807875697770038 0
outer loop
vertex -9.99306583404541 -44.8576545715332 0
vertex -10.165273666381836 -44.823402404785156 0
vertex -10.165273666381836 -44.823402404785156 1.7000000476837158
endloop
endfacet
facet normal 0.5555772839934787 0.8314649009491799 0
outer loop
vertex -10.311264038085938 -44.725852966308594 0
vertex -10.311264038085938 -44.725852966308594 1.7000000476837158
vertex -10.165273666381836 -44.823402404785156 0
endloop
endfacet
facet normal 0.9807852845629332 0.19509030110388895 0
outer loop
vertex -10.443065643310547 -44.407657623291016 0
vertex -10.443065643310547 -44.407657623291016 1.7000000476837158
vertex -10.408811569213867 -44.579864501953125 0
endloop
endfacet
facet normal 0.9807861114401027 -0.19508614406513386 0
outer loop
vertex -10.408811569213867 -44.23544692993164 0
vertex -10.408811569213867 -44.23544692993164 1.7000000476837158
vertex -10.443065643310547 -44.407657623291016 0
endloop
endfacet
facet normal -0.1950788122039888 0.9807875697770038 0
outer loop
vertex -9.820858001708984 -44.823402404785156 0
vertex -9.99306583404541 -44.8576545715332 0
vertex -9.99306583404541 -44.8576545715332 1.7000000476837158
endloop
endfacet
facet normal -0.5555772839934787 0.8314649009491799 0
outer loop
vertex -9.674867630004883 -44.725852966308594 0
vertex -9.820858001708984 -44.823402404785156 0
vertex -9.820858001708984 -44.823402404785156 1.7000000476837158
endloop
endfacet
facet normal -0.8314665660174577 0.5555747920803612 0
outer loop
vertex -9.577320098876953 -44.579864501953125 0
vertex -9.674867630004883 -44.725852966308594 0
vertex -9.674867630004883 -44.725852966308594 1.7000000476837158
endloop
endfacet
facet normal -0.9807852845629332 0.19509030110388895 0
outer loop
vertex -9.543066024780273 -44.407657623291016 0
vertex -9.577320098876953 -44.579864501953125 0
vertex -9.577320098876953 -44.579864501953125 1.7000000476837158
endloop
endfacet
facet normal -0.5555772839934787 0.8314649009491799 0
outer loop
vertex -9.674867630004883 -44.725852966308594 1.7000000476837158
vertex -9.674867630004883 -44.725852966308594 0
vertex -9.820858001708984 -44.823402404785156 1.7000000476837158
endloop
endfacet
facet normal -0.5555772839934787 -0.8314649009491799 0
outer loop
vertex -9.674867630004883 -45.359458923339844 0
vertex -9.674867630004883 -45.359458923339844 1.7000000476837158
vertex -9.820858001708984 -45.26190948486328 0
endloop
endfacet
facet normal -0.1950788122039888 -0.9807875697770038 0
outer loop
vertex -9.820858001708984 -45.26190948486328 0
vertex -9.820858001708984 -45.26190948486328 1.7000000476837158
vertex -9.99306583404541 -45.227657318115234 0
endloop
endfacet
facet normal 0.1950788122039888 -0.9807875697770038 0
outer loop
vertex -9.99306583404541 -45.227657318115234 0
vertex -9.99306583404541 -45.227657318115234 1.7000000476837158
vertex -10.165273666381836 -45.26190948486328 0
endloop
endfacet
facet normal -0.8314665660174577 -0.5555747920803612 0
outer loop
vertex -9.674867630004883 -45.359458923339844 0
vertex -9.577320098876953 -45.50544738769531 0
vertex -9.577320098876953 -45.50544738769531 1.7000000476837158
endloop
endfacet
facet normal -0.9807852845629332 -0.19509030110388895 0
outer loop
vertex -9.577320098876953 -45.50544738769531 0
vertex -9.543066024780273 -45.67765426635742 0
vertex -9.543066024780273 -45.67765426635742 1.7000000476837158
endloop
endfacet
facet normal -0.9807861114401027 0.19508614406513386 0
outer loop
vertex -9.543066024780273 -45.67765426635742 0
vertex -9.577320098876953 -45.8498649597168 0
vertex -9.577320098876953 -45.8498649597168 1.7000000476837158
endloop
endfacet
facet normal 0.5555772839934787 -0.8314649009491799 0
outer loop
vertex -10.165273666381836 -45.26190948486328 0
vertex -10.165273666381836 -45.26190948486328 1.7000000476837158
vertex -10.311264038085938 -45.359458923339844 0
endloop
endfacet
facet normal 0.8314665660174577 -0.5555747920803612 0
outer loop
vertex -10.311264038085938 -45.359458923339844 0
vertex -10.311264038085938 -45.359458923339844 1.7000000476837158
vertex -10.408811569213867 -45.50544738769531 0
endloop
endfacet
facet normal 0.9807852845629332 -0.19509030110388895 0
outer loop
vertex -10.408811569213867 -45.50544738769531 0
vertex -10.408811569213867 -45.50544738769531 1.7000000476837158
vertex -10.443065643310547 -45.67765426635742 0
endloop
endfacet
facet normal 0.9807861114401027 0.19508614406513386 0
outer loop
vertex -10.443065643310547 -45.67765426635742 0
vertex -10.443065643310547 -45.67765426635742 1.7000000476837158
vertex -10.408811569213867 -45.8498649597168 0
endloop
endfacet
facet normal -0.8314665660174577 0.5555747920803612 0
outer loop
vertex -9.577320098876953 -45.8498649597168 0
vertex -9.674867630004883 -45.995853424072266 0
vertex -9.674867630004883 -45.995853424072266 1.7000000476837158
endloop
endfacet
facet normal 0 0 -1
outer loop
vertex -9.674867630004883 -45.359458923339844 1.7000000476837158
vertex -9.577320098876953 -45.50544738769531 1.7000000476837158
vertex -9.674867630004883 -45.995853424072266 1.7000000476837158
endloop
endfacet
facet normal 0 0 -1
outer loop
vertex -9.674867630004883 -45.359458923339844 1.7000000476837158
vertex -9.820858001708984 -46.09340286254883 1.7000000476837158
vertex -9.820858001708984 -45.26190948486328 1.7000000476837158
endloop
endfacet
facet normal -0.5555772839934787 0.8314649009491799 0
outer loop
vertex -9.674867630004883 -45.995853424072266 0
vertex -9.820858001708984 -46.09340286254883 0
vertex -9.820858001708984 -46.09340286254883 1.7000000476837158
endloop
endfacet
facet normal -0.1950788122039888 0.9807875697770038 0
outer loop
vertex -9.820858001708984 -46.09340286254883 0
vertex -9.99306583404541 -46.127655029296875 0
vertex -9.99306583404541 -46.127655029296875 1.7000000476837158
endloop
endfacet
facet normal 0 0 -1
outer loop
vertex -9.543066024780273 -45.67765426635742 1.7000000476837158
vertex -9.577320098876953 -45.8498649597168 1.7000000476837158
vertex -9.577320098876953 -45.50544738769531 1.7000000476837158
endloop
endfacet
facet normal 0 0 -1
outer loop
vertex -9.577320098876953 -45.8498649597168 1.7000000476837158
vertex -9.674867630004883 -45.995853424072266 1.7000000476837158
vertex -9.577320098876953 -45.50544738769531 1.7000000476837158
endloop
endfacet
facet normal 0 0 -1
outer loop
vertex -9.674867630004883 -45.995853424072266 1.7000000476837158
vertex -9.820858001708984 -46.09340286254883 1.7000000476837158
vertex -9.674867630004883 -45.359458923339844 1.7000000476837158
endloop
endfacet
facet normal 0 0 -1
outer loop
vertex -9.820858001708984 -45.26190948486328 1.7000000476837158
vertex -9.99306583404541 -46.127655029296875 1.7000000476837158
vertex -9.99306583404541 -45.227657318115234 1.7000000476837158
endloop
endfacet
facet normal 0 0 -1
outer loop
vertex -9.820858001708984 -46.09340286254883 1.7000000476837158
vertex -9.99306583404541 -46.127655029296875 1.7000000476837158
vertex -9.820858001708984 -45.26190948486328 1.7000000476837158
endloop
endfacet
facet normal 0.5555772839934787 0.8314649009491799 0
outer loop
vertex -10.311264038085938 -45.995853424072266 0
vertex -10.311264038085938 -45.995853424072266 1.7000000476837158
vertex -10.165273666381836 -46.09340286254883 0
endloop
endfacet
facet normal 0.1950788122039888 0.9807875697770038 0
outer loop
vertex -9.99306583404541 -46.127655029296875 0
vertex -10.165273666381836 -46.09340286254883 0
vertex -10.165273666381836 -46.09340286254883 1.7000000476837158
endloop
endfacet
facet normal 0.8314665660174577 0.5555747920803612 0
outer loop
vertex -10.408811569213867 -45.8498649597168 0
vertex -10.408811569213867 -45.8498649597168 1.7000000476837158
vertex -10.311264038085938 -45.995853424072266 0
endloop
endfacet
facet normal 0 0 -1
outer loop
vertex -9.99306583404541 -46.127655029296875 1.7000000476837158
vertex -10.165273666381836 -46.09340286254883 1.7000000476837158
vertex -9.99306583404541 -45.227657318115234 1.7000000476837158
endloop
endfacet
facet normal 0 0 -1
outer loop
vertex -10.165273666381836 -46.09340286254883 1.7000000476837158
vertex -10.165273666381836 -45.26190948486328 1.7000000476837158
vertex -9.99306583404541 -45.227657318115234 1.7000000476837158
endloop
endfacet
facet normal 0 0 -1
outer loop
vertex -10.165273666381836 -45.26190948486328 1.7000000476837158
vertex -10.311264038085938 -45.995853424072266 1.7000000476837158
vertex -10.311264038085938 -45.359458923339844 1.7000000476837158
endloop
endfacet
facet normal 0 0 -1
outer loop
vertex -10.165273666381836 -46.09340286254883 1.7000000476837158
vertex -10.311264038085938 -45.995853424072266 1.7000000476837158
vertex -10.165273666381836 -45.26190948486328 1.7000000476837158
endloop
endfacet
facet normal 0 0 -1
outer loop
vertex -10.311264038085938 -45.359458923339844 1.7000000476837158
vertex -10.408811569213867 -45.8498649597168 1.7000000476837158
vertex -10.408811569213867 -45.50544738769531 1.7000000476837158
endloop
endfacet
facet normal 0 0 -1
outer loop
vertex -10.408811569213867 -45.8498649597168 1.7000000476837158
vertex -10.443065643310547 -45.67765426635742 1.7000000476837158
vertex -10.408811569213867 -45.50544738769531 1.7000000476837158
endloop
endfacet
facet normal 0 0 -1
outer loop
vertex -10.311264038085938 -45.995853424072266 1.7000000476837158
vertex -10.408811569213867 -45.8498649597168 1.7000000476837158
vertex -10.311264038085938 -45.359458923339844 1.7000000476837158
endloop
endfacet
facet normal 0.8314665660174577 0.5555747920803612 0
outer loop
vertex -10.311264038085938 -45.995853424072266 1.7000000476837158
vertex -10.311264038085938 -45.995853424072266 0
vertex -10.408811569213867 -45.8498649597168 1.7000000476837158
endloop
endfacet
facet normal -0.8314665660174577 -0.5555747920803612 0
outer loop
vertex -9.674867630004883 -45.359458923339844 1.7000000476837158
vertex -9.674867630004883 -45.359458923339844 0
vertex -9.577320098876953 -45.50544738769531 1.7000000476837158
endloop
endfacet
facet normal -0.5555772839934787 -0.8314649009491799 0
outer loop
vertex -9.820858001708984 -45.26190948486328 1.7000000476837158
vertex -9.820858001708984 -45.26190948486328 0
vertex -9.674867630004883 -45.359458923339844 1.7000000476837158
endloop
endfacet
facet normal -0.1950788122039888 -0.9807875697770038 0
outer loop
vertex -9.99306583404541 -45.227657318115234 1.7000000476837158
vertex -9.99306583404541 -45.227657318115234 0
vertex -9.820858001708984 -45.26190948486328 1.7000000476837158
endloop
endfacet
facet normal -0.9807852845629332 -0.19509030110388895 0
outer loop
vertex -9.577320098876953 -45.50544738769531 1.7000000476837158
vertex -9.577320098876953 -45.50544738769531 0
vertex -9.543066024780273 -45.67765426635742 1.7000000476837158
endloop
endfacet
facet normal -0.9807861114401027 0.19508614406513386 0
outer loop
vertex -9.543066024780273 -45.67765426635742 1.7000000476837158
vertex -9.543066024780273 -45.67765426635742 0
vertex -9.577320098876953 -45.8498649597168 1.7000000476837158
endloop
endfacet
facet normal 0.1950788122039888 -0.9807875697770038 0
outer loop
vertex -10.165273666381836 -45.26190948486328 1.7000000476837158
vertex -10.165273666381836 -45.26190948486328 0
vertex -9.99306583404541 -45.227657318115234 1.7000000476837158
endloop
endfacet
facet normal 0.5555772839934787 -0.8314649009491799 0
outer loop
vertex -10.311264038085938 -45.359458923339844 1.7000000476837158
vertex -10.311264038085938 -45.359458923339844 0
vertex -10.165273666381836 -45.26190948486328 1.7000000476837158
endloop
endfacet
facet normal 0.8314665660174577 -0.5555747920803612 0
outer loop
vertex -10.408811569213867 -45.50544738769531 1.7000000476837158
vertex -10.408811569213867 -45.50544738769531 0
vertex -10.311264038085938 -45.359458923339844 1.7000000476837158
endloop
endfacet
facet normal 0.9807852845629332 -0.19509030110388895 0
outer loop
vertex -10.443065643310547 -45.67765426635742 1.7000000476837158
vertex -10.443065643310547 -45.67765426635742 0
vertex -10.408811569213867 -45.50544738769531 1.7000000476837158
endloop
endfacet
facet normal 0.9807861114401027 0.19508614406513386 0
outer loop
vertex -10.408811569213867 -45.8498649597168 1.7000000476837158
vertex -10.408811569213867 -45.8498649597168 0
vertex -10.443065643310547 -45.67765426635742 1.7000000476837158
endloop
endfacet
facet normal -0.8314665660174577 0.5555747920803612 0
outer loop
vertex -9.577320098876953 -45.8498649597168 1.7000000476837158
vertex -9.577320098876953 -45.8498649597168 0
vertex -9.674867630004883 -45.995853424072266 1.7000000476837158
endloop
endfacet
facet normal -0.5555772839934787 0.8314649009491799 0
outer loop
vertex -9.674867630004883 -45.995853424072266 1.7000000476837158
vertex -9.674867630004883 -45.995853424072266 0
vertex -9.820858001708984 -46.09340286254883 1.7000000476837158
endloop
endfacet
facet normal -0.1950788122039888 0.9807875697770038 0
outer loop
vertex -9.820858001708984 -46.09340286254883 1.7000000476837158
vertex -9.820858001708984 -46.09340286254883 0
vertex -9.99306583404541 -46.127655029296875 1.7000000476837158
endloop
endfacet
facet normal 0.1950788122039888 0.9807875697770038 0
outer loop
vertex -9.99306583404541 -46.127655029296875 1.7000000476837158
vertex -9.99306583404541 -46.127655029296875 0
vertex -10.165273666381836 -46.09340286254883 1.7000000476837158
endloop
endfacet
facet normal 0.5555772839934787 0.8314649009491799 0
outer loop
vertex -10.165273666381836 -46.09340286254883 1.7000000476837158
vertex -10.165273666381836 -46.09340286254883 0
vertex -10.311264038085938 -45.995853424072266 1.7000000476837158
endloop
endfacet
facet normal -0.5555747749587596 -0.8314665774578817 0
outer loop
vertex -9.821112632751465 -46.53190994262695 1.7000000476837158
vertex -9.821112632751465 -46.53190994262695 0
vertex -9.675121307373047 -46.629459381103516 1.7000000476837158
endloop
endfacet
facet normal 0.8314732719568675 0.5555647559208026 0
outer loop
vertex -10.409065246582031 -47.1198616027832 0
vertex -10.409065246582031 -47.1198616027832 1.7000000476837158
vertex -10.311517715454102 -47.26585388183594 0
endloop
endfacet
facet normal -0.8314665660174577 -0.5555747920803612 0
outer loop
vertex -9.675121307373047 -46.629459381103516 1.7000000476837158
vertex -9.675121307373047 -46.629459381103516 0
vertex -9.577573776245117 -46.775447845458984 1.7000000476837158
endloop
endfacet
facet normal -0.1950798514286955 0.9807873630744628 0
outer loop
vertex -9.993319511413574 -47.39765548706055 0
vertex -9.993319511413574 -47.39765548706055 1.7000000476837158
vertex -9.821112632751465 -47.3634033203125 0
endloop
endfacet
facet normal 0.19509971138541468 -0.9807834126948354 0
outer loop
vertex -10.16552734375 -46.53190994262695 1.7000000476837158
vertex -10.16552734375 -46.53190994262695 0
vertex -9.993319511413574 -46.49765396118164 1.7000000476837158
endloop
endfacet
facet normal 0.5555772839934787 -0.8314649009491799 0
outer loop
vertex -10.311517715454102 -46.629459381103516 1.7000000476837158
vertex -10.311517715454102 -46.629459381103516 0
vertex -10.16552734375 -46.53190994262695 1.7000000476837158
endloop
endfacet
facet normal -0.9807852845629332 -0.19509030110388895 0
outer loop
vertex -9.577573776245117 -46.775447845458984 1.7000000476837158
vertex -9.577573776245117 -46.775447845458984 0
vertex -9.543319702148438 -46.947654724121094 1.7000000476837158
endloop
endfacet
facet normal -0.9807852845629332 0.19509030110388895 0
outer loop
vertex -9.543319702148438 -46.947654724121094 1.7000000476837158
vertex -9.543319702148438 -46.947654724121094 0
vertex -9.577573776245117 -47.1198616027832 1.7000000476837158
endloop
endfacet
facet normal -0.8314732719568675 0.5555647559208026 0
outer loop
vertex -9.577573776245117 -47.1198616027832 1.7000000476837158
vertex -9.577573776245117 -47.1198616027832 0
vertex -9.675121307373047 -47.26585388183594 1.7000000476837158
endloop
endfacet
facet normal -0.5555747749587596 0.8314665774578817 0
outer loop
vertex -9.675121307373047 -47.26585388183594 1.7000000476837158
vertex -9.675121307373047 -47.26585388183594 0
vertex -9.821112632751465 -47.3634033203125 1.7000000476837158
endloop
endfacet
facet normal -0.1950798514286955 0.9807873630744628 0
outer loop
vertex -9.821112632751465 -47.3634033203125 1.7000000476837158
vertex -9.821112632751465 -47.3634033203125 0
vertex -9.993319511413574 -47.39765548706055 1.7000000476837158
endloop
endfacet
facet normal 0.1950788122039888 0.9807875697770038 0
outer loop
vertex -9.993319511413574 -47.39765548706055 1.7000000476837158
vertex -9.993319511413574 -47.39765548706055 0
vertex -10.16552734375 -47.3634033203125 1.7000000476837158
endloop
endfacet
facet normal 0.8314665660174577 -0.5555747920803612 0
outer loop
vertex -10.409065246582031 -46.775447845458984 1.7000000476837158
vertex -10.409065246582031 -46.775447845458984 0
vertex -10.311517715454102 -46.629459381103516 1.7000000476837158
endloop
endfacet
facet normal 0.9807842452687219 -0.1950955259165719 0
outer loop
vertex -10.443320274353027 -46.947654724121094 1.7000000476837158
vertex -10.443320274353027 -46.947654724121094 0
vertex -10.409065246582031 -46.775447845458984 1.7000000476837158
endloop
endfacet
facet normal 0.9807842452687219 0.1950955259165719 0
outer loop
vertex -10.409065246582031 -47.1198616027832 1.7000000476837158
vertex -10.409065246582031 -47.1198616027832 0
vertex -10.443320274353027 -46.947654724121094 1.7000000476837158
endloop
endfacet
facet normal 0.5555772839934787 0.8314649009491799 0
outer loop
vertex -10.16552734375 -47.3634033203125 1.7000000476837158
vertex -10.16552734375 -47.3634033203125 0
vertex -10.311517715454102 -47.26585388183594 1.7000000476837158
endloop
endfacet
facet normal 0.8314732719568675 0.5555647559208026 0
outer loop
vertex -10.311517715454102 -47.26585388183594 1.7000000476837158
vertex -10.311517715454102 -47.26585388183594 0
vertex -10.409065246582031 -47.1198616027832 1.7000000476837158
endloop
endfacet
facet normal 0 0 -1
outer loop
vertex -10.16552734375 -46.53190994262695 1.7000000476837158
vertex -10.311517715454102 -47.26585388183594 1.7000000476837158
vertex -10.311517715454102 -46.629459381103516 1.7000000476837158
endloop
endfacet
facet normal 0 0 -1
outer loop
vertex -10.16552734375 -47.3634033203125 1.7000000476837158
vertex -10.16552734375 -46.53190994262695 1.7000000476837158
vertex -9.993319511413574 -46.49765396118164 1.7000000476837158
endloop
endfacet
facet normal 0 0 -1
outer loop
vertex -9.993319511413574 -47.39765548706055 1.7000000476837158
vertex -10.16552734375 -47.3634033203125 1.7000000476837158
vertex -9.993319511413574 -46.49765396118164 1.7000000476837158
endloop
endfacet
facet normal 0 0 -1
outer loop
vertex -9.821112632751465 -47.3634033203125 1.7000000476837158
vertex -9.993319511413574 -47.39765548706055 1.7000000476837158
vertex -9.821112632751465 -46.53190994262695 1.7000000476837158
endloop
endfacet
facet normal 0 0 -1
outer loop
vertex -9.821112632751465 -46.53190994262695 1.7000000476837158
vertex -9.993319511413574 -47.39765548706055 1.7000000476837158
vertex -9.993319511413574 -46.49765396118164 1.7000000476837158
endloop
endfacet
facet normal 0 0 -1
outer loop
vertex -9.675121307373047 -47.26585388183594 1.7000000476837158
vertex -9.821112632751465 -47.3634033203125 1.7000000476837158
vertex -9.675121307373047 -46.629459381103516 1.7000000476837158
endloop
endfacet
facet normal 0 0 -1
outer loop
vertex -9.577573776245117 -47.1198616027832 1.7000000476837158
vertex -9.675121307373047 -47.26585388183594 1.7000000476837158
vertex -9.577573776245117 -46.775447845458984 1.7000000476837158
endloop
endfacet
facet normal 0 0 -1
outer loop
vertex -9.543319702148438 -46.947654724121094 1.7000000476837158
vertex -9.577573776245117 -47.1198616027832 1.7000000476837158
vertex -9.577573776245117 -46.775447845458984 1.7000000476837158
endloop
endfacet
facet normal 0 0 -1
outer loop
vertex -9.675121307373047 -46.629459381103516 1.7000000476837158
vertex -9.821112632751465 -47.3634033203125 1.7000000476837158
vertex -9.821112632751465 -46.53190994262695 1.7000000476837158
endloop
endfacet
facet normal 0 0 -1
outer loop
vertex -9.675121307373047 -46.629459381103516 1.7000000476837158
vertex -9.577573776245117 -46.775447845458984 1.7000000476837158
vertex -9.675121307373047 -47.26585388183594 1.7000000476837158
endloop
endfacet
facet normal -0.5555747749587596 0.8314665774578817 0
outer loop
vertex -9.821112632751465 -47.3634033203125 0
vertex -9.821112632751465 -47.3634033203125 1.7000000476837158
vertex -9.675121307373047 -47.26585388183594 0
endloop
endfacet
facet normal -0.8314732719568675 0.5555647559208026 0
outer loop
vertex -9.577573776245117 -47.1198616027832 0
vertex -9.675121307373047 -47.26585388183594 0
vertex -9.675121307373047 -47.26585388183594 1.7000000476837158
endloop
endfacet
facet normal -0.9807852845629332 0.19509030110388895 0
outer loop
vertex -9.543319702148438 -46.947654724121094 0
vertex -9.577573776245117 -47.1198616027832 0
vertex -9.577573776245117 -47.1198616027832 1.7000000476837158
endloop
endfacet
facet normal -0.9807852845629332 -0.19509030110388895 0
outer loop
vertex -9.577573776245117 -46.775447845458984 0
vertex -9.543319702148438 -46.947654724121094 0
vertex -9.543319702148438 -46.947654724121094 1.7000000476837158
endloop
endfacet
facet normal -0.8314665660174577 -0.5555747920803612 0
outer loop
vertex -9.675121307373047 -46.629459381103516 0
vertex -9.577573776245117 -46.775447845458984 0
vertex -9.577573776245117 -46.775447845458984 1.7000000476837158
endloop
endfacet
facet normal 0.8314665660174577 -0.5555747920803612 0
outer loop
vertex -10.311517715454102 -46.629459381103516 0
vertex -10.311517715454102 -46.629459381103516 1.7000000476837158
vertex -10.409065246582031 -46.775447845458984 0
endloop
endfacet
facet normal 0.5555772839934787 -0.8314649009491799 0
outer loop
vertex -10.16552734375 -46.53190994262695 0
vertex -10.16552734375 -46.53190994262695 1.7000000476837158
vertex -10.311517715454102 -46.629459381103516 0
endloop
endfacet
facet normal 0.19509971138541468 -0.9807834126948354 0
outer loop
vertex -9.993319511413574 -46.49765396118164 0
vertex -9.993319511413574 -46.49765396118164 1.7000000476837158
vertex -10.16552734375 -46.53190994262695 0
endloop
endfacet
facet normal -0.1951007507126451 -0.9807832059488795 0
outer loop
vertex -9.821112632751465 -46.53190994262695 0
vertex -9.821112632751465 -46.53190994262695 1.7000000476837158
vertex -9.993319511413574 -46.49765396118164 0
endloop
endfacet
facet normal 0 0 -1
outer loop
vertex -10.16552734375 -47.3634033203125 1.7000000476837158
vertex -10.311517715454102 -47.26585388183594 1.7000000476837158
vertex -10.16552734375 -46.53190994262695 1.7000000476837158
endloop
endfacet
facet normal 0 0 -1
outer loop
vertex -10.311517715454102 -46.629459381103516 1.7000000476837158
vertex -10.409065246582031 -47.1198616027832 1.7000000476837158
vertex -10.409065246582031 -46.775447845458984 1.7000000476837158
endloop
endfacet
facet normal -0.5555747749587596 -0.8314665774578817 0
outer loop
vertex -9.675121307373047 -46.629459381103516 0
vertex -9.675121307373047 -46.629459381103516 1.7000000476837158
vertex -9.821112632751465 -46.53190994262695 0
endloop
endfacet
facet normal 0 0 -1
outer loop
vertex -10.409065246582031 -47.1198616027832 1.7000000476837158
vertex -10.443320274353027 -46.947654724121094 1.7000000476837158
vertex -10.409065246582031 -46.775447845458984 1.7000000476837158
endloop
endfacet
facet normal 0 0 -1
outer loop
vertex -10.311517715454102 -47.26585388183594 1.7000000476837158
vertex -10.409065246582031 -47.1198616027832 1.7000000476837158
vertex -10.311517715454102 -46.629459381103516 1.7000000476837158
endloop
endfacet
facet normal 0.9807842452687219 -0.1950955259165719 0
outer loop
vertex -10.409065246582031 -46.775447845458984 0
vertex -10.409065246582031 -46.775447845458984 1.7000000476837158
vertex -10.443320274353027 -46.947654724121094 0
endloop
endfacet
facet normal 0.9807842452687219 0.1950955259165719 0
outer loop
vertex -10.443320274353027 -46.947654724121094 0
vertex -10.443320274353027 -46.947654724121094 1.7000000476837158
vertex -10.409065246582031 -47.1198616027832 0
endloop
endfacet
facet normal 0.5555772839934787 0.8314649009491799 0
outer loop
vertex -10.311517715454102 -47.26585388183594 0
vertex -10.311517715454102 -47.26585388183594 1.7000000476837158
vertex -10.16552734375 -47.3634033203125 0
endloop
endfacet
facet normal 0.1950788122039888 0.9807875697770038 0
outer loop
vertex -9.993319511413574 -47.39765548706055 0
vertex -10.16552734375 -47.3634033203125 0
vertex -10.16552734375 -47.3634033203125 1.7000000476837158
endloop
endfacet
facet normal -0.1951007507126451 -0.9807832059488795 0
outer loop
vertex -9.993319511413574 -46.49765396118164 1.7000000476837158
vertex -9.993319511413574 -46.49765396118164 0
vertex -9.821112632751465 -46.53190994262695 1.7000000476837158
endloop
endfacet
facet normal 0 0 -1
outer loop
vertex 9.456642150878906 -43.137657165527344 1.7000000476837158
vertex 9.422388076782227 -43.30986404418945 1.7000000476837158
vertex 9.422388076782227 -42.96544647216797 1.7000000476837158
endloop
endfacet
facet normal -0.5555772839934787 -0.8314649009491799 0
outer loop
vertex 9.178850173950195 -42.72190856933594 1.7000000476837158
vertex 9.178850173950195 -42.72190856933594 0
vertex 9.324840545654297 -42.8194580078125 1.7000000476837158
endloop
endfacet
facet normal 0.5555772839934787 0.8314649009491799 0
outer loop
vertex 8.834434509277344 -43.553401947021484 0
vertex 8.688444137573242 -43.45585250854492 0
vertex 8.688444137573242 -43.45585250854492 1.7000000476837158
endloop
endfacet
facet normal -0.8314665660174577 -0.5555747920803612 0
outer loop
vertex 9.324840545654297 -42.8194580078125 1.7000000476837158
vertex 9.324840545654297 -42.8194580078125 0
vertex 9.422388076782227 -42.96544647216797 1.7000000476837158
endloop
endfacet
facet normal -0.9807861114401027 -0.19508614406513386 0
outer loop
vertex 9.422388076782227 -42.96544647216797 1.7000000476837158
vertex 9.422388076782227 -42.96544647216797 0
vertex 9.456642150878906 -43.137657165527344 1.7000000476837158
endloop
endfacet
facet normal -0.9807852845629332 0.19509030110388895 0
outer loop
vertex 9.456642150878906 -43.137657165527344 1.7000000476837158
vertex 9.456642150878906 -43.137657165527344 0
vertex 9.422388076782227 -43.30986404418945 1.7000000476837158
endloop
endfacet
facet normal 0.8314665660174577 0.5555747920803612 0
outer loop
vertex 8.590896606445312 -43.30986404418945 0
vertex 8.590896606445312 -43.30986404418945 1.7000000476837158
vertex 8.688444137573242 -43.45585250854492 0
endloop
endfacet
facet normal -0.8314665660174577 0.5555747920803612 0
outer loop
vertex 9.422388076782227 -43.30986404418945 1.7000000476837158
vertex 9.422388076782227 -43.30986404418945 0
vertex 9.324840545654297 -43.45585250854492 1.7000000476837158
endloop
endfacet
facet normal -0.5555772839934787 0.8314649009491799 0
outer loop
vertex 9.324840545654297 -43.45585250854492 1.7000000476837158
vertex 9.324840545654297 -43.45585250854492 0
vertex 9.178850173950195 -43.553401947021484 1.7000000476837158
endloop
endfacet
facet normal 0.9807852845629332 0.19509030110388895 0
outer loop
vertex 8.556642532348633 -43.137657165527344 0
vertex 8.556642532348633 -43.137657165527344 1.7000000476837158
vertex 8.590896606445312 -43.30986404418945 0
endloop
endfacet
facet normal 0.9807861114401027 -0.19508614406513386 0
outer loop
vertex 8.590896606445312 -42.96544647216797 0
vertex 8.590896606445312 -42.96544647216797 1.7000000476837158
vertex 8.556642532348633 -43.137657165527344 0
endloop
endfacet
facet normal 0.8314665660174577 -0.5555747920803612 0
outer loop
vertex 8.688444137573242 -42.8194580078125 0
vertex 8.688444137573242 -42.8194580078125 1.7000000476837158
vertex 8.590896606445312 -42.96544647216797 0
endloop
endfacet
facet normal 0.5555772839934787 -0.8314649009491799 0
outer loop
vertex 8.834434509277344 -42.72190856933594 0
vertex 8.834434509277344 -42.72190856933594 1.7000000476837158
vertex 8.688444137573242 -42.8194580078125 0
endloop
endfacet
facet normal 0.1950788122039888 -0.9807875697770038 0
outer loop
vertex 9.00664234161377 -42.68765640258789 0
vertex 9.00664234161377 -42.68765640258789 1.7000000476837158
vertex 8.834434509277344 -42.72190856933594 0
endloop
endfacet
facet normal -0.1950788122039888 -0.9807875697770038 0
outer loop
vertex 9.178850173950195 -42.72190856933594 0
vertex 9.178850173950195 -42.72190856933594 1.7000000476837158
vertex 9.00664234161377 -42.68765640258789 0
endloop
endfacet
facet normal 0 0 -1
outer loop
vertex 9.00664234161377 -43.58765411376953 1.7000000476837158
vertex 8.834434509277344 -43.553401947021484 1.7000000476837158
vertex 9.00664234161377 -42.68765640258789 1.7000000476837158
endloop
endfacet
facet normal 0 0 -1
outer loop
vertex 8.834434509277344 -42.72190856933594 1.7000000476837158
vertex 8.688444137573242 -43.45585250854492 1.7000000476837158
vertex 8.688444137573242 -42.8194580078125 1.7000000476837158
endloop
endfacet
facet normal 0 0 -1
outer loop
vertex 9.00664234161377 -42.68765640258789 1.7000000476837158
vertex 8.834434509277344 -43.553401947021484 1.7000000476837158
vertex 8.834434509277344 -42.72190856933594 1.7000000476837158
endloop
endfacet
facet normal 0 0 -1
outer loop
vertex 9.178850173950195 -43.553401947021484 1.7000000476837158
vertex 9.00664234161377 -43.58765411376953 1.7000000476837158
vertex 9.178850173950195 -42.72190856933594 1.7000000476837158
endloop
endfacet
facet normal 0 0 -1
outer loop
vertex 9.178850173950195 -42.72190856933594 1.7000000476837158
vertex 9.00664234161377 -43.58765411376953 1.7000000476837158
vertex 9.00664234161377 -42.68765640258789 1.7000000476837158
endloop
endfacet
facet normal 0 0 -1
outer loop
vertex 8.834434509277344 -43.553401947021484 1.7000000476837158
vertex 8.688444137573242 -43.45585250854492 1.7000000476837158
vertex 8.834434509277344 -42.72190856933594 1.7000000476837158
endloop
endfacet
facet normal 0 0 -1
outer loop
vertex 8.688444137573242 -42.8194580078125 1.7000000476837158
vertex 8.590896606445312 -43.30986404418945 1.7000000476837158
vertex 8.590896606445312 -42.96544647216797 1.7000000476837158
endloop
endfacet
facet normal 0 0 -1
outer loop
vertex 9.324840545654297 -42.8194580078125 1.7000000476837158
vertex 9.422388076782227 -42.96544647216797 1.7000000476837158
vertex 9.324840545654297 -43.45585250854492 1.7000000476837158
endloop
endfacet
facet normal 0 0 -1
outer loop
vertex 8.590896606445312 -43.30986404418945 1.7000000476837158
vertex 8.556642532348633 -43.137657165527344 1.7000000476837158
vertex 8.590896606445312 -42.96544647216797 1.7000000476837158
endloop
endfacet
facet normal 0 0 -1
outer loop
vertex 8.688444137573242 -43.45585250854492 1.7000000476837158
vertex 8.590896606445312 -43.30986404418945 1.7000000476837158
vertex 8.688444137573242 -42.8194580078125 1.7000000476837158
endloop
endfacet
facet normal 0 0 -1
outer loop
vertex 9.178850173950195 -43.553401947021484 1.7000000476837158
vertex 9.178850173950195 -42.72190856933594 1.7000000476837158
vertex 9.324840545654297 -42.8194580078125 1.7000000476837158
endloop
endfacet
facet normal 0 0 -1
outer loop
vertex 9.324840545654297 -43.45585250854492 1.7000000476837158
vertex 9.178850173950195 -43.553401947021484 1.7000000476837158
vertex 9.324840545654297 -42.8194580078125 1.7000000476837158
endloop
endfacet
facet normal 0 0 -1
outer loop
vertex 9.422388076782227 -43.30986404418945 1.7000000476837158
vertex 9.324840545654297 -43.45585250854492 1.7000000476837158
vertex 9.422388076782227 -42.96544647216797 1.7000000476837158
endloop
endfacet
facet normal -0.5555772839934787 0.8314649009491799 0
outer loop
vertex 9.178850173950195 -43.553401947021484 0
vertex 9.178850173950195 -43.553401947021484 1.7000000476837158
vertex 9.324840545654297 -43.45585250854492 0
endloop
endfacet
facet normal -0.1950788122039888 0.9807875697770038 0
outer loop
vertex 9.178850173950195 -43.553401947021484 0
vertex 9.00664234161377 -43.58765411376953 0
vertex 9.00664234161377 -43.58765411376953 1.7000000476837158
endloop
endfacet
facet normal 0.8314665660174577 0.5555747920803612 0
outer loop
vertex 8.688444137573242 -43.45585250854492 1.7000000476837158
vertex 8.688444137573242 -43.45585250854492 0
vertex 8.590896606445312 -43.30986404418945 1.7000000476837158
endloop
endfacet
facet normal 0.5555772839934787 0.8314649009491799 0
outer loop
vertex 8.834434509277344 -43.553401947021484 1.7000000476837158
vertex 8.834434509277344 -43.553401947021484 0
vertex 8.688444137573242 -43.45585250854492 1.7000000476837158
endloop
endfacet
facet normal 0.1950788122039888 0.9807875697770038 0
outer loop
vertex 9.00664234161377 -43.58765411376953 1.7000000476837158
vertex 9.00664234161377 -43.58765411376953 0
vertex 8.834434509277344 -43.553401947021484 1.7000000476837158
endloop
endfacet
facet normal -0.8314665660174577 0.5555747920803612 0
outer loop
vertex 9.422388076782227 -43.30986404418945 0
vertex 9.324840545654297 -43.45585250854492 0
vertex 9.324840545654297 -43.45585250854492 1.7000000476837158
endloop
endfacet
facet normal -0.9807852845629332 0.19509030110388895 0
outer loop
vertex 9.456642150878906 -43.137657165527344 0
vertex 9.422388076782227 -43.30986404418945 0
vertex 9.422388076782227 -43.30986404418945 1.7000000476837158
endloop
endfacet
facet normal -0.8314665660174577 -0.5555747920803612 0
outer loop
vertex 9.324840545654297 -42.8194580078125 0
vertex 9.422388076782227 -42.96544647216797 0
vertex 9.422388076782227 -42.96544647216797 1.7000000476837158
endloop
endfacet
facet normal -0.9807861114401027 -0.19508614406513386 0
outer loop
vertex 9.422388076782227 -42.96544647216797 0
vertex 9.456642150878906 -43.137657165527344 0
vertex 9.456642150878906 -43.137657165527344 1.7000000476837158
endloop
endfacet
facet normal -0.5555772839934787 -0.8314649009491799 0
outer loop
vertex 9.324840545654297 -42.8194580078125 0
vertex 9.324840545654297 -42.8194580078125 1.7000000476837158
vertex 9.178850173950195 -42.72190856933594 0
endloop
endfacet
facet normal -0.1950788122039888 0.9807875697770038 0
outer loop
vertex 9.178850173950195 -43.553401947021484 1.7000000476837158
vertex 9.178850173950195 -43.553401947021484 0
vertex 9.00664234161377 -43.58765411376953 1.7000000476837158
endloop
endfacet
facet normal 0.9807852845629332 0.19509030110388895 0
outer loop
vertex 8.590896606445312 -43.30986404418945 1.7000000476837158
vertex 8.590896606445312 -43.30986404418945 0
vertex 8.556642532348633 -43.137657165527344 1.7000000476837158
endloop
endfacet
facet normal 0.9807861114401027 -0.19508614406513386 0
outer loop
vertex 8.556642532348633 -43.137657165527344 1.7000000476837158
vertex 8.556642532348633 -43.137657165527344 0
vertex 8.590896606445312 -42.96544647216797 1.7000000476837158
endloop
endfacet
facet normal 0.8314665660174577 -0.5555747920803612 0
outer loop
vertex 8.590896606445312 -42.96544647216797 1.7000000476837158
vertex 8.590896606445312 -42.96544647216797 0
vertex 8.688444137573242 -42.8194580078125 1.7000000476837158
endloop
endfacet
facet normal 0.5555772839934787 -0.8314649009491799 0
outer loop
vertex 8.688444137573242 -42.8194580078125 1.7000000476837158
vertex 8.688444137573242 -42.8194580078125 0
vertex 8.834434509277344 -42.72190856933594 1.7000000476837158
endloop
endfacet
facet normal 0.1950788122039888 -0.9807875697770038 0
outer loop
vertex 8.834434509277344 -42.72190856933594 1.7000000476837158
vertex 8.834434509277344 -42.72190856933594 0
vertex 9.00664234161377 -42.68765640258789 1.7000000476837158
endloop
endfacet
facet normal -0.1950788122039888 -0.9807875697770038 0
outer loop
vertex 9.00664234161377 -42.68765640258789 1.7000000476837158
vertex 9.00664234161377 -42.68765640258789 0
vertex 9.178850173950195 -42.72190856933594 1.7000000476837158
endloop
endfacet
facet normal 0.1950788122039888 0.9807875697770038 0
outer loop
vertex 9.00664234161377 -43.58765411376953 0
vertex 8.834434509277344 -43.553401947021484 0
vertex 8.834434509277344 -43.553401947021484 1.7000000476837158
endloop
endfacet
facet normal 0.5555772839934787 0.8314649009491799 0
outer loop
vertex 8.834434509277344 -44.823402404785156 1.7000000476837158
vertex 8.834434509277344 -44.823402404785156 0
vertex 8.688444137573242 -44.725852966308594 1.7000000476837158
endloop
endfacet
facet normal 0 0 -1
outer loop
vertex 9.324840545654297 -44.725852966308594 1.7000000476837158
vertex 9.178850173950195 -44.823402404785156 1.7000000476837158
vertex 9.324840545654297 -44.08945846557617 1.7000000476837158
endloop
endfacet
facet normal 0 0 -1
outer loop
vertex 8.834434509277344 -43.99190902709961 1.7000000476837158
vertex 8.688444137573242 -44.725852966308594 1.7000000476837158
vertex 8.688444137573242 -44.08945846557617 1.7000000476837158
endloop
endfacet
facet normal 0 0 -1
outer loop
vertex 9.00664234161377 -43.95765686035156 1.7000000476837158
vertex 8.834434509277344 -44.823402404785156 1.7000000476837158
vertex 8.834434509277344 -43.99190902709961 1.7000000476837158
endloop
endfacet
facet normal 0 0 -1
outer loop
vertex 9.178850173950195 -44.823402404785156 1.7000000476837158
vertex 9.00664234161377 -44.8576545715332 1.7000000476837158
vertex 9.178850173950195 -43.99190902709961 1.7000000476837158
endloop
endfacet
facet normal 0 0 -1
outer loop
vertex 9.178850173950195 -43.99190902709961 1.7000000476837158
vertex 9.00664234161377 -44.8576545715332 1.7000000476837158
vertex 9.00664234161377 -43.95765686035156 1.7000000476837158
endloop
endfacet
facet normal 0 0 -1
outer loop
vertex 9.178850173950195 -44.823402404785156 1.7000000476837158
vertex 9.178850173950195 -43.99190902709961 1.7000000476837158
vertex 9.324840545654297 -44.08945846557617 1.7000000476837158
endloop
endfacet
facet normal 0 0 -1
outer loop
vertex 8.688444137573242 -44.08945846557617 1.7000000476837158
vertex 8.590896606445312 -44.579864501953125 1.7000000476837158
vertex 8.590896606445312 -44.23544692993164 1.7000000476837158
endloop
endfacet
facet normal 0 0 -1
outer loop
vertex 8.590896606445312 -44.579864501953125 1.7000000476837158
vertex 8.556642532348633 -44.407657623291016 1.7000000476837158
vertex 8.590896606445312 -44.23544692993164 1.7000000476837158
endloop
endfacet
facet normal 0 0 -1
outer loop
vertex 8.688444137573242 -44.725852966308594 1.7000000476837158
vertex 8.590896606445312 -44.579864501953125 1.7000000476837158
vertex 8.688444137573242 -44.08945846557617 1.7000000476837158
endloop
endfacet
facet normal -0.5555772839934787 -0.8314649009491799 0
outer loop
vertex 9.178850173950195 -43.99190902709961 1.7000000476837158
vertex 9.178850173950195 -43.99190902709961 0
vertex 9.324840545654297 -44.08945846557617 1.7000000476837158
endloop
endfacet
facet normal -0.1950788122039888 -0.9807875697770038 0
outer loop
vertex 9.00664234161377 -43.95765686035156 1.7000000476837158
vertex 9.00664234161377 -43.95765686035156 0
vertex 9.178850173950195 -43.99190902709961 1.7000000476837158
endloop
endfacet
facet normal 0.1950788122039888 -0.9807875697770038 0
outer loop
vertex 8.834434509277344 -43.99190902709961 1.7000000476837158
vertex 8.834434509277344 -43.99190902709961 0
vertex 9.00664234161377 -43.95765686035156 1.7000000476837158
endloop
endfacet
facet normal 0.5555772839934787 -0.8314649009491799 0
outer loop
vertex 8.688444137573242 -44.08945846557617 1.7000000476837158
vertex 8.688444137573242 -44.08945846557617 0
vertex 8.834434509277344 -43.99190902709961 1.7000000476837158
endloop
endfacet
facet normal -0.1950788122039888 0.9807875697770038 0
outer loop
vertex 9.178850173950195 -44.823402404785156 1.7000000476837158
vertex 9.178850173950195 -44.823402404785156 0
vertex 9.00664234161377 -44.8576545715332 1.7000000476837158
endloop
endfacet
facet normal 0.8314665660174577 -0.5555747920803612 0
outer loop
vertex 8.590896606445312 -44.23544692993164 1.7000000476837158
vertex 8.590896606445312 -44.23544692993164 0
vertex 8.688444137573242 -44.08945846557617 1.7000000476837158
endloop
endfacet
facet normal 0.9807861114401027 -0.19508614406513386 0
outer loop
vertex 8.556642532348633 -44.407657623291016 1.7000000476837158
vertex 8.556642532348633 -44.407657623291016 0
vertex 8.590896606445312 -44.23544692993164 1.7000000476837158
endloop
endfacet
facet normal 0.9807852845629332 0.19509030110388895 0
outer loop
vertex 8.590896606445312 -44.579864501953125 1.7000000476837158
vertex 8.590896606445312 -44.579864501953125 0
vertex 8.556642532348633 -44.407657623291016 1.7000000476837158
endloop
endfacet
facet normal 0.1950788122039888 0.9807875697770038 0
outer loop
vertex 9.00664234161377 -44.8576545715332 1.7000000476837158
vertex 9.00664234161377 -44.8576545715332 0
vertex 8.834434509277344 -44.823402404785156 1.7000000476837158
endloop
endfacet
facet normal -0.1950788122039888 -0.9807875697770038 0
outer loop
vertex 9.178850173950195 -43.99190902709961 0
vertex 9.178850173950195 -43.99190902709961 1.7000000476837158
vertex 9.00664234161377 -43.95765686035156 0
endloop
endfacet
facet normal 0.1950788122039888 -0.9807875697770038 0
outer loop
vertex 9.00664234161377 -43.95765686035156 0
vertex 9.00664234161377 -43.95765686035156 1.7000000476837158
vertex 8.834434509277344 -43.99190902709961 0
endloop
endfacet
facet normal 0.5555772839934787 -0.8314649009491799 0
outer loop
vertex 8.834434509277344 -43.99190902709961 0
vertex 8.834434509277344 -43.99190902709961 1.7000000476837158
vertex 8.688444137573242 -44.08945846557617 0
endloop
endfacet
facet normal 0.8314665660174577 -0.5555747920803612 0
outer loop
vertex 8.688444137573242 -44.08945846557617 0
vertex 8.688444137573242 -44.08945846557617 1.7000000476837158
vertex 8.590896606445312 -44.23544692993164 0
endloop
endfacet
facet normal -0.5555772839934787 0.8314649009491799 0
outer loop
vertex 9.178850173950195 -44.823402404785156 0
vertex 9.178850173950195 -44.823402404785156 1.7000000476837158
vertex 9.324840545654297 -44.725852966308594 0
endloop
endfacet
facet normal -0.1950788122039888 0.9807875697770038 0
outer loop
vertex 9.178850173950195 -44.823402404785156 0
vertex 9.00664234161377 -44.8576545715332 0
vertex 9.00664234161377 -44.8576545715332 1.7000000476837158
endloop
endfacet
facet normal 0.5555772839934787 0.8314649009491799 0
outer loop
vertex 8.834434509277344 -44.823402404785156 0
vertex 8.688444137573242 -44.725852966308594 0
vertex 8.688444137573242 -44.725852966308594 1.7000000476837158
endloop
endfacet
facet normal 0.1950788122039888 0.9807875697770038 0
outer loop
vertex 9.00664234161377 -44.8576545715332 0
vertex 8.834434509277344 -44.823402404785156 0
vertex 8.834434509277344 -44.823402404785156 1.7000000476837158
endloop
endfacet
facet normal 0.9807861114401027 -0.19508614406513386 0
outer loop
vertex 8.590896606445312 -44.23544692993164 0
vertex 8.590896606445312 -44.23544692993164 1.7000000476837158
vertex 8.556642532348633 -44.407657623291016 0
endloop
endfacet
facet normal 0.8314665660174577 0.5555747920803612 0
outer loop
vertex 8.688444137573242 -44.725852966308594 1.7000000476837158
vertex 8.688444137573242 -44.725852966308594 0
vertex 8.590896606445312 -44.579864501953125 1.7000000476837158
endloop
endfacet
facet normal 0.9807852845629332 0.19509030110388895 0
outer loop
vertex 8.556642532348633 -44.407657623291016 0
vertex 8.556642532348633 -44.407657623291016 1.7000000476837158
vertex 8.590896606445312 -44.579864501953125 0
endloop
endfacet
facet normal 0.8314665660174577 0.5555747920803612 0
outer loop
vertex 8.590896606445312 -44.579864501953125 0
vertex 8.590896606445312 -44.579864501953125 1.7000000476837158
vertex 8.688444137573242 -44.725852966308594 0
endloop
endfacet
facet normal -0.8314665660174577 -0.5555747920803612 0
outer loop
vertex 9.324840545654297 -44.08945846557617 1.7000000476837158
vertex 9.324840545654297 -44.08945846557617 0
vertex 9.422388076782227 -44.23544692993164 1.7000000476837158
endloop
endfacet
facet normal -0.9807861114401027 -0.19508614406513386 0
outer loop
vertex 9.422388076782227 -44.23544692993164 1.7000000476837158
vertex 9.422388076782227 -44.23544692993164 0
vertex 9.456642150878906 -44.407657623291016 1.7000000476837158
endloop
endfacet
facet normal -0.9807852845629332 0.19509030110388895 0
outer loop
vertex 9.456642150878906 -44.407657623291016 1.7000000476837158
vertex 9.456642150878906 -44.407657623291016 0
vertex 9.422388076782227 -44.579864501953125 1.7000000476837158
endloop
endfacet
facet normal -0.8314665660174577 0.5555747920803612 0
outer loop
vertex 9.422388076782227 -44.579864501953125 0
vertex 9.324840545654297 -44.725852966308594 0
vertex 9.324840545654297 -44.725852966308594 1.7000000476837158
endloop
endfacet
facet normal -0.9807852845629332 0.19509030110388895 0
outer loop
vertex 9.456642150878906 -44.407657623291016 0
vertex 9.422388076782227 -44.579864501953125 0
vertex 9.422388076782227 -44.579864501953125 1.7000000476837158
endloop
endfacet
facet normal -0.8314665660174577 -0.5555747920803612 0
outer loop
vertex 9.324840545654297 -44.08945846557617 0
vertex 9.422388076782227 -44.23544692993164 0
vertex 9.422388076782227 -44.23544692993164 1.7000000476837158
endloop
endfacet
facet normal -0.9807861114401027 -0.19508614406513386 0
outer loop
vertex 9.422388076782227 -44.23544692993164 0
vertex 9.456642150878906 -44.407657623291016 0
vertex 9.456642150878906 -44.407657623291016 1.7000000476837158
endloop
endfacet
facet normal -0.8314665660174577 0.5555747920803612 0
outer loop
vertex 9.422388076782227 -44.579864501953125 1.7000000476837158
vertex 9.422388076782227 -44.579864501953125 0
vertex 9.324840545654297 -44.725852966308594 1.7000000476837158
endloop
endfacet
facet normal -0.5555772839934787 0.8314649009491799 0
outer loop
vertex 9.324840545654297 -44.725852966308594 1.7000000476837158
vertex 9.324840545654297 -44.725852966308594 0
vertex 9.178850173950195 -44.823402404785156 1.7000000476837158
endloop
endfacet
facet normal -0.5555772839934787 -0.8314649009491799 0
outer loop
vertex 9.324840545654297 -44.08945846557617 0
vertex 9.324840545654297 -44.08945846557617 1.7000000476837158
vertex 9.178850173950195 -43.99190902709961 0
endloop
endfacet
facet normal 0 0 -1
outer loop
vertex 9.324840545654297 -44.08945846557617 1.7000000476837158
vertex 9.422388076782227 -44.23544692993164 1.7000000476837158
vertex 9.324840545654297 -44.725852966308594 1.7000000476837158
endloop
endfacet
facet normal 0 0 -1
outer loop
vertex 9.456642150878906 -44.407657623291016 1.7000000476837158
vertex 9.422388076782227 -44.579864501953125 1.7000000476837158
vertex 9.422388076782227 -44.23544692993164 1.7000000476837158
endloop
endfacet
facet normal 0 0 -1
outer loop
vertex 8.834434509277344 -44.823402404785156 1.7000000476837158
vertex 8.688444137573242 -44.725852966308594 1.7000000476837158
vertex 8.834434509277344 -43.99190902709961 1.7000000476837158
endloop
endfacet
facet normal 0 0 -1
outer loop
vertex 9.422388076782227 -44.579864501953125 1.7000000476837158
vertex 9.324840545654297 -44.725852966308594 1.7000000476837158
vertex 9.422388076782227 -44.23544692993164 1.7000000476837158
endloop
endfacet
facet normal 0 0 -1
outer loop
vertex 9.00664234161377 -44.8576545715332 1.7000000476837158
vertex 8.834434509277344 -44.823402404785156 1.7000000476837158
vertex 9.00664234161377 -43.95765686035156 1.7000000476837158
endloop
endfacet
facet normal 0.8314665660174577 0.5555747920803612 0
outer loop
vertex 8.688444137573242 -45.995853424072266 1.7000000476837158
vertex 8.688444137573242 -45.995853424072266 0
vertex 8.590896606445312 -45.8498649597168 1.7000000476837158
endloop
endfacet
facet normal 0 0 -1
outer loop
vertex 9.456642150878906 -45.67765426635742 1.7000000476837158
vertex 9.422388076782227 -45.8498649597168 1.7000000476837158
vertex 9.422388076782227 -45.50544738769531 1.7000000476837158
endloop
endfacet
facet normal 0 0 -1
outer loop
vertex 9.422388076782227 -45.8498649597168 1.7000000476837158
vertex 9.324840545654297 -45.995853424072266 1.7000000476837158
vertex 9.422388076782227 -45.50544738769531 1.7000000476837158
endloop
endfacet
facet normal 0 0 -1
outer loop
vertex 9.324840545654297 -45.995853424072266 1.7000000476837158
vertex 9.178850173950195 -46.09340286254883 1.7000000476837158
vertex 9.324840545654297 -45.359458923339844 1.7000000476837158
endloop
endfacet
facet normal 0 0 -1
outer loop
vertex 8.688444137573242 -45.359458923339844 1.7000000476837158
vertex 8.590896606445312 -45.8498649597168 1.7000000476837158
vertex 8.590896606445312 -45.50544738769531 1.7000000476837158
endloop
endfacet
facet normal 0 0 -1
outer loop
vertex 8.834434509277344 -46.09340286254883 1.7000000476837158
vertex 8.688444137573242 -45.995853424072266 1.7000000476837158
vertex 8.834434509277344 -45.26190948486328 1.7000000476837158
endloop
endfacet
facet normal 0 0 -1
outer loop
vertex 8.590896606445312 -45.8498649597168 1.7000000476837158
vertex 8.556642532348633 -45.67765426635742 1.7000000476837158
vertex 8.590896606445312 -45.50544738769531 1.7000000476837158
endloop
endfacet
facet normal -0.8314665660174577 -0.5555747920803612 0
outer loop
vertex 9.324840545654297 -45.359458923339844 1.7000000476837158
vertex 9.324840545654297 -45.359458923339844 0
vertex 9.422388076782227 -45.50544738769531 1.7000000476837158
endloop
endfacet
facet normal 0.1950788122039888 0.9807875697770038 0
outer loop
vertex 9.00664234161377 -46.127655029296875 1.7000000476837158
vertex 9.00664234161377 -46.127655029296875 0
vertex 8.834434509277344 -46.09340286254883 1.7000000476837158
endloop
endfacet
facet normal 0 0 -1
outer loop
vertex 8.688444137573242 -45.995853424072266 1.7000000476837158
vertex 8.590896606445312 -45.8498649597168 1.7000000476837158
vertex 8.688444137573242 -45.359458923339844 1.7000000476837158
endloop
endfacet
facet normal 0.5555772839934787 0.8314649009491799 0
outer loop
vertex 8.834434509277344 -46.09340286254883 1.7000000476837158
vertex 8.834434509277344 -46.09340286254883 0
vertex 8.688444137573242 -45.995853424072266 1.7000000476837158
endloop
endfacet
facet normal -0.1950788122039888 0.9807875697770038 0
outer loop
vertex 9.178850173950195 -46.09340286254883 1.7000000476837158
vertex 9.178850173950195 -46.09340286254883 0
vertex 9.00664234161377 -46.127655029296875 1.7000000476837158
endloop
endfacet
facet normal 0.9807861114401027 0.19508614406513386 0
outer loop
vertex 8.590896606445312 -45.8498649597168 1.7000000476837158
vertex 8.590896606445312 -45.8498649597168 0
vertex 8.556642532348633 -45.67765426635742 1.7000000476837158
endloop
endfacet
facet normal 0.9807852845629332 -0.19509030110388895 0
outer loop
vertex 8.556642532348633 -45.67765426635742 1.7000000476837158
vertex 8.556642532348633 -45.67765426635742 0
vertex 8.590896606445312 -45.50544738769531 1.7000000476837158
endloop
endfacet
facet normal -0.5555772839934787 -0.8314649009491799 0
outer loop
vertex 9.324840545654297 -45.359458923339844 0
vertex 9.324840545654297 -45.359458923339844 1.7000000476837158
vertex 9.178850173950195 -45.26190948486328 0
endloop
endfacet
facet normal 0.8314665660174577 -0.5555747920803612 0
outer loop
vertex 8.590896606445312 -45.50544738769531 1.7000000476837158
vertex 8.590896606445312 -45.50544738769531 0
vertex 8.688444137573242 -45.359458923339844 1.7000000476837158
endloop
endfacet
facet normal -0.9807852845629332 -0.19509030110388895 0
outer loop
vertex 9.422388076782227 -45.50544738769531 0
vertex 9.456642150878906 -45.67765426635742 0
vertex 9.456642150878906 -45.67765426635742 1.7000000476837158
endloop
endfacet
facet normal 0.8314665660174577 0.5555747920803612 0
outer loop
vertex 8.590896606445312 -45.8498649597168 0
vertex 8.590896606445312 -45.8498649597168 1.7000000476837158
vertex 8.688444137573242 -45.995853424072266 0
endloop
endfacet
facet normal 0.5555772839934787 -0.8314649009491799 0
outer loop
vertex 8.688444137573242 -45.359458923339844 1.7000000476837158
vertex 8.688444137573242 -45.359458923339844 0
vertex 8.834434509277344 -45.26190948486328 1.7000000476837158
endloop
endfacet
facet normal -0.8314665660174577 -0.5555747920803612 0
outer loop
vertex 9.324840545654297 -45.359458923339844 0
vertex 9.422388076782227 -45.50544738769531 0
vertex 9.422388076782227 -45.50544738769531 1.7000000476837158
endloop
endfacet
facet normal 0.1950788122039888 -0.9807875697770038 0
outer loop
vertex 8.834434509277344 -45.26190948486328 1.7000000476837158
vertex 8.834434509277344 -45.26190948486328 0
vertex 9.00664234161377 -45.227657318115234 1.7000000476837158
endloop
endfacet
facet normal 0.1950788122039888 0.9807875697770038 0
outer loop
vertex 9.00664234161377 -46.127655029296875 0
vertex 8.834434509277344 -46.09340286254883 0
vertex 8.834434509277344 -46.09340286254883 1.7000000476837158
endloop
endfacet
facet normal 0.5555772839934787 0.8314649009491799 0
outer loop
vertex 8.834434509277344 -46.09340286254883 0
vertex 8.688444137573242 -45.995853424072266 0
vertex 8.688444137573242 -45.995853424072266 1.7000000476837158
endloop
endfacet
facet normal -0.1950788122039888 0.9807875697770038 0
outer loop
vertex 9.178850173950195 -46.09340286254883 0
vertex 9.00664234161377 -46.127655029296875 0
vertex 9.00664234161377 -46.127655029296875 1.7000000476837158
endloop
endfacet
facet normal -0.5555772839934787 0.8314649009491799 0
outer loop
vertex 9.178850173950195 -46.09340286254883 0
vertex 9.178850173950195 -46.09340286254883 1.7000000476837158
vertex 9.324840545654297 -45.995853424072266 0
endloop
endfacet
facet normal 0.9807861114401027 0.19508614406513386 0
outer loop
vertex 8.590896606445312 -45.8498649597168 0
vertex 8.556642532348633 -45.67765426635742 0
vertex 8.556642532348633 -45.67765426635742 1.7000000476837158
endloop
endfacet
facet normal 0.9807852845629332 -0.19509030110388895 0
outer loop
vertex 8.590896606445312 -45.50544738769531 0
vertex 8.590896606445312 -45.50544738769531 1.7000000476837158
vertex 8.556642532348633 -45.67765426635742 0
endloop
endfacet
facet normal 0.8314665660174577 -0.5555747920803612 0
outer loop
vertex 8.688444137573242 -45.359458923339844 0
vertex 8.688444137573242 -45.359458923339844 1.7000000476837158
vertex 8.590896606445312 -45.50544738769531 0
endloop
endfacet
facet normal 0.5555772839934787 -0.8314649009491799 0
outer loop
vertex 8.834434509277344 -45.26190948486328 0
vertex 8.834434509277344 -45.26190948486328 1.7000000476837158
vertex 8.688444137573242 -45.359458923339844 0
endloop
endfacet
facet normal 0.1950788122039888 -0.9807875697770038 0
outer loop
vertex 9.00664234161377 -45.227657318115234 0
vertex 9.00664234161377 -45.227657318115234 1.7000000476837158
vertex 8.834434509277344 -45.26190948486328 0
endloop
endfacet
facet normal -0.1950788122039888 -0.9807875697770038 0
outer loop
vertex 9.178850173950195 -45.26190948486328 0
vertex 9.178850173950195 -45.26190948486328 1.7000000476837158
vertex 9.00664234161377 -45.227657318115234 0
endloop
endfacet
facet normal -0.1950788122039888 -0.9807875697770038 0
outer loop
vertex 9.00664234161377 -45.227657318115234 1.7000000476837158
vertex 9.00664234161377 -45.227657318115234 0
vertex 9.178850173950195 -45.26190948486328 1.7000000476837158
endloop
endfacet
facet normal -0.5555772839934787 -0.8314649009491799 0
outer loop
vertex 9.178850173950195 -45.26190948486328 1.7000000476837158
vertex 9.178850173950195 -45.26190948486328 0
vertex 9.324840545654297 -45.359458923339844 1.7000000476837158
endloop
endfacet
facet normal -0.9807852845629332 -0.19509030110388895 0
outer loop
vertex 9.422388076782227 -45.50544738769531 1.7000000476837158
vertex 9.422388076782227 -45.50544738769531 0
vertex 9.456642150878906 -45.67765426635742 1.7000000476837158
endloop
endfacet
facet normal -0.9807861114401027 0.19508614406513386 0
outer loop
vertex 9.456642150878906 -45.67765426635742 1.7000000476837158
vertex 9.456642150878906 -45.67765426635742 0
vertex 9.422388076782227 -45.8498649597168 1.7000000476837158
endloop
endfacet
facet normal -0.8314665660174577 0.5555747920803612 0
outer loop
vertex 9.422388076782227 -45.8498649597168 1.7000000476837158
vertex 9.422388076782227 -45.8498649597168 0
vertex 9.324840545654297 -45.995853424072266 1.7000000476837158
endloop
endfacet
facet normal -0.5555772839934787 0.8314649009491799 0
outer loop
vertex 9.324840545654297 -45.995853424072266 1.7000000476837158
vertex 9.324840545654297 -45.995853424072266 0
vertex 9.178850173950195 -46.09340286254883 1.7000000476837158
endloop
endfacet
facet normal 0 0 -1
outer loop
vertex 9.00664234161377 -46.127655029296875 1.7000000476837158
vertex 8.834434509277344 -46.09340286254883 1.7000000476837158
vertex 9.00664234161377 -45.227657318115234 1.7000000476837158
endloop
endfacet
facet normal 0 0 -1
outer loop
vertex 8.834434509277344 -45.26190948486328 1.7000000476837158
vertex 8.688444137573242 -45.995853424072266 1.7000000476837158
vertex 8.688444137573242 -45.359458923339844 1.7000000476837158
endloop
endfacet
facet normal -0.9807861114401027 0.19508614406513386 0
outer loop
vertex 9.456642150878906 -45.67765426635742 0
vertex 9.422388076782227 -45.8498649597168 0
vertex 9.422388076782227 -45.8498649597168 1.7000000476837158
endloop
endfacet
facet normal 0 0 -1
outer loop
vertex 9.00664234161377 -45.227657318115234 1.7000000476837158
vertex 8.834434509277344 -46.09340286254883 1.7000000476837158
vertex 8.834434509277344 -45.26190948486328 1.7000000476837158
endloop
endfacet
facet normal 0 0 -1
outer loop
vertex 9.178850173950195 -46.09340286254883 1.7000000476837158
vertex 9.00664234161377 -46.127655029296875 1.7000000476837158
vertex 9.178850173950195 -45.26190948486328 1.7000000476837158
endloop
endfacet
facet normal 0 0 -1
outer loop
vertex 9.178850173950195 -45.26190948486328 1.7000000476837158
vertex 9.00664234161377 -46.127655029296875 1.7000000476837158
vertex 9.00664234161377 -45.227657318115234 1.7000000476837158
endloop
endfacet
facet normal 0 0 -1
outer loop
vertex 9.178850173950195 -46.09340286254883 1.7000000476837158
vertex 9.178850173950195 -45.26190948486328 1.7000000476837158
vertex 9.324840545654297 -45.359458923339844 1.7000000476837158
endloop
endfacet
facet normal -0.8314665660174577 0.5555747920803612 0
outer loop
vertex 9.422388076782227 -45.8498649597168 0
vertex 9.324840545654297 -45.995853424072266 0
vertex 9.324840545654297 -45.995853424072266 1.7000000476837158
endloop
endfacet
facet normal 0 0 -1
outer loop
vertex 9.324840545654297 -45.359458923339844 1.7000000476837158
vertex 9.422388076782227 -45.50544738769531 1.7000000476837158
vertex 9.324840545654297 -45.995853424072266 1.7000000476837158
endloop
endfacet
facet normal 0.1950788122039888 0.9807875697770038 0
outer loop
vertex 9.00664234161377 -47.39765548706055 1.7000000476837158
vertex 9.00664234161377 -47.39765548706055 0
vertex 8.834434509277344 -47.3634033203125 1.7000000476837158
endloop
endfacet
facet normal -0.9807852845629332 0.19509030110388895 0
outer loop
vertex 9.456642150878906 -46.947654724121094 0
vertex 9.422388076782227 -47.1198616027832 0
vertex 9.422388076782227 -47.1198616027832 1.7000000476837158
endloop
endfacet
facet normal 0.19509971138541468 -0.9807834126948354 0
outer loop
vertex 9.00664234161377 -46.49765396118164 0
vertex 9.00664234161377 -46.49765396118164 1.7000000476837158
vertex 8.834434509277344 -46.53190994262695 0
endloop
endfacet
facet normal 0.5555772839934787 -0.8314649009491799 0
outer loop
vertex 8.834434509277344 -46.53190994262695 0
vertex 8.834434509277344 -46.53190994262695 1.7000000476837158
vertex 8.688444137573242 -46.629459381103516 0
endloop
endfacet
facet normal 0.8314665660174577 -0.5555747920803612 0
outer loop
vertex 8.688444137573242 -46.629459381103516 0
vertex 8.688444137573242 -46.629459381103516 1.7000000476837158
vertex 8.590896606445312 -46.775447845458984 0
endloop
endfacet
facet normal -0.5555772839934787 0.8314649009491799 0
outer loop
vertex 9.178850173950195 -47.3634033203125 0
vertex 9.178850173950195 -47.3634033203125 1.7000000476837158
vertex 9.324840545654297 -47.26585388183594 0
endloop
endfacet
facet normal -0.1950788122039888 0.9807875697770038 0
outer loop
vertex 9.00664234161377 -47.39765548706055 0
vertex 9.00664234161377 -47.39765548706055 1.7000000476837158
vertex 9.178850173950195 -47.3634033203125 0
endloop
endfacet
facet normal 0.5555772839934787 0.8314649009491799 0
outer loop
vertex 8.834434509277344 -47.3634033203125 0
vertex 8.688444137573242 -47.26585388183594 0
vertex 8.688444137573242 -47.26585388183594 1.7000000476837158
endloop
endfacet
facet normal 0.1950788122039888 0.9807875697770038 0
outer loop
vertex 9.00664234161377 -47.39765548706055 0
vertex 8.834434509277344 -47.3634033203125 0
vertex 8.834434509277344 -47.3634033203125 1.7000000476837158
endloop
endfacet
facet normal 0.9807852845629332 -0.19509030110388895 0
outer loop
vertex 8.590896606445312 -46.775447845458984 0
vertex 8.590896606445312 -46.775447845458984 1.7000000476837158
vertex 8.556642532348633 -46.947654724121094 0
endloop
endfacet
facet normal 0.9807852845629332 0.19509030110388895 0
outer loop
vertex 8.590896606445312 -47.1198616027832 0
vertex 8.556642532348633 -46.947654724121094 0
vertex 8.556642532348633 -46.947654724121094 1.7000000476837158
endloop
endfacet
facet normal 0.8314732719568675 0.5555647559208026 0
outer loop
vertex 8.590896606445312 -47.1198616027832 0
vertex 8.590896606445312 -47.1198616027832 1.7000000476837158
vertex 8.688444137573242 -47.26585388183594 0
endloop
endfacet
facet normal 0.8314732719568675 0.5555647559208026 0
outer loop
vertex 8.688444137573242 -47.26585388183594 1.7000000476837158
vertex 8.688444137573242 -47.26585388183594 0
vertex 8.590896606445312 -47.1198616027832 1.7000000476837158
endloop
endfacet
facet normal 0 0 -1
outer loop
vertex 9.324840545654297 -47.26585388183594 1.7000000476837158
vertex 9.178850173950195 -47.3634033203125 1.7000000476837158
vertex 9.324840545654297 -46.629459381103516 1.7000000476837158
endloop
endfacet
facet normal 0 0 -1
outer loop
vertex 9.422388076782227 -47.1198616027832 1.7000000476837158
vertex 9.324840545654297 -47.26585388183594 1.7000000476837158
vertex 9.422388076782227 -46.775447845458984 1.7000000476837158
endloop
endfacet
facet normal 0 0 -1
outer loop
vertex 9.456642150878906 -46.947654724121094 1.7000000476837158
vertex 9.422388076782227 -47.1198616027832 1.7000000476837158
vertex 9.422388076782227 -46.775447845458984 1.7000000476837158
endloop
endfacet
facet normal 0 0 -1
outer loop
vertex 9.324840545654297 -46.629459381103516 1.7000000476837158
vertex 9.422388076782227 -46.775447845458984 1.7000000476837158
vertex 9.324840545654297 -47.26585388183594 1.7000000476837158
endloop
endfacet
facet normal 0.9807852845629332 0.19509030110388895 0
outer loop
vertex 8.590896606445312 -47.1198616027832 1.7000000476837158
vertex 8.590896606445312 -47.1198616027832 0
vertex 8.556642532348633 -46.947654724121094 1.7000000476837158
endloop
endfacet
facet normal 0.9807852845629332 -0.19509030110388895 0
outer loop
vertex 8.556642532348633 -46.947654724121094 1.7000000476837158
vertex 8.556642532348633 -46.947654724121094 0
vertex 8.590896606445312 -46.775447845458984 1.7000000476837158
endloop
endfacet
facet normal 0.8314665660174577 -0.5555747920803612 0
outer loop
vertex 8.590896606445312 -46.775447845458984 1.7000000476837158
vertex 8.590896606445312 -46.775447845458984 0
vertex 8.688444137573242 -46.629459381103516 1.7000000476837158
endloop
endfacet
facet normal 0 0 -1
outer loop
vertex 8.688444137573242 -47.26585388183594 1.7000000476837158
vertex 8.590896606445312 -47.1198616027832 1.7000000476837158
vertex 8.688444137573242 -46.629459381103516 1.7000000476837158
endloop
endfacet
facet normal 0.5555772839934787 0.8314649009491799 0
outer loop
vertex 8.834434509277344 -47.3634033203125 1.7000000476837158
vertex 8.834434509277344 -47.3634033203125 0
vertex 8.688444137573242 -47.26585388183594 1.7000000476837158
endloop
endfacet
facet normal -0.1950788122039888 0.9807875697770038 0
outer loop
vertex 9.178850173950195 -47.3634033203125 1.7000000476837158
vertex 9.178850173950195 -47.3634033203125 0
vertex 9.00664234161377 -47.39765548706055 1.7000000476837158
endloop
endfacet
facet normal 0.5555772839934787 -0.8314649009491799 0
outer loop
vertex 8.688444137573242 -46.629459381103516 1.7000000476837158
vertex 8.688444137573242 -46.629459381103516 0
vertex 8.834434509277344 -46.53190994262695 1.7000000476837158
endloop
endfacet
facet normal 0.19509971138541468 -0.9807834126948354 0
outer loop
vertex 8.834434509277344 -46.53190994262695 1.7000000476837158
vertex 8.834434509277344 -46.53190994262695 0
vertex 9.00664234161377 -46.49765396118164 1.7000000476837158
endloop
endfacet
facet normal -0.19509971138541468 -0.9807834126948354 0
outer loop
vertex 9.00664234161377 -46.49765396118164 1.7000000476837158
vertex 9.00664234161377 -46.49765396118164 0
vertex 9.178850173950195 -46.53190994262695 1.7000000476837158
endloop
endfacet
facet normal -0.5555772839934787 -0.8314649009491799 0
outer loop
vertex 9.178850173950195 -46.53190994262695 1.7000000476837158
vertex 9.178850173950195 -46.53190994262695 0
vertex 9.324840545654297 -46.629459381103516 1.7000000476837158
endloop
endfacet
facet normal -0.5555772839934787 0.8314649009491799 0
outer loop
vertex 9.324840545654297 -47.26585388183594 1.7000000476837158
vertex 9.324840545654297 -47.26585388183594 0
vertex 9.178850173950195 -47.3634033203125 1.7000000476837158
endloop
endfacet
facet normal -0.8314732719568675 0.5555647559208026 0
outer loop
vertex 9.422388076782227 -47.1198616027832 1.7000000476837158
vertex 9.422388076782227 -47.1198616027832 0
vertex 9.324840545654297 -47.26585388183594 1.7000000476837158
endloop
endfacet
facet normal -0.9807852845629332 0.19509030110388895 0
outer loop
vertex 9.456642150878906 -46.947654724121094 1.7000000476837158
vertex 9.456642150878906 -46.947654724121094 0
vertex 9.422388076782227 -47.1198616027832 1.7000000476837158
endloop
endfacet
facet normal -0.9807852845629332 -0.19509030110388895 0
outer loop
vertex 9.422388076782227 -46.775447845458984 1.7000000476837158
vertex 9.422388076782227 -46.775447845458984 0
vertex 9.456642150878906 -46.947654724121094 1.7000000476837158
endloop
endfacet
facet normal -0.8314665660174577 -0.5555747920803612 0
outer loop
vertex 9.324840545654297 -46.629459381103516 1.7000000476837158
vertex 9.324840545654297 -46.629459381103516 0
vertex 9.422388076782227 -46.775447845458984 1.7000000476837158
endloop
endfacet
facet normal -0.8314732719568675 0.5555647559208026 0
outer loop
vertex 9.422388076782227 -47.1198616027832 0
vertex 9.324840545654297 -47.26585388183594 0
vertex 9.324840545654297 -47.26585388183594 1.7000000476837158
endloop
endfacet
facet normal 0 0 -1
outer loop
vertex 9.178850173950195 -47.3634033203125 1.7000000476837158
vertex 9.178850173950195 -46.53190994262695 1.7000000476837158
vertex 9.324840545654297 -46.629459381103516 1.7000000476837158
endloop
endfacet
facet normal 0 0 -1
outer loop
vertex 9.178850173950195 -46.53190994262695 1.7000000476837158
vertex 9.00664234161377 -47.39765548706055 1.7000000476837158
vertex 9.00664234161377 -46.49765396118164 1.7000000476837158
endloop
endfacet
facet normal 0 0 -1
outer loop
vertex 9.178850173950195 -47.3634033203125 1.7000000476837158
vertex 9.00664234161377 -47.39765548706055 1.7000000476837158
vertex 9.178850173950195 -46.53190994262695 1.7000000476837158
endloop
endfacet
facet normal 0 0 -1
outer loop
vertex 9.00664234161377 -46.49765396118164 1.7000000476837158
vertex 8.834434509277344 -47.3634033203125 1.7000000476837158
vertex 8.834434509277344 -46.53190994262695 1.7000000476837158
endloop
endfacet
facet normal 0 0 -1
outer loop
vertex 8.834434509277344 -46.53190994262695 1.7000000476837158
vertex 8.688444137573242 -47.26585388183594 1.7000000476837158
vertex 8.688444137573242 -46.629459381103516 1.7000000476837158
endloop
endfacet
facet normal 0 0 -1
outer loop
vertex 9.00664234161377 -47.39765548706055 1.7000000476837158
vertex 8.834434509277344 -47.3634033203125 1.7000000476837158
vertex 9.00664234161377 -46.49765396118164 1.7000000476837158
endloop
endfacet
facet normal 0 0 -1
outer loop
vertex 8.834434509277344 -47.3634033203125 1.7000000476837158
vertex 8.688444137573242 -47.26585388183594 1.7000000476837158
vertex 8.834434509277344 -46.53190994262695 1.7000000476837158
endloop
endfacet
facet normal 0 0 -1
outer loop
vertex 8.688444137573242 -46.629459381103516 1.7000000476837158
vertex 8.590896606445312 -47.1198616027832 1.7000000476837158
vertex 8.590896606445312 -46.775447845458984 1.7000000476837158
endloop
endfacet
facet normal 0 0 -1
outer loop
vertex 8.590896606445312 -47.1198616027832 1.7000000476837158
vertex 8.556642532348633 -46.947654724121094 1.7000000476837158
vertex 8.590896606445312 -46.775447845458984 1.7000000476837158
endloop
endfacet
facet normal -0.5555772839934787 -0.8314649009491799 0
outer loop
vertex 9.324840545654297 -46.629459381103516 0
vertex 9.324840545654297 -46.629459381103516 1.7000000476837158
vertex 9.178850173950195 -46.53190994262695 0
endloop
endfacet
facet normal -0.9807852845629332 -0.19509030110388895 0
outer loop
vertex 9.422388076782227 -46.775447845458984 0
vertex 9.456642150878906 -46.947654724121094 0
vertex 9.456642150878906 -46.947654724121094 1.7000000476837158
endloop
endfacet
facet normal -0.8314665660174577 -0.5555747920803612 0
outer loop
vertex 9.324840545654297 -46.629459381103516 0
vertex 9.422388076782227 -46.775447845458984 0
vertex 9.422388076782227 -46.775447845458984 1.7000000476837158
endloop
endfacet
facet normal -0.19509971138541468 -0.9807834126948354 0
outer loop
vertex 9.00664234161377 -46.49765396118164 0
vertex 9.178850173950195 -46.53190994262695 0
vertex 9.178850173950195 -46.53190994262695 1.7000000476837158
endloop
endfacet
facet normal 0 0 -1
outer loop
vertex -57.634185791015625 -50.46083068847656 0
vertex -57.768680572509766 -49.29513168334961 0
vertex -56.47332000732422 -49.29505920410156 0
endloop
endfacet
facet normal 0 0 -1
outer loop
vertex 69.11695098876953 37.66389083862305 0
vertex 69.1121597290039 18.66389274597168 0
vertex 53.406681060791016 15.402344703674316 0
endloop
endfacet
facet normal 0 0 -1
outer loop
vertex 10.856679916381836 -42.14765548706055 0
vertex 9.178850173950195 -42.28340148925781 0
vertex 9.324840545654297 -42.18585205078125 0
endloop
endfacet
facet normal 0 0 -1
outer loop
vertex 10.856679916381836 -42.14765548706055 0
vertex 9.324840545654297 -42.18585205078125 0
vertex 9.422388076782227 -42.03986358642578 0
endloop
endfacet
facet normal 0 0 -1
outer loop
vertex 10.856679916381836 -42.14765548706055 0
vertex 9.422388076782227 -42.03986358642578 0
vertex 9.456642150878906 -41.86765670776367 0
endloop
endfacet
facet normal 0 0 -1
outer loop
vertex 10.856679916381836 -42.14765548706055 0
vertex 9.456642150878906 -41.86765670776367 0
vertex 9.422388076782227 -41.69544982910156 0
endloop
endfacet
facet normal 0 0 -1
outer loop
vertex 9.324840545654297 -41.54945755004883 0
vertex 9.324840545654297 -40.915855407714844 0
vertex 9.422388076782227 -41.69544982910156 0
endloop
endfacet
facet normal 0 0 -1
outer loop
vertex 9.324840545654297 -41.54945755004883 0
vertex 9.178850173950195 -41.01340103149414 0
vertex 9.324840545654297 -40.915855407714844 0
endloop
endfacet
facet normal 0 0 -1
outer loop
vertex 9.324840545654297 -40.915855407714844 0
vertex 9.422388076782227 -40.76986312866211 0
vertex 9.422388076782227 -41.69544982910156 0
endloop
endfacet
facet normal 0 0 -1
outer loop
vertex 10.856679916381836 -42.14765548706055 0
vertex 9.422388076782227 -41.69544982910156 0
vertex 9.422388076782227 -40.76986312866211 0
endloop
endfacet
facet normal 0 0 -1
outer loop
vertex 10.856679916381836 -42.14765548706055 0
vertex 9.422388076782227 -40.76986312866211 0
vertex 9.456642150878906 -40.59765625 0
endloop
endfacet
facet normal 0 0 -1
outer loop
vertex 9.456642150878906 -40.59765625 0
vertex 10.856679916381836 -39.88473892211914 0
vertex 10.856679916381836 -42.14765548706055 0
endloop
endfacet
facet normal 0 0 -1
outer loop
vertex 15.4066801071167 -42.84765625 0
vertex 9.422388076782227 -43.30986404418945 0
vertex 15.4066801071167 -42.14765548706055 0
endloop
endfacet
facet normal 0 0 -1
outer loop
vertex 15.4066801071167 -42.14765548706055 0
vertex 9.00664234161377 -42.68765640258789 0
vertex 10.856679916381836 -42.14765548706055 0
endloop
endfacet
facet normal 0 0 -1
outer loop
vertex 20.406681060791016 -42.84765625 0
vertex 9.422388076782227 -47.1198616027832 0
vertex 15.4066801071167 -42.84765625 0
endloop
endfacet
facet normal 0 0 -1
outer loop
vertex 15.4066801071167 -42.14765548706055 0
vertex 9.422388076782227 -42.96544647216797 0
vertex 9.324840545654297 -42.8194580078125 0
endloop
endfacet
facet normal 0 0 -1
outer loop
vertex 9.178850173950195 -42.72190856933594 0
vertex 15.4066801071167 -42.14765548706055 0
vertex 9.324840545654297 -42.8194580078125 0
endloop
endfacet
facet normal 0 0 -1
outer loop
vertex 9.178850173950195 -42.72190856933594 0
vertex 9.00664234161377 -42.68765640258789 0
vertex 15.4066801071167 -42.14765548706055 0
endloop
endfacet
facet normal 0 0 -1
outer loop
vertex 15.4066801071167 -42.14765548706055 0
vertex 9.456642150878906 -43.137657165527344 0
vertex 9.422388076782227 -42.96544647216797 0
endloop
endfacet
facet normal 0 0 -1
outer loop
vertex 9.422388076782227 -43.30986404418945 0
vertex 9.456642150878906 -43.137657165527344 0
vertex 15.4066801071167 -42.14765548706055 0
endloop
endfacet
facet normal 0 0 -1
outer loop
vertex 15.4066801071167 -42.84765625 0
vertex 9.324840545654297 -43.45585250854492 0
vertex 9.422388076782227 -43.30986404418945 0
endloop
endfacet
facet normal 0 0 -1
outer loop
vertex 15.4066801071167 -42.84765625 0
vertex 9.324840545654297 -44.08945846557617 0
vertex 9.324840545654297 -43.45585250854492 0
endloop
endfacet
facet normal 0 0 -1
outer loop
vertex 15.4066801071167 -42.84765625 0
vertex 9.422388076782227 -44.23544692993164 0
vertex 9.324840545654297 -44.08945846557617 0
endloop
endfacet
facet normal 0 0 -1
outer loop
vertex 15.4066801071167 -42.84765625 0
vertex 9.456642150878906 -44.407657623291016 0
vertex 9.422388076782227 -44.23544692993164 0
endloop
endfacet
facet normal 0 0 -1
outer loop
vertex 15.4066801071167 -42.84765625 0
vertex 9.422388076782227 -44.579864501953125 0
vertex 9.456642150878906 -44.407657623291016 0
endloop
endfacet
facet normal 0 0 -1
outer loop
vertex 15.4066801071167 -42.84765625 0
vertex 9.324840545654297 -44.725852966308594 0
vertex 9.422388076782227 -44.579864501953125 0
endloop
endfacet
facet normal 0 0 -1
outer loop
vertex 9.324840545654297 -44.08945846557617 0
vertex 9.178850173950195 -43.553401947021484 0
vertex 9.324840545654297 -43.45585250854492 0
endloop
endfacet
facet normal 0 0 -1
outer loop
vertex 9.324840545654297 -47.26585388183594 0
vertex 9.422388076782227 -47.1198616027832 0
vertex 20.406681060791016 -42.84765625 0
endloop
endfacet
facet normal 0 0 -1
outer loop
vertex 15.4066801071167 -42.84765625 0
vertex 9.324840545654297 -45.359458923339844 0
vertex 9.324840545654297 -44.725852966308594 0
endloop
endfacet
facet normal 0 0 -1
outer loop
vertex 15.4066801071167 -42.84765625 0
vertex 9.422388076782227 -45.50544738769531 0
vertex 9.324840545654297 -45.359458923339844 0
endloop
endfacet
facet normal 0 0 -1
outer loop
vertex 15.4066801071167 -42.84765625 0
vertex 9.456642150878906 -45.67765426635742 0
vertex 9.422388076782227 -45.50544738769531 0
endloop
endfacet
facet normal 0 0 -1
outer loop
vertex 15.4066801071167 -42.84765625 0
vertex 9.422388076782227 -45.8498649597168 0
vertex 9.456642150878906 -45.67765426635742 0
endloop
endfacet
facet normal 0 0 -1
outer loop
vertex 15.4066801071167 -42.84765625 0
vertex 9.422388076782227 -46.775447845458984 0
vertex 9.422388076782227 -45.8498649597168 0
endloop
endfacet
facet normal 0 0 -1
outer loop
vertex 15.4066801071167 -42.84765625 0
vertex 9.456642150878906 -46.947654724121094 0
vertex 9.422388076782227 -46.775447845458984 0
endloop
endfacet
facet normal 0 0 -1
outer loop
vertex 9.422388076782227 -47.1198616027832 0
vertex 9.456642150878906 -46.947654724121094 0
vertex 15.4066801071167 -42.84765625 0
endloop
endfacet
facet normal 0 0 -1
outer loop
vertex 9.324840545654297 -45.359458923339844 0
vertex 9.178850173950195 -44.823402404785156 0
vertex 9.324840545654297 -44.725852966308594 0
endloop
endfacet
facet normal 0 0 -1
outer loop
vertex 9.422388076782227 -46.775447845458984 0
vertex 9.324840545654297 -45.995853424072266 0
vertex 9.422388076782227 -45.8498649597168 0
endloop
endfacet
facet normal 0 0 -1
outer loop
vertex 9.324840545654297 -46.629459381103516 0
vertex 9.178850173950195 -46.09340286254883 0
vertex 9.324840545654297 -45.995853424072266 0
endloop
endfacet
facet normal 0 0 -1
outer loop
vertex 9.422388076782227 -46.775447845458984 0
vertex 9.324840545654297 -46.629459381103516 0
vertex 9.324840545654297 -45.995853424072266 0
endloop
endfacet
facet normal 0 0 -1
outer loop
vertex 9.178850173950195 -41.01340103149414 0
vertex 9.178850173950195 -41.451908111572266 0
vertex 9.00664234161377 -41.04765701293945 0
endloop
endfacet
facet normal 0 0 -1
outer loop
vertex 9.00664234161377 -41.04765701293945 0
vertex 8.834434509277344 -41.451908111572266 0
vertex 8.834434509277344 -41.01340103149414 0
endloop
endfacet
facet normal 0 0 -1
outer loop
vertex 8.834434509277344 -41.451908111572266 0
vertex 8.688444137573242 -40.915855407714844 0
vertex 8.834434509277344 -41.01340103149414 0
endloop
endfacet
facet normal 0 0 -1
outer loop
vertex 9.178850173950195 -41.451908111572266 0
vertex 9.178850173950195 -41.01340103149414 0
vertex 9.324840545654297 -41.54945755004883 0
endloop
endfacet
facet normal 0 0 -1
outer loop
vertex 9.00664234161377 -41.41765594482422 0
vertex 9.00664234161377 -41.04765701293945 0
vertex 9.178850173950195 -41.451908111572266 0
endloop
endfacet
facet normal 0 0 -1
outer loop
vertex 8.834434509277344 -41.451908111572266 0
vertex 9.00664234161377 -41.04765701293945 0
vertex 9.00664234161377 -41.41765594482422 0
endloop
endfacet
facet normal 0 0 -1
outer loop
vertex 8.688444137573242 -41.54945755004883 0
vertex 8.688444137573242 -40.915855407714844 0
vertex 8.834434509277344 -41.451908111572266 0
endloop
endfacet
facet normal 0 0 -1
outer loop
vertex 9.00664234161377 -42.68765640258789 0
vertex 9.00664234161377 -42.317657470703125 0
vertex 9.178850173950195 -42.28340148925781 0
endloop
endfacet
facet normal 0 0 -1
outer loop
vertex 9.00664234161377 -42.68765640258789 0
vertex 8.834434509277344 -42.28340148925781 0
vertex 9.00664234161377 -42.317657470703125 0
endloop
endfacet
facet normal 0 0 -1
outer loop
vertex 8.834434509277344 -42.28340148925781 0
vertex 8.688444137573242 -42.8194580078125 0
vertex 8.688444137573242 -42.18585205078125 0
endloop
endfacet
facet normal 0 0 -1
outer loop
vertex 8.688444137573242 -40.915855407714844 0
vertex 5.9566802978515625 -40.99309158325195 0
vertex 8.590896606445312 -40.76986312866211 0
endloop
endfacet
facet normal 0 0 -1
outer loop
vertex 5.9566802978515625 -40.99309158325195 0
vertex 8.556642532348633 -40.59765625 0
vertex 8.590896606445312 -40.76986312866211 0
endloop
endfacet
facet normal 0 0 -1
outer loop
vertex 8.688444137573242 -41.54945755004883 0
vertex 5.9566802978515625 -40.99309158325195 0
vertex 8.688444137573242 -40.915855407714844 0
endloop
endfacet
facet normal 0 0 -1
outer loop
vertex 8.590896606445312 -41.69544982910156 0
vertex 5.9566802978515625 -40.99309158325195 0
vertex 8.688444137573242 -41.54945755004883 0
endloop
endfacet
facet normal 0 0 -1
outer loop
vertex 8.556642532348633 -41.86765670776367 0
vertex 5.9566802978515625 -40.99309158325195 0
vertex 8.590896606445312 -41.69544982910156 0
endloop
endfacet
facet normal 0 0 -1
outer loop
vertex 8.688444137573242 -42.18585205078125 0
vertex 5.9566802978515625 -40.99309158325195 0
vertex 8.590896606445312 -42.03986358642578 0
endloop
endfacet
facet normal 0 0 -1
outer loop
vertex 5.9566802978515625 -40.99309158325195 0
vertex 8.556642532348633 -41.86765670776367 0
vertex 8.590896606445312 -42.03986358642578 0
endloop
endfacet
facet normal 0 0 -1
outer loop
vertex 8.688444137573242 -42.8194580078125 0
vertex 5.9566802978515625 -40.99309158325195 0
vertex 8.688444137573242 -42.18585205078125 0
endloop
endfacet
facet normal 0 0 -1
outer loop
vertex 8.590896606445312 -42.96544647216797 0
vertex 5.9566802978515625 -40.99309158325195 0
vertex 8.688444137573242 -42.8194580078125 0
endloop
endfacet
facet normal 0 0 -1
outer loop
vertex 8.556642532348633 -43.137657165527344 0
vertex 5.9566802978515625 -40.99309158325195 0
vertex 8.590896606445312 -42.96544647216797 0
endloop
endfacet
facet normal 0 0 -1
outer loop
vertex 8.834434509277344 -42.72190856933594 0
vertex 8.834434509277344 -42.28340148925781 0
vertex 9.00664234161377 -42.68765640258789 0
endloop
endfacet
facet normal 0 0 -1
outer loop
vertex 8.688444137573242 -42.8194580078125 0
vertex 8.834434509277344 -42.28340148925781 0
vertex 8.834434509277344 -42.72190856933594 0
endloop
endfacet
facet normal 0 0 -1
outer loop
vertex 9.178850173950195 -43.553401947021484 0
vertex 9.178850173950195 -43.99190902709961 0
vertex 9.00664234161377 -43.58765411376953 0
endloop
endfacet
facet normal 0 0 -1
outer loop
vertex 9.00664234161377 -43.58765411376953 0
vertex 9.00664234161377 -43.95765686035156 0
vertex 8.834434509277344 -43.553401947021484 0
endloop
endfacet
facet normal 0 0 -1
outer loop
vertex 8.834434509277344 -43.99190902709961 0
vertex 8.688444137573242 -43.45585250854492 0
vertex 8.834434509277344 -43.553401947021484 0
endloop
endfacet
facet normal 0 0 -1
outer loop
vertex 9.178850173950195 -43.99190902709961 0
vertex 9.178850173950195 -43.553401947021484 0
vertex 9.324840545654297 -44.08945846557617 0
endloop
endfacet
facet normal 0 0 -1
outer loop
vertex 9.00664234161377 -43.95765686035156 0
vertex 9.00664234161377 -43.58765411376953 0
vertex 9.178850173950195 -43.99190902709961 0
endloop
endfacet
facet normal 0 0 -1
outer loop
vertex 8.834434509277344 -43.99190902709961 0
vertex 8.834434509277344 -43.553401947021484 0
vertex 9.00664234161377 -43.95765686035156 0
endloop
endfacet
facet normal 0 0 -1
outer loop
vertex 8.688444137573242 -44.08945846557617 0
vertex 8.688444137573242 -43.45585250854492 0
vertex 8.834434509277344 -43.99190902709961 0
endloop
endfacet
facet normal 0 0 -1
outer loop
vertex 8.688444137573242 -43.45585250854492 0
vertex 5.9566802978515625 -40.99309158325195 0
vertex 8.590896606445312 -43.30986404418945 0
endloop
endfacet
facet normal 0 0 -1
outer loop
vertex 5.9566802978515625 -40.99309158325195 0
vertex 8.556642532348633 -43.137657165527344 0
vertex 8.590896606445312 -43.30986404418945 0
endloop
endfacet
facet normal 0 0 -1
outer loop
vertex 8.688444137573242 -44.08945846557617 0
vertex 5.9566802978515625 -40.99309158325195 0
vertex 8.688444137573242 -43.45585250854492 0
endloop
endfacet
facet normal 0 0 -1
outer loop
vertex 8.590896606445312 -44.23544692993164 0
vertex 5.9566802978515625 -40.99309158325195 0
vertex 8.688444137573242 -44.08945846557617 0
endloop
endfacet
facet normal 0 0 -1
outer loop
vertex 8.556642532348633 -44.407657623291016 0
vertex 5.9566802978515625 -40.99309158325195 0
vertex 8.590896606445312 -44.23544692993164 0
endloop
endfacet
facet normal 0 0 -1
outer loop
vertex 8.688444137573242 -44.725852966308594 0
vertex 9.00664234161377 -45.227657318115234 0
vertex 5.9566802978515625 -40.99309158325195 0
endloop
endfacet
facet normal 0 0 -1
outer loop
vertex 5.9566802978515625 -40.99309158325195 0
vertex 8.590896606445312 -44.579864501953125 0
vertex 8.688444137573242 -44.725852966308594 0
endloop
endfacet
facet normal 0 0 -1
outer loop
vertex 8.590896606445312 -44.579864501953125 0
vertex 5.9566802978515625 -40.99309158325195 0
vertex 8.556642532348633 -44.407657623291016 0
endloop
endfacet
facet normal 0 0 -1
outer loop
vertex 8.834434509277344 -45.26190948486328 0
vertex 5.9566802978515625 -40.99309158325195 0
vertex 9.00664234161377 -45.227657318115234 0
endloop
endfacet
facet normal 0 0 -1
outer loop
vertex 8.688444137573242 -45.359458923339844 0
vertex 5.9566802978515625 -40.99309158325195 0
vertex 8.834434509277344 -45.26190948486328 0
endloop
endfacet
facet normal 0 0 -1
outer loop
vertex 8.590896606445312 -45.50544738769531 0
vertex 5.9566802978515625 -40.99309158325195 0
vertex 8.688444137573242 -45.359458923339844 0
endloop
endfacet
facet normal 0 0 -1
outer loop
vertex 8.556642532348633 -45.67765426635742 0
vertex 5.9566802978515625 -40.99309158325195 0
vertex 8.590896606445312 -45.50544738769531 0
endloop
endfacet
facet normal 0 0 -1
outer loop
vertex 9.178850173950195 -44.823402404785156 0
vertex 9.178850173950195 -45.26190948486328 0
vertex 9.00664234161377 -44.8576545715332 0
endloop
endfacet
facet normal 0 0 -1
outer loop
vertex 9.00664234161377 -44.8576545715332 0
vertex 9.00664234161377 -45.227657318115234 0
vertex 8.834434509277344 -44.823402404785156 0
endloop
endfacet
facet normal 0 0 -1
outer loop
vertex 9.00664234161377 -45.227657318115234 0
vertex 8.688444137573242 -44.725852966308594 0
vertex 8.834434509277344 -44.823402404785156 0
endloop
endfacet
facet normal 0 0 -1
outer loop
vertex 9.178850173950195 -45.26190948486328 0
vertex 9.178850173950195 -44.823402404785156 0
vertex 9.324840545654297 -45.359458923339844 0
endloop
endfacet
facet normal 0 0 -1
outer loop
vertex 9.00664234161377 -45.227657318115234 0
vertex 9.00664234161377 -44.8576545715332 0
vertex 9.178850173950195 -45.26190948486328 0
endloop
endfacet
facet normal 0 0 -1
outer loop
vertex 9.178850173950195 -46.09340286254883 0
vertex 9.00664234161377 -46.49765396118164 0
vertex 9.00664234161377 -46.127655029296875 0
endloop
endfacet
facet normal 0 0 -1
outer loop
vertex 9.00664234161377 -46.49765396118164 0
vertex 8.834434509277344 -46.09340286254883 0
vertex 9.00664234161377 -46.127655029296875 0
endloop
endfacet
facet normal 0 0 -1
outer loop
vertex 8.834434509277344 -46.53190994262695 0
vertex 8.688444137573242 -45.995853424072266 0
vertex 8.834434509277344 -46.09340286254883 0
endloop
endfacet
facet normal 0 0 -1
outer loop
vertex 9.178850173950195 -46.53190994262695 0
vertex 9.178850173950195 -46.09340286254883 0
vertex 9.324840545654297 -46.629459381103516 0
endloop
endfacet
facet normal 0 0 -1
outer loop
vertex 9.00664234161377 -46.49765396118164 0
vertex 9.178850173950195 -46.09340286254883 0
vertex 9.178850173950195 -46.53190994262695 0
endloop
endfacet
facet normal 0 0 -1
outer loop
vertex 8.834434509277344 -46.53190994262695 0
vertex 8.834434509277344 -46.09340286254883 0
vertex 9.00664234161377 -46.49765396118164 0
endloop
endfacet
facet normal 0 0 -1
outer loop
vertex 8.688444137573242 -46.629459381103516 0
vertex 8.688444137573242 -45.995853424072266 0
vertex 8.834434509277344 -46.53190994262695 0
endloop
endfacet
facet normal 0 0 -1
outer loop
vertex 8.688444137573242 -45.995853424072266 0
vertex 5.9566802978515625 -46.89765548706055 0
vertex 8.590896606445312 -45.8498649597168 0
endloop
endfacet
facet normal 0 0 -1
outer loop
vertex 5.9566802978515625 -46.89765548706055 0
vertex 8.556642532348633 -45.67765426635742 0
vertex 8.590896606445312 -45.8498649597168 0
endloop
endfacet
facet normal 0 0 -1
outer loop
vertex 8.688444137573242 -46.629459381103516 0
vertex 5.9566802978515625 -46.89765548706055 0
vertex 8.688444137573242 -45.995853424072266 0
endloop
endfacet
facet normal 0 0 -1
outer loop
vertex 8.590896606445312 -46.775447845458984 0
vertex 5.9566802978515625 -46.89765548706055 0
vertex 8.688444137573242 -46.629459381103516 0
endloop
endfacet
facet normal 0 0 -1
outer loop
vertex 8.556642532348633 -46.947654724121094 0
vertex 5.9566802978515625 -46.89765548706055 0
vertex 8.590896606445312 -46.775447845458984 0
endloop
endfacet
facet normal 0 0 -1
outer loop
vertex 5.9566802978515625 -46.89765548706055 0
vertex 5.9566802978515625 -40.99309158325195 0
vertex 8.556642532348633 -45.67765426635742 0
endloop
endfacet
facet normal 0 0 -1
outer loop
vertex 8.688444137573242 -47.26585388183594 0
vertex 1.4066802263259888 -47.59765625 0
vertex 8.590896606445312 -47.1198616027832 0
endloop
endfacet
facet normal 0 0 -1
outer loop
vertex 9.00664234161377 -47.39765548706055 0
vertex 1.4066802263259888 -47.59765625 0
vertex 8.834434509277344 -47.3634033203125 0
endloop
endfacet
facet normal 0 0 -1
outer loop
vertex 1.4066802263259888 -47.59765625 0
vertex 8.688444137573242 -47.26585388183594 0
vertex 8.834434509277344 -47.3634033203125 0
endloop
endfacet
facet normal 0 0 -1
outer loop
vertex 1.4066802263259888 -47.59765625 0
vertex 8.556642532348633 -46.947654724121094 0
vertex 8.590896606445312 -47.1198616027832 0
endloop
endfacet
facet normal 0 0 -1
outer loop
vertex 8.556642532348633 -46.947654724121094 0
vertex 1.4066802263259888 -46.89765548706055 0
vertex 5.9566802978515625 -46.89765548706055 0
endloop
endfacet
facet normal 0 0 -1
outer loop
vertex 1.4066802263259888 -47.59765625 0
vertex 1.4066802263259888 -46.89765548706055 0
vertex 8.556642532348633 -46.947654724121094 0
endloop
endfacet
facet normal 0 0 -1
outer loop
vertex 69.09490966796875 -49.707401275634766 0
vertex -52.91127014160156 -54.30866622924805 0
vertex 9.00664234161377 -47.39765548706055 0
endloop
endfacet
facet normal 0 0 1
outer loop
vertex -20.490888595581055 42.69979476928711 5
vertex -18.7833194732666 35.22234344482422 5
vertex -4.683320045471191 35.22234344482422 5
endloop
endfacet
facet normal 0.9999999983067156 -0.00005819423285297512 0
outer loop
vertex 70.39910888671875 37.66356658935547 5
vertex 70.39910888671875 37.66356658935547 4.5
vertex 70.39913177490234 38.0568733215332 5
endloop
endfacet
facet normal 0 0 1
outer loop
vertex -20.563758850097656 42.70747756958008 5
vertex -38.75838088989258 46.57798385620117 5
vertex -24.538429260253906 35.928428649902344 5
endloop
endfacet
facet normal 0 0 1
outer loop
vertex -20.490888595581055 42.69979476928711 5
vertex -24.538429260253906 35.928428649902344 5
vertex -18.7833194732666 35.22234344482422 5
endloop
endfacet
facet normal 0 0 1
outer loop
vertex -20.490888595581055 42.69979476928711 5
vertex -20.563758850097656 42.70747756958008 5
vertex -24.538429260253906 35.928428649902344 5
endloop
endfacet
facet normal 0 0 1
outer loop
vertex -24.538429260253906 35.928428649902344 5
vertex -27.45313262939453 22.132976531982422 5
vertex -18.7833194732666 35.22234344482422 5
endloop
endfacet
facet normal 0 0 1
outer loop
vertex -38.75838088989258 46.57798385620117 5
vertex -38.33388137817383 38.84313201904297 5
vertex -24.538429260253906 35.928428649902344 5
endloop
endfacet
facet normal 0.10485009337669143 0.994488038097442 0
outer loop
vertex -20.490888595581055 42.69979476928711 5
vertex -20.563758850097656 42.70747756958008 0
vertex -20.563758850097656 42.70747756958008 5
endloop
endfacet
facet normal 0.20807216305979437 0.9781134775472723 0
outer loop
vertex -20.563758850097656 42.70747756958008 5
vertex -38.75838088989258 46.57798385620117 0
vertex -38.75838088989258 46.57798385620117 5
endloop
endfacet
facet normal 0 0 1
outer loop
vertex -4.683320045471191 21.122344970703125 5
vertex -32.04331970214844 14.702343940734863 5
vertex 10.856679916381836 14.852344512939453 5
endloop
endfacet
facet normal 0 0 1
outer loop
vertex 10.856679916381836 14.852344512939453 5
vertex -13.043319702148438 9.952343940734863 5
vertex -8.143320083618164 5.2023444175720215 5
endloop
endfacet
facet normal 0 0 1
outer loop
vertex 10.856679916381836 14.852344512939453 5
vertex -27.143320083618164 9.952343940734863 5
vertex -13.043319702148438 9.952343940734863 5
endloop
endfacet
facet normal 0 0 1
outer loop
vertex -32.04331970214844 14.702343940734863 5
vertex -27.143320083618164 9.952343940734863 5
vertex 10.856679916381836 14.852344512939453 5
endloop
endfacet
facet normal 0 0 1
outer loop
vertex -13.043319702148438 9.952343940734863 5
vertex -13.043319702148438 -4.147655963897705 5
vertex -8.143320083618164 5.2023444175720215 5
endloop
endfacet
facet normal 0 0 1
outer loop
vertex -27.45313262939453 22.132976531982422 5
vertex -18.7833194732666 21.122344970703125 5
vertex -18.7833194732666 35.22234344482422 5
endloop
endfacet
facet normal 0 0 1
outer loop
vertex -18.7833194732666 21.122344970703125 5
vertex -32.04331970214844 14.702343940734863 5
vertex -4.683320045471191 21.122344970703125 5
endloop
endfacet
facet normal 0 0 1
outer loop
vertex -27.45313262939453 22.132976531982422 5
vertex -41.24858474731445 25.047679901123047 5
vertex -32.04331970214844 14.702343940734863 5
endloop
endfacet
facet normal 0 0 1
outer loop
vertex -32.04331970214844 14.702343940734863 5
vertex -18.7833194732666 21.122344970703125 5
vertex -27.45313262939453 22.132976531982422 5
endloop
endfacet
facet normal 0 0 1
outer loop
vertex -32.04331970214844 14.702343940734863 5
vertex -32.04331970214844 0.602344274520874 5
vertex -27.143320083618164 9.952343940734863 5
endloop
endfacet
facet normal 0 0 1
outer loop
vertex -32.04331970214844 0.602344274520874 5
vertex -27.143320083618164 -4.147655963897705 5
vertex -27.143320083618164 9.952343940734863 5
endloop
endfacet
facet normal 0 0 1
outer loop
vertex -38.75838088989258 46.57798385620117 5
vertex -38.822086334228516 46.5980339050293 5
vertex -43.631839752197266 40.541866302490234 5
endloop
endfacet
facet normal 0 0 1
outer loop
vertex -43.631839752197266 40.541866302490234 5
vertex -38.33388137817383 38.84313201904297 5
vertex -38.75838088989258 46.57798385620117 5
endloop
endfacet
facet normal 0 0 1
outer loop
vertex -61.163734436035156 51.03520584106445 5
vertex -38.822086334228516 46.5980339050293 5
vertex -56.31505584716797 53.999691009521484 5
endloop
endfacet
facet normal 0 0 1
outer loop
vertex -38.822086334228516 46.5980339050293 5
vertex -61.163734436035156 51.03520584106445 5
vertex -56.610958099365234 46.05117416381836 5
endloop
endfacet
facet normal 0 0 1
outer loop
vertex -38.822086334228516 46.5980339050293 5
vertex -56.610958099365234 46.05117416381836 5
vertex -43.631839752197266 40.541866302490234 5
endloop
endfacet
facet normal 0 0 1
outer loop
vertex -43.631839752197266 40.541866302490234 5
vertex -41.24858474731445 25.047679901123047 5
vertex -38.33388137817383 38.84313201904297 5
endloop
endfacet
facet normal 0 0 1
outer loop
vertex -49.14114761352539 27.562746047973633 5
vertex -41.24858474731445 25.047679901123047 5
vertex -43.631839752197266 40.541866302490234 5
endloop
endfacet
facet normal 0 0 -1
outer loop
vertex 8.556642532348633 -40.59765625 0
vertex 5.9566802978515625 -40.99309158325195 0
vertex 8.590896606445312 -40.42544937133789 0
endloop
endfacet
facet normal 0 0 -1
outer loop
vertex 8.590896606445312 -40.42544937133789 0
vertex 5.9566802978515625 -40.99309158325195 0
vertex 8.688444137573242 -40.279457092285156 0
endloop
endfacet
facet normal 0 0 -1
outer loop
vertex 8.688444137573242 -40.279457092285156 0
vertex 5.9566802978515625 -40.99309158325195 0
vertex 8.834434509277344 -39.74340057373047 0
endloop
endfacet
facet normal 0 0 -1
outer loop
vertex 5.9566802978515625 -40.99309158325195 0
vertex 8.556642532348633 -39.32765579223633 0
vertex 8.590896606445312 -39.49986267089844 0
endloop
endfacet
facet normal 0 0 -1
outer loop
vertex 5.9566802978515625 -40.99309158325195 0
vertex 8.590896606445312 -39.49986267089844 0
vertex 8.688444137573242 -39.64585494995117 0
endloop
endfacet
facet normal 0 0 -1
outer loop
vertex 8.834434509277344 -39.74340057373047 0
vertex 5.9566802978515625 -40.99309158325195 0
vertex 8.688444137573242 -39.64585494995117 0
endloop
endfacet
facet normal 0 0 -1
outer loop
vertex 8.556642532348633 -39.32765579223633 0
vertex 5.9566802978515625 -40.99309158325195 0
vertex 8.590896606445312 -39.15544891357422 0
endloop
endfacet
facet normal 0 0 -1
outer loop
vertex 8.590896606445312 -39.15544891357422 0
vertex 5.9566802978515625 -40.99309158325195 0
vertex 8.688444137573242 -39.009456634521484 0
endloop
endfacet
facet normal 0 0 -1
outer loop
vertex 5.9566802978515625 -40.99309158325195 0
vertex 8.556642532348633 -38.057655334472656 0
vertex 8.590896606445312 -38.229862213134766 0
endloop
endfacet
facet normal 0 0 -1
outer loop
vertex 5.9566802978515625 -40.99309158325195 0
vertex 8.590896606445312 -38.229862213134766 0
vertex 8.688444137573242 -38.3758544921875 0
endloop
endfacet
facet normal 0 0 -1
outer loop
vertex 5.9566802978515625 -40.99309158325195 0
vertex 8.688444137573242 -38.3758544921875 0
vertex 8.834434509277344 -38.4734001159668 0
endloop
endfacet
facet normal 0 0 -1
outer loop
vertex 8.688444137573242 -39.009456634521484 0
vertex 5.9566802978515625 -40.99309158325195 0
vertex 9.178850173950195 -38.4734001159668 0
endloop
endfacet
facet normal 0 0 -1
outer loop
vertex 5.9566802978515625 -40.99309158325195 0
vertex 8.834434509277344 -38.4734001159668 0
vertex 9.00664234161377 -38.50765609741211 0
endloop
endfacet
facet normal 0 0 -1
outer loop
vertex 9.178850173950195 -38.4734001159668 0
vertex 5.9566802978515625 -40.99309158325195 0
vertex 9.00664234161377 -38.50765609741211 0
endloop
endfacet
facet normal 0 0 -1
outer loop
vertex 8.688444137573242 -40.279457092285156 0
vertex 8.834434509277344 -39.74340057373047 0
vertex 8.834434509277344 -40.18191146850586 0
endloop
endfacet
facet normal 0 0 -1
outer loop
vertex 8.834434509277344 -40.18191146850586 0
vertex 8.834434509277344 -39.74340057373047 0
vertex 9.00664234161377 -40.14765548706055 0
endloop
endfacet
facet normal 0 0 -1
outer loop
vertex 9.00664234161377 -40.14765548706055 0
vertex 9.00664234161377 -39.77765655517578 0
vertex 9.178850173950195 -40.18191146850586 0
endloop
endfacet
facet normal 0 0 -1
outer loop
vertex 9.00664234161377 -39.77765655517578 0
vertex 9.00664234161377 -40.14765548706055 0
vertex 8.834434509277344 -39.74340057373047 0
endloop
endfacet
facet normal 0 0 -1
outer loop
vertex 9.178850173950195 -40.18191146850586 0
vertex 9.00664234161377 -39.77765655517578 0
vertex 9.178850173950195 -39.74340057373047 0
endloop
endfacet
facet normal 0 0 -1
outer loop
vertex 8.556642532348633 -38.057655334472656 0
vertex 5.9566802978515625 -40.99309158325195 0
vertex 8.590896606445312 -37.88544845581055 0
endloop
endfacet
facet normal 0 0 -1
outer loop
vertex 8.590896606445312 -37.88544845581055 0
vertex 5.9566802978515625 -40.99309158325195 0
vertex 8.688444137573242 -37.73945617675781 0
endloop
endfacet
facet normal 0 0 -1
outer loop
vertex 8.688444137573242 -37.73945617675781 0
vertex 5.9566802978515625 -40.99309158325195 0
vertex 9.00664234161377 -37.23765563964844 0
endloop
endfacet
facet normal 0 0 -1
outer loop
vertex 5.9566802978515625 -40.99309158325195 0
vertex 8.688444137573242 -37.10585403442383 0
vertex 8.834434509277344 -37.203399658203125 0
endloop
endfacet
facet normal 0 0 -1
outer loop
vertex 5.9566802978515625 -40.99309158325195 0
vertex 8.556642532348633 -36.787654876708984 0
vertex 8.590896606445312 -36.959861755371094 0
endloop
endfacet
facet normal 0 0 -1
outer loop
vertex 8.688444137573242 -37.10585403442383 0
vertex 5.9566802978515625 -40.99309158325195 0
vertex 8.590896606445312 -36.959861755371094 0
endloop
endfacet
facet normal 0 0 -1
outer loop
vertex 9.00664234161377 -37.23765563964844 0
vertex 5.9566802978515625 -40.99309158325195 0
vertex 8.834434509277344 -37.203399658203125 0
endloop
endfacet
facet normal 0 0 -1
outer loop
vertex 8.688444137573242 -39.009456634521484 0
vertex 9.178850173950195 -38.4734001159668 0
vertex 8.834434509277344 -38.91191101074219 0
endloop
endfacet
facet normal 0 0 -1
outer loop
vertex 8.834434509277344 -38.91191101074219 0
vertex 9.178850173950195 -38.4734001159668 0
vertex 9.00664234161377 -38.877655029296875 0
endloop
endfacet
facet normal 0 0 -1
outer loop
vertex 9.00664234161377 -38.877655029296875 0
vertex 9.178850173950195 -38.4734001159668 0
vertex 9.178850173950195 -38.91191101074219 0
endloop
endfacet
facet normal 0 0 -1
outer loop
vertex 9.178850173950195 -38.91191101074219 0
vertex 9.178850173950195 -38.4734001159668 0
vertex 9.324840545654297 -39.009456634521484 0
endloop
endfacet
facet normal 0 0 -1
outer loop
vertex 8.688444137573242 -37.73945617675781 0
vertex 9.00664234161377 -37.23765563964844 0
vertex 8.834434509277344 -37.641910552978516 0
endloop
endfacet
facet normal 0 0 -1
outer loop
vertex 8.834434509277344 -37.641910552978516 0
vertex 9.00664234161377 -37.23765563964844 0
vertex 9.00664234161377 -37.6076545715332 0
endloop
endfacet
facet normal 0 0 -1
outer loop
vertex 9.00664234161377 -37.6076545715332 0
vertex 9.00664234161377 -37.23765563964844 0
vertex 9.178850173950195 -37.641910552978516 0
endloop
endfacet
facet normal 0 0 -1
outer loop
vertex 9.178850173950195 -37.203399658203125 0
vertex 9.324840545654297 -37.73945617675781 0
vertex 9.178850173950195 -37.641910552978516 0
endloop
endfacet
facet normal 0 0 -1
outer loop
vertex 8.556642532348633 -36.787654876708984 0
vertex 5.9566802978515625 -40.99309158325195 0
vertex 5.9566802978515625 -32.79765701293945 0
endloop
endfacet
facet normal 0 0 -1
outer loop
vertex 9.178850173950195 -37.203399658203125 0
vertex 9.178850173950195 -37.641910552978516 0
vertex 9.00664234161377 -37.23765563964844 0
endloop
endfacet
facet normal 0 0 -1
outer loop
vertex 8.556642532348633 -36.787654876708984 0
vertex 8.556642532348633 -35.51765441894531 0
vertex 8.590896606445312 -36.615447998046875 0
endloop
endfacet
facet normal 0 0 -1
outer loop
vertex 8.590896606445312 -36.615447998046875 0
vertex 8.590896606445312 -35.68986511230469 0
vertex 8.688444137573242 -36.469459533691406 0
endloop
endfacet
facet normal 0 0 -1
outer loop
vertex 8.688444137573242 -36.469459533691406 0
vertex 8.590896606445312 -35.68986511230469 0
vertex 8.688444137573242 -35.835853576660156 0
endloop
endfacet
facet normal 0 0 -1
outer loop
vertex 8.590896606445312 -35.68986511230469 0
vertex 8.590896606445312 -36.615447998046875 0
vertex 8.556642532348633 -35.51765441894531 0
endloop
endfacet
facet normal 0 0 -1
outer loop
vertex 8.688444137573242 -36.469459533691406 0
vertex 8.688444137573242 -35.835853576660156 0
vertex 8.834434509277344 -36.371910095214844 0
endloop
endfacet
facet normal 0 0 -1
outer loop
vertex 8.834434509277344 -36.371910095214844 0
vertex 9.00664234161377 -35.967655181884766 0
vertex 9.00664234161377 -36.33765411376953 0
endloop
endfacet
facet normal 0 0 -1
outer loop
vertex 9.00664234161377 -36.33765411376953 0
vertex 9.00664234161377 -35.967655181884766 0
vertex 9.178850173950195 -36.371910095214844 0
endloop
endfacet
facet normal 0 0 -1
outer loop
vertex 9.178850173950195 -36.371910095214844 0
vertex 9.178850173950195 -35.93340301513672 0
vertex 9.324840545654297 -36.469459533691406 0
endloop
endfacet
facet normal 0 0 -1
outer loop
vertex 8.834434509277344 -36.371910095214844 0
vertex 8.688444137573242 -35.835853576660156 0
vertex 8.834434509277344 -35.93340301513672 0
endloop
endfacet
facet normal 0 0 -1
outer loop
vertex 9.00664234161377 -35.967655181884766 0
vertex 8.834434509277344 -36.371910095214844 0
vertex 8.834434509277344 -35.93340301513672 0
endloop
endfacet
facet normal 0 0 -1
outer loop
vertex 9.178850173950195 -35.93340301513672 0
vertex 9.178850173950195 -36.371910095214844 0
vertex 9.00664234161377 -35.967655181884766 0
endloop
endfacet
facet normal 0 0 -1
outer loop
vertex 8.556642532348633 -35.51765441894531 0
vertex 8.556642532348633 -36.787654876708984 0
vertex 5.9566802978515625 -32.79765701293945 0
endloop
endfacet
facet normal 0 0 -1
outer loop
vertex 8.556642532348633 -35.51765441894531 0
vertex 5.9566802978515625 -32.79765701293945 0
vertex 8.590896606445312 -35.3454475402832 0
endloop
endfacet
facet normal 0 0 -1
outer loop
vertex 8.590896606445312 -35.3454475402832 0
vertex 5.9566802978515625 -32.79765701293945 0
vertex 8.688444137573242 -35.199459075927734 0
endloop
endfacet
facet normal 0 0 -1
outer loop
vertex 8.688444137573242 -35.199459075927734 0
vertex 5.9566802978515625 -32.79765701293945 0
vertex 8.834434509277344 -35.10190963745117 0
endloop
endfacet
facet normal 0 0 -1
outer loop
vertex 8.834434509277344 -35.10190963745117 0
vertex 5.9566802978515625 -32.79765701293945 0
vertex 9.00664234161377 -35.067657470703125 0
endloop
endfacet
facet normal 0 0 -1
outer loop
vertex 9.00664234161377 -35.067657470703125 0
vertex 5.9566802978515625 -32.79765701293945 0
vertex 9.178850173950195 -35.10190963745117 0
endloop
endfacet
facet normal 0 0 -1
outer loop
vertex 9.178850173950195 -35.10190963745117 0
vertex 5.9566802978515625 -32.79765701293945 0
vertex 8.688444137573242 -34.565853118896484 0
endloop
endfacet
facet normal 0 0 -1
outer loop
vertex 9.178850173950195 -35.10190963745117 0
vertex 9.178850173950195 -34.66340255737305 0
vertex 9.324840545654297 -35.199459075927734 0
endloop
endfacet
facet normal 0 0 -1
outer loop
vertex 9.178850173950195 -35.10190963745117 0
vertex 8.688444137573242 -34.565853118896484 0
vertex 8.834434509277344 -34.66340255737305 0
endloop
endfacet
facet normal 0 0 -1
outer loop
vertex 9.178850173950195 -35.10190963745117 0
vertex 8.834434509277344 -34.66340255737305 0
vertex 9.00664234161377 -34.697654724121094 0
endloop
endfacet
facet normal 0 0 -1
outer loop
vertex 9.178850173950195 -34.66340255737305 0
vertex 9.178850173950195 -35.10190963745117 0
vertex 9.00664234161377 -34.697654724121094 0
endloop
endfacet
facet normal 0 0 1
outer loop
vertex -58.69136047363281 54.19281005859375 5
vertex -60.18547821044922 53.705047607421875 5
vertex -57.0928955078125 54.19169998168945 5
endloop
endfacet
facet normal 0 0 1
outer loop
vertex -61.163734436035156 51.03520584106445 5
vertex -56.31505584716797 53.999691009521484 5
vertex -57.0928955078125 54.19169998168945 5
endloop
endfacet
facet normal 0 0 1
outer loop
vertex -60.18547821044922 53.705047607421875 5
vertex -61.45381546020508 52.77680969238281 5
vertex -57.0928955078125 54.19169998168945 5
endloop
endfacet
facet normal 0 0 1
outer loop
vertex -61.163734436035156 51.03520584106445 5
vertex -57.0928955078125 54.19169998168945 5
vertex -61.45381546020508 52.77680969238281 5
endloop
endfacet
facet normal 0 0 1
outer loop
vertex -61.45381546020508 52.77680969238281 5
vertex -62.34406280517578 51.53707504272461 5
vertex -61.163734436035156 51.03520584106445 5
endloop
endfacet
facet normal -0.8122674099677207 0.5832852258580964 0
outer loop
vertex -62.34406280517578 51.53707504272461 4.5
vertex -62.34406280517578 51.53707504272461 5
vertex -61.45381546020508 52.77680969238281 5
endloop
endfacet
facet normal 0 0 1
outer loop
vertex 67.2657699584961 42.30900192260742 5
vertex 65.69924926757812 42.661556243896484 5
vertex 43.95668029785156 19.602344512939453 5
endloop
endfacet
facet normal 0 0 1
outer loop
vertex 68.61577606201172 41.504150390625 5
vertex 67.2657699584961 42.30900192260742 5
vertex 43.95668029785156 19.602344512939453 5
endloop
endfacet
facet normal 0 0 1
outer loop
vertex 69.64852905273438 40.319358825683594 5
vertex 43.95668029785156 19.602344512939453 5
vertex 70.27203369140625 38.84751892089844 5
endloop
endfacet
facet normal 0 0 1
outer loop
vertex 43.95668029785156 19.602344512939453 5
vertex 69.64852905273438 40.319358825683594 5
vertex 68.61577606201172 41.504150390625 5
endloop
endfacet
facet normal 0 0 1
outer loop
vertex 69.11695098876953 37.66389083862305 5
vertex 70.27203369140625 38.84751892089844 5
vertex 43.95668029785156 14.702343940734863 5
endloop
endfacet
facet normal 0 0 1
outer loop
vertex 65.69924926757812 42.661556243896484 5
vertex 43.95668029785156 33.70234298706055 5
vertex 43.95668029785156 19.602344512939453 5
endloop
endfacet
facet normal -0.993409804328197 -0.11461658110680717 0
outer loop
vertex -57.768680572509766 -49.29513168334961 0.20000000298023224
vertex -57.768680572509766 -49.29513168334961 0
vertex -57.634185791015625 -50.46083068847656 0
endloop
endfacet
facet normal 0 0 1
outer loop
vertex -68.59825897216797 33.550132751464844 5
vertex -56.610958099365234 46.05117416381836 5
vertex -61.163734436035156 51.03520584106445 5
endloop
endfacet
facet normal 0.7538175489252174 0.6570837868433352 0
outer loop
vertex 69.64852905273438 40.319358825683594 5
vertex 68.61577606201172 41.504150390625 0
vertex 68.61577606201172 41.504150390625 5
endloop
endfacet
facet normal 0 0 1
outer loop
vertex -58.28264236450195 22.55867576599121 5
vertex -49.14114761352539 27.562746047973633 5
vertex -62.12026596069336 33.07205581665039 5
endloop
endfacet
facet normal 0 0 1
outer loop
vertex -62.12026596069336 33.07205581665039 5
vertex -59.999271392822266 24.07829475402832 5
vertex -59.9466438293457 24.050363540649414 5
endloop
endfacet
facet normal 0 0 1
outer loop
vertex -56.610958099365234 46.05117416381836 5
vertex -69.77433013916016 29.49799346923828 5
vertex -62.12026596069336 33.07205581665039 5
endloop
endfacet
facet normal 0 0 1
outer loop
vertex -68.59825897216797 33.550132751464844 5
vertex -70.26195526123047 30.992158889770508 5
vertex -56.610958099365234 46.05117416381836 5
endloop
endfacet
facet normal 0 0 1
outer loop
vertex -70.26195526123047 30.992158889770508 5
vertex -69.77433013916016 29.49799346923828 5
vertex -56.610958099365234 46.05117416381836 5
endloop
endfacet
facet normal 0.5120834131939498 0.8589357239815063 0
outer loop
vertex 68.61577606201172 41.504150390625 5
vertex 67.2657699584961 42.30900192260742 0
vertex 67.2657699584961 42.30900192260742 5
endloop
endfacet
facet normal 0.21956386420892895 0.9755981291154893 0
outer loop
vertex 67.2657699584961 42.30900192260742 5
vertex 65.69924926757812 42.661556243896484 0
vertex 65.69924926757812 42.661556243896484 5
endloop
endfacet
facet normal 0.9207868516187048 0.3900661147627582 0
outer loop
vertex 70.27203369140625 38.84751892089844 5
vertex 69.64852905273438 40.319358825683594 0
vertex 69.64852905273438 40.319358825683594 5
endloop
endfacet
facet normal 0.9873244934306075 0.15871466432562 0
outer loop
vertex 70.39913177490234 38.0568733215332 5
vertex 70.27203369140625 38.84751892089844 0
vertex 70.27203369140625 38.84751892089844 5
endloop
endfacet
facet normal 0.9999999983067156 -0.00005819423285297512 0
outer loop
vertex 70.39910888671875 37.66356658935547 4.5
vertex 70.39913177490234 38.0568733215332 0
vertex 70.39913177490234 38.0568733215332 5
endloop
endfacet
facet normal 0 0 1
outer loop
vertex -67.5417709350586 27.292680740356445 5
vertex -59.999271392822266 24.07829475402832 5
vertex -62.12026596069336 33.07205581665039 5
endloop
endfacet
facet normal 0 0 1
outer loop
vertex -68.59825897216797 33.550132751464844 5
vertex -69.77865600585938 34.05202865600586 5
vertex -70.26070404052734 32.59062194824219 5
endloop
endfacet
facet normal 0 0 1
outer loop
vertex -70.06867980957031 33.368202209472656 5
vertex -70.26070404052734 32.59062194824219 5
vertex -69.77865600585938 34.05202865600586 5
endloop
endfacet
facet normal 0 0 1
outer loop
vertex -68.59825897216797 33.550132751464844 5
vertex -70.26070404052734 32.59062194824219 5
vertex -70.26195526123047 30.992158889770508 5
endloop
endfacet
facet normal 0.9999999989516731 -0.0000457763671395114 0.000001085340044254722
outer loop
vertex 70.39910888671875 37.66356658935547 4.5
vertex 70.39908599853516 37.16356658935547 4.5
vertex 70.39913177490234 38.0568733215332 0
endloop
endfacet
facet normal -0.9206226222822446 0.390453566179339 0
outer loop
vertex -70.06867980957031 33.368202209472656 5
vertex -69.77865600585938 34.05202865600586 5
vertex -69.77865600585938 34.05202865600586 4.5
endloop
endfacet
facet normal 0 0 1
outer loop
vertex -69.77433013916016 29.49799346923828 5
vertex -68.84620666503906 28.229572296142578 5
vertex -62.12026596069336 33.07205581665039 5
endloop
endfacet
facet normal 0 0 1
outer loop
vertex -68.84620666503906 28.229572296142578 5
vertex -67.5417709350586 27.292680740356445 5
vertex -62.12026596069336 33.07205581665039 5
endloop
endfacet
facet normal 0.3002127346671756 0.9538722733907596 0
outer loop
vertex -38.75838088989258 46.57798385620117 5
vertex -38.822086334228516 46.5980339050293 0
vertex -38.822086334228516 46.5980339050293 5
endloop
endfacet
facet normal 0.389675061380518 0.9209524127435085 0
outer loop
vertex -38.822086334228516 46.5980339050293 5
vertex -56.31505584716797 53.999691009521484 0
vertex -56.31505584716797 53.999691009521484 5
endloop
endfacet
facet normal 0.23965536966356332 0.9708580245285203 0
outer loop
vertex -56.31505584716797 53.999691009521484 5
vertex -57.0928955078125 54.19169998168945 0
vertex -57.0928955078125 54.19169998168945 5
endloop
endfacet
facet normal 0.0006944641642758536 0.9999997588597332 0
outer loop
vertex -57.0928955078125 54.19169998168945 5
vertex -58.69136047363281 54.19281005859375 0
vertex -58.69136047363281 54.19281005859375 5
endloop
endfacet
facet normal -0.310336968558409 0.9506266175244501 0
outer loop
vertex -58.69136047363281 54.19281005859375 5
vertex -60.18547821044922 53.705047607421875 0
vertex -60.18547821044922 53.705047607421875 5
endloop
endfacet
facet normal -0.590587178781513 0.8069738436026865 0
outer loop
vertex -60.18547821044922 53.705047607421875 5
vertex -61.45381546020508 52.77680969238281 0
vertex -61.45381546020508 52.77680969238281 5
endloop
endfacet
facet normal -0.8122673984771224 0.5832852418595932 -6.013416934989108e-8
outer loop
vertex -62.34406280517578 51.53707504272461 4.5
vertex -61.45381546020508 52.77680969238281 5
vertex -62.3902473449707 51.47275924682617 0.20000000298023224
endloop
endfacet
facet normal -0.8122693032893279 0.5832825892600173 0
outer loop
vertex -62.3902473449707 51.47275924682617 0.20000000298023224
vertex -62.3902473449707 51.47275924682617 4.5
vertex -62.34406280517578 51.53707504272461 4.5
endloop
endfacet
facet normal -0.9206255252716813 0.3904467213567566 0
outer loop
vertex -62.3902473449707 51.47275924682617 4.5
vertex -62.55530548095703 51.08357238769531 0.20000000298023224
vertex -62.55530548095703 51.08357238769531 4.5
endloop
endfacet
facet normal 0.39129055185733874 0.9202671916498921 0
outer loop
vertex -62.55530548095703 51.08357238769531 4.5
vertex -63.199913024902344 51.3576545715332 0.20000000298023224
vertex -63.199913024902344 51.3576545715332 4.5
endloop
endfacet
facet normal -0.92026710554882 0.39129075435625627 3.3038624807326097e-7
outer loop
vertex -67.96061706542969 40.16107177734375 4.5
vertex -63.199913024902344 51.3576545715332 4.5
vertex -69.96141815185547 35.455440521240234 0.20000000298023224
endloop
endfacet
facet normal -0.9708349860881358 0.2397486804702979 0
outer loop
vertex -70.06867980957031 33.368202209472656 5
vertex -70.26070404052734 32.59062194824219 0
vertex -70.26070404052734 32.59062194824219 5
endloop
endfacet
facet normal -0.9999996936397322 0.0007827646145272855 0
outer loop
vertex -70.26070404052734 32.59062194824219 5
vertex -70.26195526123047 30.992158889770508 0
vertex -70.26195526123047 30.992158889770508 5
endloop
endfacet
facet normal -0.9206226222822446 0.390453566179339 0
outer loop
vertex -70.06867980957031 33.368202209472656 0
vertex -70.06867980957031 33.368202209472656 5
vertex -69.77865600585938 34.05202865600586 4.5
endloop
endfacet
facet normal -0.5833602724722752 -0.8122135141088658 0
outer loop
vertex -68.84620666503906 28.229572296142578 5
vertex -67.5417709350586 27.292680740356445 0
vertex -67.5417709350586 27.292680740356445 5
endloop
endfacet
facet normal -0.9506553122204546 -0.3102490569639655 0
outer loop
vertex -70.26195526123047 30.992158889770508 5
vertex -69.77433013916016 29.49799346923828 0
vertex -69.77433013916016 29.49799346923828 5
endloop
endfacet
facet normal -0.8070271660183804 -0.5905143125347103 0
outer loop
vertex -69.77433013916016 29.49799346923828 5
vertex -68.84620666503906 28.229572296142578 0
vertex -68.84620666503906 28.229572296142578 5
endloop
endfacet
facet normal -0.920266969507421 0.3912910743086538 -8.304858498025897e-8
outer loop
vertex -70.24314880371094 34.7928466796875 4.5
vertex -67.96061706542969 40.16107177734375 4.5
vertex -69.96141815185547 35.455440521240234 0.20000000298023224
endloop
endfacet
facet normal -0.39128779380184686 -0.9202683643490541 0
outer loop
vertex -70.24314880371094 34.7928466796875 4.5
vertex -69.58342742919922 34.5123405456543 0.20000000298023224
vertex -69.58342742919922 34.5123405456543 4.5
endloop
endfacet
facet normal -0.9206215092375617 0.3904561905373416 -4.705366355441804e-7
outer loop
vertex -69.77865600585938 34.05202865600586 4.5
vertex -69.58342742919922 34.5123405456543 4.5
vertex -70.06867980957031 33.368202209472656 0
endloop
endfacet
facet normal 0 0 1
outer loop
vertex -41.24858474731445 25.047679901123047 5
vertex -46.14331817626953 14.702343940734863 5
vertex -32.04331970214844 14.702343940734863 5
endloop
endfacet
facet normal 0 0 1
outer loop
vertex -58.22898483276367 22.464181900024414 5
vertex -41.24858474731445 25.047679901123047 5
vertex -49.14114761352539 27.562746047973633 5
endloop
endfacet
facet normal 0 0 1
outer loop
vertex -58.22898483276367 22.464181900024414 5
vertex -57.85995864868164 21.488183975219727 5
vertex -41.24858474731445 25.047679901123047 5
endloop
endfacet
facet normal 0 0 1
outer loop
vertex -41.24858474731445 25.047679901123047 5
vertex -57.837154388427734 21.36370849609375 5
vertex -56.477317810058594 20.839473724365234 5
endloop
endfacet
facet normal 0 0 -1
outer loop
vertex 1.4066802263259888 -32.09765625 0
vertex -3.593319892883301 -32.09765625 0
vertex 10.856679916381836 -28.04765510559082 0
endloop
endfacet
facet normal 0 0 -1
outer loop
vertex 1.4066802263259888 -32.79765701293945 0
vertex 1.4066802263259888 -32.09765625 0
vertex 10.856679916381836 -28.04765510559082 0
endloop
endfacet
facet normal 0 0 -1
outer loop
vertex 1.4066802263259888 -28.59765625 0
vertex 5.9566802978515625 -27.897655487060547 0
vertex -3.593319892883301 -32.09765625 0
endloop
endfacet
facet normal 0 0 -1
outer loop
vertex 10.856679916381836 -28.04765510559082 0
vertex -3.593319892883301 -32.09765625 0
vertex 5.9566802978515625 -27.897655487060547 0
endloop
endfacet
facet normal 0 0 -1
outer loop
vertex 5.9566802978515625 -27.897655487060547 0
vertex 1.4066802263259888 -28.59765625 0
vertex 1.4066802263259888 -27.897655487060547 0
endloop
endfacet
facet normal 0 0 -1
outer loop
vertex 1.4066802263259888 -32.79765701293945 0
vertex 10.856679916381836 -28.04765510559082 0
vertex 5.9566802978515625 -32.79765701293945 0
endloop
endfacet
facet normal 0 0 -1
outer loop
vertex 8.556642532348633 -34.24765396118164 0
vertex 8.590896606445312 -34.419864654541016 0
vertex 5.9566802978515625 -32.79765701293945 0
endloop
endfacet
facet normal 0 0 -1
outer loop
vertex 8.590896606445312 -34.419864654541016 0
vertex 8.688444137573242 -34.565853118896484 0
vertex 5.9566802978515625 -32.79765701293945 0
endloop
endfacet
facet normal 0 0 -1
outer loop
vertex 8.590896606445312 -34.07544708251953 0
vertex 8.556642532348633 -34.24765396118164 0
vertex 5.9566802978515625 -32.79765701293945 0
endloop
endfacet
facet normal 0 0 -1
outer loop
vertex 8.590896606445312 -34.07544708251953 0
vertex 5.9566802978515625 -32.79765701293945 0
vertex 8.688444137573242 -33.92945861816406 0
endloop
endfacet
facet normal 0 0 -1
outer loop
vertex 8.688444137573242 -33.92945861816406 0
vertex 5.9566802978515625 -32.79765701293945 0
vertex 10.856679916381836 -28.04765510559082 0
endloop
endfacet
facet normal 0 0 1
outer loop
vertex -57.85995864868164 21.488183975219727 5
vertex -57.837154388427734 21.36370849609375 5
vertex -41.24858474731445 25.047679901123047 5
endloop
endfacet
facet normal 0 0 1
outer loop
vertex -41.24858474731445 25.047679901123047 5
vertex -56.476234436035156 1.8394736051559448 5
vertex -46.14331817626953 14.702343940734863 5
endloop
endfacet
facet normal 0 0 1
outer loop
vertex -56.476234436035156 1.8394736051559448 5
vertex -41.24858474731445 25.047679901123047 5
vertex -56.477317810058594 20.839473724365234 5
endloop
endfacet
facet normal 0 0 1
outer loop
vertex -46.14331817626953 14.702343940734863 5
vertex -56.476234436035156 1.8394736051559448 5
vertex -46.14331817626953 0.602344274520874 5
endloop
endfacet
facet normal 0 0 -1
outer loop
vertex 9.178850173950195 -40.18191146850586 0
vertex 10.856679916381836 -39.88473892211914 0
vertex 9.324840545654297 -40.279457092285156 0
endloop
endfacet
facet normal 0 0 -1
outer loop
vertex 10.856679916381836 -39.88473892211914 0
vertex 9.178850173950195 -40.18191146850586 0
vertex 9.178850173950195 -39.74340057373047 0
endloop
endfacet
facet normal 0 0 -1
outer loop
vertex 10.856679916381836 -39.88473892211914 0
vertex 9.456642150878906 -40.59765625 0
vertex 9.422388076782227 -40.42544937133789 0
endloop
endfacet
facet normal 0 0 -1
outer loop
vertex 10.856679916381836 -39.88473892211914 0
vertex 9.422388076782227 -40.42544937133789 0
vertex 9.324840545654297 -40.279457092285156 0
endloop
endfacet
facet normal 0 0 -1
outer loop
vertex 10.856679916381836 -39.88473892211914 0
vertex 9.178850173950195 -39.74340057373047 0
vertex 9.324840545654297 -39.64585494995117 0
endloop
endfacet
facet normal 0 0 -1
outer loop
vertex 10.856679916381836 -39.88473892211914 0
vertex 9.324840545654297 -39.64585494995117 0
vertex 9.422388076782227 -39.49986267089844 0
endloop
endfacet
facet normal 0 0 -1
outer loop
vertex 10.856679916381836 -39.88473892211914 0
vertex 9.422388076782227 -39.49986267089844 0
vertex 9.456642150878906 -39.32765579223633 0
endloop
endfacet
facet normal 0 0 -1
outer loop
vertex 10.856679916381836 -39.88473892211914 0
vertex 9.456642150878906 -39.32765579223633 0
vertex 9.422388076782227 -39.15544891357422 0
endloop
endfacet
facet normal 0 0 -1
outer loop
vertex 10.856679916381836 -39.88473892211914 0
vertex 9.422388076782227 -39.15544891357422 0
vertex 9.324840545654297 -39.009456634521484 0
endloop
endfacet
facet normal 0 0 -1
outer loop
vertex 10.856679916381836 -39.88473892211914 0
vertex 9.324840545654297 -39.009456634521484 0
vertex 9.324840545654297 -38.3758544921875 0
endloop
endfacet
facet normal 0 0 -1
outer loop
vertex 9.324840545654297 -39.009456634521484 0
vertex 9.178850173950195 -38.4734001159668 0
vertex 9.324840545654297 -38.3758544921875 0
endloop
endfacet
facet normal 0 0 -1
outer loop
vertex 10.856679916381836 -39.88473892211914 0
vertex 9.324840545654297 -38.3758544921875 0
vertex 9.422388076782227 -38.229862213134766 0
endloop
endfacet
facet normal 0 0 -1
outer loop
vertex 10.856679916381836 -39.88473892211914 0
vertex 9.422388076782227 -38.229862213134766 0
vertex 9.456642150878906 -38.057655334472656 0
endloop
endfacet
facet normal 0 0 -1
outer loop
vertex 10.856679916381836 -39.88473892211914 0
vertex 9.456642150878906 -38.057655334472656 0
vertex 9.422388076782227 -37.88544845581055 0
endloop
endfacet
facet normal 0 0 -1
outer loop
vertex 10.856679916381836 -39.88473892211914 0
vertex 9.422388076782227 -37.88544845581055 0
vertex 9.422388076782227 -36.959861755371094 0
endloop
endfacet
facet normal 0 0 -1
outer loop
vertex 9.422388076782227 -37.88544845581055 0
vertex 9.324840545654297 -37.73945617675781 0
vertex 9.324840545654297 -37.10585403442383 0
endloop
endfacet
facet normal 0 0 -1
outer loop
vertex 9.422388076782227 -36.959861755371094 0
vertex 9.456642150878906 -36.787654876708984 0
vertex 10.856679916381836 -39.88473892211914 0
endloop
endfacet
facet normal 0 0 -1
outer loop
vertex 9.456642150878906 -36.787654876708984 0
vertex 9.422388076782227 -36.615447998046875 0
vertex 10.856679916381836 -39.88473892211914 0
endloop
endfacet
facet normal 0 0 -1
outer loop
vertex 9.422388076782227 -36.615447998046875 0
vertex 9.422388076782227 -35.68986511230469 0
vertex 10.856679916381836 -39.88473892211914 0
endloop
endfacet
facet normal 0 0 -1
outer loop
vertex 9.422388076782227 -36.959861755371094 0
vertex 9.422388076782227 -37.88544845581055 0
vertex 9.324840545654297 -37.10585403442383 0
endloop
endfacet
facet normal 0 0 -1
outer loop
vertex 9.324840545654297 -37.73945617675781 0
vertex 9.178850173950195 -37.203399658203125 0
vertex 9.324840545654297 -37.10585403442383 0
endloop
endfacet
facet normal 0 0 -1
outer loop
vertex 9.422388076782227 -35.68986511230469 0
vertex 9.456642150878906 -35.51765441894531 0
vertex 10.856679916381836 -39.88473892211914 0
endloop
endfacet
facet normal 0 0 -1
outer loop
vertex 9.456642150878906 -35.51765441894531 0
vertex 9.422388076782227 -34.419864654541016 0
vertex 10.856679916381836 -39.88473892211914 0
endloop
endfacet
facet normal 0 0 -1
outer loop
vertex 9.422388076782227 -36.615447998046875 0
vertex 9.324840545654297 -36.469459533691406 0
vertex 9.324840545654297 -35.835853576660156 0
endloop
endfacet
facet normal 0 0 -1
outer loop
vertex 9.324840545654297 -36.469459533691406 0
vertex 9.178850173950195 -35.93340301513672 0
vertex 9.324840545654297 -35.835853576660156 0
endloop
endfacet
facet normal 0 0 -1
outer loop
vertex 9.422388076782227 -35.68986511230469 0
vertex 9.422388076782227 -36.615447998046875 0
vertex 9.324840545654297 -35.835853576660156 0
endloop
endfacet
facet normal 0 0 -1
outer loop
vertex 9.422388076782227 -34.419864654541016 0
vertex 9.456642150878906 -34.24765396118164 0
vertex 10.856679916381836 -39.88473892211914 0
endloop
endfacet
facet normal 0 0 -1
outer loop
vertex 9.422388076782227 -35.3454475402832 0
vertex 9.422388076782227 -34.419864654541016 0
vertex 9.456642150878906 -35.51765441894531 0
endloop
endfacet
facet normal 0 0 -1
outer loop
vertex 9.422388076782227 -35.3454475402832 0
vertex 9.324840545654297 -35.199459075927734 0
vertex 9.324840545654297 -34.565853118896484 0
endloop
endfacet
facet normal 0 0 -1
outer loop
vertex 9.324840545654297 -35.199459075927734 0
vertex 9.178850173950195 -34.66340255737305 0
vertex 9.324840545654297 -34.565853118896484 0
endloop
endfacet
facet normal 0 0 -1
outer loop
vertex 9.422388076782227 -34.419864654541016 0
vertex 9.422388076782227 -35.3454475402832 0
vertex 9.324840545654297 -34.565853118896484 0
endloop
endfacet
facet normal 0 0 -1
outer loop
vertex 9.456642150878906 -34.24765396118164 0
vertex 10.856679916381836 -28.04765510559082 0
vertex 10.856679916381836 -39.88473892211914 0
endloop
endfacet
facet normal 0 0 1
outer loop
vertex -58.28264236450195 22.55867576599121 5
vertex -58.22898483276367 22.464181900024414 5
vertex -49.14114761352539 27.562746047973633 5
endloop
endfacet
facet normal 0.00024979802783718587 0.9999999688004723 0
outer loop
vertex 71.11682891845703 37.163387298583984 4.5
vertex 70.39908599853516 37.16356658935547 0.20000000298023224
vertex 70.39908599853516 37.16356658935547 4.5
endloop
endfacet
facet normal 0 0 1
outer loop
vertex -62.12026596069336 33.07205581665039 5
vertex -59.01280975341797 23.44786834716797 5
vertex -58.927947998046875 23.370967864990234 5
endloop
endfacet
facet normal 0 0 1
outer loop
vertex -58.927947998046875 23.370967864990234 5
vertex -58.28264236450195 22.55867576599121 5
vertex -62.12026596069336 33.07205581665039 5
endloop
endfacet
facet normal 0 0 1
outer loop
vertex -59.9466438293457 24.050363540649414 5
vertex -59.01280975341797 23.44786834716797 5
vertex -62.12026596069336 33.07205581665039 5
endloop
endfacet
facet normal 0 0 1
outer loop
vertex -57.837154388427734 21.36370849609375 5
vertex -57.8366813659668 20.83939552307129 5
vertex -56.477317810058594 20.839473724365234 5
endloop
endfacet
facet normal -0.9999995930396871 -0.0009021754043378736 0
outer loop
vertex -57.8366813659668 20.83939552307129 5
vertex -57.837154388427734 21.36370849609375 5
vertex -57.8366813659668 20.83939552307129 4.5
endloop
endfacet
facet normal 0.9999999681410287 -0.00025242393207993536 -3.16261322128945e-7
outer loop
vertex 71.11682891845703 37.163387298583984 4.5
vertex 71.1153564453125 31.330053329467773 4.5
vertex 71.11664581298828 36.44338607788086 0.20000000298023224
endloop
endfacet
facet normal 0.9999999680684509 -0.0002527106349521618 -6.571932477603105e-7
outer loop
vertex 71.1153564453125 31.330053329467773 4.5
vertex 71.1122817993164 19.163387298583984 4.5
vertex 71.11664581298828 36.44338607788086 0.20000000298023224
endloop
endfacet
facet normal 0 0 1
outer loop
vertex 62.95668029785156 14.702343940734863 5
vertex 69.1121597290039 18.66389274597168 5
vertex 69.11695098876953 37.66389083862305 5
endloop
endfacet
facet normal 0 0 1
outer loop
vertex 69.1121597290039 18.66389274597168 5
vertex 70.39801788330078 14.873135566711426 5
vertex 70.39820098876953 18.6635684967041 5
endloop
endfacet
facet normal 0.9999999988332038 -0.000048307270414281425 0
outer loop
vertex 70.39820098876953 18.6635684967041 4.5
vertex 70.39820098876953 18.6635684967041 5
vertex 70.39801788330078 14.873135566711426 5
endloop
endfacet
facet normal 0 0 1
outer loop
vertex 69.1121597290039 18.66389274597168 5
vertex 69.11119842529297 14.87346076965332 5
vertex 70.39801788330078 14.873135566711426 5
endloop
endfacet
facet normal 0 0 1
outer loop
vertex 69.1121597290039 18.66389274597168 5
vertex 62.95668029785156 14.702343940734863 5
vertex 69.11119842529297 14.87346076965332 5
endloop
endfacet
facet normal 0.9999999988332038 -0.000048307270414281425 0
outer loop
vertex 70.39820098876953 18.6635684967041 4.5
vertex 70.39801788330078 14.873135566711426 5
vertex 70.39801788330078 14.873135566711426 4.5
endloop
endfacet
facet normal 0 0 1
outer loop
vertex 69.11695098876953 37.66389083862305 5
vertex 48.85668182373047 14.702343940734863 5
vertex 62.95668029785156 14.702343940734863 5
endloop
endfacet
facet normal 0 0 1
outer loop
vertex 69.11695098876953 37.66389083862305 5
vertex 43.95668029785156 14.702343940734863 5
vertex 48.85668182373047 14.702343940734863 5
endloop
endfacet
facet normal 0 0 1
outer loop
vertex 62.95668029785156 0.602344274520874 5
vertex 69.11119842529297 14.87346076965332 5
vertex 62.95668029785156 14.702343940734863 5
endloop
endfacet
facet normal 0 0 1
outer loop
vertex 69.10640716552734 -4.1265387535095215 5
vertex 69.11119842529297 14.87346076965332 5
vertex 62.95668029785156 -4.2976555824279785 5
endloop
endfacet
facet normal -0.4687994112472383 -0.883304654133693 0
outer loop
vertex -59.999271392822266 24.07829475402832 5
vertex -59.9466438293457 24.050363540649414 0
vertex -59.9466438293457 24.050363540649414 5
endloop
endfacet
facet normal -0.7829934071121393 -0.6220300028285803 0
outer loop
vertex -58.927947998046875 23.370967864990234 5
vertex -58.28264236450195 22.55867576599121 0
vertex -58.28264236450195 22.55867576599121 5
endloop
endfacet
facet normal -0.6714931336515557 -0.7410107768843945 0
outer loop
vertex -59.01280975341797 23.44786834716797 5
vertex -58.927947998046875 23.370967864990234 0
vertex -58.927947998046875 23.370967864990234 5
endloop
endfacet
facet normal -0.8695836656622333 -0.4937856300191746 0
outer loop
vertex -58.28264236450195 22.55867576599121 5
vertex -58.22898483276367 22.464181900024414 0
vertex -58.22898483276367 22.464181900024414 5
endloop
endfacet
facet normal -0.9353719815377686 -0.35366545796007326 0
outer loop
vertex -58.22898483276367 22.464181900024414 5
vertex -57.85995864868164 21.488183975219727 0
vertex -57.85995864868164 21.488183975219727 5
endloop
endfacet
facet normal -0.9836293178918974 -0.18020367638736037 0
outer loop
vertex -57.85995864868164 21.488183975219727 5
vertex -57.837154388427734 21.36370849609375 0
vertex -57.837154388427734 21.36370849609375 5
endloop
endfacet
facet normal -0.5421405911713323 -0.8402877955822031 0
outer loop
vertex -59.9466438293457 24.050363540649414 5
vertex -59.01280975341797 23.44786834716797 0
vertex -59.01280975341797 23.44786834716797 5
endloop
endfacet
facet normal -0.9999995936829895 -0.0009014617550410179 -7.483517776525695e-7
outer loop
vertex -57.837154388427734 21.36370849609375 5
vertex -57.83622741699219 20.33939552307129 0.20000000298023224
vertex -57.8366813659668 20.83939552307129 4.5
endloop
endfacet
facet normal -0.3920520047302751 -0.9199430556219077 0
outer loop
vertex -67.5417709350586 27.292680740356445 5
vertex -59.999271392822266 24.07829475402832 0
vertex -59.999271392822266 24.07829475402832 5
endloop
endfacet
facet normal 0 0 -1
outer loop
vertex 8.834434509277344 -33.8319091796875 0
vertex 8.688444137573242 -33.92945861816406 0
vertex 10.856679916381836 -28.04765510559082 0
endloop
endfacet
facet normal 0 0 -1
outer loop
vertex 9.00664234161377 -33.79765701293945 0
vertex 8.834434509277344 -33.8319091796875 0
vertex 10.856679916381836 -28.04765510559082 0
endloop
endfacet
facet normal 0 0 -1
outer loop
vertex 9.178850173950195 -33.8319091796875 0
vertex 9.00664234161377 -33.79765701293945 0
vertex 10.856679916381836 -28.04765510559082 0
endloop
endfacet
facet normal 0 0 -1
outer loop
vertex 9.178850173950195 -33.8319091796875 0
vertex 10.856679916381836 -28.04765510559082 0
vertex 9.324840545654297 -33.92945861816406 0
endloop
endfacet
facet normal 0 0 -1
outer loop
vertex 10.856679916381836 -28.04765510559082 0
vertex 9.456642150878906 -34.24765396118164 0
vertex 9.422388076782227 -34.07544708251953 0
endloop
endfacet
facet normal 0 0 -1
outer loop
vertex 10.856679916381836 -28.04765510559082 0
vertex 9.422388076782227 -34.07544708251953 0
vertex 9.324840545654297 -33.92945861816406 0
endloop
endfacet
facet normal 0 0 -1
outer loop
vertex 10.856679916381836 -28.04765510559082 0
vertex 15.4066801071167 -27.34765625 0
vertex 15.4066801071167 -28.04765510559082 0
endloop
endfacet
facet normal -0.9999995878609117 -0.0009078975750385169 0
outer loop
vertex -57.83622741699219 20.33939552307129 0.20000000298023224
vertex -57.83622741699219 20.33939552307129 4.5
vertex -57.8366813659668 20.83939552307129 4.5
endloop
endfacet
facet normal -0.00005653045792539444 0.9999999984021538 0
outer loop
vertex -57.83622741699219 20.33939552307129 4.5
vertex -58.477291107177734 20.339359283447266 0.20000000298023224
vertex -58.477291107177734 20.339359283447266 4.5
endloop
endfacet
facet normal -0.9999999983717729 -0.00005706369349261086 4.3458497376710015e-7
outer loop
vertex -58.47659683227539 8.172693252563477 4.5
vertex -58.477291107177734 20.339359283447266 4.5
vertex -58.4763069152832 3.059359550476074 0.20000000298023224
endloop
endfacet
facet normal -0.999999998381539 -0.000056893480965395 2.3217719344969012e-7
outer loop
vertex -58.47626495361328 2.3393595218658447 4.5
vertex -58.47659683227539 8.172693252563477 4.5
vertex -58.4763069152832 3.059359550476074 0.20000000298023224
endloop
endfacet
facet normal -0.999999594758511 -0.0009002681898613304 0
outer loop
vertex -57.819515228271484 1.8393969535827637 4.5
vertex -57.81996536254883 2.3393969535827637 4.5
vertex -57.81996536254883 2.3393969535827637 0.20000000298023224
endloop
endfacet
facet normal 0.000057034496695866155 -0.999999998373533 0
outer loop
vertex -58.47626495361328 2.3393595218658447 4.5
vertex -57.81996536254883 2.3393969535827637 0.20000000298023224
vertex -57.81996536254883 2.3393969535827637 4.5
endloop
endfacet
facet normal 0.10485009337669143 0.994488038097442 0
outer loop
vertex -20.490888595581055 42.69979476928711 0
vertex -20.563758850097656 42.70747756958008 0
vertex -20.490888595581055 42.69979476928711 5
endloop
endfacet
facet normal 0.20807216305979437 0.9781134775472723 0
outer loop
vertex -20.563758850097656 42.70747756958008 0
vertex -38.75838088989258 46.57798385620117 0
vertex -20.563758850097656 42.70747756958008 5
endloop
endfacet
facet normal 0 0 -1
outer loop
vertex -9.233320236206055 35.92234420776367 0
vertex -20.490888595581055 42.69979476928711 0
vertex 29.856679916381836 33.70234298706055 0
endloop
endfacet
facet normal 0 0 -1
outer loop
vertex -9.233320236206055 35.22234344482422 0
vertex -9.233320236206055 35.92234420776367 0
vertex -4.683320045471191 35.22234344482422 0
endloop
endfacet
facet normal 0 0 -1
outer loop
vertex -14.233320236206055 35.92234420776367 0
vertex -20.490888595581055 42.69979476928711 0
vertex -9.233320236206055 35.92234420776367 0
endloop
endfacet
facet normal 0 0 -1
outer loop
vertex -18.7833194732666 35.22234344482422 0
vertex -14.233320236206055 35.92234420776367 0
vertex -14.233320236206055 35.22234344482422 0
endloop
endfacet
facet normal 0 0 -1
outer loop
vertex -20.490888595581055 42.69979476928711 0
vertex -28.990154266357422 36.86899185180664 0
vertex -20.563758850097656 42.70747756958008 0
endloop
endfacet
facet normal 0 0 -1
outer loop
vertex -33.737457275390625 38.58745193481445 0
vertex -38.75838088989258 46.57798385620117 0
vertex -20.563758850097656 42.70747756958008 0
endloop
endfacet
facet normal 0 0 -1
outer loop
vertex -18.7833194732666 35.22234344482422 0
vertex -20.490888595581055 42.69979476928711 0
vertex -14.233320236206055 35.92234420776367 0
endloop
endfacet
facet normal 0 0 -1
outer loop
vertex -18.7833194732666 35.22234344482422 0
vertex -24.538429260253906 35.928428649902344 0
vertex -20.490888595581055 42.69979476928711 0
endloop
endfacet
facet normal 0 0 -1
outer loop
vertex -28.990154266357422 36.86899185180664 0
vertex -20.490888595581055 42.69979476928711 0
vertex -24.538429260253906 35.928428649902344 0
endloop
endfacet
facet normal 0 0 -1
outer loop
vertex -18.7833194732666 35.22234344482422 0
vertex -27.45313262939453 22.132976531982422 0
vertex -24.538429260253906 35.928428649902344 0
endloop
endfacet
facet normal 0 0 -1
outer loop
vertex -28.84545135498047 37.553871154785156 0
vertex -20.563758850097656 42.70747756958008 0
vertex -28.990154266357422 36.86899185180664 0
endloop
endfacet
facet normal 0 0 -1
outer loop
vertex -33.737457275390625 38.58745193481445 0
vertex -20.563758850097656 42.70747756958008 0
vertex -28.84545135498047 37.553871154785156 0
endloop
endfacet
facet normal 0 0 -1
outer loop
vertex -4.683320045471191 21.122344970703125 0
vertex -9.233320236206055 20.422344207763672 0
vertex -9.233320236206055 21.122344970703125 0
endloop
endfacet
facet normal 0 0 -1
outer loop
vertex -27.143320083618164 9.952343940734863 0
vertex -4.683320045471191 21.122344970703125 0
vertex 10.856679916381836 24.75850486755371 0
endloop
endfacet
facet normal 0 0 -1
outer loop
vertex -14.233320236206055 20.422344207763672 0
vertex -18.7833194732666 21.122344970703125 0
vertex -14.233320236206055 21.122344970703125 0
endloop
endfacet
facet normal 0 0 -1
outer loop
vertex -17.593318939208984 10.652344703674316 0
vertex -22.593318939208984 10.652344703674316 0
vertex 10.856679916381836 24.75850486755371 0
endloop
endfacet
facet normal 0 0 -1
outer loop
vertex -32.04331970214844 14.702343940734863 0
vertex -9.233320236206055 20.422344207763672 0
vertex -4.683320045471191 21.122344970703125 0
endloop
endfacet
facet normal 0 0 -1
outer loop
vertex -22.593318939208984 10.652344703674316 0
vertex -27.143320083618164 9.952343940734863 0
vertex 10.856679916381836 24.75850486755371 0
endloop
endfacet
facet normal 0 0 -1
outer loop
vertex -3.593319892883301 5.902344226837158 0
vertex -8.143320083618164 5.2023444175720215 0
vertex 10.856679916381836 14.852344512939453 0
endloop
endfacet
facet normal 0 0 -1
outer loop
vertex -8.143320083618164 5.2023444175720215 0
vertex -13.043319702148438 9.952343940734863 0
vertex 10.856679916381836 14.852344512939453 0
endloop
endfacet
facet normal 0 0 -1
outer loop
vertex -13.043319702148438 9.952343940734863 0
vertex -17.593318939208984 10.652344703674316 0
vertex 10.856679916381836 14.852344512939453 0
endloop
endfacet
facet normal 0 0 -1
outer loop
vertex -8.143320083618164 5.2023444175720215 0
vertex -3.593319892883301 5.902344226837158 0
vertex -3.593319892883301 5.2023444175720215 0
endloop
endfacet
facet normal 0 0 -1
outer loop
vertex -17.593318939208984 9.952343940734863 0
vertex -17.593318939208984 10.652344703674316 0
vertex -13.043319702148438 9.952343940734863 0
endloop
endfacet
facet normal 0 0 -1
outer loop
vertex -8.143320083618164 5.2023444175720215 0
vertex -8.143320083618164 -8.897655487060547 0
vertex -13.043319702148438 9.952343940734863 0
endloop
endfacet
facet normal 0 0 -1
outer loop
vertex -18.7833194732666 21.122344970703125 0
vertex -27.45313262939453 22.132976531982422 0
vertex -18.7833194732666 35.22234344482422 0
endloop
endfacet
facet normal 0 0 -1
outer loop
vertex -32.04331970214844 14.702343940734863 0
vertex -14.233320236206055 20.422344207763672 0
vertex -9.233320236206055 20.422344207763672 0
endloop
endfacet
facet normal 0 0 -1
outer loop
vertex -27.143320083618164 9.952343940734863 0
vertex -32.04331970214844 14.702343940734863 0
vertex -4.683320045471191 21.122344970703125 0
endloop
endfacet
facet normal 0 0 -1
outer loop
vertex -32.04331970214844 14.702343940734863 0
vertex -18.7833194732666 21.122344970703125 0
vertex -14.233320236206055 20.422344207763672 0
endloop
endfacet
facet normal 0 0 -1
outer loop
vertex -27.45313262939453 22.132976531982422 0
vertex -32.049556732177734 22.388656616210938 0
vertex -31.904855728149414 23.073537826538086 0
endloop
endfacet
facet normal 0 0 -1
outer loop
vertex -32.04331970214844 14.702343940734863 0
vertex -27.45313262939453 22.132976531982422 0
vertex -18.7833194732666 21.122344970703125 0
endloop
endfacet
facet normal 0 0 -1
outer loop
vertex -32.04331970214844 14.702343940734863 0
vertex -32.049556732177734 22.388656616210938 0
vertex -27.45313262939453 22.132976531982422 0
endloop
endfacet
facet normal 0 0 -1
outer loop
vertex -32.04331970214844 14.702343940734863 0
vertex -36.593318939208984 15.402344703674316 0
vertex -32.049556732177734 22.388656616210938 0
endloop
endfacet
facet normal 0 0 -1
outer loop
vertex -27.143320083618164 9.952343940734863 0
vertex -22.593318939208984 10.652344703674316 0
vertex -22.593318939208984 9.952343940734863 0
endloop
endfacet
facet normal 0 0 -1
outer loop
vertex -27.143320083618164 -4.147655963897705 0
vertex -32.04331970214844 14.702343940734863 0
vertex -27.143320083618164 9.952343940734863 0
endloop
endfacet
facet normal 0 0 -1
outer loop
vertex -32.04331970214844 0.602344274520874 0
vertex -32.04331970214844 14.702343940734863 0
vertex -27.143320083618164 -4.147655963897705 0
endloop
endfacet
facet normal 0.3002127346671756 0.9538722733907596 0
outer loop
vertex -38.75838088989258 46.57798385620117 0
vertex -38.822086334228516 46.5980339050293 0
vertex -38.75838088989258 46.57798385620117 5
endloop
endfacet
facet normal 0.389675061380518 0.9209524127435085 0
outer loop
vertex -38.822086334228516 46.5980339050293 0
vertex -56.31505584716797 53.999691009521484 0
vertex -38.822086334228516 46.5980339050293 5
endloop
endfacet
facet normal 0.23965536966356332 0.9708580245285203 0
outer loop
vertex -56.31505584716797 53.999691009521484 0
vertex -57.0928955078125 54.19169998168945 0
vertex -56.31505584716797 53.999691009521484 5
endloop
endfacet
facet normal 0.0006944641642758536 0.9999997588597332 0
outer loop
vertex -57.0928955078125 54.19169998168945 0
vertex -58.69136047363281 54.19281005859375 0
vertex -57.0928955078125 54.19169998168945 5
endloop
endfacet
facet normal -0.310336968558409 0.9506266175244501 0
outer loop
vertex -58.69136047363281 54.19281005859375 0
vertex -60.18547821044922 53.705047607421875 0
vertex -58.69136047363281 54.19281005859375 5
endloop
endfacet
facet normal -0.590587178781513 0.8069738436026865 0
outer loop
vertex -60.18547821044922 53.705047607421875 0
vertex -61.45381546020508 52.77680969238281 0
vertex -60.18547821044922 53.705047607421875 5
endloop
endfacet
facet normal -0.812269303288895 0.5832825892597066 0.0000010321263610045768
outer loop
vertex -62.34406280517578 51.53707504272461 0.20000000298023224
vertex -62.3902473449707 51.47275924682617 0.20000000298023224
vertex -61.45381546020508 52.77680969238281 5
endloop
endfacet
facet normal -0.8122674099677208 0.5832852258580965 0
outer loop
vertex -61.45381546020508 52.77680969238281 5
vertex -61.45381546020508 52.77680969238281 0
vertex -62.34406280517578 51.53707504272461 0.20000000298023224
endloop
endfacet
facet normal -0.9206255252716813 0.3904467213567566 0
outer loop
vertex -62.55530548095703 51.08357238769531 0.20000000298023224
vertex -62.3902473449707 51.47275924682617 4.5
vertex -62.3902473449707 51.47275924682617 0.20000000298023224
endloop
endfacet
facet normal 0.39129055185733874 0.9202671916498921 0
outer loop
vertex -63.199913024902344 51.3576545715332 0.20000000298023224
vertex -62.55530548095703 51.08357238769531 4.5
vertex -62.55530548095703 51.08357238769531 0.20000000298023224
endloop
endfacet
facet normal -0.9202670733792202 0.3912908300152776 0
outer loop
vertex -63.199913024902344 51.3576545715332 4.5
vertex -63.199913024902344 51.3576545715332 0.20000000298023224
vertex -69.96141815185547 35.455440521240234 0.20000000298023224
endloop
endfacet
facet normal -0.9202667754334788 0.3912915307456412 0
outer loop
vertex -70.24314880371094 34.7928466796875 0.20000000298023224
vertex -70.24314880371094 34.7928466796875 4.5
vertex -69.96141815185547 35.455440521240234 0.20000000298023224
endloop
endfacet
facet normal -0.39128779380184686 -0.9202683643490541 0
outer loop
vertex -69.58342742919922 34.5123405456543 0.20000000298023224
vertex -70.24314880371094 34.7928466796875 4.5
vertex -70.24314880371094 34.7928466796875 0.20000000298023224
endloop
endfacet
facet normal -0.9206215092376636 0.3904561905373848 0
outer loop
vertex -69.58342742919922 34.5123405456543 4.5
vertex -69.58342742919922 34.5123405456543 0.20000000298023224
vertex -69.77865600585938 34.05202865600586 0.20000000298023224
endloop
endfacet
facet normal -0.9206226582566384 0.3904534813577206 3.421834768874689e-7
outer loop
vertex -69.77865600585938 34.05202865600586 0.20000000298023224
vertex -70.06867980957031 33.368202209472656 0
vertex -69.58342742919922 34.5123405456543 4.5
endloop
endfacet
facet normal -0.9708349860881358 0.2397486804702979 0
outer loop
vertex -70.06867980957031 33.368202209472656 0
vertex -70.26070404052734 32.59062194824219 0
vertex -70.06867980957031 33.368202209472656 5
endloop
endfacet
facet normal -0.9999996936397322 0.0007827646145272855 0
outer loop
vertex -70.26070404052734 32.59062194824219 0
vertex -70.26195526123047 30.992158889770508 0
vertex -70.26070404052734 32.59062194824219 5
endloop
endfacet
facet normal -0.9506553122204546 -0.3102490569639655 0
outer loop
vertex -70.26195526123047 30.992158889770508 0
vertex -69.77433013916016 29.49799346923828 0
vertex -70.26195526123047 30.992158889770508 5
endloop
endfacet
facet normal -0.8070271660183804 -0.5905143125347103 0
outer loop
vertex -69.77433013916016 29.49799346923828 0
vertex -68.84620666503906 28.229572296142578 0
vertex -69.77433013916016 29.49799346923828 5
endloop
endfacet
facet normal -0.5833602724722752 -0.8122135141088658 0
outer loop
vertex -68.84620666503906 28.229572296142578 0
vertex -67.5417709350586 27.292680740356445 0
vertex -68.84620666503906 28.229572296142578 5
endloop
endfacet
facet normal 0 0 -1
outer loop
vertex -33.737457275390625 38.58745193481445 0
vertex -38.33388137817383 38.84313201904297 0
vertex -38.75838088989258 46.57798385620117 0
endloop
endfacet
facet normal 0 0 -1
outer loop
vertex -38.75838088989258 46.57798385620117 0
vertex -47.82013702392578 42.3196907043457 0
vertex -38.822086334228516 46.5980339050293 0
endloop
endfacet
facet normal 0 0 -1
outer loop
vertex -38.33388137817383 38.84313201904297 0
vertex -43.631839752197266 40.541866302490234 0
vertex -38.75838088989258 46.57798385620117 0
endloop
endfacet
facet normal 0 0 -1
outer loop
vertex -43.631839752197266 40.541866302490234 0
vertex -47.82013702392578 42.3196907043457 0
vertex -38.75838088989258 46.57798385620117 0
endloop
endfacet
facet normal 0 0 -1
outer loop
vertex -38.822086334228516 46.5980339050293 0
vertex -62.34406280517578 51.53707504272461 0
vertex -56.31505584716797 53.999691009521484 0
endloop
endfacet
facet normal 0 0 -1
outer loop
vertex -61.163734436035156 51.03520584106445 0
vertex -38.822086334228516 46.5980339050293 0
vertex -56.610958099365234 46.05117416381836 0
endloop
endfacet
facet normal 0 0 -1
outer loop
vertex -38.822086334228516 46.5980339050293 0
vertex -47.54662322998047 42.964046478271484 0
vertex -52.149147033691406 44.917701721191406 0
endloop
endfacet
facet normal 0 0 -1
outer loop
vertex -47.82013702392578 42.3196907043457 0
vertex -47.54662322998047 42.964046478271484 0
vertex -38.822086334228516 46.5980339050293 0
endloop
endfacet
facet normal 0 0 -1
outer loop
vertex -52.149147033691406 44.917701721191406 0
vertex -56.610958099365234 46.05117416381836 0
vertex -38.822086334228516 46.5980339050293 0
endloop
endfacet
facet normal 0 0 -1
outer loop
vertex -38.33388137817383 38.84313201904297 0
vertex -33.737457275390625 38.58745193481445 0
vertex -33.88215637207031 37.90257263183594 0
endloop
endfacet
facet normal 0 0 -1
outer loop
vertex -41.24858474731445 25.047679901123047 0
vertex -43.631839752197266 40.541866302490234 0
vertex -38.33388137817383 38.84313201904297 0
endloop
endfacet
facet normal 0 0 -1
outer loop
vertex -41.24858474731445 25.047679901123047 0
vertex -49.14114761352539 27.562746047973633 0
vertex -43.631839752197266 40.541866302490234 0
endloop
endfacet
facet normal 0 0 -1
outer loop
vertex -49.14114761352539 27.562746047973633 0
vertex -53.60295486450195 28.69622039794922 0
vertex -53.329444885253906 29.340572357177734 0
endloop
endfacet
facet normal 0 0 -1
outer loop
vertex -62.34406280517578 51.53707504272461 0
vertex -38.822086334228516 46.5980339050293 0
vertex -61.163734436035156 51.03520584106445 0
endloop
endfacet
facet normal 0 0 -1
outer loop
vertex -57.0928955078125 54.19169998168945 0
vertex -60.18547821044922 53.705047607421875 0
vertex -58.69136047363281 54.19281005859375 0
endloop
endfacet
facet normal 0 0 -1
outer loop
vertex -56.31505584716797 53.999691009521484 0
vertex -62.34406280517578 51.53707504272461 0
vertex -57.0928955078125 54.19169998168945 0
endloop
endfacet
facet normal 0 0 -1
outer loop
vertex -57.0928955078125 54.19169998168945 0
vertex -61.45381546020508 52.77680969238281 0
vertex -60.18547821044922 53.705047607421875 0
endloop
endfacet
facet normal 0 0 -1
outer loop
vertex -57.0928955078125 54.19169998168945 0
vertex -62.34406280517578 51.53707504272461 0
vertex -61.45381546020508 52.77680969238281 0
endloop
endfacet
facet normal 0 0 -1
outer loop
vertex -56.610958099365234 46.05117416381836 0
vertex -52.149147033691406 44.917701721191406 0
vertex -52.42266082763672 44.273345947265625 0
endloop
endfacet
facet normal 0 0 -1
outer loop
vertex -62.12026596069336 33.07205581665039 0
vertex -61.163734436035156 51.03520584106445 0
vertex -56.610958099365234 46.05117416381836 0
endloop
endfacet
facet normal 0 0 1
outer loop
vertex 69.11119842529297 14.87346076965332 5
vertex 62.95668029785156 0.602344274520874 5
vertex 62.95668029785156 -4.2976555824279785 5
endloop
endfacet
facet normal 0 0 1
outer loop
vertex 43.95668029785156 19.602344512939453 5
vertex 43.95668029785156 14.702343940734863 5
vertex 70.27203369140625 38.84751892089844 5
endloop
endfacet
facet normal 0 0 1
outer loop
vertex 43.95668029785156 19.602344512939453 5
vertex 29.856679916381836 19.602344512939453 5
vertex 43.95668029785156 14.702343940734863 5
endloop
endfacet
facet normal -0.8122674099677208 0.5832852258580965 0
outer loop
vertex -61.45381546020508 52.77680969238281 0
vertex -62.34406280517578 51.53707504272461 0
vertex -62.34406280517578 51.53707504272461 0.20000000298023224
endloop
endfacet
facet normal 0 0 -1
outer loop
vertex -56.474403381347656 -30.29505729675293 0
vertex -46.14331817626953 -37.39765548706055 0
vertex -56.47332000732422 -49.29505920410156 0
endloop
endfacet
facet normal 0 0 1
outer loop
vertex 43.95668029785156 14.702343940734863 5
vertex 43.95668029785156 0.602344274520874 5
vertex 48.85668182373047 14.702343940734863 5
endloop
endfacet
facet normal 0 0 1
outer loop
vertex 48.85668182373047 14.702343940734863 5
vertex 43.95668029785156 -4.2976555824279785 5
vertex 48.85668182373047 0.602344274520874 5
endloop
endfacet
facet normal 0 0 1
outer loop
vertex 43.95668029785156 0.602344274520874 5
vertex 43.95668029785156 -4.2976555824279785 5
vertex 48.85668182373047 14.702343940734863 5
endloop
endfacet
facet normal 0 0 -1
outer loop
vertex -53.60295486450195 28.69622039794922 0
vertex -59.999271392822266 24.07829475402832 0
vertex -58.205482482910156 30.64987564086914 0
endloop
endfacet
facet normal 0 0 -1
outer loop
vertex -58.205482482910156 30.64987564086914 0
vertex -67.5417709350586 27.292680740356445 0
vertex -57.931968688964844 31.29422950744629 0
endloop
endfacet
facet normal 0 0 -1
outer loop
vertex -61.163734436035156 51.03520584106445 0
vertex -62.12026596069336 33.07205581665039 0
vertex -68.59825897216797 33.550132751464844 0
endloop
endfacet
facet normal -0.9999995920739825 -0.0009032451874147647 0
outer loop
vertex -57.796417236328125 -23.727867126464844 0.20000000298023224
vertex -57.79048538208008 -30.295133590698242 0
vertex -57.79048538208008 -30.295133590698242 0.20000000298023224
endloop
endfacet
facet normal -0.0002537582857193373 -0.9999999678033655 0
outer loop
vertex 70.39822387695312 19.1635684967041 4.5
vertex 71.1122817993164 19.163387298583984 0.20000000298023224
vertex 71.1122817993164 19.163387298583984 4.5
endloop
endfacet
facet normal 0.999999998952262 -0.00004577636713953836 0
outer loop
vertex 70.39822387695312 19.1635684967041 0.20000000298023224
vertex 70.39822387695312 19.1635684967041 4.5
vertex 70.39820098876953 18.6635684967041 4.5
endloop
endfacet
facet normal 0 0 -1
outer loop
vertex 65.7903060913086 -54.32982635498047 0
vertex -52.91127014160156 -54.30866622924805 0
vertex 66.58090209960938 -54.20273971557617 0
endloop
endfacet
facet normal 0 0 -1
outer loop
vertex 20.406681060791016 -42.84765625 0
vertex 20.406681060791016 -42.14765548706055 0
vertex 24.956680297851562 -42.14765548706055 0
endloop
endfacet
facet normal 0 0 -1
outer loop
vertex 66.58090209960938 -54.20273971557617 0
vertex -52.91127014160156 -54.30866622924805 0
vertex 68.05274200439453 -53.57923126220703 0
endloop
endfacet
facet normal 0 0 -1
outer loop
vertex 68.05274200439453 -53.57923126220703 0
vertex -52.91127014160156 -54.30866622924805 0
vertex 69.23753356933594 -52.546478271484375 0
endloop
endfacet
facet normal 0 0 -1
outer loop
vertex 69.23753356933594 -52.546478271484375 0
vertex -52.91127014160156 -54.30866622924805 0
vertex 70.04238891601562 -51.19647216796875 0
endloop
endfacet
facet normal 0 0 -1
outer loop
vertex 70.37744140625 -49.707725524902344 0
vertex -52.91127014160156 -54.30866622924805 0
vertex 69.09490966796875 -49.707401275634766 0
endloop
endfacet
facet normal 0 0 -1
outer loop
vertex 70.37744140625 -49.707725524902344 0
vertex 70.04238891601562 -51.19647216796875 0
vertex -52.91127014160156 -54.30866622924805 0
endloop
endfacet
facet normal 0 0 -1
outer loop
vertex 69.09490966796875 -49.707401275634766 0
vertex 9.00664234161377 -47.39765548706055 0
vertex 9.178850173950195 -47.3634033203125 0
endloop
endfacet
facet normal 0 0 -1
outer loop
vertex 69.09490966796875 -49.707401275634766 0
vertex 9.178850173950195 -47.3634033203125 0
vertex 9.324840545654297 -47.26585388183594 0
endloop
endfacet
facet normal 0 0 -1
outer loop
vertex 69.09490966796875 -49.707401275634766 0
vertex 9.324840545654297 -47.26585388183594 0
vertex 20.406681060791016 -42.84765625 0
endloop
endfacet
facet normal 0.9999999988331605 -0.00004830727041427933 -2.942910792961763e-7
outer loop
vertex 70.39822387695312 19.1635684967041 0.20000000298023224
vertex 70.39820098876953 18.6635684967041 4.5
vertex 70.39801788330078 14.873135566711426 4.5
endloop
endfacet
facet normal 0.9999999989497734 -0.00004577636713942444 0.000002230981196194786
outer loop
vertex 70.39799499511719 14.373135566711426 4.5
vertex 70.39822387695312 19.1635684967041 0.20000000298023224
vertex 70.39801788330078 14.873135566711426 4.5
endloop
endfacet
facet normal 0 0 -1
outer loop
vertex 24.956680297851562 -42.14765548706055 0
vertex 24.956680297851562 -28.04765510559082 0
vertex 29.856679916381836 -37.39765548706055 0
endloop
endfacet
facet normal 0 0 -1
outer loop
vertex 20.406681060791016 -28.04765510559082 0
vertex 20.406681060791016 -27.34765625 0
vertex 24.956680297851562 -28.04765510559082 0
endloop
endfacet
facet normal 0 0 -1
outer loop
vertex 29.856679916381836 -37.39765548706055 0
vertex 34.406681060791016 -38.09765625 0
vertex 24.956680297851562 -42.14765548706055 0
endloop
endfacet
facet normal 0 0 -1
outer loop
vertex 24.956680297851562 -42.14765548706055 0
vertex 34.406681060791016 -38.09765625 0
vertex 39.406681060791016 -38.09765625 0
endloop
endfacet
facet normal 0 0 -1
outer loop
vertex 34.406681060791016 -38.09765625 0
vertex 29.856679916381836 -37.39765548706055 0
vertex 34.406681060791016 -37.39765548706055 0
endloop
endfacet
facet normal 0 0 -1
outer loop
vertex 29.856679916381836 -37.39765548706055 0
vertex 24.956680297851562 -28.04765510559082 0
vertex 29.856679916381836 -23.29765510559082 0
endloop
endfacet
facet normal 0.0002514310090107928 0.9999999683912234 0
outer loop
vertex 71.11107635498047 14.372956275939941 4.5
vertex 70.39799499511719 14.373135566711426 0.20000000298023224
vertex 70.39799499511719 14.373135566711426 4.5
endloop
endfacet
facet normal 0 0 -1
outer loop
vertex -57.931968688964844 31.29422950744629 0
vertex -68.84620666503906 28.229572296142578 0
vertex -62.12026596069336 33.07205581665039 0
endloop
endfacet
facet normal 0 0 -1
outer loop
vertex -59.999271392822266 24.07829475402832 0
vertex -67.5417709350586 27.292680740356445 0
vertex -58.205482482910156 30.64987564086914 0
endloop
endfacet
facet normal 0 0 -1
outer loop
vertex -68.84620666503906 28.229572296142578 0
vertex -57.931968688964844 31.29422950744629 0
vertex -67.5417709350586 27.292680740356445 0
endloop
endfacet
facet normal 0 0 -1
outer loop
vertex -62.12026596069336 33.07205581665039 0
vertex -70.06867980957031 33.368202209472656 0
vertex -68.59825897216797 33.550132751464844 0
endloop
endfacet
facet normal 0 0 -1
outer loop
vertex -62.12026596069336 33.07205581665039 0
vertex -70.26070404052734 32.59062194824219 0
vertex -70.06867980957031 33.368202209472656 0
endloop
endfacet
facet normal 0 0 -1
outer loop
vertex -62.12026596069336 33.07205581665039 0
vertex -70.26195526123047 30.992158889770508 0
vertex -70.26070404052734 32.59062194824219 0
endloop
endfacet
facet normal 0 0 -1
outer loop
vertex -62.12026596069336 33.07205581665039 0
vertex -69.77433013916016 29.49799346923828 0
vertex -70.26195526123047 30.992158889770508 0
endloop
endfacet
facet normal 0 0 -1
outer loop
vertex -56.474403381347656 -30.29505729675293 0
vertex -57.79048538208008 -30.295133590698242 0
vertex -56.47477722167969 -23.727792739868164 0
endloop
endfacet
facet normal -0.9206226222822446 0.390453566179339 0
outer loop
vertex -69.77865600585938 34.05202865600586 0.20000000298023224
vertex -69.77865600585938 34.05202865600586 0
vertex -70.06867980957031 33.368202209472656 0
endloop
endfacet
facet normal 0 0 -1
outer loop
vertex -70.06867980957031 33.368202209472656 0
vertex -69.77865600585938 34.05202865600586 0
vertex -68.59825897216797 33.550132751464844 0
endloop
endfacet
facet normal 0 0 -1
outer loop
vertex -69.77433013916016 29.49799346923828 0
vertex -62.12026596069336 33.07205581665039 0
vertex -68.84620666503906 28.229572296142578 0
endloop
endfacet
facet normal -0.5421405911713323 -0.8402877955822031 0
outer loop
vertex -59.9466438293457 24.050363540649414 0
vertex -59.01280975341797 23.44786834716797 0
vertex -59.9466438293457 24.050363540649414 5
endloop
endfacet
facet normal -0.4687994112472383 -0.883304654133693 0
outer loop
vertex -59.999271392822266 24.07829475402832 0
vertex -59.9466438293457 24.050363540649414 0
vertex -59.999271392822266 24.07829475402832 5
endloop
endfacet
facet normal -0.9999995878607163 -0.0009078975750383395 6.250439132782548e-7
outer loop
vertex -57.8366813659668 20.83939552307129 0.20000000298023224
vertex -57.83622741699219 20.33939552307129 0.20000000298023224
vertex -57.837154388427734 21.36370849609375 5
endloop
endfacet
facet normal -0.9999995930396871 -0.0009021754043378736 0
outer loop
vertex -57.8366813659668 20.83939552307129 0.20000000298023224
vertex -57.837154388427734 21.36370849609375 5
vertex -57.837154388427734 21.36370849609375 0
endloop
endfacet
facet normal -0.9353719815377686 -0.35366545796007326 0
outer loop
vertex -58.22898483276367 22.464181900024414 0
vertex -57.85995864868164 21.488183975219727 0
vertex -58.22898483276367 22.464181900024414 5
endloop
endfacet
facet normal -0.6714931336515557 -0.7410107768843945 0
outer loop
vertex -59.01280975341797 23.44786834716797 0
vertex -58.927947998046875 23.370967864990234 0
vertex -59.01280975341797 23.44786834716797 5
endloop
endfacet
facet normal -0.7829934071121393 -0.6220300028285803 0
outer loop
vertex -58.927947998046875 23.370967864990234 0
vertex -58.28264236450195 22.55867576599121 0
vertex -58.927947998046875 23.370967864990234 5
endloop
endfacet
facet normal -0.8695836656622333 -0.4937856300191746 0
outer loop
vertex -58.28264236450195 22.55867576599121 0
vertex -58.22898483276367 22.464181900024414 0
vertex -58.28264236450195 22.55867576599121 5
endloop
endfacet
facet normal -0.9836293178918974 -0.18020367638736037 0
outer loop
vertex -57.85995864868164 21.488183975219727 0
vertex -57.837154388427734 21.36370849609375 0
vertex -57.85995864868164 21.488183975219727 5
endloop
endfacet
facet normal -0.00005653045792539444 0.9999999984021538 0
outer loop
vertex -58.477291107177734 20.339359283447266 0.20000000298023224
vertex -57.83622741699219 20.33939552307129 4.5
vertex -57.83622741699219 20.33939552307129 0.20000000298023224
endloop
endfacet
facet normal -0.9999999983780326 -0.0000569555502397972 0
outer loop
vertex -58.477291107177734 20.339359283447266 4.5
vertex -58.477291107177734 20.339359283447266 0.20000000298023224
vertex -58.4763069152832 3.059359550476074 0.20000000298023224
endloop
endfacet
facet normal -0.3920520047302751 -0.9199430556219077 0
outer loop
vertex -59.999271392822266 24.07829475402832 0
vertex -67.5417709350586 27.292680740356445 5
vertex -67.5417709350586 27.292680740356445 0
endloop
endfacet
facet normal -0.999999594758511 -0.0009002681898613304 0
outer loop
vertex -57.819515228271484 1.8393969535827637 4.5
vertex -57.81996536254883 2.3393969535827637 0.20000000298023224
vertex -57.819515228271484 1.8393969535827637 0.20000000298023224
endloop
endfacet
facet normal -0.9999999983017152 -0.000058280094698896177 0
outer loop
vertex -58.47626495361328 2.3393595218658447 0.20000000298023224
vertex -58.47626495361328 2.3393595218658447 4.5
vertex -58.4763069152832 3.059359550476074 0.20000000298023224
endloop
endfacet
facet normal 0.000057034496695866155 -0.999999998373533 0
outer loop
vertex -57.81996536254883 2.3393969535827637 0.20000000298023224
vertex -58.47626495361328 2.3393595218658447 4.5
vertex -58.47626495361328 2.3393595218658447 0.20000000298023224
endloop
endfacet
facet normal 0 0 -1
outer loop
vertex -36.94156265258789 23.422239303588867 0
vertex -41.24858474731445 25.047679901123047 0
vertex -36.79685974121094 24.107120513916016 0
endloop
endfacet
facet normal 0 0 -1
outer loop
vertex -36.593318939208984 15.402344703674316 0
vertex -36.94156265258789 23.422239303588867 0
vertex -32.049556732177734 22.388656616210938 0
endloop
endfacet
facet normal 0 0 -1
outer loop
vertex -36.94156265258789 23.422239303588867 0
vertex -41.593318939208984 15.402344703674316 0
vertex -41.24858474731445 25.047679901123047 0
endloop
endfacet
facet normal 0 0 -1
outer loop
vertex -41.593318939208984 15.402344703674316 0
vertex -36.94156265258789 23.422239303588867 0
vertex -36.593318939208984 15.402344703674316 0
endloop
endfacet
facet normal 0 0 -1
outer loop
vertex -36.593318939208984 14.702343940734863 0
vertex -36.593318939208984 15.402344703674316 0
vertex -32.04331970214844 14.702343940734863 0
endloop
endfacet
facet normal 0 0 -1
outer loop
vertex -41.593318939208984 15.402344703674316 0
vertex -46.14331817626953 14.702343940734863 0
vertex -41.24858474731445 25.047679901123047 0
endloop
endfacet
facet normal 0 0 -1
outer loop
vertex -46.14331817626953 14.702343940734863 0
vertex -41.593318939208984 15.402344703674316 0
vertex -41.593318939208984 14.702343940734863 0
endloop
endfacet
facet normal 0 0 -1
outer loop
vertex -41.24858474731445 25.047679901123047 0
vertex -58.22898483276367 22.464181900024414 0
vertex -49.14114761352539 27.562746047973633 0
endloop
endfacet
facet normal 0 0 -1
outer loop
vertex -41.24858474731445 25.047679901123047 0
vertex -57.85995864868164 21.488183975219727 0
vertex -58.22898483276367 22.464181900024414 0
endloop
endfacet
facet normal 0 0 -1
outer loop
vertex -57.8366813659668 20.83939552307129 0
vertex -41.24858474731445 25.047679901123047 0
vertex -56.477317810058594 20.839473724365234 0
endloop
endfacet
facet normal 0 0 -1
outer loop
vertex -57.8366813659668 20.83939552307129 0
vertex -57.837154388427734 21.36370849609375 0
vertex -41.24858474731445 25.047679901123047 0
endloop
endfacet
facet normal 0 0 -1
outer loop
vertex -41.24858474731445 25.047679901123047 0
vertex -57.837154388427734 21.36370849609375 0
vertex -57.85995864868164 21.488183975219727 0
endloop
endfacet
facet normal 0 0 -1
outer loop
vertex -56.477317810058594 20.839473724365234 0
vertex -41.24858474731445 25.047679901123047 0
vertex -46.14331817626953 14.702343940734863 0
endloop
endfacet
facet normal 0 0 -1
outer loop
vertex -32.04331970214844 0.602344274520874 0
vertex -36.593318939208984 -0.09765574336051941 0
vertex -36.593318939208984 0.602344274520874 0
endloop
endfacet
facet normal 0 0 -1
outer loop
vertex -46.14331817626953 0.602344274520874 0
vertex -56.476234436035156 1.8394736051559448 0
vertex -46.14331817626953 14.702343940734863 0
endloop
endfacet
facet normal 0 0 -1
outer loop
vertex -49.14114761352539 27.562746047973633 0
vertex -58.28264236450195 22.55867576599121 0
vertex -53.60295486450195 28.69622039794922 0
endloop
endfacet
facet normal 0 0 -1
outer loop
vertex -58.28264236450195 22.55867576599121 0
vertex -49.14114761352539 27.562746047973633 0
vertex -58.22898483276367 22.464181900024414 0
endloop
endfacet
facet normal 0 0 -1
outer loop
vertex -58.28264236450195 22.55867576599121 0
vertex -58.927947998046875 23.370967864990234 0
vertex -53.60295486450195 28.69622039794922 0
endloop
endfacet
facet normal 0 0 -1
outer loop
vertex -56.474403381347656 -30.29505729675293 0
vertex -56.47477722167969 -23.727792739868164 0
vertex -46.14331817626953 -37.39765548706055 0
endloop
endfacet
facet normal 0 0 -1
outer loop
vertex -53.60295486450195 28.69622039794922 0
vertex -59.01280975341797 23.44786834716797 0
vertex -59.9466438293457 24.050363540649414 0
endloop
endfacet
facet normal 0 0 -1
outer loop
vertex -59.999271392822266 24.07829475402832 0
vertex -53.60295486450195 28.69622039794922 0
vertex -59.9466438293457 24.050363540649414 0
endloop
endfacet
facet normal 0 0 -1
outer loop
vertex -59.01280975341797 23.44786834716797 0
vertex -53.60295486450195 28.69622039794922 0
vertex -58.927947998046875 23.370967864990234 0
endloop
endfacet
facet normal 0 0 -1
outer loop
vertex -55.93797302246094 -53.17713928222656 0
vertex -56.69806671142578 -52.40225601196289 0
vertex -36.593318939208984 -38.09765625 0
endloop
endfacet
facet normal 0.9999999681410287 -0.00025242393207993536 -3.163173059012794e-7
outer loop
vertex 71.11107635498047 14.372956275939941 4.5
vertex 71.10960388183594 8.53962230682373 4.5
vertex 71.11089324951172 13.652956008911133 0.20000000298023224
endloop
endfacet
facet normal -0.999999593039687 -0.0009021754043378735 0
outer loop
vertex -57.8366813659668 20.83939552307129 0.20000000298023224
vertex -57.837154388427734 21.36370849609375 0
vertex -57.8366813659668 20.83939552307129 0
endloop
endfacet
facet normal 0.9999999682269335 -0.000252083566396093 8.842767879506272e-8
outer loop
vertex 71.10960388183594 8.53962230682373 4.5
vertex 71.10653686523438 -3.6270434856414795 4.5
vertex 71.11089324951172 13.652956008911133 0.20000000298023224
endloop
endfacet
facet normal 0 0 -1
outer loop
vertex -55.93797302246094 -53.17713928222656 0
vertex -36.593318939208984 -38.09765625 0
vertex -55.02843475341797 -53.76953125 0
endloop
endfacet
facet normal 0 0 -1
outer loop
vertex -55.02843475341797 -53.76953125 0
vertex -32.04331970214844 -37.39765548706055 0
vertex -54.01240158081055 -54.151451110839844 0
endloop
endfacet
facet normal 0 0 -1
outer loop
vertex -56.476234436035156 1.8394736051559448 0
vertex -56.477317810058594 20.839473724365234 0
vertex -46.14331817626953 14.702343940734863 0
endloop
endfacet
facet normal 0 0 -1
outer loop
vertex -54.01240158081055 -54.151451110839844 0
vertex -32.04331970214844 -37.39765548706055 0
vertex -52.91127014160156 -54.30866622924805 0
endloop
endfacet
facet normal 0 0 -1
outer loop
vertex -57.634185791015625 -50.46083068847656 0
vertex -36.593318939208984 -38.09765625 0
vertex -57.27281951904297 -51.48147201538086 0
endloop
endfacet
facet normal 0 0 -1
outer loop
vertex -36.593318939208984 -38.09765625 0
vertex -56.69806671142578 -52.40225601196289 0
vertex -57.27281951904297 -51.48147201538086 0
endloop
endfacet
facet normal 0 0 -1
outer loop
vertex -36.593318939208984 -38.09765625 0
vertex -57.634185791015625 -50.46083068847656 0
vertex -56.47332000732422 -49.29505920410156 0
endloop
endfacet
facet normal 0 0 -1
outer loop
vertex -41.593318939208984 -37.39765548706055 0
vertex -56.47332000732422 -49.29505920410156 0
vertex -46.14331817626953 -37.39765548706055 0
endloop
endfacet
facet normal 0 0 -1
outer loop
vertex -56.47332000732422 -49.29505920410156 0
vertex -41.593318939208984 -37.39765548706055 0
vertex -41.593318939208984 -38.09765625 0
endloop
endfacet
facet normal 0 0 -1
outer loop
vertex -36.593318939208984 -38.09765625 0
vertex -56.47332000732422 -49.29505920410156 0
vertex -41.593318939208984 -38.09765625 0
endloop
endfacet
facet normal 0 0 1
outer loop
vertex -8.143320083618164 -8.897655487060547 5
vertex -8.143320083618164 -13.797656059265137 5
vertex 5.9566802978515625 -13.797656059265137 5
endloop
endfacet
facet normal 0 0 1
outer loop
vertex -13.043319702148438 -4.147655963897705 5
vertex -13.043319702148438 -9.047656059265137 5
vertex -8.143320083618164 5.2023444175720215 5
endloop
endfacet
facet normal 0 0 1
outer loop
vertex -8.143320083618164 -8.897655487060547 5
vertex -8.143320083618164 5.2023444175720215 5
vertex -13.043319702148438 -9.047656059265137 5
endloop
endfacet
facet normal 0 0 1
outer loop
vertex -13.043319702148438 -9.047656059265137 5
vertex -8.143320083618164 -13.797656059265137 5
vertex -8.143320083618164 -8.897655487060547 5
endloop
endfacet
facet normal 0 0 1
outer loop
vertex -13.043319702148438 -9.047656059265137 5
vertex -13.043319702148438 -23.147655487060547 5
vertex -8.143320083618164 -13.797656059265137 5
endloop
endfacet
facet normal 0 0 1
outer loop
vertex -13.043319702148438 -23.147655487060547 5
vertex -8.143320083618164 -27.897655487060547 5
vertex -8.143320083618164 -13.797656059265137 5
endloop
endfacet
facet normal 0 0 1
outer loop
vertex -13.043319702148438 -23.147655487060547 5
vertex -13.043319702148438 -28.04765510559082 5
vertex -8.143320083618164 -27.897655487060547 5
endloop
endfacet
facet normal 0 0 1
outer loop
vertex -13.043319702148438 -4.147655963897705 5
vertex -27.143320083618164 -4.147655963897705 5
vertex -13.043319702148438 -9.047656059265137 5
endloop
endfacet
facet normal 0 0 1
outer loop
vertex -27.143320083618164 -4.147655963897705 5
vertex -27.143320083618164 -9.047656059265137 5
vertex -13.043319702148438 -9.047656059265137 5
endloop
endfacet
facet normal 0 0 1
outer loop
vertex -32.04331970214844 0.602344274520874 5
vertex -32.04331970214844 -4.2976555824279785 5
vertex -27.143320083618164 -4.147655963897705 5
endloop
endfacet
facet normal 0 0 1
outer loop
vertex -32.04331970214844 -4.2976555824279785 5
vertex -27.143320083618164 -9.047656059265137 5
vertex -27.143320083618164 -4.147655963897705 5
endloop
endfacet
facet normal 0 0 1
outer loop
vertex -32.04331970214844 -4.2976555824279785 5
vertex -32.04331970214844 -18.397655487060547 5
vertex -27.143320083618164 -9.047656059265137 5
endloop
endfacet
facet normal 0 0 1
outer loop
vertex -13.043319702148438 -23.147655487060547 5
vertex -27.143320083618164 -23.147655487060547 5
vertex -13.043319702148438 -28.04765510559082 5
endloop
endfacet
facet normal 0 0 1
outer loop
vertex -27.143320083618164 -23.147655487060547 5
vertex -27.143320083618164 -28.04765510559082 5
vertex -13.043319702148438 -28.04765510559082 5
endloop
endfacet
facet normal 0 0 1
outer loop
vertex -32.04331970214844 -18.397655487060547 5
vertex -27.143320083618164 -23.147655487060547 5
vertex -27.143320083618164 -9.047656059265137 5
endloop
endfacet
facet normal 0 0 1
outer loop
vertex -32.04331970214844 -18.397655487060547 5
vertex -32.04331970214844 -23.29765510559082 5
vertex -27.143320083618164 -23.147655487060547 5
endloop
endfacet
facet normal 0 0 1
outer loop
vertex -32.04331970214844 -23.29765510559082 5
vertex -27.143320083618164 -28.04765510559082 5
vertex -27.143320083618164 -23.147655487060547 5
endloop
endfacet
facet normal 0 0 1
outer loop
vertex -8.143320083618164 -27.897655487060547 5
vertex -8.143320083618164 -32.79765701293945 5
vertex 5.9566802978515625 -32.79765701293945 5
endloop
endfacet
facet normal 0 0 1
outer loop
vertex -8.143320083618164 -32.79765701293945 5
vertex -8.143320083618164 -27.897655487060547 5
vertex -13.043319702148438 -28.04765510559082 5
endloop
endfacet
facet normal 0 0 1
outer loop
vertex -13.043319702148438 -28.04765510559082 5
vertex -13.043319702148438 -42.14765548706055 5
vertex -8.143320083618164 -32.79765701293945 5
endloop
endfacet
facet normal 0 0 1
outer loop
vertex -8.143320083618164 -46.89765548706055 5
vertex -8.143320083618164 -32.79765701293945 5
vertex -13.043319702148438 -42.14765548706055 5
endloop
endfacet
facet normal 0 0 1
outer loop
vertex -32.04331970214844 -23.29765510559082 5
vertex -32.04331970214844 -37.39765548706055 5
vertex -27.143320083618164 -28.04765510559082 5
endloop
endfacet
facet normal 0 0 1
outer loop
vertex -32.04331970214844 -37.39765548706055 5
vertex -27.143320083618164 -42.14765548706055 5
vertex -27.143320083618164 -28.04765510559082 5
endloop
endfacet
facet normal 0 0 1
outer loop
vertex -8.143320083618164 -46.89765548706055 5
vertex -52.91127014160156 -54.30866622924805 5
vertex 5.9566802978515625 -46.89765548706055 5
endloop
endfacet
facet normal 0 0 1
outer loop
vertex -13.043319702148438 -42.14765548706055 5
vertex -52.91127014160156 -54.30866622924805 5
vertex -8.143320083618164 -46.89765548706055 5
endloop
endfacet
facet normal 0 0 1
outer loop
vertex -27.143320083618164 -42.14765548706055 5
vertex -52.91127014160156 -54.30866622924805 5
vertex -13.043319702148438 -42.14765548706055 5
endloop
endfacet
facet normal 0 0 1
outer loop
vertex -46.14331817626953 0.602344274520874 5
vertex -32.04331970214844 -4.2976555824279785 5
vertex -32.04331970214844 0.602344274520874 5
endloop
endfacet
facet normal 0 0 1
outer loop
vertex -46.14331817626953 0.602344274520874 5
vertex -46.14331817626953 -4.2976555824279785 5
vertex -32.04331970214844 -4.2976555824279785 5
endloop
endfacet
facet normal 0 0 1
outer loop
vertex -56.475860595703125 -4.727792263031006 5
vertex -46.14331817626953 -4.2976555824279785 5
vertex -46.14331817626953 0.602344274520874 5
endloop
endfacet
facet normal 0 0 1
outer loop
vertex -32.04331970214844 -18.397655487060547 5
vertex -46.14331817626953 -18.397655487060547 5
vertex -32.04331970214844 -23.29765510559082 5
endloop
endfacet
facet normal 0 0 1
outer loop
vertex -46.14331817626953 -18.397655487060547 5
vertex -46.14331817626953 -23.29765510559082 5
vertex -32.04331970214844 -23.29765510559082 5
endloop
endfacet
facet normal 0 0 1
outer loop
vertex -46.14331817626953 -4.2976555824279785 5
vertex -56.47477722167969 -23.727792739868164 5
vertex -46.14331817626953 -18.397655487060547 5
endloop
endfacet
facet normal 0 0 1
outer loop
vertex -46.14331817626953 -18.397655487060547 5
vertex -56.47477722167969 -23.727792739868164 5
vertex -46.14331817626953 -23.29765510559082 5
endloop
endfacet
facet normal 0 0 1
outer loop
vertex -56.475860595703125 -4.727792263031006 5
vertex -46.14331817626953 0.602344274520874 5
vertex -56.476234436035156 1.8394736051559448 5
endloop
endfacet
facet normal 0 0 1
outer loop
vertex -56.475860595703125 -4.727792263031006 5
vertex -56.476234436035156 1.8394736051559448 5
vertex -57.819515228271484 1.8393969535827637 5
endloop
endfacet
facet normal 0 0 1
outer loop
vertex -56.475860595703125 -4.727792263031006 5
vertex -57.819515228271484 1.8393969535827637 5
vertex -57.81358337402344 -4.727868556976318 5
endloop
endfacet
facet normal -0.999999592073864 -0.0009032453185806255 0
outer loop
vertex -57.819515228271484 1.8393969535827637 4.5
vertex -57.81358337402344 -4.727868556976318 5
vertex -57.819515228271484 1.8393969535827637 5
endloop
endfacet
facet normal 0 0 -1
outer loop
vertex -32.04331970214844 -37.39765548706055 0
vertex -55.02843475341797 -53.76953125 0
vertex -36.593318939208984 -38.09765625 0
endloop
endfacet
facet normal 0 0 -1
outer loop
vertex -52.91127014160156 -54.30866622924805 0
vertex -32.04331970214844 -37.39765548706055 0
vertex -27.143320083618164 -42.14765548706055 0
endloop
endfacet
facet normal -0.999999592073864 -0.0009032453185806255 0
outer loop
vertex -57.819515228271484 1.8393969535827637 4.5
vertex -57.81358337402344 -4.727868556976318 4.5
vertex -57.81358337402344 -4.727868556976318 5
endloop
endfacet
facet normal 0 0 -1
outer loop
vertex -46.14331817626953 -37.39765548706055 0
vertex -56.47477722167969 -23.727792739868164 0
vertex -46.14331817626953 -23.29765510559082 0
endloop
endfacet
facet normal 0 0 1
outer loop
vertex -56.475860595703125 -4.727792263031006 5
vertex -56.47477722167969 -23.727792739868164 5
vertex -46.14331817626953 -4.2976555824279785 5
endloop
endfacet
facet normal 0 0 -1
outer loop
vertex -32.04331970214844 -37.39765548706055 0
vertex -36.593318939208984 -38.09765625 0
vertex -36.593318939208984 -37.39765548706055 0
endloop
endfacet
facet normal -0.8483034044695519 -0.5295104663416651 0
outer loop
vertex -57.27281951904297 -51.48147201538086 0
vertex -56.69806671142578 -52.40225601196289 0
vertex -57.27281951904297 -51.48147201538086 5
endloop
endfacet
facet normal -0.9934098043281971 -0.11461658110680718 0
outer loop
vertex -57.634185791015625 -50.46083068847656 0
vertex -57.768680572509766 -49.29513168334961 4.5
vertex -57.768680572509766 -49.29513168334961 0.20000000298023224
endloop
endfacet
facet normal 0 0 1
outer loop
vertex 65.69924926757812 42.661556243896484 5
vertex -20.490888595581055 42.69979476928711 5
vertex 43.95668029785156 33.70234298706055 5
endloop
endfacet
facet normal 0 0 1
outer loop
vertex 43.95668029785156 33.70234298706055 5
vertex -4.683320045471191 35.22234344482422 5
vertex 29.856679916381836 33.70234298706055 5
endloop
endfacet
facet normal 0 0 1
outer loop
vertex 29.856679916381836 33.70234298706055 5
vertex 10.856679916381836 28.95234489440918 5
vertex 24.956680297851562 28.95234489440918 5
endloop
endfacet
facet normal 0 0 1
outer loop
vertex -56.474403381347656 -30.29505729675293 5
vertex -46.14331817626953 -23.29765510559082 5
vertex -56.47477722167969 -23.727792739868164 5
endloop
endfacet
facet normal 0 0 1
outer loop
vertex -56.474403381347656 -30.29505729675293 5
vertex -56.47477722167969 -23.727792739868164 5
vertex -57.796417236328125 -23.727867126464844 5
endloop
endfacet
facet normal -0.9999995920739825 -0.0009032451874147647 0
outer loop
vertex -57.79048538208008 -30.295133590698242 5
vertex -57.796417236328125 -23.727867126464844 5
vertex -57.796417236328125 -23.727867126464844 4.5
endloop
endfacet
facet normal -0.9934060686881021 -0.11464895417599673 0
outer loop
vertex -57.768680572509766 -49.29513168334961 4.5
vertex -57.77335739135742 -49.254608154296875 0.20000000298023224
vertex -57.768680572509766 -49.29513168334961 0.20000000298023224
endloop
endfacet
facet normal -0.942659443502764 -0.33375615885712034 0
outer loop
vertex -57.634185791015625 -50.46083068847656 0
vertex -57.27281951904297 -51.48147201538086 0
vertex -57.634185791015625 -50.46083068847656 5
endloop
endfacet
facet normal 0 0 1
outer loop
vertex 10.856679916381836 28.95234489440918 5
vertex 29.856679916381836 33.70234298706055 5
vertex -4.683320045471191 35.22234344482422 5
endloop
endfacet
facet normal 0 0 1
outer loop
vertex -4.683320045471191 35.22234344482422 5
vertex 43.95668029785156 33.70234298706055 5
vertex -20.490888595581055 42.69979476928711 5
endloop
endfacet
facet normal -0.9999995920737177 -0.0009032453185804934 -5.409604983774279e-7
outer loop
vertex -57.819515228271484 1.8393969535827637 4.5
vertex -57.81312942504883 -5.227868556976318 0.20000000298023224
vertex -57.81358337402344 -4.727868556976318 4.5
endloop
endfacet
facet normal -0.9999995878609117 -0.0009078975750385169 0
outer loop
vertex -57.81312942504883 -5.227868556976318 0.20000000298023224
vertex -57.81312942504883 -5.227868556976318 4.5
vertex -57.81358337402344 -4.727868556976318 4.5
endloop
endfacet
facet normal -0.000056843038290888375 0.9999999983844347 0
outer loop
vertex -57.81312942504883 -5.227868556976318 4.5
vertex -58.475833892822266 -5.227906227111816 0.20000000298023224
vertex -58.475833892822266 -5.227906227111816 4.5
endloop
endfacet
facet normal -0.9999999983717653 -0.00005706368901971912 -4.525718991673565e-7
outer loop
vertex -58.47513961791992 -17.394573211669922 4.5
vertex -58.475833892822266 -5.227906227111816 4.5
vertex -58.47484588623047 -22.507905960083008 0.20000000298023224
endloop
endfacet
facet normal -0.9999999983813515 -0.00005689347864004809 -6.549770879837949e-7
outer loop
vertex -58.47480773925781 -23.227907180786133 4.5
vertex -58.47513961791992 -17.394573211669922 4.5
vertex -58.47484588623047 -22.507905960083008 0.20000000298023224
endloop
endfacet
facet normal 0.000059082366342597196 -0.999999998254637 0
outer loop
vertex -58.47480773925781 -23.227907180786133 4.5
vertex -57.79686737060547 -23.227867126464844 0.20000000298023224
vertex -57.79686737060547 -23.227867126464844 4.5
endloop
endfacet
facet normal -0.999999594758511 -0.0009002681898613304 0
outer loop
vertex -57.796417236328125 -23.727867126464844 4.5
vertex -57.79686737060547 -23.227867126464844 4.5
vertex -57.79686737060547 -23.227867126464844 0.20000000298023224
endloop
endfacet
facet normal 0 0 1
outer loop
vertex -46.14331817626953 -37.39765548706055 5
vertex -46.14331817626953 -23.29765510559082 5
vertex -56.474403381347656 -30.29505729675293 5
endloop
endfacet
facet normal 0 0 1
outer loop
vertex -32.04331970214844 -37.39765548706055 5
vertex -52.91127014160156 -54.30866622924805 5
vertex -27.143320083618164 -42.14765548706055 5
endloop
endfacet
facet normal 0 0 1
outer loop
vertex -46.14331817626953 -37.39765548706055 5
vertex -52.91127014160156 -54.30866622924805 5
vertex -32.04331970214844 -37.39765548706055 5
endloop
endfacet
facet normal 0 0 1
outer loop
vertex -46.14331817626953 -37.39765548706055 5
vertex -54.01240158081055 -54.151451110839844 5
vertex -52.91127014160156 -54.30866622924805 5
endloop
endfacet
facet normal 0 0 1
outer loop
vertex -46.14331817626953 -37.39765548706055 5
vertex -55.93797302246094 -53.17713928222656 5
vertex -55.02843475341797 -53.76953125 5
endloop
endfacet
facet normal 0 0 1
outer loop
vertex -55.02843475341797 -53.76953125 5
vertex -54.01240158081055 -54.151451110839844 5
vertex -46.14331817626953 -37.39765548706055 5
endloop
endfacet
facet normal 0 0 1
outer loop
vertex -56.474403381347656 -30.29505729675293 5
vertex -57.796417236328125 -23.727867126464844 5
vertex -57.79048538208008 -30.295133590698242 5
endloop
endfacet
facet normal 0 0 1
outer loop
vertex -4.683320045471191 35.22234344482422 5
vertex -4.683320045471191 21.122344970703125 5
vertex 10.856679916381836 28.95234489440918 5
endloop
endfacet
facet normal -0.9999999983017208 -0.00005827999820560616 0
outer loop
vertex -58.47334671020508 -48.79517364501953 0.20000000298023224
vertex -58.47334671020508 -48.79517364501953 4.5
vertex -58.473388671875 -48.075172424316406 0.20000000298023224
endloop
endfacet
facet normal -0.9999995920739825 -0.0009032451874147647 0
outer loop
vertex -57.79048538208008 -30.295133590698242 5
vertex -57.796417236328125 -23.727867126464844 4.5
vertex -57.79048538208008 -30.295133590698242 4.5
endloop
endfacet
facet normal 0.0000599814601680148 -0.9999999982011122 0
outer loop
vertex -57.77376937866211 -48.79513168334961 0.20000000298023224
vertex -58.47334671020508 -48.79517364501953 4.5
vertex -58.47334671020508 -48.79517364501953 0.20000000298023224
endloop
endfacet
facet normal -0.9999995980140668 -0.0008966446926543119 0
outer loop
vertex -57.77335739135742 -49.254608154296875 0.20000000298023224
vertex -57.77376937866211 -48.79513168334961 4.5
vertex -57.77376937866211 -48.79513168334961 0.20000000298023224
endloop
endfacet
facet normal 0 0 1
outer loop
vertex -56.47332000732422 -49.29505920410156 5
vertex -46.14331817626953 -37.39765548706055 5
vertex -56.474403381347656 -30.29505729675293 5
endloop
endfacet
facet normal -0.7138866553095546 -0.7002612679357164 0
outer loop
vertex -56.69806671142578 -52.40225601196289 0
vertex -55.93797302246094 -53.17713928222656 0
vertex -56.69806671142578 -52.40225601196289 5
endloop
endfacet
facet normal -0.5457601785741626 -0.8379414224650181 0
outer loop
vertex -55.93797302246094 -53.17713928222656 0
vertex -55.02843475341797 -53.76953125 0
vertex -55.93797302246094 -53.17713928222656 5
endloop
endfacet
facet normal 0 0 1
outer loop
vertex -56.47332000732422 -49.29505920410156 5
vertex -57.27281951904297 -51.48147201538086 5
vertex -46.14331817626953 -37.39765548706055 5
endloop
endfacet
facet normal 0 0 1
outer loop
vertex -57.27281951904297 -51.48147201538086 5
vertex -56.69806671142578 -52.40225601196289 5
vertex -46.14331817626953 -37.39765548706055 5
endloop
endfacet
facet normal 0.00044365309738948413 0.9999999015859597 0
outer loop
vertex 65.69924926757812 42.661556243896484 5
vertex -20.490888595581055 42.69979476928711 0
vertex -20.490888595581055 42.69979476928711 5
endloop
endfacet
facet normal -0.3518562581644595 -0.9360540441611827 0
outer loop
vertex -55.02843475341797 -53.76953125 0
vertex -54.01240158081055 -54.151451110839844 0
vertex -55.02843475341797 -53.76953125 5
endloop
endfacet
facet normal -0.14134261300501308 -0.9899607394987516 0
outer loop
vertex -54.01240158081055 -54.151451110839844 0
vertex -52.91127014160156 -54.30866622924805 0
vertex -54.01240158081055 -54.151451110839844 5
endloop
endfacet
facet normal 0 0 1
outer loop
vertex 29.856679916381836 33.70234298706055 5
vertex 24.956680297851562 14.852344512939453 5
vertex 29.856679916381836 19.602344512939453 5
endloop
endfacet
facet normal 0 0 1
outer loop
vertex -56.69806671142578 -52.40225601196289 5
vertex -55.93797302246094 -53.17713928222656 5
vertex -46.14331817626953 -37.39765548706055 5
endloop
endfacet
facet normal 0 0 1
outer loop
vertex 29.856679916381836 19.602344512939453 5
vertex 29.856679916381836 14.702343940734863 5
vertex 43.95668029785156 14.702343940734863 5
endloop
endfacet
facet normal 0 0 1
outer loop
vertex -56.47332000732422 -49.29505920410156 5
vertex -57.768680572509766 -49.29513168334961 5
vertex -57.27281951904297 -51.48147201538086 5
endloop
endfacet
facet normal 0 0 1
outer loop
vertex -57.768680572509766 -49.29513168334961 5
vertex -57.634185791015625 -50.46083068847656 5
vertex -57.27281951904297 -51.48147201538086 5
endloop
endfacet
facet normal -0.9934098043281969 -0.11461658110680717 0
outer loop
vertex -57.634185791015625 -50.46083068847656 5
vertex -57.768680572509766 -49.29513168334961 5
vertex -57.768680572509766 -49.29513168334961 4.5
endloop
endfacet
facet normal 0 0 1
outer loop
vertex 29.856679916381836 19.602344512939453 5
vertex 24.956680297851562 9.952343940734863 5
vertex 29.856679916381836 14.702343940734863 5
endloop
endfacet
facet normal 0 0 1
outer loop
vertex 24.956680297851562 28.95234489440918 5
vertex 24.956680297851562 14.852344512939453 5
vertex 29.856679916381836 33.70234298706055 5
endloop
endfacet
facet normal 0 0 1
outer loop
vertex 24.956680297851562 14.852344512939453 5
vertex 24.956680297851562 9.952343940734863 5
vertex 29.856679916381836 19.602344512939453 5
endloop
endfacet
facet normal -0.9999995920738362 -0.0009032451874146325 -5.409757502342264e-7
outer loop
vertex -57.796417236328125 -23.727867126464844 4.5
vertex -57.79003143310547 -30.795133590698242 0.20000000298023224
vertex -57.79048538208008 -30.295133590698242 4.5
endloop
endfacet
facet normal -0.9999995878609117 -0.0009078975750385169 0
outer loop
vertex -57.79003143310547 -30.795133590698242 0.20000000298023224
vertex -57.79003143310547 -30.795133590698242 4.5
vertex -57.79048538208008 -30.295133590698242 4.5
endloop
endfacet
facet normal -0.0000557426028699849 0.9999999984463811 0
outer loop
vertex -57.79003143310547 -30.795133590698242 4.5
vertex -58.47437286376953 -30.7951717376709 0.20000000298023224
vertex -58.47437286376953 -30.7951717376709 4.5
endloop
endfacet
facet normal -0.9999999983893693 -0.00005675015671617752 -8.253827734307828e-7
outer loop
vertex -58.47368240356445 -42.96183776855469 4.5
vertex -58.47437286376953 -30.7951717376709 4.5
vertex -58.473388671875 -48.075172424316406 0.20000000298023224
endloop
endfacet
facet normal -0.14134261300501308 -0.9899607394987516 0
outer loop
vertex -54.01240158081055 -54.151451110839844 5
vertex -52.91127014160156 -54.30866622924805 0
vertex -52.91127014160156 -54.30866622924805 5
endloop
endfacet
facet normal -0.3518562581644595 -0.9360540441611827 0
outer loop
vertex -55.02843475341797 -53.76953125 5
vertex -54.01240158081055 -54.151451110839844 0
vertex -54.01240158081055 -54.151451110839844 5
endloop
endfacet
facet normal -0.8483034044695519 -0.5295104663416651 0
outer loop
vertex -57.27281951904297 -51.48147201538086 5
vertex -56.69806671142578 -52.40225601196289 0
vertex -56.69806671142578 -52.40225601196289 5
endloop
endfacet
facet normal -0.5457601785741626 -0.8379414224650181 0
outer loop
vertex -55.93797302246094 -53.17713928222656 5
vertex -55.02843475341797 -53.76953125 0
vertex -55.02843475341797 -53.76953125 5
endloop
endfacet
facet normal -0.7138866553095546 -0.7002612679357164 0
outer loop
vertex -56.69806671142578 -52.40225601196289 5
vertex -55.93797302246094 -53.17713928222656 0
vertex -55.93797302246094 -53.17713928222656 5
endloop
endfacet
facet normal -0.993409804328197 -0.11461658110680717 0
outer loop
vertex -57.768680572509766 -49.29513168334961 4.5
vertex -57.634185791015625 -50.46083068847656 0
vertex -57.634185791015625 -50.46083068847656 5
endloop
endfacet
facet normal -0.942659443502764 -0.33375615885712034 0
outer loop
vertex -57.634185791015625 -50.46083068847656 5
vertex -57.27281951904297 -51.48147201538086 0
vertex -57.27281951904297 -51.48147201538086 5
endloop
endfacet
facet normal -0.9999999983441404 -0.000057547407851745035 1.2266650027928337e-7
outer loop
vertex -58.47334671020508 -48.79517364501953 4.5
vertex -58.47368240356445 -42.96183776855469 4.5
vertex -58.473388671875 -48.075172424316406 0.20000000298023224
endloop
endfacet
facet normal 0.0000599814601680148 -0.9999999982011122 0
outer loop
vertex -58.47334671020508 -48.79517364501953 4.5
vertex -57.77376937866211 -48.79513168334961 0.20000000298023224
vertex -57.77376937866211 -48.79513168334961 4.5
endloop
endfacet
facet normal -0.9999995980140668 -0.0008966446926543119 0
outer loop
vertex -57.77376937866211 -48.79513168334961 4.5
vertex -57.77335739135742 -49.254608154296875 0.20000000298023224
vertex -57.77335739135742 -49.254608154296875 4.5
endloop
endfacet
facet normal -0.9934060686881021 -0.11464895417599673 0
outer loop
vertex -57.768680572509766 -49.29513168334961 4.5
vertex -57.77335739135742 -49.254608154296875 4.5
vertex -57.77335739135742 -49.254608154296875 0.20000000298023224
endloop
endfacet
facet normal 0 0 -1
outer loop
vertex 1.4066802263259888 -9.597655296325684 0
vertex -8.143320083618164 -13.797656059265137 0
vertex -3.593319892883301 -9.597655296325684 0
endloop
endfacet
facet normal 0 0 -1
outer loop
vertex -3.593319892883301 -13.097655296325684 0
vertex -8.143320083618164 -13.797656059265137 0
vertex 1.4066802263259888 -9.597655296325684 0
endloop
endfacet
facet normal 0 0 -1
outer loop
vertex -3.593319892883301 -9.597655296325684 0
vertex -13.043319702148438 -9.047656059265137 0
vertex -3.593319892883301 -8.897655487060547 0
endloop
endfacet
facet normal 0 0 -1
outer loop
vertex -8.143320083618164 -8.897655487060547 0
vertex -3.593319892883301 -8.897655487060547 0
vertex -13.043319702148438 -9.047656059265137 0
endloop
endfacet
facet normal 0 0 -1
outer loop
vertex -3.593319892883301 -13.797656059265137 0
vertex -8.143320083618164 -13.797656059265137 0
vertex -3.593319892883301 -13.097655296325684 0
endloop
endfacet
facet normal 0 0 -1
outer loop
vertex -8.143320083618164 -13.797656059265137 0
vertex -13.043319702148438 -9.047656059265137 0
vertex -3.593319892883301 -9.597655296325684 0
endloop
endfacet
facet normal 0 0 -1
outer loop
vertex 5.9566802978515625 -27.897655487060547 0
vertex 5.9566802978515625 -13.797656059265137 0
vertex 10.856679916381836 -23.147655487060547 0
endloop
endfacet
facet normal 0 0 -1
outer loop
vertex 10.856679916381836 -23.147655487060547 0
vertex 5.9566802978515625 -13.797656059265137 0
vertex 10.856679916381836 -9.047656059265137 0
endloop
endfacet
facet normal 0 0 -1
outer loop
vertex 10.856679916381836 -28.04765510559082 0
vertex 5.9566802978515625 -27.897655487060547 0
vertex 15.4066801071167 -23.84765625 0
endloop
endfacet
facet normal 0 0 -1
outer loop
vertex 15.4066801071167 -23.84765625 0
vertex 5.9566802978515625 -27.897655487060547 0
vertex 10.856679916381836 -23.147655487060547 0
endloop
endfacet
facet normal 0 0 -1
outer loop
vertex 15.4066801071167 -23.84765625 0
vertex 20.406681060791016 -23.84765625 0
vertex 10.856679916381836 -28.04765510559082 0
endloop
endfacet
facet normal 0 0 -1
outer loop
vertex 15.4066801071167 -27.34765625 0
vertex 10.856679916381836 -28.04765510559082 0
vertex 24.956680297851562 -23.147655487060547 0
endloop
endfacet
facet normal 0 0 -1
outer loop
vertex 15.4066801071167 -23.84765625 0
vertex 10.856679916381836 -23.147655487060547 0
vertex 15.4066801071167 -23.147655487060547 0
endloop
endfacet
facet normal 0 0 -1
outer loop
vertex -8.143320083618164 -8.897655487060547 0
vertex -13.043319702148438 -4.147655963897705 0
vertex -13.043319702148438 9.952343940734863 0
endloop
endfacet
facet normal 0 0 -1
outer loop
vertex -13.043319702148438 -4.147655963897705 0
vertex -17.593318939208984 -4.847655773162842 0
vertex -17.593318939208984 -4.147655963897705 0
endloop
endfacet
facet normal 0 0 -1
outer loop
vertex -17.593318939208984 -8.347655296325684 0
vertex -17.593318939208984 -4.847655773162842 0
vertex -13.043319702148438 -4.147655963897705 0
endloop
endfacet
facet normal 0 0 -1
outer loop
vertex -8.143320083618164 -8.897655487060547 0
vertex -17.593318939208984 -8.347655296325684 0
vertex -13.043319702148438 -4.147655963897705 0
endloop
endfacet
facet normal 0 0 -1
outer loop
vertex 1.4066802263259888 -13.097655296325684 0
vertex -3.593319892883301 -13.097655296325684 0
vertex 5.9566802978515625 -8.897655487060547 0
endloop
endfacet
facet normal 0 0 -1
outer loop
vertex 5.9566802978515625 -8.897655487060547 0
vertex -3.593319892883301 -13.097655296325684 0
vertex 1.4066802263259888 -9.597655296325684 0
endloop
endfacet
facet normal 0 0 -1
outer loop
vertex 5.9566802978515625 -8.897655487060547 0
vertex 1.4066802263259888 -9.597655296325684 0
vertex 1.4066802263259888 -8.897655487060547 0
endloop
endfacet
facet normal 0 0 -1
outer loop
vertex 10.856679916381836 -9.047656059265137 0
vertex 5.9566802978515625 -13.797656059265137 0
vertex 1.4066802263259888 -13.797656059265137 0
endloop
endfacet
facet normal 0 0 -1
outer loop
vertex 1.4066802263259888 -13.797656059265137 0
vertex 1.4066802263259888 -13.097655296325684 0
vertex 15.4066801071167 -4.147655963897705 0
endloop
endfacet
facet normal 0 0 -1
outer loop
vertex 15.4066801071167 -4.147655963897705 0
vertex 1.4066802263259888 -13.097655296325684 0
vertex 5.9566802978515625 -8.897655487060547 0
endloop
endfacet
facet normal 0 0 -1
outer loop
vertex 10.856679916381836 -9.047656059265137 0
vertex 1.4066802263259888 -13.797656059265137 0
vertex 15.4066801071167 -4.147655963897705 0
endloop
endfacet
facet normal 0 0 -1
outer loop
vertex 5.9566802978515625 -8.897655487060547 0
vertex 5.9566802978515625 5.2023444175720215 0
vertex 10.856679916381836 -4.147655963897705 0
endloop
endfacet
facet normal 0 0 -1
outer loop
vertex 10.856679916381836 -9.047656059265137 0
vertex 15.4066801071167 -8.347655296325684 0
vertex 15.4066801071167 -9.047656059265137 0
endloop
endfacet
facet normal 0 0 -1
outer loop
vertex 15.4066801071167 -8.347655296325684 0
vertex 10.856679916381836 -9.047656059265137 0
vertex 15.4066801071167 -4.847655773162842 0
endloop
endfacet
facet normal 0 0 -1
outer loop
vertex 15.4066801071167 -4.847655773162842 0
vertex 20.406681060791016 -8.347655296325684 0
vertex 15.4066801071167 -8.347655296325684 0
endloop
endfacet
facet normal 0 0 -1
outer loop
vertex 15.4066801071167 -4.147655963897705 0
vertex 5.9566802978515625 -8.897655487060547 0
vertex 10.856679916381836 -4.147655963897705 0
endloop
endfacet
facet normal 0 0 -1
outer loop
vertex 15.4066801071167 -4.847655773162842 0
vertex 10.856679916381836 -9.047656059265137 0
vertex 15.4066801071167 -4.147655963897705 0
endloop
endfacet
facet normal 0 0 -1
outer loop
vertex -13.043319702148438 -9.047656059265137 0
vertex -17.593318939208984 -8.347655296325684 0
vertex -8.143320083618164 -8.897655487060547 0
endloop
endfacet
facet normal 0 0 -1
outer loop
vertex -17.593318939208984 -9.047656059265137 0
vertex -17.593318939208984 -8.347655296325684 0
vertex -13.043319702148438 -9.047656059265137 0
endloop
endfacet
facet normal 0 0 -1
outer loop
vertex -8.143320083618164 -27.897655487060547 0
vertex -13.043319702148438 -9.047656059265137 0
vertex -8.143320083618164 -13.797656059265137 0
endloop
endfacet
facet normal 0 0 -1
outer loop
vertex -8.143320083618164 -27.897655487060547 0
vertex -13.043319702148438 -23.147655487060547 0
vertex -13.043319702148438 -9.047656059265137 0
endloop
endfacet
facet normal 0 0 -1
outer loop
vertex -13.043319702148438 -23.147655487060547 0
vertex -17.593318939208984 -23.84765625 0
vertex -17.593318939208984 -23.147655487060547 0
endloop
endfacet
facet normal 0 0 -1
outer loop
vertex -13.043319702148438 -23.147655487060547 0
vertex -8.143320083618164 -27.897655487060547 0
vertex -17.593318939208984 -27.34765625 0
endloop
endfacet
facet normal 0 0 -1
outer loop
vertex -17.593318939208984 -23.84765625 0
vertex -13.043319702148438 -23.147655487060547 0
vertex -17.593318939208984 -27.34765625 0
endloop
endfacet
facet normal 0 0 -1
outer loop
vertex -17.593318939208984 -8.347655296325684 0
vertex -22.593318939208984 -4.847655773162842 0
vertex -17.593318939208984 -4.847655773162842 0
endloop
endfacet
facet normal 0 0 -1
outer loop
vertex 24.956680297851562 -23.147655487060547 0
vertex 10.856679916381836 -28.04765510559082 0
vertex 20.406681060791016 -23.84765625 0
endloop
endfacet
facet normal 0 0 -1
outer loop
vertex 20.406681060791016 -27.34765625 0
vertex 15.4066801071167 -27.34765625 0
vertex 29.856679916381836 -23.29765510559082 0
endloop
endfacet
facet normal 0 0 -1
outer loop
vertex 24.956680297851562 -23.147655487060547 0
vertex 20.406681060791016 -23.84765625 0
vertex 20.406681060791016 -23.147655487060547 0
endloop
endfacet
facet normal 0 0 -1
outer loop
vertex 29.856679916381836 -23.29765510559082 0
vertex 15.4066801071167 -27.34765625 0
vertex 24.956680297851562 -23.147655487060547 0
endloop
endfacet
facet normal 0 0 -1
outer loop
vertex 24.956680297851562 -28.04765510559082 0
vertex 20.406681060791016 -27.34765625 0
vertex 29.856679916381836 -23.29765510559082 0
endloop
endfacet
facet normal 0 0 -1
outer loop
vertex 24.956680297851562 -23.147655487060547 0
vertex 24.956680297851562 -9.047656059265137 0
vertex 29.856679916381836 -18.397655487060547 0
endloop
endfacet
facet normal 0 0 -1
outer loop
vertex 29.856679916381836 -23.29765510559082 0
vertex 24.956680297851562 -23.147655487060547 0
vertex 34.406681060791016 -19.09765625 0
endloop
endfacet
facet normal 0 0 -1
outer loop
vertex 29.856679916381836 -23.29765510559082 0
vertex 34.406681060791016 -22.59765625 0
vertex 34.406681060791016 -23.29765510559082 0
endloop
endfacet
facet normal 0 0 -1
outer loop
vertex 29.856679916381836 -23.29765510559082 0
vertex 34.406681060791016 -19.09765625 0
vertex 39.406681060791016 -19.09765625 0
endloop
endfacet
facet normal 0 0 -1
outer loop
vertex 34.406681060791016 -19.09765625 0
vertex 24.956680297851562 -23.147655487060547 0
vertex 29.856679916381836 -18.397655487060547 0
endloop
endfacet
facet normal 0 0 -1
outer loop
vertex 34.406681060791016 -19.09765625 0
vertex 29.856679916381836 -18.397655487060547 0
vertex 34.406681060791016 -18.397655487060547 0
endloop
endfacet
facet normal 0 0 -1
outer loop
vertex -22.593318939208984 -4.847655773162842 0
vertex -27.143320083618164 -4.147655963897705 0
vertex -22.593318939208984 -4.147655963897705 0
endloop
endfacet
facet normal 0 0 -1
outer loop
vertex -22.593318939208984 -8.347655296325684 0
vertex -22.593318939208984 -4.847655773162842 0
vertex -17.593318939208984 -8.347655296325684 0
endloop
endfacet
facet normal 0 0 -1
outer loop
vertex -22.593318939208984 -8.347655296325684 0
vertex -27.143320083618164 -9.047656059265137 0
vertex -22.593318939208984 -4.847655773162842 0
endloop
endfacet
facet normal 0 0 -1
outer loop
vertex -27.143320083618164 -9.047656059265137 0
vertex -22.593318939208984 -8.347655296325684 0
vertex -22.593318939208984 -9.047656059265137 0
endloop
endfacet
facet normal 0 0 -1
outer loop
vertex -27.143320083618164 -4.147655963897705 0
vertex -32.04331970214844 -4.2976555824279785 0
vertex -32.04331970214844 0.602344274520874 0
endloop
endfacet
facet normal 0 0 -1
outer loop
vertex -22.593318939208984 -4.847655773162842 0
vertex -32.04331970214844 -4.2976555824279785 0
vertex -27.143320083618164 -4.147655963897705 0
endloop
endfacet
facet normal 0 0 -1
outer loop
vertex 20.406681060791016 -9.047656059265137 0
vertex 20.406681060791016 -8.347655296325684 0
vertex 24.956680297851562 -4.147655963897705 0
endloop
endfacet
facet normal 0 0 -1
outer loop
vertex 20.406681060791016 -9.047656059265137 0
vertex 29.856679916381836 -4.2976555824279785 0
vertex 24.956680297851562 -9.047656059265137 0
endloop
endfacet
facet normal 0 0 -1
outer loop
vertex 20.406681060791016 -8.347655296325684 0
vertex 15.4066801071167 -4.847655773162842 0
vertex 20.406681060791016 -4.847655773162842 0
endloop
endfacet
facet normal 0 0 -1
outer loop
vertex 24.956680297851562 -4.147655963897705 0
vertex 20.406681060791016 -8.347655296325684 0
vertex 20.406681060791016 -4.847655773162842 0
endloop
endfacet
facet normal 0 0 -1
outer loop
vertex 24.956680297851562 -4.147655963897705 0
vertex 20.406681060791016 -4.847655773162842 0
vertex 20.406681060791016 -4.147655963897705 0
endloop
endfacet
facet normal 0 0 -1
outer loop
vertex 29.856679916381836 -4.2976555824279785 0
vertex 20.406681060791016 -9.047656059265137 0
vertex 24.956680297851562 -4.147655963897705 0
endloop
endfacet
facet normal 0 0 -1
outer loop
vertex 29.856679916381836 -18.397655487060547 0
vertex 24.956680297851562 -9.047656059265137 0
vertex 29.856679916381836 -4.2976555824279785 0
endloop
endfacet
facet normal 0 0 -1
outer loop
vertex 29.856679916381836 -4.2976555824279785 0
vertex 24.956680297851562 -4.147655963897705 0
vertex 29.856679916381836 0.602344274520874 0
endloop
endfacet
facet normal 0 0 -1
outer loop
vertex 29.856679916381836 -4.2976555824279785 0
vertex 34.406681060791016 -3.597655773162842 0
vertex 34.406681060791016 -4.2976555824279785 0
endloop
endfacet
facet normal 0 0 -1
outer loop
vertex 29.856679916381836 -4.2976555824279785 0
vertex 29.856679916381836 0.602344274520874 0
vertex 34.406681060791016 -0.09765574336051941 0
endloop
endfacet
facet normal 0 0 -1
outer loop
vertex 34.406681060791016 -3.597655773162842 0
vertex 29.856679916381836 -4.2976555824279785 0
vertex 39.406681060791016 -0.09765574336051941 0
endloop
endfacet
facet normal 0 0 -1
outer loop
vertex 39.406681060791016 -0.09765574336051941 0
vertex 29.856679916381836 -4.2976555824279785 0
vertex 34.406681060791016 -0.09765574336051941 0
endloop
endfacet
facet normal 0 0 -1
outer loop
vertex -27.143320083618164 -9.047656059265137 0
vertex -32.04331970214844 -4.2976555824279785 0
vertex -22.593318939208984 -4.847655773162842 0
endloop
endfacet
facet normal 0 0 -1
outer loop
vertex -32.04331970214844 -4.2976555824279785 0
vertex -36.593318939208984 -0.09765574336051941 0
vertex -32.04331970214844 0.602344274520874 0
endloop
endfacet
facet normal 0 0 -1
outer loop
vertex -27.143320083618164 -23.147655487060547 0
vertex -32.04331970214844 -4.2976555824279785 0
vertex -27.143320083618164 -9.047656059265137 0
endloop
endfacet
facet normal 0 0 -1
outer loop
vertex -17.593318939208984 -27.34765625 0
vertex -22.593318939208984 -27.34765625 0
vertex -17.593318939208984 -23.84765625 0
endloop
endfacet
facet normal 0 0 -1
outer loop
vertex -22.593318939208984 -27.34765625 0
vertex -27.143320083618164 -28.04765510559082 0
vertex -17.593318939208984 -23.84765625 0
endloop
endfacet
facet normal 0 0 -1
outer loop
vertex -17.593318939208984 -23.84765625 0
vertex -32.04331970214844 -29.736539840698242 0
vertex -22.593318939208984 -23.84765625 0
endloop
endfacet
facet normal 0 0 -1
outer loop
vertex -32.04331970214844 -29.736539840698242 0
vertex -22.593318939208984 -23.147655487060547 0
vertex -22.593318939208984 -23.84765625 0
endloop
endfacet
facet normal 0 0 -1
outer loop
vertex -32.04331970214844 -18.397655487060547 0
vertex -32.04331970214844 -4.2976555824279785 0
vertex -27.143320083618164 -23.147655487060547 0
endloop
endfacet
facet normal 0 0 -1
outer loop
vertex -32.04331970214844 -23.29765510559082 0
vertex -36.593318939208984 -19.09765625 0
vertex -32.04331970214844 -18.397655487060547 0
endloop
endfacet
facet normal 0 0 -1
outer loop
vertex -27.143320083618164 -23.147655487060547 0
vertex -32.04331970214844 -23.29765510559082 0
vertex -32.04331970214844 -18.397655487060547 0
endloop
endfacet
facet normal 0 0 -1
outer loop
vertex -27.143320083618164 -23.147655487060547 0
vertex -22.593318939208984 -23.147655487060547 0
vertex -32.04331970214844 -29.736539840698242 0
endloop
endfacet
facet normal 0 0 -1
outer loop
vertex -32.04331970214844 -29.736539840698242 0
vertex -32.04331970214844 -23.29765510559082 0
vertex -27.143320083618164 -23.147655487060547 0
endloop
endfacet
facet normal -0.00017826322166684366 -0.9999999841111118 0
outer loop
vertex -52.91127014160156 -54.30866622924805 0
vertex 65.7903060913086 -54.32982635498047 0
vertex -52.91127014160156 -54.30866622924805 5
endloop
endfacet
facet normal 0 0 -1
outer loop
vertex -3.593319892883301 -28.59765625 0
vertex 1.4066802263259888 -28.59765625 0
vertex -3.593319892883301 -32.09765625 0
endloop
endfacet
facet normal 0 0 -1
outer loop
vertex -3.593319892883301 -28.59765625 0
vertex -9.675121307373047 -33.92945861816406 0
vertex -3.593319892883301 -27.897655487060547 0
endloop
endfacet
facet normal 0 0 -1
outer loop
vertex -3.593319892883301 -27.897655487060547 0
vertex -13.043319702148438 -32.10268783569336 0
vertex -8.143320083618164 -27.897655487060547 0
endloop
endfacet
facet normal 0 0 -1
outer loop
vertex -3.593319892883301 -32.09765625 0
vertex -8.143320083618164 -32.79765701293945 0
vertex -3.593319892883301 -28.59765625 0
endloop
endfacet
facet normal 0 0 -1
outer loop
vertex -8.143320083618164 -32.79765701293945 0
vertex -3.593319892883301 -32.09765625 0
vertex -3.593319892883301 -32.79765701293945 0
endloop
endfacet
facet normal 0 0 -1
outer loop
vertex -8.143320083618164 -32.79765701293945 0
vertex -9.577573776245117 -34.07544708251953 0
vertex -3.593319892883301 -28.59765625 0
endloop
endfacet
facet normal 0 0 -1
outer loop
vertex -9.821112632751465 -33.8319091796875 0
vertex -9.993319511413574 -33.79765701293945 0
vertex -3.593319892883301 -27.897655487060547 0
endloop
endfacet
facet normal 0 0 -1
outer loop
vertex -9.675121307373047 -33.92945861816406 0
vertex -9.821112632751465 -33.8319091796875 0
vertex -3.593319892883301 -27.897655487060547 0
endloop
endfacet
facet normal 0 0 -1
outer loop
vertex -9.577573776245117 -34.07544708251953 0
vertex -9.675121307373047 -33.92945861816406 0
vertex -3.593319892883301 -28.59765625 0
endloop
endfacet
facet normal 0 0 -1
outer loop
vertex -9.993319511413574 -33.79765701293945 0
vertex -10.16552734375 -33.8319091796875 0
vertex -3.593319892883301 -27.897655487060547 0
endloop
endfacet
facet normal 0 0 -1
outer loop
vertex -13.043319702148438 -28.04765510559082 0
vertex -8.143320083618164 -27.897655487060547 0
vertex -13.043319702148438 -32.10268783569336 0
endloop
endfacet
facet normal 0 0 -1
outer loop
vertex -10.16552734375 -33.8319091796875 0
vertex -13.043319702148438 -32.10268783569336 0
vertex -3.593319892883301 -27.897655487060547 0
endloop
endfacet
facet normal 0 0 -1
outer loop
vertex 69.09490966796875 -49.707401275634766 0
vertex 20.406681060791016 -42.84765625 0
vertex 24.956680297851562 -42.14765548706055 0
endloop
endfacet
facet normal 0 0 -1
outer loop
vertex 69.09490966796875 -49.707401275634766 0
vertex 24.956680297851562 -42.14765548706055 0
vertex 39.406681060791016 -38.09765625 0
endloop
endfacet
facet normal 0 0 -1
outer loop
vertex 69.09490966796875 -49.707401275634766 0
vertex 39.406681060791016 -38.09765625 0
vertex 43.95668029785156 -37.39765548706055 0
endloop
endfacet
facet normal 0 0 -1
outer loop
vertex 43.95668029785156 -37.39765548706055 0
vertex 39.406681060791016 -38.09765625 0
vertex 39.406681060791016 -37.39765548706055 0
endloop
endfacet
facet normal 0 0 -1
outer loop
vertex 48.85668182373047 -37.39765548706055 0
vertex 53.406681060791016 -37.39765548706055 0
vertex 53.406681060791016 -38.09765625 0
endloop
endfacet
facet normal 0 0 -1
outer loop
vertex 43.95668029785156 -37.39765548706055 0
vertex 43.95668029785156 -23.29765510559082 0
vertex 48.85668182373047 -37.39765548706055 0
endloop
endfacet
facet normal 0 0 -1
outer loop
vertex 48.85668182373047 -37.39765548706055 0
vertex 43.95668029785156 -23.29765510559082 0
vertex 48.85668182373047 -23.29765510559082 0
endloop
endfacet
facet normal 0 0 -1
outer loop
vertex -8.143320083618164 -32.79765701293945 0
vertex -9.543319702148438 -34.24765396118164 0
vertex -9.577573776245117 -34.07544708251953 0
endloop
endfacet
facet normal 0 0 -1
outer loop
vertex -10.311517715454102 -34.565853118896484 0
vertex -9.821112632751465 -35.10190963745117 0
vertex -13.043319702148438 -32.10268783569336 0
endloop
endfacet
facet normal 0 0 -1
outer loop
vertex -10.311517715454102 -33.92945861816406 0
vertex -13.043319702148438 -32.10268783569336 0
vertex -10.16552734375 -33.8319091796875 0
endloop
endfacet
facet normal 0 0 -1
outer loop
vertex -10.409065246582031 -34.07544708251953 0
vertex -13.043319702148438 -32.10268783569336 0
vertex -10.311517715454102 -33.92945861816406 0
endloop
endfacet
facet normal 0 0 -1
outer loop
vertex -10.409065246582031 -34.07544708251953 0
vertex -10.443320274353027 -34.24765396118164 0
vertex -13.043319702148438 -32.10268783569336 0
endloop
endfacet
facet normal 0 0 -1
outer loop
vertex 69.09490966796875 -49.707401275634766 0
vertex 43.95668029785156 -37.39765548706055 0
vertex 48.85668182373047 -37.39765548706055 0
endloop
endfacet
facet normal 0 0 -1
outer loop
vertex 69.09490966796875 -49.707401275634766 0
vertex 48.85668182373047 -37.39765548706055 0
vertex 53.406681060791016 -38.09765625 0
endloop
endfacet
facet normal 0 0 -1
outer loop
vertex 69.09490966796875 -49.707401275634766 0
vertex 53.406681060791016 -38.09765625 0
vertex 58.406681060791016 -38.09765625 0
endloop
endfacet
facet normal -0.9999999983780327 -0.00005695554709644979 0
outer loop
vertex -58.47437286376953 -30.7951717376709 4.5
vertex -58.47437286376953 -30.7951717376709 0.20000000298023224
vertex -58.473388671875 -48.075172424316406 0.20000000298023224
endloop
endfacet
facet normal 0.9755978964771698 -0.21956489789882486 0
outer loop
vertex 70.37744140625 -49.707725524902344 0.20000000298023224
vertex 70.04238891601562 -51.19647216796875 0
vertex 70.37744140625 -49.707725524902344 0
endloop
endfacet
facet normal -0.0000557426028699849 0.9999999984463811 0
outer loop
vertex -58.47437286376953 -30.7951717376709 0.20000000298023224
vertex -57.79003143310547 -30.795133590698242 4.5
vertex -57.79003143310547 -30.795133590698242 0.20000000298023224
endloop
endfacet
facet normal 0 0 1
outer loop
vertex 29.856679916381836 14.702343940734863 5
vertex 24.956680297851562 -4.147655963897705 5
vertex 29.856679916381836 0.602344274520874 5
endloop
endfacet
facet normal 0 0 1
outer loop
vertex 24.956680297851562 9.952343940734863 5
vertex 24.956680297851562 -4.147655963897705 5
vertex 29.856679916381836 14.702343940734863 5
endloop
endfacet
facet normal 0 0 -1
outer loop
vertex 69.09490966796875 -49.707401275634766 0
vertex 58.406681060791016 -38.09765625 0
vertex 62.95668029785156 -37.39765548706055 0
endloop
endfacet
facet normal 0 0 1
outer loop
vertex 69.11695098876953 37.66389083862305 5
vertex 70.39910888671875 37.66356658935547 5
vertex 70.27203369140625 38.84751892089844 5
endloop
endfacet
facet normal 0 0 -1
outer loop
vertex 9.00664234161377 -42.68765640258789 0
vertex 9.178850173950195 -42.28340148925781 0
vertex 10.856679916381836 -42.14765548706055 0
endloop
endfacet
facet normal 0 0 1
outer loop
vertex 24.956680297851562 14.852344512939453 5
vertex 10.856679916381836 14.852344512939453 5
vertex 24.956680297851562 9.952343940734863 5
endloop
endfacet
facet normal 0 0 -1
outer loop
vertex 62.95668029785156 -37.39765548706055 0
vertex 58.406681060791016 -38.09765625 0
vertex 58.406681060791016 -37.39765548706055 0
endloop
endfacet
facet normal 0 0 -1
outer loop
vertex 69.09490966796875 -49.707401275634766 0
vertex 62.95668029785156 -37.39765548706055 0
vertex 69.09970092773438 -30.7074031829834 0
endloop
endfacet
facet normal -0.9999995878356678 -0.000907897575015598 0.000007105463774839312
outer loop
vertex -57.79048538208008 -30.295133590698242 0.20000000298023224
vertex -57.79003143310547 -30.795133590698242 0.20000000298023224
vertex -57.796417236328125 -23.727867126464844 4.5
endloop
endfacet
facet normal 0 0 -1
outer loop
vertex -57.79048538208008 -30.295133590698242 0
vertex -57.796417236328125 -23.727867126464844 0
vertex -56.47477722167969 -23.727792739868164 0
endloop
endfacet
facet normal 0 0 -1
outer loop
vertex 62.95668029785156 -37.39765548706055 0
vertex 62.95668029785156 -23.29765510559082 0
vertex 69.09970092773438 -30.7074031829834 0
endloop
endfacet
facet normal 0 0 1
outer loop
vertex 10.856679916381836 14.852344512939453 5
vertex 10.856679916381836 28.95234489440918 5
vertex -4.683320045471191 21.122344970703125 5
endloop
endfacet
facet normal 0 0 1
outer loop
vertex 10.856679916381836 14.852344512939453 5
vertex 10.856679916381836 9.952343940734863 5
vertex 24.956680297851562 9.952343940734863 5
endloop
endfacet
facet normal 0 0 1
outer loop
vertex 10.856679916381836 14.852344512939453 5
vertex -8.143320083618164 5.2023444175720215 5
vertex 10.856679916381836 9.952343940734863 5
endloop
endfacet
facet normal 0 0 1
outer loop
vertex -8.143320083618164 5.2023444175720215 5
vertex 5.9566802978515625 5.2023444175720215 5
vertex 10.856679916381836 9.952343940734863 5
endloop
endfacet
facet normal 0 0 1
outer loop
vertex 5.9566802978515625 5.2023444175720215 5
vertex 5.9566802978515625 -8.897655487060547 5
vertex 10.856679916381836 9.952343940734863 5
endloop
endfacet
facet normal 0 0 -1
outer loop
vertex 70.39600372314453 -26.91729736328125 0
vertex 70.39582061767578 -30.70772933959961 0
vertex 69.09970092773438 -30.7074031829834 0
endloop
endfacet
facet normal 0.9999999988332032 -0.00004830728256841142 0
outer loop
vertex 70.39582061767578 -30.70772933959961 0.20000000298023224
vertex 70.39582061767578 -30.70772933959961 0
vertex 70.39600372314453 -26.91729736328125 0
endloop
endfacet
facet normal 0 0 -1
outer loop
vertex 69.10066223144531 -26.91697120666504 0
vertex 70.39600372314453 -26.91729736328125 0
vertex 69.09970092773438 -30.7074031829834 0
endloop
endfacet
facet normal 0.9999999988332032 -0.00004830728256841142 0
outer loop
vertex 70.39582061767578 -30.70772933959961 0.20000000298023224
vertex 70.39600372314453 -26.91729736328125 0
vertex 70.39600372314453 -26.91729736328125 0.20000000298023224
endloop
endfacet
facet normal 0 0 -1
outer loop
vertex -10.443320274353027 -34.24765396118164 0
vertex -10.409065246582031 -34.419864654541016 0
vertex -13.043319702148438 -32.10268783569336 0
endloop
endfacet
facet normal 0 0 -1
outer loop
vertex -10.311517715454102 -34.565853118896484 0
vertex -13.043319702148438 -32.10268783569336 0
vertex -10.409065246582031 -34.419864654541016 0
endloop
endfacet
facet normal 0 0 -1
outer loop
vertex -17.593318939208984 -28.04765510559082 0
vertex -8.143320083618164 -27.897655487060547 0
vertex -13.043319702148438 -28.04765510559082 0
endloop
endfacet
facet normal 0 0 -1
outer loop
vertex -17.593318939208984 -28.04765510559082 0
vertex -17.593318939208984 -27.34765625 0
vertex -8.143320083618164 -27.897655487060547 0
endloop
endfacet
facet normal 0 0 -1
outer loop
vertex -8.143320083618164 -35.908294677734375 0
vertex -9.543319702148438 -34.24765396118164 0
vertex -8.143320083618164 -32.79765701293945 0
endloop
endfacet
facet normal 0 0 -1
outer loop
vertex -8.143320083618164 -35.908294677734375 0
vertex -9.577573776245117 -34.419864654541016 0
vertex -9.543319702148438 -34.24765396118164 0
endloop
endfacet
facet normal 0 0 -1
outer loop
vertex -8.143320083618164 -35.908294677734375 0
vertex -9.675121307373047 -34.565853118896484 0
vertex -9.577573776245117 -34.419864654541016 0
endloop
endfacet
facet normal 0 0 -1
outer loop
vertex -8.143320083618164 -35.908294677734375 0
vertex -9.821112632751465 -34.66340255737305 0
vertex -9.675121307373047 -34.565853118896484 0
endloop
endfacet
facet normal 0.15871043732625775 -0.9873251729211142 0
outer loop
vertex 65.7903060913086 -54.32982635498047 0
vertex 66.58090209960938 -54.20273971557617 0
vertex 65.7903060913086 -54.32982635498047 5
endloop
endfacet
facet normal 0.39006813813704055 -0.9207859944690203 0
outer loop
vertex 66.58090209960938 -54.20273971557617 0
vertex 68.05274200439453 -53.57923126220703 0
vertex 66.58090209960938 -54.20273971557617 5
endloop
endfacet
facet normal 0.6570837868433352 -0.7538175489252174 0
outer loop
vertex 68.05274200439453 -53.57923126220703 0
vertex 69.23753356933594 -52.546478271484375 0
vertex 68.05274200439453 -53.57923126220703 5
endloop
endfacet
facet normal 0.8589346564354853 -0.5120852038226207 0
outer loop
vertex 69.23753356933594 -52.546478271484375 0
vertex 70.04238891601562 -51.19647216796875 0
vertex 69.23753356933594 -52.546478271484375 5
endloop
endfacet
facet normal 0.9999999985316813 -0.00005419075136551741 0
outer loop
vertex 70.39493560791016 -49.20772933959961 0.20000000298023224
vertex 70.39491271972656 -49.63009262084961 4.5
vertex 70.39491271972656 -49.63009262084961 0.20000000298023224
endloop
endfacet
facet normal -0.0002506456772068541 -0.9999999685883718 0
outer loop
vertex 71.09503173828125 -49.20790481567383 0.20000000298023224
vertex 70.39493560791016 -49.20772933959961 4.5
vertex 70.39493560791016 -49.20772933959961 0.20000000298023224
endloop
endfacet
facet normal 0.9755978964771699 -0.21956489789882486 0
outer loop
vertex 70.37744140625 -49.707725524902344 0.20000000298023224
vertex 70.04238891601562 -51.19647216796875 5
vertex 70.04238891601562 -51.19647216796875 0
endloop
endfacet
facet normal 0.9755992318589408 -0.21955896427271135 0.0000019335601981701577
outer loop
vertex 70.37744140625 -49.707725524902344 0.20000000298023224
vertex 70.39491271972656 -49.63009262084961 0.20000000298023224
vertex 70.04238891601562 -51.19647216796875 5
endloop
endfacet
facet normal 0.9999999681099813 -0.00025254709727960374 0
outer loop
vertex 71.09503173828125 -49.20790481567383 4.5
vertex 71.09503173828125 -49.20790481567383 0.20000000298023224
vertex 71.09939575195312 -31.927906036376953 0.20000000298023224
endloop
endfacet
facet normal 0 0 -1
outer loop
vertex -8.143320083618164 -35.908294677734375 0
vertex -9.993319511413574 -34.697654724121094 0
vertex -9.821112632751465 -34.66340255737305 0
endloop
endfacet
facet normal 0.9999999676623503 -0.000254313385349921 0
outer loop
vertex 71.09957885742188 -31.20790672302246 0.20000000298023224
vertex 71.09957885742188 -31.20790672302246 4.5
vertex 71.09939575195312 -31.927906036376953 0.20000000298023224
endloop
endfacet
facet normal 0.999999998952262 -0.00004577636713953836 0
outer loop
vertex 70.39579772949219 -31.20772933959961 4.5
vertex 70.39579772949219 -31.20772933959961 0.20000000298023224
vertex 70.39582061767578 -30.70772933959961 0.20000000298023224
endloop
endfacet
facet normal 0.00025204344103279755 0.9999999682370514 0
outer loop
vertex 70.39579772949219 -31.20772933959961 0.20000000298023224
vertex 71.09957885742188 -31.20790672302246 4.5
vertex 71.09957885742188 -31.20790672302246 0.20000000298023224
endloop
endfacet
facet normal 0.9999999988331599 -0.00004830728256840933 -2.942924925671102e-7
outer loop
vertex 70.39579772949219 -31.20772933959961 4.5
vertex 70.39582061767578 -30.70772933959961 0.20000000298023224
vertex 70.39600372314453 -26.91729736328125 0.20000000298023224
endloop
endfacet
facet normal 0.9999999989497734 -0.00004577636713942444 0.000002230991348693779
outer loop
vertex 70.39602661132812 -26.41729736328125 0.20000000298023224
vertex 70.39579772949219 -31.20772933959961 4.5
vertex 70.39600372314453 -26.91729736328125 0.20000000298023224
endloop
endfacet
facet normal 0 0 -1
outer loop
vertex -8.143320083618164 -35.908294677734375 0
vertex -9.543319702148438 -35.51765441894531 0
vertex -9.577573776245117 -35.3454475402832 0
endloop
endfacet
facet normal 0 0 -1
outer loop
vertex -9.577573776245117 -35.3454475402832 0
vertex -9.675121307373047 -35.199459075927734 0
vertex -8.143320083618164 -35.908294677734375 0
endloop
endfacet
facet normal 0 0 -1
outer loop
vertex 34.406681060791016 -22.59765625 0
vertex 29.856679916381836 -23.29765510559082 0
vertex 43.95668029785156 -18.397655487060547 0
endloop
endfacet
facet normal 0 0 -1
outer loop
vertex 34.406681060791016 -22.59765625 0
vertex 43.95668029785156 -18.397655487060547 0
vertex 39.406681060791016 -22.59765625 0
endloop
endfacet
facet normal 0 0 -1
outer loop
vertex 39.406681060791016 -23.29765510559082 0
vertex 39.406681060791016 -22.59765625 0
vertex 43.95668029785156 -23.29765510559082 0
endloop
endfacet
facet normal 0 0 -1
outer loop
vertex 43.95668029785156 -23.29765510559082 0
vertex 39.406681060791016 -22.59765625 0
vertex 43.95668029785156 -18.397655487060547 0
endloop
endfacet
facet normal 0 0 -1
outer loop
vertex 43.95668029785156 -18.397655487060547 0
vertex 29.856679916381836 -23.29765510559082 0
vertex 39.406681060791016 -19.09765625 0
endloop
endfacet
facet normal 0 0 -1
outer loop
vertex 43.95668029785156 -18.397655487060547 0
vertex 39.406681060791016 -19.09765625 0
vertex 39.406681060791016 -18.397655487060547 0
endloop
endfacet
facet normal 0 0 -1
outer loop
vertex 48.85668182373047 -23.29765510559082 0
vertex 43.95668029785156 -23.29765510559082 0
vertex 43.95668029785156 -18.397655487060547 0
endloop
endfacet
facet normal 0 0 -1
outer loop
vertex 48.85668182373047 -23.29765510559082 0
vertex 48.85668182373047 -18.397655487060547 0
vertex 53.406681060791016 -22.59765625 0
endloop
endfacet
facet normal 0 0 -1
outer loop
vertex 48.85668182373047 -23.29765510559082 0
vertex 53.406681060791016 -22.59765625 0
vertex 53.406681060791016 -23.29765510559082 0
endloop
endfacet
facet normal 0 0 -1
outer loop
vertex 48.85668182373047 -23.29765510559082 0
vertex 43.95668029785156 -18.397655487060547 0
vertex 48.85668182373047 -18.397655487060547 0
endloop
endfacet
facet normal 0 0 -1
outer loop
vertex 48.85668182373047 -18.397655487060547 0
vertex 43.95668029785156 -18.397655487060547 0
vertex 43.95668029785156 -4.2976555824279785 0
endloop
endfacet
facet normal 0 0 -1
outer loop
vertex 48.85668182373047 -18.397655487060547 0
vertex 53.406681060791016 -19.09765625 0
vertex 53.406681060791016 -22.59765625 0
endloop
endfacet
facet normal 0 0 -1
outer loop
vertex 53.406681060791016 -19.09765625 0
vertex 48.85668182373047 -18.397655487060547 0
vertex 53.406681060791016 -18.397655487060547 0
endloop
endfacet
facet normal 0 0 -1
outer loop
vertex -9.993319511413574 -34.697654724121094 0
vertex -8.143320083618164 -35.908294677734375 0
vertex -9.675121307373047 -35.199459075927734 0
endloop
endfacet
facet normal 0 0 -1
outer loop
vertex -9.993319511413574 -34.697654724121094 0
vertex -9.821112632751465 -35.10190963745117 0
vertex -10.16552734375 -34.66340255737305 0
endloop
endfacet
facet normal 0 0 -1
outer loop
vertex -9.821112632751465 -35.10190963745117 0
vertex -10.311517715454102 -34.565853118896484 0
vertex -10.16552734375 -34.66340255737305 0
endloop
endfacet
facet normal 0 0 -1
outer loop
vertex -9.821112632751465 -35.10190963745117 0
vertex -9.993319511413574 -34.697654724121094 0
vertex -9.675121307373047 -35.199459075927734 0
endloop
endfacet
facet normal 0 0 -1
outer loop
vertex -8.143320083618164 -35.908294677734375 0
vertex -9.577573776245117 -35.68986511230469 0
vertex -9.543319702148438 -35.51765441894531 0
endloop
endfacet
facet normal 0 0 -1
outer loop
vertex -8.143320083618164 -35.908294677734375 0
vertex -9.675121307373047 -35.835853576660156 0
vertex -9.577573776245117 -35.68986511230469 0
endloop
endfacet
facet normal 0 0 -1
outer loop
vertex -8.143320083618164 -35.908294677734375 0
vertex -9.821112632751465 -35.93340301513672 0
vertex -9.675121307373047 -35.835853576660156 0
endloop
endfacet
facet normal 0 0 -1
outer loop
vertex -8.143320083618164 -35.908294677734375 0
vertex -9.820858001708984 -36.371910095214844 0
vertex -9.821112632751465 -35.93340301513672 0
endloop
endfacet
facet normal 0 0 -1
outer loop
vertex -8.143320083618164 -35.908294677734375 0
vertex -9.674867630004883 -36.469459533691406 0
vertex -9.820858001708984 -36.371910095214844 0
endloop
endfacet
facet normal 0 0 -1
outer loop
vertex -8.143320083618164 -35.908294677734375 0
vertex -9.543066024780273 -36.787654876708984 0
vertex -9.577320098876953 -36.615447998046875 0
endloop
endfacet
facet normal 0 0 -1
outer loop
vertex 34.406681060791016 -3.597655773162842 0
vertex 39.406681060791016 -0.09765574336051941 0
vertex 43.95668029785156 0.602344274520874 0
endloop
endfacet
facet normal 0 0 -1
outer loop
vertex 39.406681060791016 -4.2976555824279785 0
vertex 39.406681060791016 -3.597655773162842 0
vertex 43.95668029785156 -4.2976555824279785 0
endloop
endfacet
facet normal 0 0 -1
outer loop
vertex 34.406681060791016 -3.597655773162842 0
vertex 48.85668182373047 0.602344274520874 0
vertex 39.406681060791016 -3.597655773162842 0
endloop
endfacet
facet normal 0 0 -1
outer loop
vertex 43.95668029785156 -4.2976555824279785 0
vertex 39.406681060791016 -3.597655773162842 0
vertex 48.85668182373047 0.602344274520874 0
endloop
endfacet
facet normal 0 0 -1
outer loop
vertex 48.85668182373047 0.602344274520874 0
vertex 34.406681060791016 -3.597655773162842 0
vertex 43.95668029785156 0.602344274520874 0
endloop
endfacet
facet normal 0 0 -1
outer loop
vertex 48.85668182373047 -18.397655487060547 0
vertex 43.95668029785156 -4.2976555824279785 0
vertex 48.85668182373047 -4.2976555824279785 0
endloop
endfacet
facet normal 0 0 -1
outer loop
vertex 48.85668182373047 -4.2976555824279785 0
vertex 43.95668029785156 -4.2976555824279785 0
vertex 48.85668182373047 0.602344274520874 0
endloop
endfacet
facet normal 0 0 -1
outer loop
vertex 48.85668182373047 -4.2976555824279785 0
vertex 53.406681060791016 -3.597655773162842 0
vertex 53.406681060791016 -4.2976555824279785 0
endloop
endfacet
facet normal 0 0 -1
outer loop
vertex 53.406681060791016 -3.597655773162842 0
vertex 48.85668182373047 -4.2976555824279785 0
vertex 48.85668182373047 0.602344274520874 0
endloop
endfacet
facet normal 0 0 -1
outer loop
vertex 53.406681060791016 -3.597655773162842 0
vertex 48.85668182373047 0.602344274520874 0
vertex 53.406681060791016 -0.09765574336051941 0
endloop
endfacet
facet normal 0 0 -1
outer loop
vertex -9.577320098876953 -36.615447998046875 0
vertex -9.674867630004883 -36.469459533691406 0
vertex -8.143320083618164 -35.908294677734375 0
endloop
endfacet
facet normal 0 0 -1
outer loop
vertex -8.143320083618164 -37.6474609375 0
vertex -9.543066024780273 -36.787654876708984 0
vertex -8.143320083618164 -35.908294677734375 0
endloop
endfacet
facet normal 0 0 -1
outer loop
vertex -8.143320083618164 -37.6474609375 0
vertex -9.577320098876953 -36.959861755371094 0
vertex -9.543066024780273 -36.787654876708984 0
endloop
endfacet
facet normal 0 0 -1
outer loop
vertex -8.143320083618164 -37.6474609375 0
vertex -9.674867630004883 -37.10585403442383 0
vertex -9.577320098876953 -36.959861755371094 0
endloop
endfacet
facet normal 0 0 -1
outer loop
vertex -9.821112632751465 -35.93340301513672 0
vertex -9.99306583404541 -36.33765411376953 0
vertex -9.993319511413574 -35.967655181884766 0
endloop
endfacet
facet normal 0 0 -1
outer loop
vertex -9.99306583404541 -36.33765411376953 0
vertex -9.821112632751465 -35.93340301513672 0
vertex -9.820858001708984 -36.371910095214844 0
endloop
endfacet
facet normal 0 0 -1
outer loop
vertex 53.406681060791016 -19.09765625 0
vertex 58.406681060791016 -22.59765625 0
vertex 53.406681060791016 -22.59765625 0
endloop
endfacet
facet normal 0 0 -1
outer loop
vertex 58.406681060791016 -23.29765510559082 0
vertex 58.406681060791016 -22.59765625 0
vertex 62.95668029785156 -23.29765510559082 0
endloop
endfacet
facet normal 0 0 -1
outer loop
vertex 62.95668029785156 -23.29765510559082 0
vertex 58.406681060791016 -22.59765625 0
vertex 58.406681060791016 -19.09765625 0
endloop
endfacet
facet normal 0 0 -1
outer loop
vertex 58.406681060791016 -22.59765625 0
vertex 53.406681060791016 -19.09765625 0
vertex 58.406681060791016 -19.09765625 0
endloop
endfacet
facet normal 0 0 -1
outer loop
vertex 58.406681060791016 -19.09765625 0
vertex 58.406681060791016 -18.397655487060547 0
vertex 62.95668029785156 -18.397655487060547 0
endloop
endfacet
facet normal 0 0 -1
outer loop
vertex 62.95668029785156 -23.29765510559082 0
vertex 58.406681060791016 -19.09765625 0
vertex 62.95668029785156 -18.397655487060547 0
endloop
endfacet
facet normal 0 0 -1
outer loop
vertex 62.95668029785156 -18.397655487060547 0
vertex 69.10066223144531 -26.91697120666504 0
vertex 62.95668029785156 -23.29765510559082 0
endloop
endfacet
facet normal 0 0 -1
outer loop
vertex 69.10066223144531 -26.91697120666504 0
vertex 69.09970092773438 -30.7074031829834 0
vertex 62.95668029785156 -23.29765510559082 0
endloop
endfacet
facet normal -0.9999995920739825 -0.0009032451874147647 0
outer loop
vertex -57.796417236328125 -23.727867126464844 0.20000000298023224
vertex -57.796417236328125 -23.727867126464844 0
vertex -57.79048538208008 -30.295133590698242 0
endloop
endfacet
facet normal 0 0 -1
outer loop
vertex -56.47477722167969 -23.727792739868164 0
vertex -56.475860595703125 -4.727792263031006 0
vertex -46.14331817626953 -23.29765510559082 0
endloop
endfacet
facet normal -0.9999995920738641 -0.0009032453185806256 0
outer loop
vertex -57.819515228271484 1.8393969535827637 0
vertex -57.81358337402344 -4.727868556976318 0
vertex -57.81358337402344 -4.727868556976318 0.20000000298023224
endloop
endfacet
facet normal 0 0 -1
outer loop
vertex -57.819515228271484 1.8393969535827637 0
vertex -56.476234436035156 1.8394736051559448 0
vertex -57.81358337402344 -4.727868556976318 0
endloop
endfacet
facet normal -0.9999995920738641 -0.0009032453185806256 0
outer loop
vertex -57.819515228271484 1.8393969535827637 0.20000000298023224
vertex -57.819515228271484 1.8393969535827637 0
vertex -57.81358337402344 -4.727868556976318 0.20000000298023224
endloop
endfacet
facet normal 0.7538175489252174 0.6570837868433352 0
outer loop
vertex 69.64852905273438 40.319358825683594 0
vertex 68.61577606201172 41.504150390625 0
vertex 69.64852905273438 40.319358825683594 5
endloop
endfacet
facet normal 0 0 -1
outer loop
vertex 69.10066223144531 -26.91697120666504 0
vertex 62.95668029785156 -18.397655487060547 0
vertex 62.95668029785156 -4.2976555824279785 0
endloop
endfacet
facet normal 0.21956386420892895 0.9755981291154893 0
outer loop
vertex 67.2657699584961 42.30900192260742 0
vertex 65.69924926757812 42.661556243896484 0
vertex 67.2657699584961 42.30900192260742 5
endloop
endfacet
facet normal 0.5120834131939498 0.8589357239815063 0
outer loop
vertex 68.61577606201172 41.504150390625 0
vertex 67.2657699584961 42.30900192260742 0
vertex 68.61577606201172 41.504150390625 5
endloop
endfacet
facet normal 0 0 -1
outer loop
vertex -10.165273666381836 -36.371910095214844 0
vertex -9.993319511413574 -35.967655181884766 0
vertex -9.99306583404541 -36.33765411376953 0
endloop
endfacet
facet normal 0 0 -1
outer loop
vertex -10.311264038085938 -36.469459533691406 0
vertex -9.993319511413574 -35.967655181884766 0
vertex -10.165273666381836 -36.371910095214844 0
endloop
endfacet
facet normal 0 0 -1
outer loop
vertex -9.674867630004883 -37.10585403442383 0
vertex -9.674867630004883 -37.73945617675781 0
vertex -9.820858001708984 -37.203399658203125 0
endloop
endfacet
facet normal 0 0 -1
outer loop
vertex -9.820858001708984 -37.203399658203125 0
vertex -9.820858001708984 -37.641910552978516 0
vertex -9.99306583404541 -37.23765563964844 0
endloop
endfacet
facet normal 0 0 -1
outer loop
vertex -9.99306583404541 -37.23765563964844 0
vertex -9.99306583404541 -37.6076545715332 0
vertex -10.165273666381836 -37.203399658203125 0
endloop
endfacet
facet normal 0 0 -1
outer loop
vertex -10.165273666381836 -37.203399658203125 0
vertex -10.165273666381836 -37.641910552978516 0
vertex -10.311264038085938 -37.10585403442383 0
endloop
endfacet
facet normal 0 0 -1
outer loop
vertex 53.406681060791016 -0.09765574336051941 0
vertex 58.406681060791016 -3.597655773162842 0
vertex 53.406681060791016 -3.597655773162842 0
endloop
endfacet
facet normal 0 0 -1
outer loop
vertex 58.406681060791016 -3.597655773162842 0
vertex 53.406681060791016 -0.09765574336051941 0
vertex 58.406681060791016 -0.09765574336051941 0
endloop
endfacet
facet normal 0 0 -1
outer loop
vertex 58.406681060791016 -4.2976555824279785 0
vertex 58.406681060791016 -3.597655773162842 0
vertex 62.95668029785156 -4.2976555824279785 0
endloop
endfacet
facet normal 0 0 -1
outer loop
vertex 62.95668029785156 -4.2976555824279785 0
vertex 58.406681060791016 -3.597655773162842 0
vertex 58.406681060791016 -0.09765574336051941 0
endloop
endfacet
facet normal 0 0 -1
outer loop
vertex 62.95668029785156 -4.2976555824279785 0
vertex 58.406681060791016 -0.09765574336051941 0
vertex 62.95668029785156 0.602344274520874 0
endloop
endfacet
facet normal 0 0 -1
outer loop
vertex 69.10066223144531 -26.91697120666504 0
vertex 62.95668029785156 -4.2976555824279785 0
vertex 69.10545349121094 -7.916970729827881 0
endloop
endfacet
facet normal 0.9207868516187048 0.3900661147627582 0
outer loop
vertex 70.27203369140625 38.84751892089844 0
vertex 69.64852905273438 40.319358825683594 0
vertex 70.27203369140625 38.84751892089844 5
endloop
endfacet
facet normal 0.9873244934306075 0.15871466432562 0
outer loop
vertex 70.39913177490234 38.0568733215332 0
vertex 70.27203369140625 38.84751892089844 0
vertex 70.39913177490234 38.0568733215332 5
endloop
endfacet
facet normal 0.999999998952262 -0.00004577636713953836 0
outer loop
vertex 70.39908599853516 37.16356658935547 4.5
vertex 70.39908599853516 37.16356658935547 0.20000000298023224
vertex 70.39910888671875 37.66356658935547 0.20000000298023224
endloop
endfacet
facet normal 0.9999999982598187 -0.00005897463242762579 -0.0000015346820149921385
outer loop
vertex 70.39913177490234 38.0568733215332 0
vertex 70.39908599853516 37.16356658935547 4.5
vertex 70.39910888671875 37.66356658935547 0.20000000298023224
endloop
endfacet
facet normal 0.00024979802783718587 0.9999999688004723 0
outer loop
vertex 70.39908599853516 37.16356658935547 0.20000000298023224
vertex 71.11682891845703 37.163387298583984 4.5
vertex 71.11682891845703 37.163387298583984 0.20000000298023224
endloop
endfacet
facet normal 0 0 -1
outer loop
vertex 62.95668029785156 0.602344274520874 0
vertex 69.10640716552734 -4.1265387535095215 0
vertex 62.95668029785156 -4.2976555824279785 0
endloop
endfacet
facet normal 0 0 -1
outer loop
vertex 69.10545349121094 -7.916970729827881 0
vertex 62.95668029785156 -4.2976555824279785 0
vertex 69.10640716552734 -4.1265387535095215 0
endloop
endfacet
facet normal 0 0 -1
outer loop
vertex 70.39710235595703 -4.126864433288574 0
vertex 70.39691925048828 -7.917296886444092 0
vertex 69.10545349121094 -7.916970729827881 0
endloop
endfacet
facet normal 0 0 -1
outer loop
vertex 70.39710235595703 -4.126864433288574 0
vertex 69.10545349121094 -7.916970729827881 0
vertex 69.10640716552734 -4.1265387535095215 0
endloop
endfacet
facet normal 0.9999999988332036 -0.00004830727649134566 0
outer loop
vertex 70.39691925048828 -7.917296886444092 0.20000000298023224
vertex 70.39691925048828 -7.917296886444092 0
vertex 70.39710235595703 -4.126864433288574 0
endloop
endfacet
facet normal 0.9999999988332036 -0.00004830727649134566 0
outer loop
vertex 70.39691925048828 -7.917296886444092 0.20000000298023224
vertex 70.39710235595703 -4.126864433288574 0
vertex 70.39710235595703 -4.126864433288574 0.20000000298023224
endloop
endfacet
facet normal 0.9999999676625219 -0.00025431271165070703 0
outer loop
vertex 71.11682891845703 37.163387298583984 0.20000000298023224
vertex 71.11682891845703 37.163387298583984 4.5
vertex 71.11664581298828 36.44338607788086 0.20000000298023224
endloop
endfacet
facet normal 0.00044365309738948413 0.9999999015859597 0
outer loop
vertex 65.69924926757812 42.661556243896484 0
vertex -20.490888595581055 42.69979476928711 0
vertex 65.69924926757812 42.661556243896484 5
endloop
endfacet
facet normal 0 0 -1
outer loop
vertex -57.81358337402344 -4.727868556976318 0
vertex -46.14331817626953 0.602344274520874 0
vertex -56.475860595703125 -4.727792263031006 0
endloop
endfacet
facet normal 0 0 -1
outer loop
vertex -9.993319511413574 -35.067657470703125 0
vertex -13.043319702148438 -32.10268783569336 0
vertex -9.821112632751465 -35.10190963745117 0
endloop
endfacet
facet normal 0 0 -1
outer loop
vertex -10.16552734375 -35.10190963745117 0
vertex -13.043319702148438 -32.10268783569336 0
vertex -9.993319511413574 -35.067657470703125 0
endloop
endfacet
facet normal 0 0 -1
outer loop
vertex -10.311517715454102 -35.199459075927734 0
vertex -13.043319702148438 -32.10268783569336 0
vertex -10.16552734375 -35.10190963745117 0
endloop
endfacet
facet normal 0 0 -1
outer loop
vertex -10.409065246582031 -35.3454475402832 0
vertex -13.043319702148438 -32.10268783569336 0
vertex -10.311517715454102 -35.199459075927734 0
endloop
endfacet
facet normal 0 0 -1
outer loop
vertex -10.443320274353027 -35.51765441894531 0
vertex -13.043319702148438 -32.10268783569336 0
vertex -10.409065246582031 -35.3454475402832 0
endloop
endfacet
facet normal 0 0 -1
outer loop
vertex -10.443320274353027 -35.51765441894531 0
vertex -13.043319702148438 -37.92227554321289 0
vertex -13.043319702148438 -32.10268783569336 0
endloop
endfacet
facet normal 0 0 -1
outer loop
vertex -10.409065246582031 -35.68986511230469 0
vertex -13.043319702148438 -37.92227554321289 0
vertex -10.443320274353027 -35.51765441894531 0
endloop
endfacet
facet normal 0 0 -1
outer loop
vertex -10.311517715454102 -35.835853576660156 0
vertex -13.043319702148438 -37.92227554321289 0
vertex -10.409065246582031 -35.68986511230469 0
endloop
endfacet
facet normal 0 0 -1
outer loop
vertex -9.993319511413574 -35.967655181884766 0
vertex -13.043319702148438 -37.92227554321289 0
vertex -10.16552734375 -35.93340301513672 0
endloop
endfacet
facet normal 0 0 -1
outer loop
vertex -10.311264038085938 -36.469459533691406 0
vertex -13.043319702148438 -37.92227554321289 0
vertex -9.993319511413574 -35.967655181884766 0
endloop
endfacet
facet normal 0 0 -1
outer loop
vertex -13.043319702148438 -37.92227554321289 0
vertex -10.311517715454102 -35.835853576660156 0
vertex -10.16552734375 -35.93340301513672 0
endloop
endfacet
facet normal 0 0 -1
outer loop
vertex -10.408811569213867 -36.615447998046875 0
vertex -13.043319702148438 -37.92227554321289 0
vertex -10.311264038085938 -36.469459533691406 0
endloop
endfacet
facet normal 0 0 -1
outer loop
vertex -10.443065643310547 -36.787654876708984 0
vertex -13.043319702148438 -37.92227554321289 0
vertex -10.408811569213867 -36.615447998046875 0
endloop
endfacet
facet normal 0 0 -1
outer loop
vertex -10.408811569213867 -36.959861755371094 0
vertex -13.043319702148438 -37.92227554321289 0
vertex -10.443065643310547 -36.787654876708984 0
endloop
endfacet
facet normal 0 0 -1
outer loop
vertex -10.311264038085938 -37.10585403442383 0
vertex -13.043319702148438 -37.92227554321289 0
vertex -10.408811569213867 -36.959861755371094 0
endloop
endfacet
facet normal 0 0 -1
outer loop
vertex -8.143320083618164 -37.6474609375 0
vertex -9.674867630004883 -37.73945617675781 0
vertex -9.674867630004883 -37.10585403442383 0
endloop
endfacet
facet normal -0.0002516941916941632 -0.9999999683250164 0
outer loop
vertex 71.10078430175781 -26.4174747467041 0.20000000298023224
vertex 70.39602661132812 -26.41729736328125 4.5
vertex 70.39602661132812 -26.41729736328125 0.20000000298023224
endloop
endfacet
facet normal 0.9999999682213874 -0.0002521055814033549 0
outer loop
vertex 71.10078430175781 -26.4174747467041 0.20000000298023224
vertex 71.10514068603516 -9.137475967407227 0.20000000298023224
vertex 71.10078430175781 -26.4174747467041 4.5
endloop
endfacet
facet normal 0 0 -1
outer loop
vertex -8.143320083618164 -37.6474609375 0
vertex -9.577320098876953 -37.88544845581055 0
vertex -9.674867630004883 -37.73945617675781 0
endloop
endfacet
facet normal 0 0 -1
outer loop
vertex -8.143320083618164 -37.6474609375 0
vertex -9.543066024780273 -38.057655334472656 0
vertex -9.577320098876953 -37.88544845581055 0
endloop
endfacet
facet normal 0 0 -1
outer loop
vertex -8.143320083618164 -37.6474609375 0
vertex -9.577320098876953 -38.229862213134766 0
vertex -9.543066024780273 -38.057655334472656 0
endloop
endfacet
facet normal 0 0 -1
outer loop
vertex -8.143320083618164 -37.6474609375 0
vertex -9.674867630004883 -38.3758544921875 0
vertex -9.577320098876953 -38.229862213134766 0
endloop
endfacet
facet normal 0 0 -1
outer loop
vertex -8.143320083618164 -37.6474609375 0
vertex -9.674867630004883 -39.009456634521484 0
vertex -9.674867630004883 -38.3758544921875 0
endloop
endfacet
facet normal 0.9999999676624362 -0.00025431304849986785 0
outer loop
vertex 71.1053237915039 -8.417475700378418 0.20000000298023224
vertex 71.1053237915039 -8.417475700378418 4.5
vertex 71.10514068603516 -9.137475967407227 0.20000000298023224
endloop
endfacet
facet normal 0.9999999989522601 -0.00004577641079532555 0
outer loop
vertex 70.39689636230469 -8.417296409606934 4.5
vertex 70.39689636230469 -8.417296409606934 0.20000000298023224
vertex 70.39691925048828 -7.917296886444092 0.20000000298023224
endloop
endfacet
facet normal 0.0002530827553433002 0.999999967974559 0
outer loop
vertex 70.39689636230469 -8.417296409606934 0.20000000298023224
vertex 71.1053237915039 -8.417475700378418 4.5
vertex 71.1053237915039 -8.417475700378418 0.20000000298023224
endloop
endfacet
facet normal 0.9999999988331602 -0.00004830727649134356 -2.9428642902354067e-7
outer loop
vertex 70.39689636230469 -8.417296409606934 4.5
vertex 70.39691925048828 -7.917296886444092 0.20000000298023224
vertex 70.39710235595703 -4.126864433288574 0.20000000298023224
endloop
endfacet
facet normal 0.9999999989497734 -0.00004577636713942444 0.000002230991348693779
outer loop
vertex 70.39712524414062 -3.626864433288574 0.20000000298023224
vertex 70.39689636230469 -8.417296409606934 4.5
vertex 70.39710235595703 -4.126864433288574 0.20000000298023224
endloop
endfacet
facet normal -0.00025239556539274476 -0.9999999681482389 0
outer loop
vertex 71.10653686523438 -3.6270434856414795 0.20000000298023224
vertex 70.39712524414062 -3.626864433288574 4.5
vertex 70.39712524414062 -3.626864433288574 0.20000000298023224
endloop
endfacet
facet normal 0 0 -1
outer loop
vertex -8.143320083618164 -37.6474609375 0
vertex -9.577320098876953 -39.15544891357422 0
vertex -9.674867630004883 -39.009456634521484 0
endloop
endfacet
facet normal 0 0 -1
outer loop
vertex -8.143320083618164 -37.6474609375 0
vertex -9.543066024780273 -39.32765579223633 0
vertex -9.577320098876953 -39.15544891357422 0
endloop
endfacet
facet normal 0 0 -1
outer loop
vertex -8.143320083618164 -37.6474609375 0
vertex -9.577320098876953 -39.49986267089844 0
vertex -9.543066024780273 -39.32765579223633 0
endloop
endfacet
facet normal 0 0 -1
outer loop
vertex -9.820858001708984 -37.641910552978516 0
vertex -9.820858001708984 -37.203399658203125 0
vertex -9.674867630004883 -37.73945617675781 0
endloop
endfacet
facet normal 0 0 -1
outer loop
vertex -9.99306583404541 -37.6076545715332 0
vertex -9.99306583404541 -37.23765563964844 0
vertex -9.820858001708984 -37.641910552978516 0
endloop
endfacet
facet normal 0 0 -1
outer loop
vertex -10.165273666381836 -37.641910552978516 0
vertex -10.165273666381836 -37.203399658203125 0
vertex -9.99306583404541 -37.6076545715332 0
endloop
endfacet
facet normal 0 0 -1
outer loop
vertex -9.674867630004883 -39.009456634521484 0
vertex -9.820858001708984 -38.4734001159668 0
vertex -9.674867630004883 -38.3758544921875 0
endloop
endfacet
facet normal 0 0 -1
outer loop
vertex -9.820858001708984 -38.4734001159668 0
vertex -9.820858001708984 -38.91191101074219 0
vertex -9.99306583404541 -38.50765609741211 0
endloop
endfacet
facet normal 0 0 -1
outer loop
vertex -9.99306583404541 -38.877655029296875 0
vertex -10.165273666381836 -38.4734001159668 0
vertex -9.99306583404541 -38.50765609741211 0
endloop
endfacet
facet normal 0 0 -1
outer loop
vertex -9.820858001708984 -38.91191101074219 0
vertex -9.820858001708984 -38.4734001159668 0
vertex -9.674867630004883 -39.009456634521484 0
endloop
endfacet
facet normal 0 0 -1
outer loop
vertex -9.99306583404541 -38.877655029296875 0
vertex -9.99306583404541 -38.50765609741211 0
vertex -9.820858001708984 -38.91191101074219 0
endloop
endfacet
facet normal 0 0 -1
outer loop
vertex -10.165273666381836 -38.91191101074219 0
vertex -10.165273666381836 -38.4734001159668 0
vertex -9.99306583404541 -38.877655029296875 0
endloop
endfacet
facet normal 0 0 -1
outer loop
vertex -10.311264038085938 -39.009456634521484 0
vertex -10.165273666381836 -38.4734001159668 0
vertex -10.165273666381836 -38.91191101074219 0
endloop
endfacet
facet normal -0.00017826322166684366 -0.9999999841111118 0
outer loop
vertex -52.91127014160156 -54.30866622924805 5
vertex 65.7903060913086 -54.32982635498047 0
vertex 65.7903060913086 -54.32982635498047 5
endloop
endfacet
facet normal 0 0 -1
outer loop
vertex -8.143320083618164 -37.6474609375 0
vertex -9.577320098876953 -40.42544937133789 0
vertex -9.577320098876953 -39.49986267089844 0
endloop
endfacet
facet normal 0 0 -1
outer loop
vertex -8.143320083618164 -37.6474609375 0
vertex -9.543066024780273 -40.59765625 0
vertex -9.577320098876953 -40.42544937133789 0
endloop
endfacet
facet normal 0 0 -1
outer loop
vertex -9.577320098876953 -40.42544937133789 0
vertex -9.674867630004883 -39.64585494995117 0
vertex -9.577320098876953 -39.49986267089844 0
endloop
endfacet
facet normal 0 0 -1
outer loop
vertex -9.674867630004883 -39.64585494995117 0
vertex -9.674867630004883 -40.279457092285156 0
vertex -9.820858001708984 -39.74340057373047 0
endloop
endfacet
facet normal 0 0 -1
outer loop
vertex -9.820858001708984 -39.74340057373047 0
vertex -9.820858001708984 -40.18191146850586 0
vertex -9.99306583404541 -39.77765655517578 0
endloop
endfacet
facet normal 0 0 -1
outer loop
vertex -9.99306583404541 -39.77765655517578 0
vertex -9.99306583404541 -40.14765548706055 0
vertex -10.165273666381836 -39.74340057373047 0
endloop
endfacet
facet normal 0 0 -1
outer loop
vertex -10.165273666381836 -39.74340057373047 0
vertex -10.165273666381836 -40.18191146850586 0
vertex -10.311264038085938 -39.64585494995117 0
endloop
endfacet
facet normal 0 0 1
outer loop
vertex -52.91127014160156 -54.30866622924805 5
vertex 69.09490966796875 -49.707401275634766 5
vertex 5.9566802978515625 -46.89765548706055 5
endloop
endfacet
facet normal 0 0 -1
outer loop
vertex -9.577320098876953 -40.42544937133789 0
vertex -9.674867630004883 -40.279457092285156 0
vertex -9.674867630004883 -39.64585494995117 0
endloop
endfacet
facet normal 0 0 1
outer loop
vertex 24.956680297851562 -42.14765548706055 5
vertex 10.856679916381836 -42.14765548706055 5
vertex 5.9566802978515625 -46.89765548706055 5
endloop
endfacet
facet normal 0 0 -1
outer loop
vertex -9.820858001708984 -40.18191146850586 0
vertex -9.820858001708984 -39.74340057373047 0
vertex -9.674867630004883 -40.279457092285156 0
endloop
endfacet
facet normal 0 0 -1
outer loop
vertex -9.99306583404541 -40.14765548706055 0
vertex -9.99306583404541 -39.77765655517578 0
vertex -9.820858001708984 -40.18191146850586 0
endloop
endfacet
facet normal 0 0 1
outer loop
vertex 5.9566802978515625 -46.89765548706055 5
vertex 10.856679916381836 -42.14765548706055 5
vertex 10.856679916381836 -28.04765510559082 5
endloop
endfacet
facet normal 0 0 1
outer loop
vertex 5.9566802978515625 -32.79765701293945 5
vertex 5.9566802978515625 -46.89765548706055 5
vertex 10.856679916381836 -28.04765510559082 5
endloop
endfacet
facet normal 0 0 1
outer loop
vertex 5.9566802978515625 -27.897655487060547 5
vertex -8.143320083618164 -27.897655487060547 5
vertex 5.9566802978515625 -32.79765701293945 5
endloop
endfacet
facet normal 0 0 1
outer loop
vertex 5.9566802978515625 -27.897655487060547 5
vertex 5.9566802978515625 -32.79765701293945 5
vertex 10.856679916381836 -28.04765510559082 5
endloop
endfacet
facet normal 0 0 -1
outer loop
vertex -10.165273666381836 -40.18191146850586 0
vertex -10.165273666381836 -39.74340057373047 0
vertex -9.99306583404541 -40.14765548706055 0
endloop
endfacet
facet normal 0 0 1
outer loop
vertex -52.91127014160156 -54.30866622924805 5
vertex 65.7903060913086 -54.32982635498047 5
vertex 66.58090209960938 -54.20273971557617 5
endloop
endfacet
facet normal 0 0 1
outer loop
vertex 66.58090209960938 -54.20273971557617 5
vertex 68.05274200439453 -53.57923126220703 5
vertex -52.91127014160156 -54.30866622924805 5
endloop
endfacet
facet normal 0 0 1
outer loop
vertex 68.05274200439453 -53.57923126220703 5
vertex 69.23753356933594 -52.546478271484375 5
vertex -52.91127014160156 -54.30866622924805 5
endloop
endfacet
facet normal 0 0 1
outer loop
vertex 69.23753356933594 -52.546478271484375 5
vertex 70.04238891601562 -51.19647216796875 5
vertex -52.91127014160156 -54.30866622924805 5
endloop
endfacet
facet normal 0 0 1
outer loop
vertex 69.09490966796875 -49.707401275634766 5
vertex -52.91127014160156 -54.30866622924805 5
vertex 70.04238891601562 -51.19647216796875 5
endloop
endfacet
facet normal 0 0 1
outer loop
vertex 5.9566802978515625 -46.89765548706055 5
vertex 69.09490966796875 -49.707401275634766 5
vertex 24.956680297851562 -42.14765548706055 5
endloop
endfacet
facet normal 0 0 -1
outer loop
vertex -10.311264038085938 -40.279457092285156 0
vertex -10.311264038085938 -39.64585494995117 0
vertex -10.165273666381836 -40.18191146850586 0
endloop
endfacet
facet normal 0 0 1
outer loop
vertex 24.956680297851562 -28.04765510559082 5
vertex 24.956680297851562 -42.14765548706055 5
vertex 29.856679916381836 -23.29765510559082 5
endloop
endfacet
facet normal 0 0 1
outer loop
vertex 29.856679916381836 -23.29765510559082 5
vertex 24.956680297851562 -42.14765548706055 5
vertex 29.856679916381836 -37.39765548706055 5
endloop
endfacet
facet normal 0 0 -1
outer loop
vertex -10.165273666381836 -37.641910552978516 0
vertex -13.043319702148438 -37.92227554321289 0
vertex -10.311264038085938 -37.10585403442383 0
endloop
endfacet
facet normal 0 0 -1
outer loop
vertex -10.311264038085938 -37.73945617675781 0
vertex -13.043319702148438 -37.92227554321289 0
vertex -10.165273666381836 -37.641910552978516 0
endloop
endfacet
facet normal 0 0 -1
outer loop
vertex -10.408811569213867 -37.88544845581055 0
vertex -13.043319702148438 -37.92227554321289 0
vertex -10.311264038085938 -37.73945617675781 0
endloop
endfacet
facet normal 0 0 -1
outer loop
vertex -10.443065643310547 -38.057655334472656 0
vertex -13.043319702148438 -37.92227554321289 0
vertex -10.408811569213867 -37.88544845581055 0
endloop
endfacet
facet normal 0 0 -1
outer loop
vertex -10.408811569213867 -38.229862213134766 0
vertex -13.043319702148438 -37.92227554321289 0
vertex -10.443065643310547 -38.057655334472656 0
endloop
endfacet
facet normal 0 0 -1
outer loop
vertex -10.311264038085938 -38.3758544921875 0
vertex -13.043319702148438 -37.92227554321289 0
vertex -10.408811569213867 -38.229862213134766 0
endloop
endfacet
facet normal 0 0 -1
outer loop
vertex -10.165273666381836 -38.4734001159668 0
vertex -13.043319702148438 -37.92227554321289 0
vertex -10.311264038085938 -38.3758544921875 0
endloop
endfacet
facet normal 0 0 -1
outer loop
vertex -10.311264038085938 -39.009456634521484 0
vertex -13.043319702148438 -37.92227554321289 0
vertex -10.165273666381836 -38.4734001159668 0
endloop
endfacet
facet normal 0 0 -1
outer loop
vertex -10.408811569213867 -39.15544891357422 0
vertex -13.043319702148438 -37.92227554321289 0
vertex -10.311264038085938 -39.009456634521484 0
endloop
endfacet
facet normal 0 0 -1
outer loop
vertex -10.443065643310547 -39.32765579223633 0
vertex -13.043319702148438 -37.92227554321289 0
vertex -10.408811569213867 -39.15544891357422 0
endloop
endfacet
facet normal 0 0 -1
outer loop
vertex -10.408811569213867 -39.49986267089844 0
vertex -13.043319702148438 -37.92227554321289 0
vertex -10.443065643310547 -39.32765579223633 0
endloop
endfacet
facet normal 0 0 -1
outer loop
vertex -10.311264038085938 -39.64585494995117 0
vertex -13.043319702148438 -37.92227554321289 0
vertex -10.408811569213867 -39.49986267089844 0
endloop
endfacet
facet normal 0 0 -1
outer loop
vertex -10.311264038085938 -40.279457092285156 0
vertex -13.043319702148438 -37.92227554321289 0
vertex -10.311264038085938 -39.64585494995117 0
endloop
endfacet
facet normal 0 0 -1
outer loop
vertex -10.408811569213867 -40.42544937133789 0
vertex -13.043319702148438 -37.92227554321289 0
vertex -10.311264038085938 -40.279457092285156 0
endloop
endfacet
facet normal 0 0 -1
outer loop
vertex -10.443065643310547 -40.59765625 0
vertex -13.043319702148438 -37.92227554321289 0
vertex -10.408811569213867 -40.42544937133789 0
endloop
endfacet
facet normal 0 0 -1
outer loop
vertex -10.443065643310547 -40.59765625 0
vertex -13.043319702148438 -42.14765548706055 0
vertex -13.043319702148438 -37.92227554321289 0
endloop
endfacet
facet normal 0 0 -1
outer loop
vertex -8.143320083618164 -46.89765548706055 0
vertex -3.593319892883301 -46.89765548706055 0
vertex -3.593319892883301 -47.59765625 0
endloop
endfacet
facet normal 0 0 -1
outer loop
vertex -3.593319892883301 -47.59765625 0
vertex -9.675121307373047 -47.26585388183594 0
vertex -8.143320083618164 -46.89765548706055 0
endloop
endfacet
facet normal 0 0 -1
outer loop
vertex -3.593319892883301 -47.59765625 0
vertex -9.821112632751465 -47.3634033203125 0
vertex -9.675121307373047 -47.26585388183594 0
endloop
endfacet
facet normal 0 0 -1
outer loop
vertex -3.593319892883301 -47.59765625 0
vertex -9.993319511413574 -47.39765548706055 0
vertex -9.821112632751465 -47.3634033203125 0
endloop
endfacet
facet normal 0 0 -1
outer loop
vertex -9.543066024780273 -40.59765625 0
vertex -8.143320083618164 -37.6474609375 0
vertex -8.143320083618164 -44.18242645263672 0
endloop
endfacet
facet normal 0 0 -1
outer loop
vertex -8.143320083618164 -44.18242645263672 0
vertex -9.577320098876953 -40.76986312866211 0
vertex -9.543066024780273 -40.59765625 0
endloop
endfacet
facet normal 0 0 1
outer loop
vertex 10.856679916381836 -28.04765510559082 5
vertex 10.856679916381836 -23.147655487060547 5
vertex 5.9566802978515625 -27.897655487060547 5
endloop
endfacet
facet normal 0 0 1
outer loop
vertex 10.856679916381836 -23.147655487060547 5
vertex 10.856679916381836 -9.047656059265137 5
vertex 5.9566802978515625 -27.897655487060547 5
endloop
endfacet
facet normal 0 0 1
outer loop
vertex 5.9566802978515625 -13.797656059265137 5
vertex 5.9566802978515625 -27.897655487060547 5
vertex 10.856679916381836 -9.047656059265137 5
endloop
endfacet
facet normal 0 0 -1
outer loop
vertex -8.143320083618164 -44.18242645263672 0
vertex -9.577320098876953 -41.69544982910156 0
vertex -9.577320098876953 -40.76986312866211 0
endloop
endfacet
facet normal 0 0 1
outer loop
vertex 10.856679916381836 -23.147655487060547 5
vertex 10.856679916381836 -28.04765510559082 5
vertex 24.956680297851562 -28.04765510559082 5
endloop
endfacet
facet normal 0 0 -1
outer loop
vertex -9.577320098876953 -41.69544982910156 0
vertex -9.674867630004883 -40.915855407714844 0
vertex -9.577320098876953 -40.76986312866211 0
endloop
endfacet
facet normal 0 0 -1
outer loop
vertex -9.674867630004883 -40.915855407714844 0
vertex -9.674867630004883 -41.54945755004883 0
vertex -9.820858001708984 -41.01340103149414 0
endloop
endfacet
facet normal 0 0 1
outer loop
vertex 5.9566802978515625 -8.897655487060547 5
vertex -8.143320083618164 -8.897655487060547 5
vertex 5.9566802978515625 -13.797656059265137 5
endloop
endfacet
facet normal 0 0 1
outer loop
vertex 5.9566802978515625 -8.897655487060547 5
vertex 5.9566802978515625 -13.797656059265137 5
vertex 10.856679916381836 -4.147655963897705 5
endloop
endfacet
facet normal 0 0 1
outer loop
vertex 10.856679916381836 -4.147655963897705 5
vertex 5.9566802978515625 -13.797656059265137 5
vertex 10.856679916381836 -9.047656059265137 5
endloop
endfacet
facet normal 0 0 1
outer loop
vertex 10.856679916381836 -4.147655963897705 5
vertex 10.856679916381836 9.952343940734863 5
vertex 5.9566802978515625 -8.897655487060547 5
endloop
endfacet
facet normal 0 0 1
outer loop
vertex 10.856679916381836 -4.147655963897705 5
vertex 10.856679916381836 -9.047656059265137 5
vertex 24.956680297851562 -9.047656059265137 5
endloop
endfacet
facet normal 0 0 -1
outer loop
vertex -9.820858001708984 -41.01340103149414 0
vertex -9.820858001708984 -41.451908111572266 0
vertex -9.99306583404541 -41.04765701293945 0
endloop
endfacet
facet normal 0 0 -1
outer loop
vertex -9.577320098876953 -41.69544982910156 0
vertex -9.674867630004883 -41.54945755004883 0
vertex -9.674867630004883 -40.915855407714844 0
endloop
endfacet
facet normal 0 0 -1
outer loop
vertex -9.820858001708984 -41.451908111572266 0
vertex -9.820858001708984 -41.01340103149414 0
vertex -9.674867630004883 -41.54945755004883 0
endloop
endfacet
facet normal 0 0 1
outer loop
vertex 24.956680297851562 -23.147655487060547 5
vertex 10.856679916381836 -23.147655487060547 5
vertex 24.956680297851562 -28.04765510559082 5
endloop
endfacet
facet normal 0 0 1
outer loop
vertex 24.956680297851562 -23.147655487060547 5
vertex 24.956680297851562 -28.04765510559082 5
vertex 29.856679916381836 -23.29765510559082 5
endloop
endfacet
facet normal 0 0 1
outer loop
vertex 29.856679916381836 -23.29765510559082 5
vertex 43.95668029785156 -23.29765510559082 5
vertex 24.956680297851562 -23.147655487060547 5
endloop
endfacet
facet normal 0 0 1
outer loop
vertex 24.956680297851562 -23.147655487060547 5
vertex 43.95668029785156 -23.29765510559082 5
vertex 29.856679916381836 -18.397655487060547 5
endloop
endfacet
facet normal 0 0 1
outer loop
vertex 24.956680297851562 -23.147655487060547 5
vertex 29.856679916381836 -18.397655487060547 5
vertex 29.856679916381836 -4.2976555824279785 5
endloop
endfacet
facet normal 0 0 -1
outer loop
vertex -9.99306583404541 -41.41765594482422 0
vertex -9.99306583404541 -41.04765701293945 0
vertex -9.820858001708984 -41.451908111572266 0
endloop
endfacet
facet normal 0 0 -1
outer loop
vertex -10.165273666381836 -41.451908111572266 0
vertex -9.99306583404541 -41.04765701293945 0
vertex -9.99306583404541 -41.41765594482422 0
endloop
endfacet
facet normal 0 0 -1
outer loop
vertex -10.165273666381836 -41.451908111572266 0
vertex -10.165273666381836 -41.01340103149414 0
vertex -9.99306583404541 -41.04765701293945 0
endloop
endfacet
facet normal 0 0 1
outer loop
vertex 24.956680297851562 -9.047656059265137 5
vertex 24.956680297851562 -23.147655487060547 5
vertex 29.856679916381836 -4.2976555824279785 5
endloop
endfacet
facet normal 0 0 1
outer loop
vertex 24.956680297851562 -4.147655963897705 5
vertex 10.856679916381836 -4.147655963897705 5
vertex 24.956680297851562 -9.047656059265137 5
endloop
endfacet
facet normal 0 0 1
outer loop
vertex 24.956680297851562 -4.147655963897705 5
vertex 24.956680297851562 -9.047656059265137 5
vertex 29.856679916381836 -4.2976555824279785 5
endloop
endfacet
facet normal 0 0 1
outer loop
vertex 29.856679916381836 -4.2976555824279785 5
vertex 29.856679916381836 0.602344274520874 5
vertex 24.956680297851562 -4.147655963897705 5
endloop
endfacet
facet normal 0 0 1
outer loop
vertex 29.856679916381836 0.602344274520874 5
vertex 29.856679916381836 -4.2976555824279785 5
vertex 43.95668029785156 -4.2976555824279785 5
endloop
endfacet
facet normal 0 0 -1
outer loop
vertex -10.311264038085938 -41.54945755004883 0
vertex -10.165273666381836 -41.01340103149414 0
vertex -10.165273666381836 -41.451908111572266 0
endloop
endfacet
facet normal 0 0 -1
outer loop
vertex -9.577320098876953 -42.03986358642578 0
vertex -9.577320098876953 -42.96544647216797 0
vertex -9.674867630004883 -42.18585205078125 0
endloop
endfacet
facet normal 0 0 -1
outer loop
vertex -9.674867630004883 -42.18585205078125 0
vertex -9.674867630004883 -42.8194580078125 0
vertex -9.820858001708984 -42.28340148925781 0
endloop
endfacet
facet normal 0 0 -1
outer loop
vertex -9.820858001708984 -42.28340148925781 0
vertex -9.820858001708984 -42.72190856933594 0
vertex -9.99306583404541 -42.317657470703125 0
endloop
endfacet
facet normal 0 0 -1
outer loop
vertex -9.99306583404541 -42.317657470703125 0
vertex -9.99306583404541 -42.68765640258789 0
vertex -10.165273666381836 -42.28340148925781 0
endloop
endfacet
facet normal 0 0 -1
outer loop
vertex -8.143320083618164 -44.18242645263672 0
vertex -9.543066024780273 -41.86765670776367 0
vertex -9.577320098876953 -41.69544982910156 0
endloop
endfacet
facet normal 0.9755992318607647 -0.21955896427312183 0
outer loop
vertex 70.39491271972656 -49.63009262084961 0.20000000298023224
vertex 70.39491271972656 -49.63009262084961 4.5
vertex 70.37744140625 -49.707725524902344 4.5
endloop
endfacet
facet normal 0.9999999985316813 -0.00005419075136551741 0
outer loop
vertex 70.39491271972656 -49.63009262084961 4.5
vertex 70.39493560791016 -49.20772933959961 0.20000000298023224
vertex 70.39493560791016 -49.20772933959961 4.5
endloop
endfacet
facet normal -0.0002506456772068541 -0.9999999685883718 0
outer loop
vertex 70.39493560791016 -49.20772933959961 4.5
vertex 71.09503173828125 -49.20790481567383 0.20000000298023224
vertex 71.09503173828125 -49.20790481567383 4.5
endloop
endfacet
facet normal 0.15871043732625775 -0.9873251729211142 0
outer loop
vertex 65.7903060913086 -54.32982635498047 5
vertex 66.58090209960938 -54.20273971557617 0
vertex 66.58090209960938 -54.20273971557617 5
endloop
endfacet
facet normal 0.39006813813704055 -0.9207859944690203 0
outer loop
vertex 66.58090209960938 -54.20273971557617 5
vertex 68.05274200439453 -53.57923126220703 0
vertex 68.05274200439453 -53.57923126220703 5
endloop
endfacet
facet normal 0.6570837868433352 -0.7538175489252174 0
outer loop
vertex 68.05274200439453 -53.57923126220703 5
vertex 69.23753356933594 -52.546478271484375 0
vertex 69.23753356933594 -52.546478271484375 5
endloop
endfacet
facet normal 0.8589346564354853 -0.5120852038226207 0
outer loop
vertex 69.23753356933594 -52.546478271484375 5
vertex 70.04238891601562 -51.19647216796875 0
vertex 70.04238891601562 -51.19647216796875 5
endloop
endfacet
facet normal 0.9755978883305088 -0.21956493409704353 -1.1323907123943491e-7
outer loop
vertex 70.04238891601562 -51.19647216796875 5
vertex 70.39491271972656 -49.63009262084961 0.20000000298023224
vertex 70.37744140625 -49.707725524902344 4.5
endloop
endfacet
facet normal 0 0 -1
outer loop
vertex -8.143320083618164 -44.18242645263672 0
vertex -9.577320098876953 -42.03986358642578 0
vertex -9.543066024780273 -41.86765670776367 0
endloop
endfacet
facet normal 0.9999999680684409 -0.0002527106745692046 -6.573524529917883e-7
outer loop
vertex 71.09810638427734 -37.04124069213867 4.5
vertex 71.09503173828125 -49.20790481567383 4.5
vertex 71.09939575195312 -31.927906036376953 0.20000000298023224
endloop
endfacet
facet normal 0.9999999681410287 -0.00025242393207993536 -3.1637328967361374e-7
outer loop
vertex 71.09957885742188 -31.20790672302246 4.5
vertex 71.09810638427734 -37.04124069213867 4.5
vertex 71.09939575195312 -31.927906036376953 0.20000000298023224
endloop
endfacet
facet normal 0.00025204344103279755 0.9999999682370514 0
outer loop
vertex 71.09957885742188 -31.20790672302246 4.5
vertex 70.39579772949219 -31.20772933959961 0.20000000298023224
vertex 70.39579772949219 -31.20772933959961 4.5
endloop
endfacet
facet normal 0.9999999989497734 -0.00004577636713942444 0.000002230991348693779
outer loop
vertex 70.39579772949219 -31.20772933959961 4.5
vertex 70.39602661132812 -26.41729736328125 0.20000000298023224
vertex 70.39582061767578 -30.70772933959961 4.5
endloop
endfacet
facet normal 0.9999999988331599 -0.00004830728256840933 -2.942924925671102e-7
outer loop
vertex 70.39602661132812 -26.41729736328125 0.20000000298023224
vertex 70.39600372314453 -26.91729736328125 4.5
vertex 70.39582061767578 -30.70772933959961 4.5
endloop
endfacet
facet normal 0 0 -1
outer loop
vertex -8.143320083618164 -44.18242645263672 0
vertex -9.577320098876953 -42.96544647216797 0
vertex -9.577320098876953 -42.03986358642578 0
endloop
endfacet
facet normal 0 0 -1
outer loop
vertex -8.143320083618164 -44.18242645263672 0
vertex -9.543066024780273 -43.137657165527344 0
vertex -9.577320098876953 -42.96544647216797 0
endloop
endfacet
facet normal 0 0 -1
outer loop
vertex -8.143320083618164 -44.18242645263672 0
vertex -9.577320098876953 -43.30986404418945 0
vertex -9.543066024780273 -43.137657165527344 0
endloop
endfacet
facet normal 0 0 1
outer loop
vertex 24.956680297851562 -42.14765548706055 5
vertex 69.09490966796875 -49.707401275634766 5
vertex 29.856679916381836 -37.39765548706055 5
endloop
endfacet
facet normal 0 0 1
outer loop
vertex 29.856679916381836 -37.39765548706055 5
vertex 69.09490966796875 -49.707401275634766 5
vertex 43.95668029785156 -37.39765548706055 5
endloop
endfacet
facet normal 0 0 -1
outer loop
vertex -8.143320083618164 -44.18242645263672 0
vertex -9.820858001708984 -43.553401947021484 0
vertex -9.674867630004883 -43.45585250854492 0
endloop
endfacet
facet normal 0 0 -1
outer loop
vertex -9.674867630004883 -43.45585250854492 0
vertex -9.577320098876953 -43.30986404418945 0
vertex -8.143320083618164 -44.18242645263672 0
endloop
endfacet
facet normal 0 0 1
outer loop
vertex 48.85668182373047 -37.39765548706055 5
vertex 48.85668182373047 -23.29765510559082 5
vertex 43.95668029785156 -37.39765548706055 5
endloop
endfacet
facet normal 0 0 1
outer loop
vertex 43.95668029785156 -23.29765510559082 5
vertex 43.95668029785156 -37.39765548706055 5
vertex 48.85668182373047 -23.29765510559082 5
endloop
endfacet
facet normal 0 0 1
outer loop
vertex 43.95668029785156 -37.39765548706055 5
vertex 69.09490966796875 -49.707401275634766 5
vertex 48.85668182373047 -37.39765548706055 5
endloop
endfacet
facet normal 0 0 1
outer loop
vertex 48.85668182373047 -37.39765548706055 5
vertex 69.09490966796875 -49.707401275634766 5
vertex 62.95668029785156 -37.39765548706055 5
endloop
endfacet
facet normal 0 0 -1
outer loop
vertex -56.476234436035156 1.8394736051559448 0
vertex -46.14331817626953 0.602344274520874 0
vertex -57.81358337402344 -4.727868556976318 0
endloop
endfacet
facet normal 0 0 -1
outer loop
vertex -56.475860595703125 -4.727792263031006 0
vertex -46.14331817626953 -18.397655487060547 0
vertex -46.14331817626953 -23.29765510559082 0
endloop
endfacet
facet normal 0.9999999983067155 -0.000058194232852975114 0
outer loop
vertex 70.39910888671875 37.66356658935547 0
vertex 70.39913177490234 38.0568733215332 0
vertex 70.39910888671875 37.66356658935547 0.20000000298023224
endloop
endfacet
facet normal 0 0 -1
outer loop
vertex 70.27203369140625 38.84751892089844 0
vertex 70.39913177490234 38.0568733215332 0
vertex 69.11695098876953 37.66389083862305 0
endloop
endfacet
facet normal 0.9755978964771698 -0.21956489789882486 0
outer loop
vertex 70.37744140625 -49.707725524902344 5
vertex 70.04238891601562 -51.19647216796875 5
vertex 70.37744140625 -49.707725524902344 4.5
endloop
endfacet
facet normal 0 0 1
outer loop
vertex 70.04238891601562 -51.19647216796875 5
vertex 70.37744140625 -49.707725524902344 5
vertex 69.09490966796875 -49.707401275634766 5
endloop
endfacet
facet normal 0 0 -1
outer loop
vertex 70.39913177490234 38.0568733215332 0
vertex 70.39910888671875 37.66356658935547 0
vertex 69.11695098876953 37.66389083862305 0
endloop
endfacet
facet normal 0 0 -1
outer loop
vertex 70.27203369140625 38.84751892089844 0
vertex 43.95668029785156 33.70234298706055 0
vertex 69.64852905273438 40.319358825683594 0
endloop
endfacet
facet normal 0 0 -1
outer loop
vertex 43.95668029785156 33.70234298706055 0
vertex 68.61577606201172 41.504150390625 0
vertex 69.64852905273438 40.319358825683594 0
endloop
endfacet
facet normal 0 0 -1
outer loop
vertex -8.143320083618164 -44.18242645263672 0
vertex -9.674867630004883 -44.08945846557617 0
vertex -9.820858001708984 -43.99190902709961 0
endloop
endfacet
facet normal 0 0 -1
outer loop
vertex -9.820858001708984 -43.553401947021484 0
vertex -8.143320083618164 -44.18242645263672 0
vertex -9.820858001708984 -43.99190902709961 0
endloop
endfacet
facet normal 0 0 -1
outer loop
vertex 43.95668029785156 33.70234298706055 0
vertex 67.2657699584961 42.30900192260742 0
vertex 68.61577606201172 41.504150390625 0
endloop
endfacet
facet normal 0 0 1
outer loop
vertex 69.09490966796875 -49.707401275634766 5
vertex 69.09970092773438 -30.7074031829834 5
vertex 62.95668029785156 -37.39765548706055 5
endloop
endfacet
facet normal 0 0 -1
outer loop
vertex 65.69924926757812 42.661556243896484 0
vertex 67.2657699584961 42.30900192260742 0
vertex 43.95668029785156 33.70234298706055 0
endloop
endfacet
facet normal 0 0 -1
outer loop
vertex 39.406681060791016 15.402344703674316 0
vertex 70.27203369140625 38.84751892089844 0
vertex 69.11695098876953 37.66389083862305 0
endloop
endfacet
facet normal 0 0 -1
outer loop
vertex -46.14331817626953 -18.397655487060547 0
vertex -41.593318939208984 -19.09765625 0
vertex -46.14331817626953 -23.29765510559082 0
endloop
endfacet
facet normal 0 0 -1
outer loop
vertex -46.14331817626953 -23.29765510559082 0
vertex -41.593318939208984 -22.59765625 0
vertex -41.593318939208984 -23.29765510559082 0
endloop
endfacet
facet normal 0 0 -1
outer loop
vertex -41.593318939208984 -22.59765625 0
vertex -46.14331817626953 -23.29765510559082 0
vertex -36.593318939208984 -19.09765625 0
endloop
endfacet
facet normal 0.9999999988332031 -0.000048307282568411415 0
outer loop
vertex 70.39600372314453 -26.91729736328125 4.5
vertex 70.39582061767578 -30.70772933959961 5
vertex 70.39582061767578 -30.70772933959961 4.5
endloop
endfacet
facet normal 0 0 1
outer loop
vertex 62.95668029785156 -23.29765510559082 5
vertex 62.95668029785156 -37.39765548706055 5
vertex 69.10066223144531 -26.91697120666504 5
endloop
endfacet
facet normal 0 0 -1
outer loop
vertex 39.406681060791016 33.70234298706055 0
vertex 65.69924926757812 42.661556243896484 0
vertex 43.95668029785156 33.70234298706055 0
endloop
endfacet
facet normal 0 0 1
outer loop
vertex 69.09970092773438 -30.7074031829834 5
vertex 69.10066223144531 -26.91697120666504 5
vertex 62.95668029785156 -37.39765548706055 5
endloop
endfacet
facet normal 0.9999999988332031 -0.000048307282568411415 0
outer loop
vertex 70.39600372314453 -26.91729736328125 4.5
vertex 70.39600372314453 -26.91729736328125 5
vertex 70.39582061767578 -30.70772933959961 5
endloop
endfacet
facet normal 0 0 1
outer loop
vertex 69.09970092773438 -30.7074031829834 5
vertex 70.39582061767578 -30.70772933959961 5
vertex 69.10066223144531 -26.91697120666504 5
endloop
endfacet
facet normal 0 0 1
outer loop
vertex 70.39582061767578 -30.70772933959961 5
vertex 70.39600372314453 -26.91729736328125 5
vertex 69.10066223144531 -26.91697120666504 5
endloop
endfacet
facet normal 0 0 -1
outer loop
vertex -9.577320098876953 -42.96544647216797 0
vertex -9.674867630004883 -42.8194580078125 0
vertex -9.674867630004883 -42.18585205078125 0
endloop
endfacet
facet normal 0 0 -1
outer loop
vertex -9.820858001708984 -42.72190856933594 0
vertex -9.820858001708984 -42.28340148925781 0
vertex -9.674867630004883 -42.8194580078125 0
endloop
endfacet
facet normal 0 0 -1
outer loop
vertex -9.99306583404541 -42.68765640258789 0
vertex -9.99306583404541 -42.317657470703125 0
vertex -9.820858001708984 -42.72190856933594 0
endloop
endfacet
facet normal 0 0 -1
outer loop
vertex -10.165273666381836 -42.72190856933594 0
vertex -10.165273666381836 -42.28340148925781 0
vertex -9.99306583404541 -42.68765640258789 0
endloop
endfacet
facet normal 0 0 -1
outer loop
vertex -10.311264038085938 -42.8194580078125 0
vertex -10.165273666381836 -42.28340148925781 0
vertex -10.165273666381836 -42.72190856933594 0
endloop
endfacet
facet normal 0 0 -1
outer loop
vertex -9.99306583404541 -43.58765411376953 0
vertex -9.820858001708984 -43.553401947021484 0
vertex -9.820858001708984 -43.99190902709961 0
endloop
endfacet
facet normal 0 0 -1
outer loop
vertex -9.99306583404541 -43.95765686035156 0
vertex -10.165273666381836 -43.553401947021484 0
vertex -9.99306583404541 -43.58765411376953 0
endloop
endfacet
facet normal 0 0 -1
outer loop
vertex -9.99306583404541 -43.95765686035156 0
vertex -9.99306583404541 -43.58765411376953 0
vertex -9.820858001708984 -43.99190902709961 0
endloop
endfacet
facet normal 0 0 -1
outer loop
vertex -10.165273666381836 -43.553401947021484 0
vertex -10.165273666381836 -43.99190902709961 0
vertex -10.311264038085938 -43.45585250854492 0
endloop
endfacet
facet normal 0 0 -1
outer loop
vertex -10.165273666381836 -43.553401947021484 0
vertex -9.99306583404541 -43.95765686035156 0
vertex -10.165273666381836 -43.99190902709961 0
endloop
endfacet
facet normal 0 0 -1
outer loop
vertex -10.311264038085938 -44.08945846557617 0
vertex -10.311264038085938 -43.45585250854492 0
vertex -10.165273666381836 -43.99190902709961 0
endloop
endfacet
facet normal 0 0 -1
outer loop
vertex -10.408811569213867 -40.76986312866211 0
vertex -13.043319702148438 -42.14765548706055 0
vertex -10.443065643310547 -40.59765625 0
endloop
endfacet
facet normal 0 0 -1
outer loop
vertex -10.311264038085938 -40.915855407714844 0
vertex -13.043319702148438 -42.14765548706055 0
vertex -10.408811569213867 -40.76986312866211 0
endloop
endfacet
facet normal 0 0 -1
outer loop
vertex -10.165273666381836 -41.01340103149414 0
vertex -13.043319702148438 -42.14765548706055 0
vertex -10.311264038085938 -40.915855407714844 0
endloop
endfacet
facet normal 0 0 -1
outer loop
vertex -10.311264038085938 -41.54945755004883 0
vertex -13.043319702148438 -42.14765548706055 0
vertex -10.165273666381836 -41.01340103149414 0
endloop
endfacet
facet normal 0 0 -1
outer loop
vertex -10.408811569213867 -41.69544982910156 0
vertex -13.043319702148438 -42.14765548706055 0
vertex -10.311264038085938 -41.54945755004883 0
endloop
endfacet
facet normal 0.999999998952262 -0.00004577636713953836 0
outer loop
vertex 70.39602661132812 -26.41729736328125 0.20000000298023224
vertex 70.39602661132812 -26.41729736328125 4.5
vertex 70.39600372314453 -26.91729736328125 4.5
endloop
endfacet
facet normal -0.0002516941916941632 -0.9999999683250164 0
outer loop
vertex 70.39602661132812 -26.41729736328125 4.5
vertex 71.10078430175781 -26.4174747467041 0.20000000298023224
vertex 71.10078430175781 -26.4174747467041 4.5
endloop
endfacet
facet normal 0.9999999682269346 -0.0002520835614562515 8.848946127832179e-8
outer loop
vertex 71.10385131835938 -14.250808715820312 4.5
vertex 71.10078430175781 -26.4174747467041 4.5
vertex 71.10514068603516 -9.137475967407227 0.20000000298023224
endloop
endfacet
facet normal 0 0 -1
outer loop
vertex -10.443065643310547 -41.86765670776367 0
vertex -13.043319702148438 -42.14765548706055 0
vertex -10.408811569213867 -41.69544982910156 0
endloop
endfacet
facet normal 0 0 -1
outer loop
vertex -10.408811569213867 -42.03986358642578 0
vertex -13.043319702148438 -42.14765548706055 0
vertex -10.443065643310547 -41.86765670776367 0
endloop
endfacet
facet normal 0 0 -1
outer loop
vertex -10.311264038085938 -42.18585205078125 0
vertex -13.043319702148438 -42.14765548706055 0
vertex -10.408811569213867 -42.03986358642578 0
endloop
endfacet
facet normal 0 0 -1
outer loop
vertex -10.165273666381836 -42.28340148925781 0
vertex -13.043319702148438 -42.14765548706055 0
vertex -10.311264038085938 -42.18585205078125 0
endloop
endfacet
facet normal 0 0 -1
outer loop
vertex -10.311264038085938 -42.8194580078125 0
vertex -13.043319702148438 -42.14765548706055 0
vertex -10.165273666381836 -42.28340148925781 0
endloop
endfacet
facet normal 0 0 -1
outer loop
vertex -10.408811569213867 -42.96544647216797 0
vertex -13.043319702148438 -42.14765548706055 0
vertex -10.311264038085938 -42.8194580078125 0
endloop
endfacet
facet normal 0.9999999681410182 -0.00025242397334797285 -3.1631039590129436e-7
outer loop
vertex 71.1053237915039 -8.417475700378418 4.5
vertex 71.10385131835938 -14.250808715820312 4.5
vertex 71.10514068603516 -9.137475967407227 0.20000000298023224
endloop
endfacet
facet normal 0.0002530827553433002 0.999999967974559 0
outer loop
vertex 71.1053237915039 -8.417475700378418 4.5
vertex 70.39689636230469 -8.417296409606934 0.20000000298023224
vertex 70.39689636230469 -8.417296409606934 4.5
endloop
endfacet
facet normal 0.9999999989497717 -0.00004577641079521163 0.000002230942713791578
outer loop
vertex 70.39689636230469 -8.417296409606934 4.5
vertex 70.39712524414062 -3.626864433288574 0.20000000298023224
vertex 70.39691925048828 -7.917296886444092 4.5
endloop
endfacet
facet normal 0.9999999988331602 -0.00004830727649134356 -2.9429178593155433e-7
outer loop
vertex 70.39712524414062 -3.626864433288574 0.20000000298023224
vertex 70.39710235595703 -4.126864433288574 4.5
vertex 70.39691925048828 -7.917296886444092 4.5
endloop
endfacet
facet normal 0.999999998952262 -0.00004577636713953836 0
outer loop
vertex 70.39712524414062 -3.626864433288574 0.20000000298023224
vertex 70.39712524414062 -3.626864433288574 4.5
vertex 70.39710235595703 -4.126864433288574 4.5
endloop
endfacet
facet normal -0.00025239556539274476 -0.9999999681482389 0
outer loop
vertex 70.39712524414062 -3.626864433288574 4.5
vertex 71.10653686523438 -3.6270434856414795 0.20000000298023224
vertex 71.10653686523438 -3.6270434856414795 4.5
endloop
endfacet
facet normal 0 0 -1
outer loop
vertex -10.443065643310547 -43.137657165527344 0
vertex -13.043319702148438 -42.14765548706055 0
vertex -10.408811569213867 -42.96544647216797 0
endloop
endfacet
facet normal 0 0 -1
outer loop
vertex -10.408811569213867 -43.30986404418945 0
vertex -17.593318939208984 -42.84765625 0
vertex -10.443065643310547 -43.137657165527344 0
endloop
endfacet
facet normal 0 0 -1
outer loop
vertex -10.311264038085938 -43.45585250854492 0
vertex -17.593318939208984 -42.84765625 0
vertex -10.408811569213867 -43.30986404418945 0
endloop
endfacet
facet normal 0 0 -1
outer loop
vertex -8.143320083618164 -45.92162322998047 0
vertex -9.543066024780273 -44.407657623291016 0
vertex -8.143320083618164 -44.18242645263672 0
endloop
endfacet
facet normal 0 0 -1
outer loop
vertex -9.543066024780273 -44.407657623291016 0
vertex -9.577320098876953 -44.23544692993164 0
vertex -8.143320083618164 -44.18242645263672 0
endloop
endfacet
facet normal 0 0 1
outer loop
vertex 43.95668029785156 -18.397655487060547 5
vertex 29.856679916381836 -18.397655487060547 5
vertex 43.95668029785156 -23.29765510559082 5
endloop
endfacet
facet normal 0 0 1
outer loop
vertex 43.95668029785156 -23.29765510559082 5
vertex 48.85668182373047 -23.29765510559082 5
vertex 48.85668182373047 -18.397655487060547 5
endloop
endfacet
facet normal 0 0 1
outer loop
vertex 43.95668029785156 -18.397655487060547 5
vertex 43.95668029785156 -23.29765510559082 5
vertex 48.85668182373047 -18.397655487060547 5
endloop
endfacet
facet normal 0 0 1
outer loop
vertex 48.85668182373047 -18.397655487060547 5
vertex 48.85668182373047 -4.2976555824279785 5
vertex 43.95668029785156 -18.397655487060547 5
endloop
endfacet
facet normal 0 0 -1
outer loop
vertex -9.577320098876953 -44.23544692993164 0
vertex -9.674867630004883 -44.08945846557617 0
vertex -8.143320083618164 -44.18242645263672 0
endloop
endfacet
facet normal 0 0 1
outer loop
vertex 29.856679916381836 0.602344274520874 5
vertex 43.95668029785156 -4.2976555824279785 5
vertex 43.95668029785156 0.602344274520874 5
endloop
endfacet
facet normal 0 0 1
outer loop
vertex 43.95668029785156 -4.2976555824279785 5
vertex 43.95668029785156 -18.397655487060547 5
vertex 48.85668182373047 -4.2976555824279785 5
endloop
endfacet
facet normal 0 0 1
outer loop
vertex 43.95668029785156 -4.2976555824279785 5
vertex 48.85668182373047 -4.2976555824279785 5
vertex 48.85668182373047 0.602344274520874 5
endloop
endfacet
facet normal 0 0 -1
outer loop
vertex -8.143320083618164 -45.92162322998047 0
vertex -9.577320098876953 -44.579864501953125 0
vertex -9.543066024780273 -44.407657623291016 0
endloop
endfacet
facet normal 0 0 -1
outer loop
vertex -8.143320083618164 -45.92162322998047 0
vertex -9.674867630004883 -44.725852966308594 0
vertex -9.577320098876953 -44.579864501953125 0
endloop
endfacet
facet normal 0 0 -1
outer loop
vertex -8.143320083618164 -45.92162322998047 0
vertex -9.674867630004883 -45.359458923339844 0
vertex -9.674867630004883 -44.725852966308594 0
endloop
endfacet
facet normal 0 0 1
outer loop
vertex 48.85668182373047 -23.29765510559082 5
vertex 62.95668029785156 -23.29765510559082 5
vertex 62.95668029785156 -18.397655487060547 5
endloop
endfacet
facet normal 0 0 -1
outer loop
vertex -8.143320083618164 -45.92162322998047 0
vertex -9.577320098876953 -45.50544738769531 0
vertex -9.674867630004883 -45.359458923339844 0
endloop
endfacet
facet normal 0 0 1
outer loop
vertex 48.85668182373047 -18.397655487060547 5
vertex 48.85668182373047 -23.29765510559082 5
vertex 62.95668029785156 -18.397655487060547 5
endloop
endfacet
facet normal 0 0 -1
outer loop
vertex 39.406681060791016 33.70234298706055 0
vertex 39.406681060791016 34.40234375 0
vertex 65.69924926757812 42.661556243896484 0
endloop
endfacet
facet normal 0 0 -1
outer loop
vertex 70.27203369140625 38.84751892089844 0
vertex 43.95668029785156 19.602344512939453 0
vertex 43.95668029785156 33.70234298706055 0
endloop
endfacet
facet normal 0 0 -1
outer loop
vertex -36.593318939208984 -19.09765625 0
vertex -46.14331817626953 -23.29765510559082 0
vertex -41.593318939208984 -19.09765625 0
endloop
endfacet
facet normal 0 0 -1
outer loop
vertex -41.593318939208984 -22.59765625 0
vertex -36.593318939208984 -19.09765625 0
vertex -36.593318939208984 -22.59765625 0
endloop
endfacet
facet normal 0.9999999681099813 -0.00025254709727960374 0
outer loop
vertex 71.1122817993164 19.163387298583984 4.5
vertex 71.1122817993164 19.163387298583984 0.20000000298023224
vertex 71.11664581298828 36.44338607788086 0.20000000298023224
endloop
endfacet
facet normal -0.0002537582857193373 -0.9999999678033655 0
outer loop
vertex 71.1122817993164 19.163387298583984 0.20000000298023224
vertex 70.39822387695312 19.1635684967041 4.5
vertex 70.39822387695312 19.1635684967041 0.20000000298023224
endloop
endfacet
facet normal 0.9999999989497734 -0.00004577636713942444 0.000002230981196194786
outer loop
vertex 70.39822387695312 19.1635684967041 0.20000000298023224
vertex 70.39799499511719 14.373135566711426 4.5
vertex 70.39820098876953 18.6635684967041 0.20000000298023224
endloop
endfacet
facet normal 0.9999999988331605 -0.00004830727041427933 -2.942910792961763e-7
outer loop
vertex 70.39799499511719 14.373135566711426 4.5
vertex 70.39801788330078 14.873135566711426 0.20000000298023224
vertex 70.39820098876953 18.6635684967041 0.20000000298023224
endloop
endfacet
facet normal 0 0 1
outer loop
vertex 69.10545349121094 -7.916970729827881 5
vertex 62.95668029785156 -18.397655487060547 5
vertex 62.95668029785156 -23.29765510559082 5
endloop
endfacet
facet normal 0 0 1
outer loop
vertex 69.10545349121094 -7.916970729827881 5
vertex 62.95668029785156 -23.29765510559082 5
vertex 69.10066223144531 -26.91697120666504 5
endloop
endfacet
facet normal 0 0 -1
outer loop
vertex -8.143320083618164 -45.92162322998047 0
vertex -9.543066024780273 -45.67765426635742 0
vertex -9.577320098876953 -45.50544738769531 0
endloop
endfacet
facet normal 0 0 -1
outer loop
vertex -8.143320083618164 -45.92162322998047 0
vertex -9.577320098876953 -45.8498649597168 0
vertex -9.543066024780273 -45.67765426635742 0
endloop
endfacet
facet normal 0 0 1
outer loop
vertex 48.85668182373047 0.602344274520874 5
vertex 48.85668182373047 -4.2976555824279785 5
vertex 62.95668029785156 0.602344274520874 5
endloop
endfacet
facet normal 0 0 1
outer loop
vertex 62.95668029785156 0.602344274520874 5
vertex 48.85668182373047 -4.2976555824279785 5
vertex 62.95668029785156 -4.2976555824279785 5
endloop
endfacet
facet normal 0.0002514310090107928 0.9999999683912234 0
outer loop
vertex 70.39799499511719 14.373135566711426 0.20000000298023224
vertex 71.11107635498047 14.372956275939941 4.5
vertex 71.11107635498047 14.372956275939941 0.20000000298023224
endloop
endfacet
facet normal 0.999999998952262 -0.00004577636713953836 0
outer loop
vertex 70.39799499511719 14.373135566711426 4.5
vertex 70.39799499511719 14.373135566711426 0.20000000298023224
vertex 70.39801788330078 14.873135566711426 0.20000000298023224
endloop
endfacet
facet normal 0.9999999676624362 -0.00025431304849986785 0
outer loop
vertex 71.11107635498047 14.372956275939941 0.20000000298023224
vertex 71.11107635498047 14.372956275939941 4.5
vertex 71.11089324951172 13.652956008911133 0.20000000298023224
endloop
endfacet
facet normal 0 0 -1
outer loop
vertex -36.593318939208984 -23.29765510559082 0
vertex -36.593318939208984 -22.59765625 0
vertex -32.04331970214844 -23.29765510559082 0
endloop
endfacet
facet normal 0 0 1
outer loop
vertex 69.10640716552734 -4.1265387535095215 5
vertex 62.95668029785156 -4.2976555824279785 5
vertex 62.95668029785156 -18.397655487060547 5
endloop
endfacet
facet normal 0 0 -1
outer loop
vertex -32.04331970214844 -23.29765510559082 0
vertex -36.593318939208984 -22.59765625 0
vertex -36.593318939208984 -19.09765625 0
endloop
endfacet
facet normal 0 0 1
outer loop
vertex 69.10545349121094 -7.916970729827881 5
vertex 69.10640716552734 -4.1265387535095215 5
vertex 62.95668029785156 -18.397655487060547 5
endloop
endfacet
facet normal 0.99999996822139 -0.00025210557096817224 0
outer loop
vertex 71.10653686523438 -3.6270434856414795 4.5
vertex 71.10653686523438 -3.6270434856414795 0.20000000298023224
vertex 71.11089324951172 13.652956008911133 0.20000000298023224
endloop
endfacet
facet normal 0.9999999988332036 -0.00004830727649134566 0
outer loop
vertex 70.39710235595703 -4.126864433288574 4.5
vertex 70.39691925048828 -7.917296886444092 5
vertex 70.39691925048828 -7.917296886444092 4.5
endloop
endfacet
facet normal 0 0 -1
outer loop
vertex -41.593318939208984 -19.09765625 0
vertex -46.14331817626953 -18.397655487060547 0
vertex -41.593318939208984 -18.397655487060547 0
endloop
endfacet
facet normal 0.9999999988332036 -0.00004830727649134566 0
outer loop
vertex 70.39710235595703 -4.126864433288574 4.5
vertex 70.39710235595703 -4.126864433288574 5
vertex 70.39691925048828 -7.917296886444092 5
endloop
endfacet
facet normal 0 0 -1
outer loop
vertex -36.593318939208984 -19.09765625 0
vertex -36.593318939208984 -18.397655487060547 0
vertex -32.04331970214844 -18.397655487060547 0
endloop
endfacet
facet normal 0 0 1
outer loop
vertex 69.10545349121094 -7.916970729827881 5
vertex 70.39691925048828 -7.917296886444092 5
vertex 69.10640716552734 -4.1265387535095215 5
endloop
endfacet
facet normal 0 0 1
outer loop
vertex 70.39691925048828 -7.917296886444092 5
vertex 70.39710235595703 -4.126864433288574 5
vertex 69.10640716552734 -4.1265387535095215 5
endloop
endfacet
facet normal 0 0 -1
outer loop
vertex 10.856679916381836 -4.147655963897705 0
vertex 5.9566802978515625 5.2023444175720215 0
vertex 10.856679916381836 9.952343940734863 0
endloop
endfacet
facet normal 0 0 -1
outer loop
vertex 1.4066802263259888 5.902344226837158 0
vertex -3.593319892883301 5.902344226837158 0
vertex 15.4066801071167 14.852344512939453 0
endloop
endfacet
facet normal 0 0 -1
outer loop
vertex 10.856679916381836 9.952343940734863 0
vertex 5.9566802978515625 5.2023444175720215 0
vertex 1.4066802263259888 5.2023444175720215 0
endloop
endfacet
facet normal 0 0 -1
outer loop
vertex 1.4066802263259888 5.2023444175720215 0
vertex 1.4066802263259888 5.902344226837158 0
vertex 15.4066801071167 14.852344512939453 0
endloop
endfacet
facet normal 0 0 -1
outer loop
vertex 10.856679916381836 9.952343940734863 0
vertex 1.4066802263259888 5.2023444175720215 0
vertex 15.4066801071167 14.152344703674316 0
endloop
endfacet
facet normal 0 0 -1
outer loop
vertex 15.4066801071167 14.852344512939453 0
vertex -3.593319892883301 5.902344226837158 0
vertex 10.856679916381836 14.852344512939453 0
endloop
endfacet
facet normal 0 0 -1
outer loop
vertex 15.4066801071167 14.152344703674316 0
vertex 1.4066802263259888 5.2023444175720215 0
vertex 15.4066801071167 14.852344512939453 0
endloop
endfacet
facet normal 0 0 -1
outer loop
vertex 10.856679916381836 9.952343940734863 0
vertex 15.4066801071167 10.652344703674316 0
vertex 15.4066801071167 9.952343940734863 0
endloop
endfacet
facet normal 0 0 -1
outer loop
vertex 15.4066801071167 10.652344703674316 0
vertex 10.856679916381836 9.952343940734863 0
vertex 15.4066801071167 14.152344703674316 0
endloop
endfacet
facet normal 0 0 -1
outer loop
vertex 15.4066801071167 14.152344703674316 0
vertex 20.406681060791016 10.652344703674316 0
vertex 15.4066801071167 10.652344703674316 0
endloop
endfacet
facet normal 0 0 -1
outer loop
vertex -9.674867630004883 -45.359458923339844 0
vertex -9.820858001708984 -44.823402404785156 0
vertex -9.674867630004883 -44.725852966308594 0
endloop
endfacet
facet normal 0 0 -1
outer loop
vertex -9.820858001708984 -44.823402404785156 0
vertex -9.820858001708984 -45.26190948486328 0
vertex -9.99306583404541 -44.8576545715332 0
endloop
endfacet
facet normal 0 0 -1
outer loop
vertex -9.99306583404541 -44.8576545715332 0
vertex -10.165273666381836 -45.26190948486328 0
vertex -10.165273666381836 -44.823402404785156 0
endloop
endfacet
facet normal 0 0 -1
outer loop
vertex -10.165273666381836 -45.26190948486328 0
vertex -10.311264038085938 -44.725852966308594 0
vertex -10.165273666381836 -44.823402404785156 0
endloop
endfacet
facet normal 0 0 -1
outer loop
vertex 10.856679916381836 14.852344512939453 0
vertex -17.593318939208984 10.652344703674316 0
vertex 10.856679916381836 24.75850486755371 0
endloop
endfacet
facet normal 0 0 -1
outer loop
vertex 10.856679916381836 24.75850486755371 0
vertex -4.683320045471191 21.122344970703125 0
vertex 10.856679916381836 28.95234489440918 0
endloop
endfacet
facet normal 0 0 -1
outer loop
vertex -9.820858001708984 -45.26190948486328 0
vertex -9.820858001708984 -44.823402404785156 0
vertex -9.674867630004883 -45.359458923339844 0
endloop
endfacet
facet normal 0 0 -1
outer loop
vertex -9.99306583404541 -45.227657318115234 0
vertex -9.99306583404541 -44.8576545715332 0
vertex -9.820858001708984 -45.26190948486328 0
endloop
endfacet
facet normal 0 0 -1
outer loop
vertex -10.165273666381836 -45.26190948486328 0
vertex -9.99306583404541 -44.8576545715332 0
vertex -9.99306583404541 -45.227657318115234 0
endloop
endfacet
facet normal 0 0 -1
outer loop
vertex 29.856679916381836 0.602344274520874 0
vertex 24.956680297851562 -4.147655963897705 0
vertex 24.956680297851562 9.952343940734863 0
endloop
endfacet
facet normal 0 0 -1
outer loop
vertex 20.406681060791016 10.652344703674316 0
vertex 15.4066801071167 14.152344703674316 0
vertex 20.406681060791016 14.152344703674316 0
endloop
endfacet
facet normal 0 0 -1
outer loop
vertex 20.406681060791016 9.952343940734863 0
vertex 20.406681060791016 10.652344703674316 0
vertex 24.956680297851562 14.852344512939453 0
endloop
endfacet
facet normal 0 0 -1
outer loop
vertex 24.956680297851562 14.852344512939453 0
vertex 20.406681060791016 10.652344703674316 0
vertex 20.406681060791016 14.152344703674316 0
endloop
endfacet
facet normal 0 0 -1
outer loop
vertex 20.406681060791016 9.952343940734863 0
vertex 29.856679916381836 14.702343940734863 0
vertex 24.956680297851562 9.952343940734863 0
endloop
endfacet
facet normal 0 0 -1
outer loop
vertex 29.856679916381836 0.602344274520874 0
vertex 34.406681060791016 0.602344274520874 0
vertex 34.406681060791016 -0.09765574336051941 0
endloop
endfacet
facet normal 0 0 -1
outer loop
vertex 29.856679916381836 0.602344274520874 0
vertex 24.956680297851562 9.952343940734863 0
vertex 29.856679916381836 14.702343940734863 0
endloop
endfacet
facet normal 0 0 -1
outer loop
vertex -10.311264038085938 -45.359458923339844 0
vertex -10.311264038085938 -44.725852966308594 0
vertex -10.165273666381836 -45.26190948486328 0
endloop
endfacet
facet normal 0 0 -1
outer loop
vertex -10.408811569213867 -45.50544738769531 0
vertex -10.311264038085938 -44.725852966308594 0
vertex -10.311264038085938 -45.359458923339844 0
endloop
endfacet
facet normal 0 0 -1
outer loop
vertex -8.143320083618164 -46.89765548706055 0
vertex -9.577573776245117 -46.775447845458984 0
vertex -8.143320083618164 -45.92162322998047 0
endloop
endfacet
facet normal 0 0 -1
outer loop
vertex -8.143320083618164 -45.92162322998047 0
vertex -9.674867630004883 -45.995853424072266 0
vertex -9.577320098876953 -45.8498649597168 0
endloop
endfacet
facet normal 0 0 -1
outer loop
vertex -8.143320083618164 -45.92162322998047 0
vertex -9.820858001708984 -46.09340286254883 0
vertex -9.674867630004883 -45.995853424072266 0
endloop
endfacet
facet normal 0 0 -1
outer loop
vertex 24.956680297851562 14.852344512939453 0
vertex 20.406681060791016 14.152344703674316 0
vertex 20.406681060791016 14.852344512939453 0
endloop
endfacet
facet normal 0 0 -1
outer loop
vertex 24.956680297851562 14.852344512939453 0
vertex 34.406681060791016 18.90234375 0
vertex 20.406681060791016 9.952343940734863 0
endloop
endfacet
facet normal 0 0 -1
outer loop
vertex 24.956680297851562 14.852344512939453 0
vertex 24.956680297851562 28.95234489440918 0
vertex 29.856679916381836 19.602344512939453 0
endloop
endfacet
facet normal 0 0 -1
outer loop
vertex 29.856679916381836 14.702343940734863 0
vertex 20.406681060791016 9.952343940734863 0
vertex 34.406681060791016 18.90234375 0
endloop
endfacet
facet normal 0 0 -1
outer loop
vertex 34.406681060791016 18.90234375 0
vertex 24.956680297851562 14.852344512939453 0
vertex 29.856679916381836 19.602344512939453 0
endloop
endfacet
facet normal 0 0 -1
outer loop
vertex 29.856679916381836 14.702343940734863 0
vertex 34.406681060791016 15.402344703674316 0
vertex 34.406681060791016 14.702343940734863 0
endloop
endfacet
facet normal 0 0 -1
outer loop
vertex 34.406681060791016 15.402344703674316 0
vertex 29.856679916381836 14.702343940734863 0
vertex 39.406681060791016 18.90234375 0
endloop
endfacet
facet normal 0 0 -1
outer loop
vertex 34.406681060791016 18.90234375 0
vertex 29.856679916381836 19.602344512939453 0
vertex 34.406681060791016 19.602344512939453 0
endloop
endfacet
facet normal 0 0 -1
outer loop
vertex 39.406681060791016 18.90234375 0
vertex 29.856679916381836 14.702343940734863 0
vertex 34.406681060791016 18.90234375 0
endloop
endfacet
facet normal 0 0 -1
outer loop
vertex -8.143320083618164 -45.92162322998047 0
vertex -9.99306583404541 -46.127655029296875 0
vertex -9.820858001708984 -46.09340286254883 0
endloop
endfacet
facet normal 0 0 -1
outer loop
vertex -8.143320083618164 -45.92162322998047 0
vertex -9.675121307373047 -46.629459381103516 0
vertex -9.821112632751465 -46.53190994262695 0
endloop
endfacet
facet normal 0 0 -1
outer loop
vertex -9.577573776245117 -46.775447845458984 0
vertex -9.675121307373047 -46.629459381103516 0
vertex -8.143320083618164 -45.92162322998047 0
endloop
endfacet
facet normal 0 0 -1
outer loop
vertex -9.993319511413574 -46.49765396118164 0
vertex -8.143320083618164 -45.92162322998047 0
vertex -9.821112632751465 -46.53190994262695 0
endloop
endfacet
facet normal 0 0 -1
outer loop
vertex -10.16552734375 -46.53190994262695 0
vertex -8.143320083618164 -45.92162322998047 0
vertex -9.993319511413574 -46.49765396118164 0
endloop
endfacet
facet normal 0 0 -1
outer loop
vertex -8.143320083618164 -46.89765548706055 0
vertex -9.543319702148438 -46.947654724121094 0
vertex -9.577573776245117 -46.775447845458984 0
endloop
endfacet
facet normal 0 0 -1
outer loop
vertex -8.143320083618164 -46.89765548706055 0
vertex -9.577573776245117 -47.1198616027832 0
vertex -9.543319702148438 -46.947654724121094 0
endloop
endfacet
facet normal 0 0 -1
outer loop
vertex -9.675121307373047 -47.26585388183594 0
vertex -9.577573776245117 -47.1198616027832 0
vertex -8.143320083618164 -46.89765548706055 0
endloop
endfacet
facet normal 0 0 -1
outer loop
vertex -17.593318939208984 -42.84765625 0
vertex -13.043319702148438 -42.14765548706055 0
vertex -10.443065643310547 -43.137657165527344 0
endloop
endfacet
facet normal 0 0 -1
outer loop
vertex -17.593318939208984 -42.84765625 0
vertex -17.593318939208984 -42.14765548706055 0
vertex -13.043319702148438 -42.14765548706055 0
endloop
endfacet
facet normal 0 0 -1
outer loop
vertex 1.4066802263259888 -47.59765625 0
vertex 9.00664234161377 -47.39765548706055 0
vertex -52.91127014160156 -54.30866622924805 0
endloop
endfacet
facet normal 0 0 -1
outer loop
vertex -27.143320083618164 -28.04765510559082 0
vertex -22.593318939208984 -27.34765625 0
vertex -22.593318939208984 -28.04765510559082 0
endloop
endfacet
facet normal 0 0 -1
outer loop
vertex -27.143320083618164 -28.04765510559082 0
vertex -32.04331970214844 -29.736539840698242 0
vertex -17.593318939208984 -23.84765625 0
endloop
endfacet
facet normal 0 0 -1
outer loop
vertex -27.143320083618164 -42.14765548706055 0
vertex -32.04331970214844 -29.736539840698242 0
vertex -27.143320083618164 -28.04765510559082 0
endloop
endfacet
facet normal 0 0 -1
outer loop
vertex -32.04331970214844 -37.39765548706055 0
vertex -32.04331970214844 -29.736539840698242 0
vertex -27.143320083618164 -42.14765548706055 0
endloop
endfacet
facet normal 0 0 -1
outer loop
vertex -10.311264038085938 -44.08945846557617 0
vertex -52.91127014160156 -54.30866622924805 0
vertex -10.311264038085938 -43.45585250854492 0
endloop
endfacet
facet normal 0 0 -1
outer loop
vertex -10.408811569213867 -44.23544692993164 0
vertex -52.91127014160156 -54.30866622924805 0
vertex -10.311264038085938 -44.08945846557617 0
endloop
endfacet
facet normal 0 0 -1
outer loop
vertex -3.593319892883301 -47.59765625 0
vertex 1.4066802263259888 -47.59765625 0
vertex -52.91127014160156 -54.30866622924805 0
endloop
endfacet
facet normal 0 0 -1
outer loop
vertex -8.143320083618164 -45.92162322998047 0
vertex -52.91127014160156 -54.30866622924805 0
vertex -9.99306583404541 -46.127655029296875 0
endloop
endfacet
facet normal 0 0 -1
outer loop
vertex -10.16552734375 -46.53190994262695 0
vertex -52.91127014160156 -54.30866622924805 0
vertex -8.143320083618164 -45.92162322998047 0
endloop
endfacet
facet normal 0 0 -1
outer loop
vertex -52.91127014160156 -54.30866622924805 0
vertex -9.993319511413574 -47.39765548706055 0
vertex -3.593319892883301 -47.59765625 0
endloop
endfacet
facet normal 0 0 -1
outer loop
vertex -10.443065643310547 -44.407657623291016 0
vertex -52.91127014160156 -54.30866622924805 0
vertex -10.408811569213867 -44.23544692993164 0
endloop
endfacet
facet normal 0 0 -1
outer loop
vertex -10.311264038085938 -44.725852966308594 0
vertex -52.91127014160156 -54.30866622924805 0
vertex -10.408811569213867 -44.579864501953125 0
endloop
endfacet
facet normal 0 0 -1
outer loop
vertex -52.91127014160156 -54.30866622924805 0
vertex -10.443065643310547 -44.407657623291016 0
vertex -10.408811569213867 -44.579864501953125 0
endloop
endfacet
facet normal 0 0 -1
outer loop
vertex 10.856679916381836 28.95234489440918 0
vertex -4.683320045471191 21.122344970703125 0
vertex -4.683320045471191 35.22234344482422 0
endloop
endfacet
facet normal 0 0 -1
outer loop
vertex 10.856679916381836 28.95234489440918 0
vertex -4.683320045471191 35.22234344482422 0
vertex 15.4066801071167 29.65234375 0
endloop
endfacet
facet normal 0 0 -1
outer loop
vertex -4.683320045471191 35.22234344482422 0
vertex -9.233320236206055 35.92234420776367 0
vertex 29.856679916381836 33.70234298706055 0
endloop
endfacet
facet normal 0 0 -1
outer loop
vertex 15.4066801071167 29.65234375 0
vertex -4.683320045471191 35.22234344482422 0
vertex 20.406681060791016 29.65234375 0
endloop
endfacet
facet normal 0 0 -1
outer loop
vertex 10.856679916381836 28.95234489440918 0
vertex 15.4066801071167 29.65234375 0
vertex 15.4066801071167 28.95234489440918 0
endloop
endfacet
facet normal 0 0 -1
outer loop
vertex 20.406681060791016 29.65234375 0
vertex -4.683320045471191 35.22234344482422 0
vertex 29.856679916381836 33.70234298706055 0
endloop
endfacet
facet normal 0 0 -1
outer loop
vertex 29.856679916381836 33.70234298706055 0
vertex -20.490888595581055 42.69979476928711 0
vertex 34.406681060791016 34.40234375 0
endloop
endfacet
facet normal 0 0 -1
outer loop
vertex 34.406681060791016 34.40234375 0
vertex -20.490888595581055 42.69979476928711 0
vertex 39.406681060791016 34.40234375 0
endloop
endfacet
facet normal 0 0 -1
outer loop
vertex -10.408811569213867 -45.50544738769531 0
vertex -52.91127014160156 -54.30866622924805 0
vertex -10.311264038085938 -44.725852966308594 0
endloop
endfacet
facet normal 0 0 -1
outer loop
vertex -52.91127014160156 -54.30866622924805 0
vertex -10.165273666381836 -46.09340286254883 0
vertex -9.99306583404541 -46.127655029296875 0
endloop
endfacet
facet normal 0 0 -1
outer loop
vertex 20.406681060791016 28.95234489440918 0
vertex 20.406681060791016 29.65234375 0
vertex 29.856679916381836 33.70234298706055 0
endloop
endfacet
facet normal 0 0 -1
outer loop
vertex 20.406681060791016 28.95234489440918 0
vertex 29.856679916381836 33.70234298706055 0
vertex 24.956680297851562 28.95234489440918 0
endloop
endfacet
facet normal 0 0 -1
outer loop
vertex 29.856679916381836 33.70234298706055 0
vertex 29.856679916381836 19.602344512939453 0
vertex 24.956680297851562 28.95234489440918 0
endloop
endfacet
facet normal 0 0 -1
outer loop
vertex 39.406681060791016 34.40234375 0
vertex -20.490888595581055 42.69979476928711 0
vertex 65.69924926757812 42.661556243896484 0
endloop
endfacet
facet normal 0 0 -1
outer loop
vertex 29.856679916381836 33.70234298706055 0
vertex 34.406681060791016 34.40234375 0
vertex 34.406681060791016 33.70234298706055 0
endloop
endfacet
facet normal 0 0 -1
outer loop
vertex -10.443065643310547 -45.67765426635742 0
vertex -52.91127014160156 -54.30866622924805 0
vertex -10.408811569213867 -45.50544738769531 0
endloop
endfacet
facet normal 0 0 -1
outer loop
vertex -52.91127014160156 -54.30866622924805 0
vertex -10.311264038085938 -45.995853424072266 0
vertex -10.165273666381836 -46.09340286254883 0
endloop
endfacet
facet normal 0 0 -1
outer loop
vertex -52.91127014160156 -54.30866622924805 0
vertex -10.408811569213867 -45.8498649597168 0
vertex -10.311264038085938 -45.995853424072266 0
endloop
endfacet
facet normal 0 0 -1
outer loop
vertex -52.91127014160156 -54.30866622924805 0
vertex -10.443065643310547 -45.67765426635742 0
vertex -10.408811569213867 -45.8498649597168 0
endloop
endfacet
facet normal 0 0 -1
outer loop
vertex -10.311517715454102 -46.629459381103516 0
vertex -52.91127014160156 -54.30866622924805 0
vertex -10.16552734375 -46.53190994262695 0
endloop
endfacet
facet normal 0 0 -1
outer loop
vertex -10.409065246582031 -46.775447845458984 0
vertex -52.91127014160156 -54.30866622924805 0
vertex -10.311517715454102 -46.629459381103516 0
endloop
endfacet
facet normal 0 0 -1
outer loop
vertex -52.91127014160156 -54.30866622924805 0
vertex -10.16552734375 -47.3634033203125 0
vertex -9.993319511413574 -47.39765548706055 0
endloop
endfacet
facet normal 0 0 -1
outer loop
vertex -10.443320274353027 -46.947654724121094 0
vertex -52.91127014160156 -54.30866622924805 0
vertex -10.409065246582031 -46.775447845458984 0
endloop
endfacet
facet normal 0 0 -1
outer loop
vertex -52.91127014160156 -54.30866622924805 0
vertex -10.311517715454102 -47.26585388183594 0
vertex -10.16552734375 -47.3634033203125 0
endloop
endfacet
facet normal 0 0 -1
outer loop
vertex 43.95668029785156 0.602344274520874 0
vertex 39.406681060791016 -0.09765574336051941 0
vertex 39.406681060791016 0.602344274520874 0
endloop
endfacet
facet normal 0 0 -1
outer loop
vertex 48.85668182373047 0.602344274520874 0
vertex 43.95668029785156 0.602344274520874 0
vertex 43.95668029785156 14.702343940734863 0
endloop
endfacet
facet normal 0 0 -1
outer loop
vertex 48.85668182373047 0.602344274520874 0
vertex 53.406681060791016 0.602344274520874 0
vertex 53.406681060791016 -0.09765574336051941 0
endloop
endfacet
facet normal 0 0 -1
outer loop
vertex 48.85668182373047 0.602344274520874 0
vertex 43.95668029785156 14.702343940734863 0
vertex 48.85668182373047 14.702343940734863 0
endloop
endfacet
facet normal 0 0 -1
outer loop
vertex -52.91127014160156 -54.30866622924805 0
vertex -10.409065246582031 -47.1198616027832 0
vertex -10.311517715454102 -47.26585388183594 0
endloop
endfacet
facet normal 0 0 -1
outer loop
vertex -52.91127014160156 -54.30866622924805 0
vertex -10.443320274353027 -46.947654724121094 0
vertex -10.409065246582031 -47.1198616027832 0
endloop
endfacet
facet normal 0 0 -1
outer loop
vertex -52.91127014160156 -54.30866622924805 0
vertex -17.593318939208984 -42.84765625 0
vertex -10.311264038085938 -43.45585250854492 0
endloop
endfacet
facet normal 0 0 -1
outer loop
vertex -22.593318939208984 -42.84765625 0
vertex -17.593318939208984 -42.84765625 0
vertex -52.91127014160156 -54.30866622924805 0
endloop
endfacet
facet normal 0 0 -1
outer loop
vertex 34.406681060791016 15.402344703674316 0
vertex 43.95668029785156 19.602344512939453 0
vertex 39.406681060791016 15.402344703674316 0
endloop
endfacet
facet normal 0 0 -1
outer loop
vertex 43.95668029785156 19.602344512939453 0
vertex 34.406681060791016 15.402344703674316 0
vertex 39.406681060791016 18.90234375 0
endloop
endfacet
facet normal 0 0 -1
outer loop
vertex 43.95668029785156 19.602344512939453 0
vertex 39.406681060791016 18.90234375 0
vertex 39.406681060791016 19.602344512939453 0
endloop
endfacet
facet normal 0 0 -1
outer loop
vertex 48.85668182373047 14.702343940734863 0
vertex 53.406681060791016 15.402344703674316 0
vertex 53.406681060791016 14.702343940734863 0
endloop
endfacet
facet normal 0 0 -1
outer loop
vertex 69.11695098876953 37.66389083862305 0
vertex 39.406681060791016 14.702343940734863 0
vertex 39.406681060791016 15.402344703674316 0
endloop
endfacet
facet normal 0 0 -1
outer loop
vertex 39.406681060791016 14.702343940734863 0
vertex 69.11695098876953 37.66389083862305 0
vertex 43.95668029785156 14.702343940734863 0
endloop
endfacet
facet normal 0 0 -1
outer loop
vertex 43.95668029785156 19.602344512939453 0
vertex 70.27203369140625 38.84751892089844 0
vertex 39.406681060791016 15.402344703674316 0
endloop
endfacet
facet normal 0 0 -1
outer loop
vertex -52.91127014160156 -54.30866622924805 0
vertex -22.593318939208984 -42.14765548706055 0
vertex -22.593318939208984 -42.84765625 0
endloop
endfacet
facet normal 0 0 -1
outer loop
vertex -52.91127014160156 -54.30866622924805 0
vertex -27.143320083618164 -42.14765548706055 0
vertex -22.593318939208984 -42.14765548706055 0
endloop
endfacet
facet normal -0.9999995920738639 -0.0009032453185806254 0
outer loop
vertex -57.819515228271484 1.8393969535827637 4.5
vertex -57.819515228271484 1.8393969535827637 0.20000000298023224
vertex -57.81358337402344 -4.727868556976318 0.20000000298023224
endloop
endfacet
facet normal -0.9999995878356692 -0.0009078975750155993 0.000007105262417025411
outer loop
vertex -57.81358337402344 -4.727868556976318 0.20000000298023224
vertex -57.81312942504883 -5.227868556976318 0.20000000298023224
vertex -57.819515228271484 1.8393969535827637 4.5
endloop
endfacet
facet normal -0.000056843038290888375 0.9999999983844347 0
outer loop
vertex -58.475833892822266 -5.227906227111816 0.20000000298023224
vertex -57.81312942504883 -5.227868556976318 4.5
vertex -57.81312942504883 -5.227868556976318 0.20000000298023224
endloop
endfacet
facet normal -0.999999998365435 -0.00005717630818574279 0
outer loop
vertex -58.475833892822266 -5.227906227111816 4.5
vertex -58.475833892822266 -5.227906227111816 0.20000000298023224
vertex -58.47484588623047 -22.507905960083008 0.20000000298023224
endloop
endfacet
facet normal -0.999999594758511 -0.0009002681898613304 0
outer loop
vertex -57.796417236328125 -23.727867126464844 4.5
vertex -57.79686737060547 -23.227867126464844 0.20000000298023224
vertex -57.796417236328125 -23.727867126464844 0.20000000298023224
endloop
endfacet
facet normal 0.000059082366342597196 -0.999999998254637 0
outer loop
vertex -57.79686737060547 -23.227867126464844 0.20000000298023224
vertex -58.47480773925781 -23.227907180786133 4.5
vertex -58.47480773925781 -23.227907180786133 0.20000000298023224
endloop
endfacet
facet normal 0 0 -1
outer loop
vertex 62.95668029785156 0.602344274520874 0
vertex 58.406681060791016 -0.09765574336051941 0
vertex 58.406681060791016 0.602344274520874 0
endloop
endfacet
facet normal 0 0 -1
outer loop
vertex 62.95668029785156 0.602344274520874 0
vertex 62.95668029785156 14.702343940734863 0
vertex 69.10640716552734 -4.1265387535095215 0
endloop
endfacet
facet normal 0 0 -1
outer loop
vertex -46.14331817626953 -18.397655487060547 0
vertex -56.475860595703125 -4.727792263031006 0
vertex -46.14331817626953 -4.2976555824279785 0
endloop
endfacet
facet normal 0 0 -1
outer loop
vertex -56.475860595703125 -4.727792263031006 0
vertex -41.593318939208984 0.602344274520874 0
vertex -46.14331817626953 -4.2976555824279785 0
endloop
endfacet
facet normal 0 0 -1
outer loop
vertex -46.14331817626953 0.602344274520874 0
vertex -41.593318939208984 0.602344274520874 0
vertex -56.475860595703125 -4.727792263031006 0
endloop
endfacet
facet normal 0 0 -1
outer loop
vertex 69.11119842529297 14.87346076965332 0
vertex 69.10640716552734 -4.1265387535095215 0
vertex 62.95668029785156 14.702343940734863 0
endloop
endfacet
facet normal 0 0 -1
outer loop
vertex -46.14331817626953 -4.2976555824279785 0
vertex -41.593318939208984 -3.597655773162842 0
vertex -41.593318939208984 -4.2976555824279785 0
endloop
endfacet
facet normal 0 0 -1
outer loop
vertex -41.593318939208984 -3.597655773162842 0
vertex -46.14331817626953 -4.2976555824279785 0
vertex -41.593318939208984 -0.09765574336051941 0
endloop
endfacet
facet normal -0.9999999985964636 -0.00005298181656616706 0
outer loop
vertex -58.47480773925781 -23.227907180786133 0.20000000298023224
vertex -58.47480773925781 -23.227907180786133 4.5
vertex -58.47484588623047 -22.507905960083008 0.20000000298023224
endloop
endfacet
facet normal -0.9999995920739826 -0.0009032451874147648 0
outer loop
vertex -57.796417236328125 -23.727867126464844 4.5
vertex -57.796417236328125 -23.727867126464844 0.20000000298023224
vertex -57.79048538208008 -30.295133590698242 0.20000000298023224
endloop
endfacet
facet normal 0 0 -1
outer loop
vertex 53.406681060791016 15.402344703674316 0
vertex 69.1121597290039 18.66389274597168 0
vertex 58.406681060791016 15.402344703674316 0
endloop
endfacet
facet normal 0 0 -1
outer loop
vertex 69.1121597290039 18.66389274597168 0
vertex 58.406681060791016 14.702343940734863 0
vertex 58.406681060791016 15.402344703674316 0
endloop
endfacet
facet normal 0 0 -1
outer loop
vertex 43.95668029785156 14.702343940734863 0
vertex 69.11695098876953 37.66389083862305 0
vertex 48.85668182373047 14.702343940734863 0
endloop
endfacet
facet normal 0 0 -1
outer loop
vertex 48.85668182373047 14.702343940734863 0
vertex 69.11695098876953 37.66389083862305 0
vertex 53.406681060791016 15.402344703674316 0
endloop
endfacet
facet normal 0 0 -1
outer loop
vertex 62.95668029785156 14.702343940734863 0
vertex 58.406681060791016 14.702343940734863 0
vertex 69.1121597290039 18.66389274597168 0
endloop
endfacet
facet normal 0 0 -1
outer loop
vertex 69.11119842529297 14.87346076965332 0
vertex 62.95668029785156 14.702343940734863 0
vertex 70.39820098876953 18.6635684967041 0
endloop
endfacet
facet normal 0 0 -1
outer loop
vertex -41.593318939208984 -0.09765574336051941 0
vertex -46.14331817626953 -4.2976555824279785 0
vertex -41.593318939208984 0.602344274520874 0
endloop
endfacet
facet normal 0 0 -1
outer loop
vertex -41.593318939208984 -3.597655773162842 0
vertex -41.593318939208984 -0.09765574336051941 0
vertex -36.593318939208984 -3.597655773162842 0
endloop
endfacet
facet normal 0 0 -1
outer loop
vertex 70.39801788330078 14.873135566711426 0
vertex 69.11119842529297 14.87346076965332 0
vertex 70.39820098876953 18.6635684967041 0
endloop
endfacet
facet normal 0.9999999988332038 -0.000048307270414281425 0
outer loop
vertex 70.39801788330078 14.873135566711426 0.20000000298023224
vertex 70.39801788330078 14.873135566711426 0
vertex 70.39820098876953 18.6635684967041 0
endloop
endfacet
facet normal 0 0 -1
outer loop
vertex -36.593318939208984 -4.2976555824279785 0
vertex -36.593318939208984 -3.597655773162842 0
vertex -32.04331970214844 -4.2976555824279785 0
endloop
endfacet
facet normal 0 0 -1
outer loop
vertex -36.593318939208984 -3.597655773162842 0
vertex -41.593318939208984 -0.09765574336051941 0
vertex -36.593318939208984 -0.09765574336051941 0
endloop
endfacet
facet normal 0 0 -1
outer loop
vertex -32.04331970214844 -4.2976555824279785 0
vertex -36.593318939208984 -3.597655773162842 0
vertex -36.593318939208984 -0.09765574336051941 0
endloop
endfacet
facet normal 0 0 -1
outer loop
vertex 70.39820098876953 18.6635684967041 0
vertex 62.95668029785156 14.702343940734863 0
vertex 69.1121597290039 18.66389274597168 0
endloop
endfacet
facet normal 0.9999999988332038 -0.000048307270414281425 0
outer loop
vertex 70.39801788330078 14.873135566711426 0.20000000298023224
vertex 70.39820098876953 18.6635684967041 0
vertex 70.39820098876953 18.6635684967041 0.20000000298023224
endloop
endfacet
facet normal 0 0 1
outer loop
vertex 70.39910888671875 37.66356658935547 5
vertex 70.39913177490234 38.0568733215332 5
vertex 70.27203369140625 38.84751892089844 5
endloop
endfacet
facet normal 0 0 1
outer loop
vertex 71.09810638427734 -37.04124069213867 4.5
vertex 69.09490966796875 -49.707401275634766 4.5
vertex 70.39493560791016 -49.20772933959961 4.5
endloop
endfacet
facet normal 0.9999999682047456 -0.00025217158390867384 0
outer loop
vertex 69.09490966796875 -49.707401275634766 5
vertex 69.09490966796875 -49.707401275634766 4.5
vertex 69.09970092773438 -30.7074031829834 4.5
endloop
endfacet
facet normal 0 0 1
outer loop
vertex 69.09970092773438 -30.7074031829834 4.5
vertex 69.09490966796875 -49.707401275634766 4.5
vertex 71.09810638427734 -37.04124069213867 4.5
endloop
endfacet
facet normal 0.9999999682047456 -0.00025217158390867384 0
outer loop
vertex 69.09970092773438 -30.7074031829834 5
vertex 69.09490966796875 -49.707401275634766 5
vertex 69.09970092773438 -30.7074031829834 4.5
endloop
endfacet
facet normal 0 0 1
outer loop
vertex 71.09810638427734 -37.04124069213867 4.5
vertex 71.09957885742188 -31.20790672302246 4.5
vertex 70.39579772949219 -31.20772933959961 4.5
endloop
endfacet
facet normal 0 0 1
outer loop
vertex 69.09970092773438 -30.7074031829834 4.5
vertex 71.09810638427734 -37.04124069213867 4.5
vertex 70.39579772949219 -31.20772933959961 4.5
endloop
endfacet
facet normal 0 0 1
outer loop
vertex 70.39579772949219 -31.20772933959961 4.5
vertex 70.39582061767578 -30.70772933959961 4.5
vertex 69.09970092773438 -30.7074031829834 4.5
endloop
endfacet
facet normal 0 0 1
outer loop
vertex 71.09503173828125 -49.20790481567383 4.5
vertex 71.09810638427734 -37.04124069213867 4.5
vertex 70.39493560791016 -49.20772933959961 4.5
endloop
endfacet
facet normal 0 0 1
outer loop
vertex 69.09490966796875 -49.707401275634766 4.5
vertex 70.37744140625 -49.707725524902344 4.5
vertex 70.39491271972656 -49.63009262084961 4.5
endloop
endfacet
facet normal 0.00025281967497351035 0.9999999680411055 0
outer loop
vertex 70.37744140625 -49.707725524902344 4.5
vertex 69.09490966796875 -49.707401275634766 4.5
vertex 70.37744140625 -49.707725524902344 5
endloop
endfacet
facet normal -0.00025164080787867555 -0.9999999683384514 0
outer loop
vertex 69.09970092773438 -30.7074031829834 4.5
vertex 70.39582061767578 -30.70772933959961 5
vertex 69.09970092773438 -30.7074031829834 5
endloop
endfacet
facet normal -0.00025164080787867555 -0.9999999683384514 0
outer loop
vertex 69.09970092773438 -30.7074031829834 4.5
vertex 70.39582061767578 -30.70772933959961 4.5
vertex 70.39582061767578 -30.70772933959961 5
endloop
endfacet
facet normal 0 0 1
outer loop
vertex 69.09490966796875 -49.707401275634766 4.5
vertex 70.39491271972656 -49.63009262084961 4.5
vertex 70.39493560791016 -49.20772933959961 4.5
endloop
endfacet
facet normal 0.00025281967497351035 0.9999999680411055 0
outer loop
vertex 69.09490966796875 -49.707401275634766 5
vertex 70.37744140625 -49.707725524902344 5
vertex 69.09490966796875 -49.707401275634766 4.5
endloop
endfacet
facet normal 0 0 1
outer loop
vertex 70.39908599853516 37.16356658935547 4.5
vertex 70.39910888671875 37.66356658935547 4.5
vertex 69.11695098876953 37.66389083862305 4.5
endloop
endfacet
facet normal 0 0 1
outer loop
vertex 69.11695098876953 37.66389083862305 4.5
vertex 71.1153564453125 31.330053329467773 4.5
vertex 70.39908599853516 37.16356658935547 4.5
endloop
endfacet
facet normal 0.9999999682047456 -0.00025217158390867384 0
outer loop
vertex 69.1121597290039 18.66389274597168 4.5
vertex 69.11695098876953 37.66389083862305 4.5
vertex 69.11695098876953 37.66389083862305 5
endloop
endfacet
facet normal 0 0 1
outer loop
vertex 69.11695098876953 37.66389083862305 4.5
vertex 69.1121597290039 18.66389274597168 4.5
vertex 71.1153564453125 31.330053329467773 4.5
endloop
endfacet
facet normal 0.0002521297468566837 0.9999999682152948 0
outer loop
vertex 69.1121597290039 18.66389274597168 5
vertex 70.39820098876953 18.6635684967041 5
vertex 70.39820098876953 18.6635684967041 4.5
endloop
endfacet
facet normal 0 0 1
outer loop
vertex 71.1153564453125 31.330053329467773 4.5
vertex 69.1121597290039 18.66389274597168 4.5
vertex 70.39822387695312 19.1635684967041 4.5
endloop
endfacet
facet normal 0 0 1
outer loop
vertex 71.1122817993164 19.163387298583984 4.5
vertex 71.1153564453125 31.330053329467773 4.5
vertex 70.39822387695312 19.1635684967041 4.5
endloop
endfacet
facet normal 0.9999999682047456 -0.00025217158390867384 0
outer loop
vertex 69.1121597290039 18.66389274597168 5
vertex 69.1121597290039 18.66389274597168 4.5
vertex 69.11695098876953 37.66389083862305 5
endloop
endfacet
facet normal -0.0002528933899077969 -0.999999968022466 0
outer loop
vertex 69.11695098876953 37.66389083862305 4.5
vertex 70.39910888671875 37.66356658935547 4.5
vertex 70.39910888671875 37.66356658935547 5
endloop
endfacet
facet normal -0.0002528933899077969 -0.999999968022466 0
outer loop
vertex 69.11695098876953 37.66389083862305 4.5
vertex 70.39910888671875 37.66356658935547 5
vertex 69.11695098876953 37.66389083862305 5
endloop
endfacet
facet normal 0.0002521297468566837 0.9999999682152948 0
outer loop
vertex 69.1121597290039 18.66389274597168 5
vertex 70.39820098876953 18.6635684967041 4.5
vertex 69.1121597290039 18.66389274597168 4.5
endloop
endfacet
facet normal 0 0 1
outer loop
vertex 69.1121597290039 18.66389274597168 4.5
vertex 70.39820098876953 18.6635684967041 4.5
vertex 70.39822387695312 19.1635684967041 4.5
endloop
endfacet
facet normal 0 0 1
outer loop
vertex 71.1153564453125 31.330053329467773 4.5
vertex 71.11682891845703 37.163387298583984 4.5
vertex 70.39908599853516 37.16356658935547 4.5
endloop
endfacet
facet normal 0.39129064358407584 0.9202671526483817 0
outer loop
vertex -69.77865600585938 34.05202865600586 5
vertex -68.59825897216797 33.550132751464844 5
vertex -68.59825897216797 33.550132751464844 4.5
endloop
endfacet
facet normal 0 0 1
outer loop
vertex -68.59825897216797 33.550132751464844 4.5
vertex -67.96061706542969 40.16107177734375 4.5
vertex -69.58342742919922 34.5123405456543 4.5
endloop
endfacet
facet normal 0.39129064358407584 0.9202671526483817 0
outer loop
vertex -69.77865600585938 34.05202865600586 5
vertex -68.59825897216797 33.550132751464844 4.5
vertex -69.77865600585938 34.05202865600586 4.5
endloop
endfacet
facet normal -0.9202670862562783 0.3912907997300468 0
outer loop
vertex -68.59825897216797 33.550132751464844 5
vertex -61.163734436035156 51.03520584106445 4.5
vertex -68.59825897216797 33.550132751464844 4.5
endloop
endfacet
facet normal 0 0 1
outer loop
vertex -68.59825897216797 33.550132751464844 4.5
vertex -61.163734436035156 51.03520584106445 4.5
vertex -67.96061706542969 40.16107177734375 4.5
endloop
endfacet
facet normal 0 0 1
outer loop
vertex -67.96061706542969 40.16107177734375 4.5
vertex -70.24314880371094 34.7928466796875 4.5
vertex -69.58342742919922 34.5123405456543 4.5
endloop
endfacet
facet normal 0 0 1
outer loop
vertex -69.58342742919922 34.5123405456543 4.5
vertex -69.77865600585938 34.05202865600586 4.5
vertex -68.59825897216797 33.550132751464844 4.5
endloop
endfacet
facet normal 0 0 1
outer loop
vertex -63.199913024902344 51.3576545715332 4.5
vertex -67.96061706542969 40.16107177734375 4.5
vertex -62.55530548095703 51.08357238769531 4.5
endloop
endfacet
facet normal 0 0 1
outer loop
vertex -67.96061706542969 40.16107177734375 4.5
vertex -61.163734436035156 51.03520584106445 4.5
vertex -62.55530548095703 51.08357238769531 4.5
endloop
endfacet
facet normal 0 0 1
outer loop
vertex -61.163734436035156 51.03520584106445 4.5
vertex -62.3902473449707 51.47275924682617 4.5
vertex -62.55530548095703 51.08357238769531 4.5
endloop
endfacet
facet normal 0 0 1
outer loop
vertex -61.163734436035156 51.03520584106445 4.5
vertex -62.34406280517578 51.53707504272461 4.5
vertex -62.3902473449707 51.47275924682617 4.5
endloop
endfacet
facet normal -0.39129228954761647 -0.9202664527953762 0
outer loop
vertex -61.163734436035156 51.03520584106445 5
vertex -62.34406280517578 51.53707504272461 4.5
vertex -61.163734436035156 51.03520584106445 4.5
endloop
endfacet
facet normal -0.39129228954761647 -0.9202664527953762 0
outer loop
vertex -61.163734436035156 51.03520584106445 5
vertex -62.34406280517578 51.53707504272461 5
vertex -62.34406280517578 51.53707504272461 4.5
endloop
endfacet
facet normal -0.9202670862562783 0.3912907997300468 0
outer loop
vertex -68.59825897216797 33.550132751464844 5
vertex -61.163734436035156 51.03520584106445 5
vertex -61.163734436035156 51.03520584106445 4.5
endloop
endfacet
facet normal 0.00005797051030395156 -0.99999999831971 0
outer loop
vertex -56.474403381347656 -30.29505729675293 5
vertex -57.79048538208008 -30.295133590698242 5
vertex -57.79048538208008 -30.295133590698242 4.5
endloop
endfacet
facet normal 0 0 1
outer loop
vertex -56.474403381347656 -30.29505729675293 4.5
vertex -57.79048538208008 -30.295133590698242 4.5
vertex -57.79003143310547 -30.795133590698242 4.5
endloop
endfacet
facet normal -0.000055952952314119986 0.9999999984346335 0
outer loop
vertex -57.768680572509766 -49.29513168334961 5
vertex -56.47332000732422 -49.29505920410156 5
vertex -56.47332000732422 -49.29505920410156 4.5
endloop
endfacet
facet normal -0.000055952952314119986 0.9999999984346335 0
outer loop
vertex -56.47332000732422 -49.29505920410156 4.5
vertex -57.768680572509766 -49.29513168334961 4.5
vertex -57.768680572509766 -49.29513168334961 5
endloop
endfacet
facet normal 0 0 1
outer loop
vertex -58.47368240356445 -42.96183776855469 4.5
vertex -58.47334671020508 -48.79517364501953 4.5
vertex -57.77376937866211 -48.79513168334961 4.5
endloop
endfacet
facet normal 0 0 1
outer loop
vertex -56.47332000732422 -49.29505920410156 4.5
vertex -58.47368240356445 -42.96183776855469 4.5
vertex -57.77376937866211 -48.79513168334961 4.5
endloop
endfacet
facet normal 0 0 1
outer loop
vertex -56.47332000732422 -49.29505920410156 4.5
vertex -56.474403381347656 -30.29505729675293 4.5
vertex -58.47368240356445 -42.96183776855469 4.5
endloop
endfacet
facet normal 0 0 1
outer loop
vertex -57.77376937866211 -48.79513168334961 4.5
vertex -57.77335739135742 -49.254608154296875 4.5
vertex -56.47332000732422 -49.29505920410156 4.5
endloop
endfacet
facet normal -0.999999998374378 -0.000057019679627365023 0
outer loop
vertex -56.47332000732422 -49.29505920410156 5
vertex -56.474403381347656 -30.29505729675293 4.5
vertex -56.47332000732422 -49.29505920410156 4.5
endloop
endfacet
facet normal 0 0 1
outer loop
vertex -57.77335739135742 -49.254608154296875 4.5
vertex -57.768680572509766 -49.29513168334961 4.5
vertex -56.47332000732422 -49.29505920410156 4.5
endloop
endfacet
facet normal 0 0 1
outer loop
vertex -58.47437286376953 -30.7951717376709 4.5
vertex -58.47368240356445 -42.96183776855469 4.5
vertex -57.79003143310547 -30.795133590698242 4.5
endloop
endfacet
facet normal 0 0 1
outer loop
vertex -58.47368240356445 -42.96183776855469 4.5
vertex -56.474403381347656 -30.29505729675293 4.5
vertex -57.79003143310547 -30.795133590698242 4.5
endloop
endfacet
facet normal -0.999999998374378 -0.000057019679627365023 0
outer loop
vertex -56.47332000732422 -49.29505920410156 5
vertex -56.474403381347656 -30.29505729675293 5
vertex -56.474403381347656 -30.29505729675293 4.5
endloop
endfacet
facet normal 0.00005797051030395156 -0.99999999831971 0
outer loop
vertex -56.474403381347656 -30.29505729675293 5
vertex -57.79048538208008 -30.295133590698242 4.5
vertex -56.474403381347656 -30.29505729675293 4.5
endloop
endfacet
facet normal -0.00025254762154302787 -0.9999999681098488 0
outer loop
vertex 69.10545349121094 -7.916970729827881 4.5
vertex 70.39691925048828 -7.917296886444092 4.5
vertex 70.39691925048828 -7.917296886444092 5
endloop
endfacet
facet normal 0 0 1
outer loop
vertex 70.39689636230469 -8.417296409606934 4.5
vertex 70.39691925048828 -7.917296886444092 4.5
vertex 69.10545349121094 -7.916970729827881 4.5
endloop
endfacet
facet normal 0 0 1
outer loop
vertex 69.10545349121094 -7.916970729827881 4.5
vertex 71.10385131835938 -14.250808715820312 4.5
vertex 70.39689636230469 -8.417296409606934 4.5
endloop
endfacet
facet normal -0.00025254762154302787 -0.9999999681098488 0
outer loop
vertex 69.10545349121094 -7.916970729827881 4.5
vertex 70.39691925048828 -7.917296886444092 5
vertex 69.10545349121094 -7.916970729827881 5
endloop
endfacet
facet normal 0 0 1
outer loop
vertex 69.10066223144531 -26.91697120666504 4.5
vertex 70.39600372314453 -26.91729736328125 4.5
vertex 70.39602661132812 -26.41729736328125 4.5
endloop
endfacet
facet normal 0 0 1
outer loop
vertex 71.10385131835938 -14.250808715820312 4.5
vertex 71.1053237915039 -8.417475700378418 4.5
vertex 70.39689636230469 -8.417296409606934 4.5
endloop
endfacet
facet normal 0.9999999682047537 -0.0002521715522653131 0
outer loop
vertex 69.10545349121094 -7.916970729827881 5
vertex 69.10066223144531 -26.91697120666504 4.5
vertex 69.10545349121094 -7.916970729827881 4.5
endloop
endfacet
facet normal 0 0 1
outer loop
vertex 69.10545349121094 -7.916970729827881 4.5
vertex 69.10066223144531 -26.91697120666504 4.5
vertex 71.10385131835938 -14.250808715820312 4.5
endloop
endfacet
facet normal 0.9999999682047537 -0.0002521715522653131 0
outer loop
vertex 69.10545349121094 -7.916970729827881 5
vertex 69.10066223144531 -26.91697120666504 5
vertex 69.10066223144531 -26.91697120666504 4.5
endloop
endfacet
facet normal 0.00025179198532740025 0.9999999683003976 0
outer loop
vertex 69.10066223144531 -26.91697120666504 5
vertex 70.39600372314453 -26.91729736328125 5
vertex 70.39600372314453 -26.91729736328125 4.5
endloop
endfacet
facet normal 0 0 1
outer loop
vertex 71.10078430175781 -26.4174747467041 4.5
vertex 71.10385131835938 -14.250808715820312 4.5
vertex 70.39602661132812 -26.41729736328125 4.5
endloop
endfacet
facet normal 0 0 1
outer loop
vertex 71.10385131835938 -14.250808715820312 4.5
vertex 69.10066223144531 -26.91697120666504 4.5
vertex 70.39602661132812 -26.41729736328125 4.5
endloop
endfacet
facet normal 0.00025179198532740025 0.9999999683003976 0
outer loop
vertex 69.10066223144531 -26.91697120666504 5
vertex 70.39600372314453 -26.91729736328125 4.5
vertex 69.10066223144531 -26.91697120666504 4.5
endloop
endfacet
facet normal 0 0 1
outer loop
vertex 71.10653686523438 -3.6270434856414795 4.5
vertex 71.10960388183594 8.53962230682373 4.5
vertex 70.39712524414062 -3.626864433288574 4.5
endloop
endfacet
facet normal -0.0002527183821211357 -0.9999999680667092 0
outer loop
vertex 69.11119842529297 14.87346076965332 4.5
vertex 70.39801788330078 14.873135566711426 5
vertex 69.11119842529297 14.87346076965332 5
endloop
endfacet
facet normal -0.0002527183821211357 -0.9999999680667092 0
outer loop
vertex 69.11119842529297 14.87346076965332 4.5
vertex 70.39801788330078 14.873135566711426 4.5
vertex 70.39801788330078 14.873135566711426 5
endloop
endfacet
facet normal 0 0 1
outer loop
vertex 70.39799499511719 14.373135566711426 4.5
vertex 70.39801788330078 14.873135566711426 4.5
vertex 69.11119842529297 14.87346076965332 4.5
endloop
endfacet
facet normal 0.00025232895504655276 0.9999999681650488 0
outer loop
vertex 70.39710235595703 -4.126864433288574 5
vertex 70.39710235595703 -4.126864433288574 4.5
vertex 69.10640716552734 -4.1265387535095215 5
endloop
endfacet
facet normal 0.00025232895504655276 0.9999999681650488 0
outer loop
vertex 70.39710235595703 -4.126864433288574 4.5
vertex 69.10640716552734 -4.1265387535095215 4.5
vertex 69.10640716552734 -4.1265387535095215 5
endloop
endfacet
facet normal 0 0 1
outer loop
vertex 69.10640716552734 -4.1265387535095215 4.5
vertex 70.39710235595703 -4.126864433288574 4.5
vertex 70.39712524414062 -3.626864433288574 4.5
endloop
endfacet
facet normal 0 0 1
outer loop
vertex 71.10960388183594 8.53962230682373 4.5
vertex 71.11107635498047 14.372956275939941 4.5
vertex 70.39799499511719 14.373135566711426 4.5
endloop
endfacet
facet normal 0 0 1
outer loop
vertex 69.11119842529297 14.87346076965332 4.5
vertex 71.10960388183594 8.53962230682373 4.5
vertex 70.39799499511719 14.373135566711426 4.5
endloop
endfacet
facet normal 0.9999999682047503 -0.00025217156492265643 0
outer loop
vertex 69.11119842529297 14.87346076965332 5
vertex 69.10640716552734 -4.1265387535095215 4.5
vertex 69.11119842529297 14.87346076965332 4.5
endloop
endfacet
facet normal 0 0 1
outer loop
vertex 71.10960388183594 8.53962230682373 4.5
vertex 69.10640716552734 -4.1265387535095215 4.5
vertex 70.39712524414062 -3.626864433288574 4.5
endloop
endfacet
facet normal 0.9999999682047503 -0.00025217156492265643 0
outer loop
vertex 69.11119842529297 14.87346076965332 5
vertex 69.10640716552734 -4.1265387535095215 5
vertex 69.10640716552734 -4.1265387535095215 4.5
endloop
endfacet
facet normal 0 0 1
outer loop
vertex 69.11119842529297 14.87346076965332 4.5
vertex 69.10640716552734 -4.1265387535095215 4.5
vertex 71.10960388183594 8.53962230682373 4.5
endloop
endfacet
facet normal -0.0000570629562332572 0.9999999983719096 0
outer loop
vertex -57.819515228271484 1.8393969535827637 5
vertex -56.476234436035156 1.8394736051559448 4.5
vertex -57.819515228271484 1.8393969535827637 4.5
endloop
endfacet
facet normal 0 0 1
outer loop
vertex -58.47659683227539 8.172693252563477 4.5
vertex -58.47626495361328 2.3393595218658447 4.5
vertex -57.81996536254883 2.3393969535827637 4.5
endloop
endfacet
facet normal 0.00005752787286081362 -0.9999999983452719 0
outer loop
vertex -56.477317810058594 20.839473724365234 5
vertex -57.8366813659668 20.83939552307129 5
vertex -56.477317810058594 20.839473724365234 4.5
endloop
endfacet
facet normal 0.00005752787286081362 -0.9999999983452719 0
outer loop
vertex -57.8366813659668 20.83939552307129 4.5
vertex -56.477317810058594 20.839473724365234 4.5
vertex -57.8366813659668 20.83939552307129 5
endloop
endfacet
facet normal 0 0 1
outer loop
vertex -56.477317810058594 20.839473724365234 4.5
vertex -57.8366813659668 20.83939552307129 4.5
vertex -57.83622741699219 20.33939552307129 4.5
endloop
endfacet
facet normal -0.9999999983743777 -0.0000570196849936351 0
outer loop
vertex -56.477317810058594 20.839473724365234 5
vertex -56.477317810058594 20.839473724365234 4.5
vertex -56.476234436035156 1.8394736051559448 4.5
endloop
endfacet
facet normal 0 0 1
outer loop
vertex -58.47659683227539 8.172693252563477 4.5
vertex -56.477317810058594 20.839473724365234 4.5
vertex -57.83622741699219 20.33939552307129 4.5
endloop
endfacet
facet normal 0 0 1
outer loop
vertex -58.477291107177734 20.339359283447266 4.5
vertex -58.47659683227539 8.172693252563477 4.5
vertex -57.83622741699219 20.33939552307129 4.5
endloop
endfacet
facet normal -0.9999999983743777 -0.0000570196849936351 0
outer loop
vertex -56.476234436035156 1.8394736051559448 5
vertex -56.477317810058594 20.839473724365234 5
vertex -56.476234436035156 1.8394736051559448 4.5
endloop
endfacet
facet normal 0 0 1
outer loop
vertex -56.476234436035156 1.8394736051559448 4.5
vertex -56.477317810058594 20.839473724365234 4.5
vertex -58.47659683227539 8.172693252563477 4.5
endloop
endfacet
facet normal -0.0000570629562332572 0.9999999983719096 0
outer loop
vertex -56.476234436035156 1.8394736051559448 4.5
vertex -57.819515228271484 1.8393969535827637 5
vertex -56.476234436035156 1.8394736051559448 5
endloop
endfacet
facet normal 0 0 1
outer loop
vertex -56.476234436035156 1.8394736051559448 4.5
vertex -58.47659683227539 8.172693252563477 4.5
vertex -57.81996536254883 2.3393969535827637 4.5
endloop
endfacet
facet normal 0 0 1
outer loop
vertex -57.81996536254883 2.3393969535827637 4.5
vertex -57.819515228271484 1.8393969535827637 4.5
vertex -56.476234436035156 1.8394736051559448 4.5
endloop
endfacet
facet normal 0 0 1
outer loop
vertex -56.47477722167969 -23.727792739868164 4.5
vertex -58.47513961791992 -17.394573211669922 4.5
vertex -57.79686737060547 -23.227867126464844 4.5
endloop
endfacet
facet normal -0.000056283553567839215 0.9999999984160808 0
outer loop
vertex -57.796417236328125 -23.727867126464844 5
vertex -56.47477722167969 -23.727792739868164 4.5
vertex -57.796417236328125 -23.727867126464844 4.5
endloop
endfacet
facet normal -0.000056283553567839215 0.9999999984160808 0
outer loop
vertex -56.47477722167969 -23.727792739868164 4.5
vertex -57.796417236328125 -23.727867126464844 5
vertex -56.47477722167969 -23.727792739868164 5
endloop
endfacet
facet normal 0 0 1
outer loop
vertex -57.79686737060547 -23.227867126464844 4.5
vertex -57.796417236328125 -23.727867126464844 4.5
vertex -56.47477722167969 -23.727792739868164 4.5
endloop
endfacet
facet normal 0 0 1
outer loop
vertex -56.47477722167969 -23.727792739868164 4.5
vertex -56.475860595703125 -4.727792263031006 4.5
vertex -58.47513961791992 -17.394573211669922 4.5
endloop
endfacet
facet normal -0.9999999983743777 -0.000057019683920381 0
outer loop
vertex -56.47477722167969 -23.727792739868164 5
vertex -56.475860595703125 -4.727792263031006 4.5
vertex -56.47477722167969 -23.727792739868164 4.5
endloop
endfacet
facet normal 0 0 1
outer loop
vertex -58.475833892822266 -5.227906227111816 4.5
vertex -58.47513961791992 -17.394573211669922 4.5
vertex -57.81312942504883 -5.227868556976318 4.5
endloop
endfacet
facet normal 0 0 1
outer loop
vertex -58.47513961791992 -17.394573211669922 4.5
vertex -56.475860595703125 -4.727792263031006 4.5
vertex -57.81312942504883 -5.227868556976318 4.5
endloop
endfacet
facet normal -0.9999999983743777 -0.000057019683920381 0
outer loop
vertex -56.47477722167969 -23.727792739868164 5
vertex -56.475860595703125 -4.727792263031006 5
vertex -56.475860595703125 -4.727792263031006 4.5
endloop
endfacet
facet normal 0 0 1
outer loop
vertex -56.475860595703125 -4.727792263031006 4.5
vertex -57.81358337402344 -4.727868556976318 4.5
vertex -57.81312942504883 -5.227868556976318 4.5
endloop
endfacet
facet normal 0.00005703270245888714 -0.9999999983736354 0
outer loop
vertex -56.475860595703125 -4.727792263031006 5
vertex -57.81358337402344 -4.727868556976318 4.5
vertex -56.475860595703125 -4.727792263031006 4.5
endloop
endfacet
facet normal 0.00005703270245888714 -0.9999999983736354 0
outer loop
vertex -56.475860595703125 -4.727792263031006 5
vertex -57.81358337402344 -4.727868556976318 5
vertex -57.81358337402344 -4.727868556976318 4.5
endloop
endfacet
facet normal 0 0 1
outer loop
vertex -58.47513961791992 -17.394573211669922 4.5
vertex -58.47480773925781 -23.227907180786133 4.5
vertex -57.79686737060547 -23.227867126464844 4.5
endloop
endfacet
facet normal 0 0 -1
outer loop
vertex 69.09490966796875 -49.707401275634766 0.20000000298023224
vertex 71.09939575195312 -31.927906036376953 0.20000000298023224
vertex 70.39493560791016 -49.20772933959961 0.20000000298023224
endloop
endfacet
facet normal 0 0 -1
outer loop
vertex 71.09939575195312 -31.927906036376953 0.20000000298023224
vertex 69.09970092773438 -30.7074031829834 0.20000000298023224
vertex 70.39579772949219 -31.20772933959961 0.20000000298023224
endloop
endfacet
facet normal 0.9999999682047457 -0.00025217158390867384 0
outer loop
vertex 69.09970092773438 -30.7074031829834 0.20000000298023224
vertex 69.09490966796875 -49.707401275634766 0.20000000298023224
vertex 69.09490966796875 -49.707401275634766 0
endloop
endfacet
facet normal 0.00025281967497351035 0.9999999680411054 0
outer loop
vertex 69.09490966796875 -49.707401275634766 0.20000000298023224
vertex 70.37744140625 -49.707725524902344 0
vertex 69.09490966796875 -49.707401275634766 0
endloop
endfacet
facet normal 0.00025281967497351035 0.9999999680411054 0
outer loop
vertex 70.37744140625 -49.707725524902344 0
vertex 69.09490966796875 -49.707401275634766 0.20000000298023224
vertex 70.37744140625 -49.707725524902344 0.20000000298023224
endloop
endfacet
facet normal 0 0 -1
outer loop
vertex 70.37744140625 -49.707725524902344 0.20000000298023224
vertex 69.09490966796875 -49.707401275634766 0.20000000298023224
vertex 70.39491271972656 -49.63009262084961 0.20000000298023224
endloop
endfacet
facet normal 0 0 -1
outer loop
vertex 69.09490966796875 -49.707401275634766 0.20000000298023224
vertex 70.39493560791016 -49.20772933959961 0.20000000298023224
vertex 70.39491271972656 -49.63009262084961 0.20000000298023224
endloop
endfacet
facet normal 0 0 -1
outer loop
vertex 71.09939575195312 -31.927906036376953 0.20000000298023224
vertex 71.09503173828125 -49.20790481567383 0.20000000298023224
vertex 70.39493560791016 -49.20772933959961 0.20000000298023224
endloop
endfacet
facet normal 0 0 -1
outer loop
vertex 71.09939575195312 -31.927906036376953 0.20000000298023224
vertex 69.09490966796875 -49.707401275634766 0.20000000298023224
vertex 69.09970092773438 -30.7074031829834 0.20000000298023224
endloop
endfacet
facet normal 0.9999999682047457 -0.00025217158390867384 0
outer loop
vertex 69.09490966796875 -49.707401275634766 0
vertex 69.09970092773438 -30.7074031829834 0
vertex 69.09970092773438 -30.7074031829834 0.20000000298023224
endloop
endfacet
facet normal -0.00025164080787867555 -0.9999999683384515 0
outer loop
vertex 69.09970092773438 -30.7074031829834 0
vertex 70.39582061767578 -30.70772933959961 0
vertex 70.39582061767578 -30.70772933959961 0.20000000298023224
endloop
endfacet
facet normal -0.00025164080787867555 -0.9999999683384515 0
outer loop
vertex 69.09970092773438 -30.7074031829834 0
vertex 70.39582061767578 -30.70772933959961 0.20000000298023224
vertex 69.09970092773438 -30.7074031829834 0.20000000298023224
endloop
endfacet
facet normal 0 0 -1
outer loop
vertex 69.09970092773438 -30.7074031829834 0.20000000298023224
vertex 70.39582061767578 -30.70772933959961 0.20000000298023224
vertex 70.39579772949219 -31.20772933959961 0.20000000298023224
endloop
endfacet
facet normal 0 0 -1
outer loop
vertex 70.39579772949219 -31.20772933959961 0.20000000298023224
vertex 71.09957885742188 -31.20790672302246 0.20000000298023224
vertex 71.09939575195312 -31.927906036376953 0.20000000298023224
endloop
endfacet
facet normal 0.0002521297468566837 0.9999999682152948 0
outer loop
vertex 70.39820098876953 18.6635684967041 0
vertex 69.1121597290039 18.66389274597168 0.20000000298023224
vertex 70.39820098876953 18.6635684967041 0.20000000298023224
endloop
endfacet
facet normal 0 0 -1
outer loop
vertex 69.1121597290039 18.66389274597168 0.20000000298023224
vertex 71.11664581298828 36.44338607788086 0.20000000298023224
vertex 70.39822387695312 19.1635684967041 0.20000000298023224
endloop
endfacet
facet normal 0.9999999682047457 -0.00025217158390867384 0
outer loop
vertex 69.11695098876953 37.66389083862305 0
vertex 69.11695098876953 37.66389083862305 0.20000000298023224
vertex 69.1121597290039 18.66389274597168 0.20000000298023224
endloop
endfacet
facet normal 0 0 -1
outer loop
vertex 71.11664581298828 36.44338607788086 0.20000000298023224
vertex 69.1121597290039 18.66389274597168 0.20000000298023224
vertex 69.11695098876953 37.66389083862305 0.20000000298023224
endloop
endfacet
facet normal 0 0 -1
outer loop
vertex 71.11664581298828 36.44338607788086 0.20000000298023224
vertex 69.11695098876953 37.66389083862305 0.20000000298023224
vertex 70.39908599853516 37.16356658935547 0.20000000298023224
endloop
endfacet
facet normal 0 0 -1
outer loop
vertex 70.39908599853516 37.16356658935547 0.20000000298023224
vertex 71.11682891845703 37.163387298583984 0.20000000298023224
vertex 71.11664581298828 36.44338607788086 0.20000000298023224
endloop
endfacet
facet normal -0.0002528933899077969 -0.999999968022466 0
outer loop
vertex 69.11695098876953 37.66389083862305 0
vertex 70.39910888671875 37.66356658935547 0
vertex 70.39910888671875 37.66356658935547 0.20000000298023224
endloop
endfacet
facet normal -0.0002528933899077969 -0.999999968022466 0
outer loop
vertex 69.11695098876953 37.66389083862305 0
vertex 70.39910888671875 37.66356658935547 0.20000000298023224
vertex 69.11695098876953 37.66389083862305 0.20000000298023224
endloop
endfacet
facet normal 0 0 -1
outer loop
vertex 69.11695098876953 37.66389083862305 0.20000000298023224
vertex 70.39910888671875 37.66356658935547 0.20000000298023224
vertex 70.39908599853516 37.16356658935547 0.20000000298023224
endloop
endfacet
facet normal 0.9999999682047457 -0.00025217158390867384 0
outer loop
vertex 69.1121597290039 18.66389274597168 0
vertex 69.11695098876953 37.66389083862305 0
vertex 69.1121597290039 18.66389274597168 0.20000000298023224
endloop
endfacet
facet normal 0 0 -1
outer loop
vertex 70.39822387695312 19.1635684967041 0.20000000298023224
vertex 70.39820098876953 18.6635684967041 0.20000000298023224
vertex 69.1121597290039 18.66389274597168 0.20000000298023224
endloop
endfacet
facet normal 0 0 -1
outer loop
vertex 71.11664581298828 36.44338607788086 0.20000000298023224
vertex 71.1122817993164 19.163387298583984 0.20000000298023224
vertex 70.39822387695312 19.1635684967041 0.20000000298023224
endloop
endfacet
facet normal 0.0002521297468566837 0.9999999682152948 0
outer loop
vertex 69.1121597290039 18.66389274597168 0.20000000298023224
vertex 70.39820098876953 18.6635684967041 0
vertex 69.1121597290039 18.66389274597168 0
endloop
endfacet
facet normal 0.3912906435840759 0.9202671526483818 0
outer loop
vertex -68.59825897216797 33.550132751464844 0.20000000298023224
vertex -68.59825897216797 33.550132751464844 0
vertex -69.77865600585938 34.05202865600586 0.20000000298023224
endloop
endfacet
facet normal 0.3912906435840759 0.9202671526483818 0
outer loop
vertex -69.77865600585938 34.05202865600586 0
vertex -69.77865600585938 34.05202865600586 0.20000000298023224
vertex -68.59825897216797 33.550132751464844 0
endloop
endfacet
facet normal 0 0 -1
outer loop
vertex -68.59825897216797 33.550132751464844 0.20000000298023224
vertex -69.77865600585938 34.05202865600586 0.20000000298023224
vertex -69.58342742919922 34.5123405456543 0.20000000298023224
endloop
endfacet
facet normal 0 0 -1
outer loop
vertex -69.96141815185547 35.455440521240234 0.20000000298023224
vertex -68.59825897216797 33.550132751464844 0.20000000298023224
vertex -69.58342742919922 34.5123405456543 0.20000000298023224
endloop
endfacet
facet normal 0 0 -1
outer loop
vertex -69.58342742919922 34.5123405456543 0.20000000298023224
vertex -70.24314880371094 34.7928466796875 0.20000000298023224
vertex -69.96141815185547 35.455440521240234 0.20000000298023224
endloop
endfacet
facet normal -0.9202670862562783 0.3912907997300468 0
outer loop
vertex -68.59825897216797 33.550132751464844 0
vertex -68.59825897216797 33.550132751464844 0.20000000298023224
vertex -61.163734436035156 51.03520584106445 0
endloop
endfacet
facet normal -0.9202670862562783 0.3912907997300468 0
outer loop
vertex -68.59825897216797 33.550132751464844 0.20000000298023224
vertex -61.163734436035156 51.03520584106445 0.20000000298023224
vertex -61.163734436035156 51.03520584106445 0
endloop
endfacet
facet normal 0 0 -1
outer loop
vertex -69.96141815185547 35.455440521240234 0.20000000298023224
vertex -63.199913024902344 51.3576545715332 0.20000000298023224
vertex -62.55530548095703 51.08357238769531 0.20000000298023224
endloop
endfacet
facet normal 0 0 -1
outer loop
vertex -61.163734436035156 51.03520584106445 0.20000000298023224
vertex -69.96141815185547 35.455440521240234 0.20000000298023224
vertex -62.55530548095703 51.08357238769531 0.20000000298023224
endloop
endfacet
facet normal -0.39129228954761636 -0.9202664527953761 0
outer loop
vertex -61.163734436035156 51.03520584106445 0.20000000298023224
vertex -62.34406280517578 51.53707504272461 0
vertex -61.163734436035156 51.03520584106445 0
endloop
endfacet
facet normal -0.39129228954761636 -0.9202664527953761 0
outer loop
vertex -62.34406280517578 51.53707504272461 0
vertex -61.163734436035156 51.03520584106445 0.20000000298023224
vertex -62.34406280517578 51.53707504272461 0.20000000298023224
endloop
endfacet
facet normal 0 0 -1
outer loop
vertex -62.34406280517578 51.53707504272461 0.20000000298023224
vertex -61.163734436035156 51.03520584106445 0.20000000298023224
vertex -62.3902473449707 51.47275924682617 0.20000000298023224
endloop
endfacet
facet normal 0 0 -1
outer loop
vertex -61.163734436035156 51.03520584106445 0.20000000298023224
vertex -62.55530548095703 51.08357238769531 0.20000000298023224
vertex -62.3902473449707 51.47275924682617 0.20000000298023224
endloop
endfacet
facet normal 0 0 -1
outer loop
vertex -69.96141815185547 35.455440521240234 0.20000000298023224
vertex -61.163734436035156 51.03520584106445 0.20000000298023224
vertex -68.59825897216797 33.550132751464844 0.20000000298023224
endloop
endfacet
facet normal 0 0 -1
outer loop
vertex -58.473388671875 -48.075172424316406 0.20000000298023224
vertex -56.47332000732422 -49.29505920410156 0.20000000298023224
vertex -57.77376937866211 -48.79513168334961 0.20000000298023224
endloop
endfacet
facet normal -0.9999999983743781 -0.000057019679627365023 0
outer loop
vertex -56.474403381347656 -30.29505729675293 0
vertex -56.47332000732422 -49.29505920410156 0.20000000298023224
vertex -56.474403381347656 -30.29505729675293 0.20000000298023224
endloop
endfacet
facet normal 0 0 -1
outer loop
vertex -56.474403381347656 -30.29505729675293 0.20000000298023224
vertex -58.473388671875 -48.075172424316406 0.20000000298023224
vertex -57.79003143310547 -30.795133590698242 0.20000000298023224
endloop
endfacet
facet normal 0 0 -1
outer loop
vertex -58.473388671875 -48.075172424316406 0.20000000298023224
vertex -58.47437286376953 -30.7951717376709 0.20000000298023224
vertex -57.79003143310547 -30.795133590698242 0.20000000298023224
endloop
endfacet
facet normal 0 0 -1
outer loop
vertex -57.79003143310547 -30.795133590698242 0.20000000298023224
vertex -57.79048538208008 -30.295133590698242 0.20000000298023224
vertex -56.474403381347656 -30.29505729675293 0.20000000298023224
endloop
endfacet
facet normal -0.9999999983743781 -0.000057019679627365023 0
outer loop
vertex -56.47332000732422 -49.29505920410156 0
vertex -56.47332000732422 -49.29505920410156 0.20000000298023224
vertex -56.474403381347656 -30.29505729675293 0
endloop
endfacet
facet normal 0 0 -1
outer loop
vertex -58.473388671875 -48.075172424316406 0.20000000298023224
vertex -56.474403381347656 -30.29505729675293 0.20000000298023224
vertex -56.47332000732422 -49.29505920410156 0.20000000298023224
endloop
endfacet
facet normal -0.00005595295231411998 0.9999999984346335 0
outer loop
vertex -56.47332000732422 -49.29505920410156 0.20000000298023224
vertex -56.47332000732422 -49.29505920410156 0
vertex -57.768680572509766 -49.29513168334961 0.20000000298023224
endloop
endfacet
facet normal 0 0 -1
outer loop
vertex -57.77376937866211 -48.79513168334961 0.20000000298023224
vertex -58.47334671020508 -48.79517364501953 0.20000000298023224
vertex -58.473388671875 -48.075172424316406 0.20000000298023224
endloop
endfacet
facet normal 0 0 -1
outer loop
vertex -56.47332000732422 -49.29505920410156 0.20000000298023224
vertex -57.768680572509766 -49.29513168334961 0.20000000298023224
vertex -57.77335739135742 -49.254608154296875 0.20000000298023224
endloop
endfacet
facet normal 0.00005797051030395155 -0.9999999983197099 0
outer loop
vertex -56.474403381347656 -30.29505729675293 0.20000000298023224
vertex -57.79048538208008 -30.295133590698242 0
vertex -56.474403381347656 -30.29505729675293 0
endloop
endfacet
facet normal -0.00005595295231411998 0.9999999984346335 0
outer loop
vertex -57.768680572509766 -49.29513168334961 0
vertex -57.768680572509766 -49.29513168334961 0.20000000298023224
vertex -56.47332000732422 -49.29505920410156 0
endloop
endfacet
facet normal 0 0 -1
outer loop
vertex -56.47332000732422 -49.29505920410156 0.20000000298023224
vertex -57.77335739135742 -49.254608154296875 0.20000000298023224
vertex -57.77376937866211 -48.79513168334961 0.20000000298023224
endloop
endfacet
facet normal 0.00005797051030395155 -0.9999999983197099 0
outer loop
vertex -57.79048538208008 -30.295133590698242 0
vertex -56.474403381347656 -30.29505729675293 0.20000000298023224
vertex -57.79048538208008 -30.295133590698242 0.20000000298023224
endloop
endfacet
facet normal 0 0 -1
outer loop
vertex 69.10066223144531 -26.91697120666504 0.20000000298023224
vertex 71.10514068603516 -9.137475967407227 0.20000000298023224
vertex 70.39602661132812 -26.41729736328125 0.20000000298023224
endloop
endfacet
facet normal 0.00025179198532740025 0.9999999683003975 0
outer loop
vertex 69.10066223144531 -26.91697120666504 0.20000000298023224
vertex 70.39600372314453 -26.91729736328125 0
vertex 69.10066223144531 -26.91697120666504 0
endloop
endfacet
facet normal 0 0 -1
outer loop
vertex 70.39689636230469 -8.417296409606934 0.20000000298023224
vertex 71.1053237915039 -8.417475700378418 0.20000000298023224
vertex 71.10514068603516 -9.137475967407227 0.20000000298023224
endloop
endfacet
facet normal 0 0 -1
outer loop
vertex 69.10545349121094 -7.916970729827881 0.20000000298023224
vertex 70.39691925048828 -7.917296886444092 0.20000000298023224
vertex 70.39689636230469 -8.417296409606934 0.20000000298023224
endloop
endfacet
facet normal 0 0 -1
outer loop
vertex 71.10514068603516 -9.137475967407227 0.20000000298023224
vertex 69.10545349121094 -7.916970729827881 0.20000000298023224
vertex 70.39689636230469 -8.417296409606934 0.20000000298023224
endloop
endfacet
facet normal 0.00025179198532740025 0.9999999683003975 0
outer loop
vertex 70.39600372314453 -26.91729736328125 0
vertex 69.10066223144531 -26.91697120666504 0.20000000298023224
vertex 70.39600372314453 -26.91729736328125 0.20000000298023224
endloop
endfacet
facet normal -0.00025254762154302787 -0.9999999681098489 0
outer loop
vertex 69.10545349121094 -7.916970729827881 0
vertex 70.39691925048828 -7.917296886444092 0.20000000298023224
vertex 69.10545349121094 -7.916970729827881 0.20000000298023224
endloop
endfacet
facet normal -0.00025254762154302787 -0.9999999681098489 0
outer loop
vertex 69.10545349121094 -7.916970729827881 0
vertex 70.39691925048828 -7.917296886444092 0
vertex 70.39691925048828 -7.917296886444092 0.20000000298023224
endloop
endfacet
facet normal 0 0 -1
outer loop
vertex 71.10514068603516 -9.137475967407227 0.20000000298023224
vertex 69.10066223144531 -26.91697120666504 0.20000000298023224
vertex 69.10545349121094 -7.916970729827881 0.20000000298023224
endloop
endfacet
facet normal 0.9999999682047537 -0.0002521715522653131 0
outer loop
vertex 69.10545349121094 -7.916970729827881 0.20000000298023224
vertex 69.10066223144531 -26.91697120666504 0
vertex 69.10545349121094 -7.916970729827881 0
endloop
endfacet
facet normal 0 0 -1
outer loop
vertex 71.10514068603516 -9.137475967407227 0.20000000298023224
vertex 71.10078430175781 -26.4174747467041 0.20000000298023224
vertex 70.39602661132812 -26.41729736328125 0.20000000298023224
endloop
endfacet
facet normal 0 0 -1
outer loop
vertex 70.39602661132812 -26.41729736328125 0.20000000298023224
vertex 70.39600372314453 -26.91729736328125 0.20000000298023224
vertex 69.10066223144531 -26.91697120666504 0.20000000298023224
endloop
endfacet
facet normal 0.9999999682047537 -0.0002521715522653131 0
outer loop
vertex 69.10066223144531 -26.91697120666504 0
vertex 69.10545349121094 -7.916970729827881 0.20000000298023224
vertex 69.10066223144531 -26.91697120666504 0.20000000298023224
endloop
endfacet
facet normal 0.9999999682047503 -0.00025217156492265643 0
outer loop
vertex 69.10640716552734 -4.1265387535095215 0
vertex 69.11119842529297 14.87346076965332 0
vertex 69.11119842529297 14.87346076965332 0.20000000298023224
endloop
endfacet
facet normal 0.00025232895504655276 0.9999999681650488 0
outer loop
vertex 69.10640716552734 -4.1265387535095215 0.20000000298023224
vertex 70.39710235595703 -4.126864433288574 0
vertex 69.10640716552734 -4.1265387535095215 0
endloop
endfacet
facet normal -0.0002527183821211357 -0.9999999680667091 0
outer loop
vertex 69.11119842529297 14.87346076965332 0
vertex 70.39801788330078 14.873135566711426 0
vertex 69.11119842529297 14.87346076965332 0.20000000298023224
endloop
endfacet
facet normal -0.0002527183821211357 -0.9999999680667091 0
outer loop
vertex 70.39801788330078 14.873135566711426 0.20000000298023224
vertex 69.11119842529297 14.87346076965332 0.20000000298023224
vertex 70.39801788330078 14.873135566711426 0
endloop
endfacet
facet normal 0 0 -1
outer loop
vertex 69.11119842529297 14.87346076965332 0.20000000298023224
vertex 70.39801788330078 14.873135566711426 0.20000000298023224
vertex 70.39799499511719 14.373135566711426 0.20000000298023224
endloop
endfacet
facet normal 0 0 -1
outer loop
vertex 71.11089324951172 13.652956008911133 0.20000000298023224
vertex 69.11119842529297 14.87346076965332 0.20000000298023224
vertex 70.39799499511719 14.373135566711426 0.20000000298023224
endloop
endfacet
facet normal 0 0 -1
outer loop
vertex 71.11089324951172 13.652956008911133 0.20000000298023224
vertex 71.10653686523438 -3.6270434856414795 0.20000000298023224
vertex 70.39712524414062 -3.626864433288574 0.20000000298023224
endloop
endfacet
facet normal 0 0 -1
outer loop
vertex 70.39799499511719 14.373135566711426 0.20000000298023224
vertex 71.11107635498047 14.372956275939941 0.20000000298023224
vertex 71.11089324951172 13.652956008911133 0.20000000298023224
endloop
endfacet
facet normal 0 0 -1
outer loop
vertex 69.10640716552734 -4.1265387535095215 0.20000000298023224
vertex 71.11089324951172 13.652956008911133 0.20000000298023224
vertex 70.39712524414062 -3.626864433288574 0.20000000298023224
endloop
endfacet
facet normal 0.9999999682047503 -0.00025217156492265643 0
outer loop
vertex 69.10640716552734 -4.1265387535095215 0
vertex 69.11119842529297 14.87346076965332 0.20000000298023224
vertex 69.10640716552734 -4.1265387535095215 0.20000000298023224
endloop
endfacet
facet normal 0 0 -1
outer loop
vertex 70.39712524414062 -3.626864433288574 0.20000000298023224
vertex 70.39710235595703 -4.126864433288574 0.20000000298023224
vertex 69.10640716552734 -4.1265387535095215 0.20000000298023224
endloop
endfacet
facet normal 0.00025232895504655276 0.9999999681650488 0
outer loop
vertex 70.39710235595703 -4.126864433288574 0
vertex 69.10640716552734 -4.1265387535095215 0.20000000298023224
vertex 70.39710235595703 -4.126864433288574 0.20000000298023224
endloop
endfacet
facet normal 0 0 -1
outer loop
vertex 71.11089324951172 13.652956008911133 0.20000000298023224
vertex 69.10640716552734 -4.1265387535095215 0.20000000298023224
vertex 69.11119842529297 14.87346076965332 0.20000000298023224
endloop
endfacet
facet normal -0.9999999983743777 -0.0000570196849936351 0
outer loop
vertex -56.477317810058594 20.839473724365234 0
vertex -56.476234436035156 1.8394736051559448 0
vertex -56.477317810058594 20.839473724365234 0.20000000298023224
endloop
endfacet
facet normal 0.00005752787286081362 -0.999999998345272 0
outer loop
vertex -57.8366813659668 20.83939552307129 0
vertex -56.477317810058594 20.839473724365234 0.20000000298023224
vertex -57.8366813659668 20.83939552307129 0.20000000298023224
endloop
endfacet
facet normal 0 0 -1
outer loop
vertex -57.83622741699219 20.33939552307129 0.20000000298023224
vertex -57.8366813659668 20.83939552307129 0.20000000298023224
vertex -56.477317810058594 20.839473724365234 0.20000000298023224
endloop
endfacet
facet normal 0 0 -1
outer loop
vertex -56.477317810058594 20.839473724365234 0.20000000298023224
vertex -58.4763069152832 3.059359550476074 0.20000000298023224
vertex -57.83622741699219 20.33939552307129 0.20000000298023224
endloop
endfacet
facet normal 0 0 -1
outer loop
vertex -58.4763069152832 3.059359550476074 0.20000000298023224
vertex -58.477291107177734 20.339359283447266 0.20000000298023224
vertex -57.83622741699219 20.33939552307129 0.20000000298023224
endloop
endfacet
facet normal -0.9999999983743777 -0.0000570196849936351 0
outer loop
vertex -56.476234436035156 1.8394736051559448 0
vertex -56.476234436035156 1.8394736051559448 0.20000000298023224
vertex -56.477317810058594 20.839473724365234 0.20000000298023224
endloop
endfacet
facet normal 0 0 -1
outer loop
vertex -58.4763069152832 3.059359550476074 0.20000000298023224
vertex -56.477317810058594 20.839473724365234 0.20000000298023224
vertex -56.476234436035156 1.8394736051559448 0.20000000298023224
endloop
endfacet
facet normal -0.00005706295623325719 0.9999999983719094 0
outer loop
vertex -56.476234436035156 1.8394736051559448 0.20000000298023224
vertex -56.476234436035156 1.8394736051559448 0
vertex -57.819515228271484 1.8393969535827637 0.20000000298023224
endloop
endfacet
facet normal 0 0 -1
outer loop
vertex -56.476234436035156 1.8394736051559448 0.20000000298023224
vertex -57.819515228271484 1.8393969535827637 0.20000000298023224
vertex -57.81996536254883 2.3393969535827637 0.20000000298023224
endloop
endfacet
facet normal 0 0 -1
outer loop
vertex -58.4763069152832 3.059359550476074 0.20000000298023224
vertex -56.476234436035156 1.8394736051559448 0.20000000298023224
vertex -57.81996536254883 2.3393969535827637 0.20000000298023224
endloop
endfacet
facet normal 0.00005752787286081362 -0.999999998345272 0
outer loop
vertex -56.477317810058594 20.839473724365234 0.20000000298023224
vertex -57.8366813659668 20.83939552307129 0
vertex -56.477317810058594 20.839473724365234 0
endloop
endfacet
facet normal -0.00005706295623325719 0.9999999983719094 0
outer loop
vertex -57.819515228271484 1.8393969535827637 0
vertex -57.819515228271484 1.8393969535827637 0.20000000298023224
vertex -56.476234436035156 1.8394736051559448 0
endloop
endfacet
facet normal 0 0 -1
outer loop
vertex -57.81996536254883 2.3393969535827637 0.20000000298023224
vertex -58.47626495361328 2.3393595218658447 0.20000000298023224
vertex -58.4763069152832 3.059359550476074 0.20000000298023224
endloop
endfacet
facet normal 0 0 -1
outer loop
vertex -58.47484588623047 -22.507905960083008 0.20000000298023224
vertex -58.475833892822266 -5.227906227111816 0.20000000298023224
vertex -57.81312942504883 -5.227868556976318 0.20000000298023224
endloop
endfacet
facet normal 0.000057032702458887146 -0.9999999983736354 0
outer loop
vertex -56.475860595703125 -4.727792263031006 0.20000000298023224
vertex -57.81358337402344 -4.727868556976318 0
vertex -56.475860595703125 -4.727792263031006 0
endloop
endfacet
facet normal 0 0 -1
outer loop
vertex -57.81312942504883 -5.227868556976318 0.20000000298023224
vertex -57.81358337402344 -4.727868556976318 0.20000000298023224
vertex -56.475860595703125 -4.727792263031006 0.20000000298023224
endloop
endfacet
facet normal 0.000057032702458887146 -0.9999999983736354 0
outer loop
vertex -57.81358337402344 -4.727868556976318 0
vertex -56.475860595703125 -4.727792263031006 0.20000000298023224
vertex -57.81358337402344 -4.727868556976318 0.20000000298023224
endloop
endfacet
facet normal -0.9999999983743777 -0.000057019683920381 0
outer loop
vertex -56.47477722167969 -23.727792739868164 0.20000000298023224
vertex -56.475860595703125 -4.727792263031006 0.20000000298023224
vertex -56.475860595703125 -4.727792263031006 0
endloop
endfacet
facet normal 0 0 -1
outer loop
vertex -56.475860595703125 -4.727792263031006 0.20000000298023224
vertex -58.47484588623047 -22.507905960083008 0.20000000298023224
vertex -57.81312942504883 -5.227868556976318 0.20000000298023224
endloop
endfacet
facet normal -0.9999999983743777 -0.000057019683920381 0
outer loop
vertex -56.475860595703125 -4.727792263031006 0
vertex -56.47477722167969 -23.727792739868164 0
vertex -56.47477722167969 -23.727792739868164 0.20000000298023224
endloop
endfacet
facet normal 0 0 -1
outer loop
vertex -58.47484588623047 -22.507905960083008 0.20000000298023224
vertex -56.475860595703125 -4.727792263031006 0.20000000298023224
vertex -56.47477722167969 -23.727792739868164 0.20000000298023224
endloop
endfacet
facet normal -0.00005628355356783922 0.9999999984160808 0
outer loop
vertex -56.47477722167969 -23.727792739868164 0
vertex -57.796417236328125 -23.727867126464844 0.20000000298023224
vertex -56.47477722167969 -23.727792739868164 0.20000000298023224
endloop
endfacet
facet normal 0 0 -1
outer loop
vertex -58.47484588623047 -22.507905960083008 0.20000000298023224
vertex -56.47477722167969 -23.727792739868164 0.20000000298023224
vertex -57.79686737060547 -23.227867126464844 0.20000000298023224
endloop
endfacet
facet normal 0 0 -1
outer loop
vertex -57.79686737060547 -23.227867126464844 0.20000000298023224
vertex -58.47480773925781 -23.227907180786133 0.20000000298023224
vertex -58.47484588623047 -22.507905960083008 0.20000000298023224
endloop
endfacet
facet normal -0.00005628355356783922 0.9999999984160808 0
outer loop
vertex -56.47477722167969 -23.727792739868164 0
vertex -57.796417236328125 -23.727867126464844 0
vertex -57.796417236328125 -23.727867126464844 0.20000000298023224
endloop
endfacet
facet normal 0 0 -1
outer loop
vertex -56.47477722167969 -23.727792739868164 0.20000000298023224
vertex -57.796417236328125 -23.727867126464844 0.20000000298023224
vertex -57.79686737060547 -23.227867126464844 0.20000000298023224
endloop
endfacet
endsolid auto-kdk-case
