solid auto-kdk-case
facet normal -0.5208184269136317 -0.8536674798589515 -0.000004298469863929757
outer loop
vertex -67.9511947631836 26.717988967895508 -6.5485124588012695
vertex -67.88733673095703 26.67902946472168 -6.54362678527832
vertex -68.68949127197266 27.168392181396484 -1
endloop
endfacet
facet normal 0.15870975359729117 -0.9873252828288553 -8.861315585350611e-8
outer loop
vertex 65.84614562988281 -55.02983856201172 -1
vertex 66.77580261230469 -54.88039779663086 -12.45806884765625
vertex 66.43429565429688 -54.93529510498047 -1
endloop
endfacet
facet normal 0.000126372728595237 0.9999999920149667 0
outer loop
vertex 65.7771987915039 43.36152267456055 -1
vertex 57.596771240234375 43.36255645751953 -2.5
vertex 57.596771240234375 43.36255645751953 -1.100000023841858
endloop
endfacet
facet normal 0.039620817238844024 -0.9992147871410461 0
outer loop
vertex 65.39677429199219 -55.04765701293945 -1
vertex 65.84614562988281 -55.02983856201172 -12.53266716003418
vertex 65.84614562988281 -55.02983856201172 -1
endloop
endfacet
facet normal 0.7024126395527387 0.7117699655060995 0
outer loop
vertex 69.29150390625 41.82976150512695 -1
vertex 69.07010650634766 42.048248291015625 -5.583749771118164
vertex 69.07010650634766 42.048248291015625 -1
endloop
endfacet
facet normal 0.702412354659976 0.7117702466533897 2.7161492433470625e-8
outer loop
vertex 69.07010650634766 42.048248291015625 -5.583749771118164
vertex 69.29150390625 41.82976150512695 -1
vertex 69.7389144897461 41.38823318481445 -1
endloop
endfacet
facet normal 0.000102996825625562 -0.9999999946958269 0
outer loop
vertex 62.39677429199219 -55.04796600341797 -4
vertex 65.39677429199219 -55.04765701293945 -12.516599655151367
vertex 65.39677429199219 -55.04765701293945 -1
endloop
endfacet
facet normal 0.29870298829269154 0.9543455545159355 -0.0010427658834391601
outer loop
vertex 67.52835845947266 42.96741485595703 -1
vertex 66.67642974853516 43.229026794433594 -5.60837984085083
vertex 67.40345764160156 43.006507873535156 -1
endloop
endfacet
facet normal -0.9231038552246285 -0.38455074108552706 0
outer loop
vertex -58.145626068115234 -51.214759826660156 -1
vertex -57.90714645385742 -51.78722381591797 -12.344615936279297
vertex -57.90714645385742 -51.78722381591797 -1
endloop
endfacet
facet normal 0.5806834860948508 0.8141294055472575 0
outer loop
vertex 69.07010650634766 42.048248291015625 -1
vertex 68.3692626953125 42.54813003540039 -5.623047828674316
vertex 68.3692626953125 42.54813003540039 -1
endloop
endfacet
facet normal -0.9231057836785194 -0.3845461103486724 -0.00003398489890807248
outer loop
vertex -57.9542121887207 -51.67424011230469 -12.367911338806152
vertex -57.90714645385742 -51.78722381591797 -12.344615936279297
vertex -58.145626068115234 -51.214759826660156 -12.253080368041992
endloop
endfacet
facet normal 0.14576754551316035 0.9893188680476426 0
outer loop
vertex 65.7771987915039 43.36152267456055 -5.45684289932251
vertex 65.7771987915039 43.36152267456055 -1
vertex 66.22758483886719 43.295162200927734 -1
endloop
endfacet
facet normal -0.9843800811810999 -0.17605639941192486 0
outer loop
vertex -58.42325973510742 -50.045169830322266 -1
vertex -58.320491790771484 -50.619773864746094 -12.171194076538086
vertex -58.320491790771484 -50.619773864746094 -1
endloop
endfacet
facet normal -0.0005580699715900967 -0.999999844278191 0.0000012249831776142355
outer loop
vertex -39.181461334228516 -55.041343688964844 -1.666782259941101
vertex -33.581459045410156 -55.044471740722656 -4
vertex -38.43637466430664 -55.0417594909668 -1.659794807434082
endloop
endfacet
facet normal 0.2616906257436539 0.9651518100267412 0
outer loop
vertex -38.474365234375 47.227054595947266 -1.1018620729446411
vertex -38.5800666809082 47.255714416503906 -1.100000023841858
vertex -38.5800666809082 47.255714416503906 -1
endloop
endfacet
facet normal -0.23146655914956807 0.9728428608955608 0
outer loop
vertex -58.802490234375 54.892887115478516 -1
vertex -59.639957427978516 54.69363021850586 -4.75294303894043
vertex -59.639957427978516 54.69363021850586 -1
endloop
endfacet
facet normal 0.8889325861010765 0.4580380506955021 -0.00003850606519181634
outer loop
vertex 70.679931640625 39.859901428222656 -5.736204624176025
vertex 70.61540222167969 39.98513412475586 -5.7612152099609375
vertex 70.24954223632812 40.69518280029297 -5.645692825317383
endloop
endfacet
facet normal 0.9893137249172081 -0.14580244746072255 -0.0000022139861266443597
outer loop
vertex 70.98440551757812 -50.45787811279297 -1
vertex 70.95793151855469 -50.63751220703125 -1
vertex 71.09490966796875 -49.70790481567383 -12.142621040344238
endloop
endfacet
facet normal -0.9599329988318827 -0.28022961612412356 7.4504509830732e-7
outer loop
vertex -58.621620178222656 21.589351654052734 -1
vertex -58.667205810546875 21.745506286621094 -1
vertex -58.542293548583984 21.31760025024414 -7.096401691436768
endloop
endfacet
facet normal 0.9477703920465615 -0.09008948861422973 -0.30596595889270706
outer loop
vertex 70.95793151855469 -50.63751220703125 -12.293212890625
vertex 70.95793151855469 -50.49140167236328 -12.336234092712402
vertex 71.09490966796875 -49.70790481567383 -12.142621040344238
endloop
endfacet
facet normal -0.8287915405708722 -0.5595574879117966 0
outer loop
vertex -59.12434387207031 22.550601959228516 -7.013265132904053
vertex -59.08406066894531 22.490936279296875 -7.024779796600342
vertex -59.12434387207031 22.550601959228516 -1
endloop
endfacet
facet normal -0.9999999983632105 -0.0000572137074072961 4.1324491992646464e-7
outer loop
vertex -58.47332000732422 -49.29517364501953 -12.216444969177246
vertex -58.47444534301758 -29.5451717376709 -1
vertex -58.474735260009766 -24.477907180786133 -1
endloop
endfacet
facet normal -0.2314777640256736 0.9728401948699975 0.0000026419106351713325
outer loop
vertex -59.59290313720703 54.70482635498047 -4.764137268066406
vertex -59.639957427978516 54.69363021850586 -4.75294303894043
vertex -58.802490234375 54.892887115478516 -1
endloop
endfacet
facet normal 0.00012609526830072154 0.9999999919997442 0.000010024698437360496
outer loop
vertex 55.196773529052734 43.362857818603516 -1.100000023841858
vertex -20.04914665222168 43.372344970703125 -1
vertex 65.7771987915039 43.36152267456055 -1
endloop
endfacet
facet normal 0.35397021028970926 0.9352566975047327 0
outer loop
vertex -55.67227554321289 54.50659942626953 -1
vertex -56.09340286254883 54.665985107421875 -4.759720802307129
vertex -56.09340286254883 54.665985107421875 -1
endloop
endfacet
facet normal -0.8182365848084152 -0.5748816324088473 0
outer loop
vertex -57.607879638671875 -52.330387115478516 -12.287693977355957
vertex -57.251365661621094 -52.83781814575195 -12.292559623718262
vertex -57.607879638671875 -52.330387115478516 -1
endloop
endfacet
facet normal 0.0001022338081862827 -0.9999999947741243 0
outer loop
vertex 56.79677200317383 -55.048545837402344 -4
vertex 57.54304122924805 -55.04846954345703 -1.6590691804885864
vertex 56.79677200317383 -55.048545837402344 -1.6660151481628418
endloop
endfacet
facet normal -0.0002572932338654242 -0.9999999668553287 -0.000009462207578304192
outer loop
vertex 6.080705165863037 -55.099609375 -11.335819244384766
vertex 5.506680011749268 -55.09946060180664 -11.449999809265137
vertex 26.135560989379883 -55.104759216308594 -12.407194137573242
endloop
endfacet
facet normal -0.392051707609595 -0.9199431822457301 0
outer loop
vertex -67.88733673095703 26.67902946472168 -6.54362678527832
vertex -60.30111312866211 23.446012496948242 -6.926536560058594
vertex -67.88733673095703 26.67902946472168 -1
endloop
endfacet
facet normal 0.00010343777300602965 -0.999999994650311 6.914932394578743e-8
outer loop
vertex 26.73972511291504 -55.05165481567383 -1
vertex 65.39677429199219 -55.04765701293945 -12.516599655151367
vertex 29.72693634033203 -55.05134582519531 -1
endloop
endfacet
facet normal 0.8141258164102582 -0.5806885181009959 0
outer loop
vertex 69.78163146972656 -53.00080871582031 -1
vertex 69.78163146972656 -53.00080871582031 -12.361540794372559
vertex 70.2815170288086 -52.29996871948242 -12.37855052947998
endloop
endfacet
facet normal -0.49935763588636883 -0.8663959553702779 0
outer loop
vertex -55.346351623535156 -54.39784622192383 -12.373249053955078
vertex -55.88364791870117 -54.08816909790039 -1
vertex -55.88364791870117 -54.08816909790039 -12.382328987121582
endloop
endfacet
facet normal -0.00025711821942359044 -0.9999999669430697 0.000002020035131789535
outer loop
vertex -7.879138946533203 -55.09602355957031 -10.524024963378906
vertex -7.993319988250732 -55.09599304199219 -9.949999809265137
vertex -12.107500076293945 -55.09493637084961 -10.524024963378906
endloop
endfacet
facet normal -0.0002572489484666041 -0.9999999669113276 5.676992118262714e-7
outer loop
vertex -12.432660102844238 -55.094852447509766 -3.8893399238586426
vertex -12.107500076293945 -55.09493637084961 -4.375974655151367
vertex -7.553979873657227 -55.096107482910156 -3.8893399238586426
endloop
endfacet
facet normal -0.8537297177335604 0.5207163998363938 0
outer loop
vertex -63.004268646240234 51.817787170410156 -4.747857570648193
vertex -63.004268646240234 51.817787170410156 -1
vertex -62.60955047607422 52.46493911743164 -1
endloop
endfacet
facet normal 0.4462080883333668 0.8949292384908889 0
outer loop
vertex 68.3692626953125 42.54813003540039 -5.623047828674316
vertex 68.29590606689453 42.5847053527832 -5.64109992980957
vertex 68.3692626953125 42.54813003540039 -1
endloop
endfacet
facet normal 0.35397021028970926 0.9352566975047327 0
outer loop
vertex -56.09340286254883 54.665985107421875 -4.759720802307129
vertex -55.67227554321289 54.50659942626953 -1
vertex -55.67227554321289 54.50659942626953 -4.752763271331787
endloop
endfacet
facet normal 0.7024162586291072 0.7117663915638451 0.00005876793425798017
outer loop
vertex 69.7389144897461 41.38823318481445 -5.669356346130371
vertex 69.65484619140625 41.47119903564453 -5.692577838897705
vertex 69.07010650634766 42.048248291015625 -5.583749771118164
endloop
endfacet
facet normal -0.07957746652286202 -0.9968286847908234 0
outer loop
vertex -27.88079833984375 -55.04765701293945 -1
vertex -27.33753204345703 -55.091026306152344 -12.337173461914062
vertex -27.33753204345703 -55.091026306152344 -1
endloop
endfacet
facet normal -0.7604327060034772 -0.6494167379967244 0.000007065623769929072
outer loop
vertex -69.95540618896484 28.440696716308594 -1
vertex -69.41402435302734 27.80670738220215 -6.495735168457031
vertex -69.34521484375 27.72613525390625 -6.479797840118408
endloop
endfacet
facet normal 0.3905340567126515 0.9205884805631169 -0.0000014322761289127003
outer loop
vertex -40.6861686706543 48.149166107177734 -1.100000023841858
vertex -55.67227554321289 54.50659942626953 -4.752763271331787
vertex -45.84564971923828 50.33793258666992 -1
endloop
endfacet
facet normal -0.9231038552246286 -0.38455074108552706 0
outer loop
vertex -58.145626068115234 -51.214759826660156 -12.253080368041992
vertex -57.90714645385742 -51.78722381591797 -12.344615936279297
vertex -58.145626068115234 -51.214759826660156 -1
endloop
endfacet
facet normal 0.06762268603120816 0.9977109663293898 0
outer loop
vertex -20.04914665222168 43.372344970703125 -5.631532669067383
vertex -20.245403289794922 43.38564682006836 -5.617013454437256
vertex -20.04914665222168 43.372344970703125 -1
endloop
endfacet
facet normal -0.9965783659737912 0.08265325446108115 0
outer loop
vertex -70.96063232421875 32.67604446411133 -6.091259002685547
vertex -71.03178405761719 31.818143844604492 -6.155026435852051
vertex -70.96063232421875 32.67604446411133 -1
endloop
endfacet
facet normal 0.00010341225990829247 -0.9999999946529522 0
outer loop
vertex 51.89677429199219 -55.04905319213867 -1.5075151920318604
vertex 51.89677429199219 -55.04905319213867 -1
vertex 29.72693634033203 -55.05134582519531 -1
endloop
endfacet
facet normal -0.00025683590507628135 -0.9999999670138301 0.000002767057834440172
outer loop
vertex -7.553979873657227 -55.096107482910156 -11.010660171508789
vertex -12.919294357299805 -55.094730377197266 -11.335819244384766
vertex -7.067345142364502 -55.09623336791992 -11.335819244384766
endloop
endfacet
facet normal 0.8141285282584576 -0.5806847160685329 3.5331654592633927e-7
outer loop
vertex 69.78163146972656 -53.00080871582031 -1
vertex 70.2815170288086 -52.29996871948242 -12.37855052947998
vertex 70.2031021118164 -52.4099006652832 -1
endloop
endfacet
facet normal 0.3910091832498636 0.9203867766402745 0
outer loop
vertex -40.505340576171875 48.063209533691406 -5.251674652099609
vertex -55.67227554321289 54.50659942626953 -4.752763271331787
vertex -40.505340576171875 48.063209533691406 -3.5
endloop
endfacet
facet normal -0.0005576797264945007 -0.9999998444936059 0.0000024670954337631635
outer loop
vertex -39.98146057128906 -55.040897369384766 -4
vertex -43.329254150390625 -55.039024353027344 -1.5601030588150024
vertex -44.081459045410156 -55.038604736328125 -1.508538842201233
endloop
endfacet
facet normal -0.0011123416460693003 -0.9999993813478397 0
outer loop
vertex -49.36357879638672 -55.012657165527344 -12.371095657348633
vertex -52.9610481262207 -55.0086555480957 -1
vertex -52.9610481262207 -55.0086555480957 -12.369039535522461
endloop
endfacet
facet normal -0.9352418661166607 0.35400939516065444 -7.834030126584107e-7
outer loop
vertex -70.69731903076172 33.689430236816406 -1
vertex -70.7348861694336 33.590171813964844 -6.174044609069824
vertex -70.71746063232422 33.6362190246582 -1
endloop
endfacet
facet normal -0.0002561832886263761 -0.9999999671842412 0.0000012802548474412022
outer loop
vertex 6.8924994468688965 -55.09981918334961 -4.375974655151367
vertex 26.135560989379883 -55.104759216308594 -12.407194137573242
vertex 6.56734037399292 -55.099735260009766 -3.8893399238586426
endloop
endfacet
facet normal 0.8050785582386644 0.5931682013260263 0
outer loop
vertex 70.24954223632812 40.69518280029297 -1
vertex 69.7389144897461 41.38823318481445 -5.669356346130371
vertex 69.7389144897461 41.38823318481445 -1
endloop
endfacet
facet normal 0.08755971932984763 -0.9961592721803468 0
outer loop
vertex 26.73972511291504 -55.05165481567383 -12.453957557678223
vertex 26.135560989379883 -55.104759216308594 -1
vertex 26.135560989379883 -55.104759216308594 -12.407194137573242
endloop
endfacet
facet normal -0.7509289750050132 -0.6603829756269616 0
outer loop
vertex -57.251365661621094 -52.83781814575195 -1
vertex -56.841827392578125 -53.30350875854492 -12.359155654907227
vertex -56.841827392578125 -53.30350875854492 -1
endloop
endfacet
facet normal -0.8287807928882206 -0.5595734065692541 2.2951023122235527e-7
outer loop
vertex -59.08406066894531 22.490936279296875 -7.024779796600342
vertex -58.864532470703125 22.165794372558594 -7.069097995758057
vertex -59.12434387207031 22.550601959228516 -1
endloop
endfacet
facet normal -0.5905406761215906 -0.8070078747111794 0
outer loop
vertex -56.384117126464844 -53.72194290161133 -12.450519561767578
vertex -55.88364791870117 -54.08816909790039 -12.382328987121582
vertex -56.384117126464844 -53.72194290161133 -1
endloop
endfacet
facet normal -0.0011123416460693003 -0.9999993813478398 0
outer loop
vertex -52.9610481262207 -55.0086555480957 -1
vertex -49.36357879638672 -55.012657165527344 -12.371095657348633
vertex -49.36357879638672 -55.012657165527344 -1
endloop
endfacet
facet normal -0.4754855265883059 -0.8797235440779344 0
outer loop
vertex -60.30111312866211 23.446012496948242 -6.926536560058594
vertex -60.038238525390625 23.303930282592773 -6.920874118804932
vertex -60.30111312866211 23.446012496948242 -1
endloop
endfacet
facet normal -0.00025711821942359044 -0.9999999669430697 -0.000002020035131789535
outer loop
vertex -12.107500076293945 -55.09493637084961 -4.375974655151367
vertex -7.993319988250732 -55.09599304199219 -4.949999809265137
vertex -7.879138946533203 -55.09602355957031 -4.375974655151367
endloop
endfacet
facet normal -0.9352710079661261 0.35393239701675616 0
outer loop
vertex -70.7348861694336 33.590171813964844 -6.174044609069824
vertex -70.7348861694336 33.590171813964844 -1
vertex -70.71746063232422 33.6362190246582 -1
endloop
endfacet
facet normal 0.5806834860948509 0.8141294055472577 0
outer loop
vertex 69.07010650634766 42.048248291015625 -5.583749771118164
vertex 68.3692626953125 42.54813003540039 -5.623047828674316
vertex 69.07010650634766 42.048248291015625 -1
endloop
endfacet
facet normal -0.7617854603063174 0.6478293853059554 0
outer loop
vertex -61.957298278808594 53.2757682800293 -4.750615119934082
vertex -62.51498031616211 52.61998748779297 -4.82436466217041
vertex -61.957298278808594 53.2757682800293 -1
endloop
endfacet
facet normal -0.08726744498145186 -0.9961849191020757 0
outer loop
vertex -52.9610481262207 -55.0086555480957 -12.369039535522461
vertex -53.578834533691406 -54.95453643798828 -1
vertex -53.578834533691406 -54.95453643798828 -12.414809226989746
endloop
endfacet
facet normal 0.08256028418934064 0.9965860722860697 0
outer loop
vertex -57.007537841796875 54.89164352416992 -4.676764488220215
vertex -57.86544418334961 54.96271514892578 -4.749131679534912
vertex -57.007537841796875 54.89164352416992 -1
endloop
endfacet
facet normal -0.00025489565073558867 -0.9999999675141031 0
outer loop
vertex -26.99332046508789 -55.09111404418945 -9.949999809265137
vertex -26.99332046508789 -55.09111404418945 -4.949999809265137
vertex -27.33753204345703 -55.091026306152344 -12.337173461914062
endloop
endfacet
facet normal -0.5225386775764608 0.8526155818636225 0
outer loop
vertex -60.508819580078125 54.33584976196289 -1
vertex -61.24279022216797 53.886024475097656 -4.7814717292785645
vertex -61.24279022216797 53.886024475097656 -1
endloop
endfacet
facet normal 0.9496321700595477 0.31336678443637617 0
outer loop
vertex 70.679931640625 39.859901428222656 -5.736204624176025
vertex 70.679931640625 39.859901428222656 -1
vertex 70.94969177246094 39.042415618896484 -1
endloop
endfacet
facet normal -0.07431326892282313 0.997234946269937 0
outer loop
vertex -58.802490234375 54.892887115478516 -1
vertex -57.86544418334961 54.96271514892578 -1
vertex -58.802490234375 54.892887115478516 -4.677227020263672
endloop
endfacet
facet normal -0.9824888833202227 -0.04190375492747327 -0.1815479811927416
outer loop
vertex -70.96204376220703 31.027202606201172 -6.349882125854492
vertex -70.96204376220703 30.881092071533203 -6.316157817840576
vertex -71.03178405761719 31.818143844604492 -6.155026435852051
endloop
endfacet
facet normal 0.9873244768411864 0.15871476752425204 0
outer loop
vertex 71.09913635253906 38.11275863647461 -1
vertex 71.09913635253906 38.11275863647461 -5.829317092895508
vertex 70.94969177246094 39.042415618896484 -5.7231974601745605
endloop
endfacet
facet normal -0.0002548956507355886 -0.999999967514103 0
outer loop
vertex -26.99332046508789 -55.09111404418945 -4.949999809265137
vertex -27.33753204345703 -55.091026306152344 -1
vertex -27.33753204345703 -55.091026306152344 -12.337173461914062
endloop
endfacet
facet normal -0.6186903117234066 -0.7856349649675601 -1.1993579513817582e-7
outer loop
vertex -59.751853942871094 23.135961532592773 -6.920407295227051
vertex -59.440425872802734 22.890710830688477 -6.946681022644043
vertex -59.80520248413086 23.1779727935791 -1
endloop
endfacet
facet normal 0.26168136932839253 0.9651543197573537 3.707558719338352e-7
outer loop
vertex -38.06781005859375 47.116825103759766 -1
vertex -38.5800666809082 47.255714416503906 -5.331120491027832
vertex -38.474365234375 47.227054595947266 -2.498137950897217
endloop
endfacet
facet normal -0.00025674057094894024 -0.999999967042139 0
outer loop
vertex 6.56734037399292 -55.099735260009766 -3.8893399238586426
vertex 26.135560989379883 -55.104759216308594 -12.407194137573242
vertex 26.135560989379883 -55.104759216308594 -1
endloop
endfacet
facet normal 0.3905327599317271 0.9205890271839154 -0.00008030367617008583
outer loop
vertex -40.6861686706543 48.149166107177734 -1.100000023841858
vertex -45.84564971923828 50.33793258666992 -1
vertex -38.5800666809082 47.255714416503906 -1.100000023841858
endloop
endfacet
facet normal 0.987322016950389 0.15873001000844833 -0.00013699537811291674
outer loop
vertex 71.09913635253906 38.11275863647461 -5.829317092895508
vertex 71.07569122314453 38.25857925415039 -5.842341899871826
vertex 70.94969177246094 39.042415618896484 -5.7231974601745605
endloop
endfacet
facet normal 0.00010223022973360868 -0.9999999947737377 -0.0000012266291340421402
outer loop
vertex 60.149864196777344 -55.04819869995117 -1.5588409900665283
vertex 62.39677429199219 -55.04796600341797 -4
vertex 60.89677429199219 -55.04812240600586 -1.5076065063476562
endloop
endfacet
facet normal -0.7325065073427646 -0.6807600287182733 0
outer loop
vertex -59.440425872802734 22.890710830688477 -6.946681022644043
vertex -59.17705535888672 22.60732078552246 -6.9899396896362305
vertex -59.440425872802734 22.890710830688477 -1
endloop
endfacet
facet normal 0.00010689526789253843 -0.9999999942759124 0.000004645110118777636
outer loop
vertex 53.3585319519043 -55.04890060424805 -1.5949000120162964
vertex 52.64323425292969 -55.04897689819336 -1.5587341785430908
vertex 55.99677276611328 -55.04862976074219 -4
endloop
endfacet
facet normal -0.9202670247485116 0.3912909443885994 0
outer loop
vertex -70.57568359375 34.010772705078125 -6.16963005065918
vertex -63.004268646240234 51.817787170410156 -1
vertex -63.004268646240234 51.817787170410156 -4.747857570648193
endloop
endfacet
facet normal 0.00010286061446585259 -0.9999999946990622 -0.0000046443073513384064
outer loop
vertex 50.39677429199219 -55.0492057800293 -4
vertex 55.99677276611328 -55.04862976074219 -4
vertex 29.72693634033203 -55.05134582519531 -1
endloop
endfacet
facet normal -0.00025685625366590845 -0.9999999670123939 -2.7544148589139944e-7
outer loop
vertex -27.33753204345703 -55.091026306152344 -1
vertex -25.49332046508789 -55.09149932861328 -3.450000047683716
vertex -13.493319511413574 -55.094581604003906 -3.450000047683716
endloop
endfacet
facet normal -0.00025692816745883506 -0.9999999669905031 -0.000002628600693515295
outer loop
vertex 6.56734037399292 -55.099735260009766 -11.010660171508789
vertex 6.080705165863037 -55.099609375 -11.335819244384766
vertex 26.135560989379883 -55.104759216308594 -12.407194137573242
endloop
endfacet
facet normal -0.0005596391887996947 -0.9999998434019728 -9.049773708907055e-8
outer loop
vertex -35.081459045410156 -55.04363250732422 -1.5080461502075195
vertex -35.83124923706055 -55.043212890625 -1.559526801109314
vertex -33.581459045410156 -55.044471740722656 -4
endloop
endfacet
facet normal -0.000558227106369653 -0.9999998441912368 0
outer loop
vertex -39.98146057128906 -55.040897369384766 -4
vertex -39.98146057128906 -55.040897369384766 -1.6668299436569214
vertex -40.726322174072266 -55.04048156738281 -1.6599332094192505
endloop
endfacet
facet normal -0.7325070977916354 -0.6807593933871757 0
outer loop
vertex -59.440425872802734 22.890710830688477 -1
vertex -59.12434387207031 22.550601959228516 -7.013265132904053
vertex -59.12434387207031 22.550601959228516 -1
endloop
endfacet
facet normal -0.0002562812639627103 -0.999999967150016 0.0000044587932897879466
outer loop
vertex 26.135560989379883 -55.104759216308594 -12.407194137573242
vertex 7.006680011749268 -55.09984588623047 -9.949999809265137
vertex 6.8924994468688965 -55.09981918334961 -10.524024963378906
endloop
endfacet
facet normal -0.7604594646925533 -0.6493854037160948 0
outer loop
vertex -69.95540618896484 28.440696716308594 -1
vertex -69.34521484375 27.72613525390625 -6.479797840118408
vertex -69.34521484375 27.72613525390625 -1
endloop
endfacet
facet normal 0.4462194922072226 0.8949235524749187 0
outer loop
vertex 68.3692626953125 42.54813003540039 -1
vertex 67.52835845947266 42.96741485595703 -5.542672157287598
vertex 67.52835845947266 42.96741485595703 -1
endloop
endfacet
facet normal -0.05656118135298688 -0.9983991349975994 0
outer loop
vertex -48.95357131958008 -55.035884857177734 -12.351673126220703
vertex -49.36357879638672 -55.012657165527344 -1
vertex -49.36357879638672 -55.012657165527344 -12.371095657348633
endloop
endfacet
facet normal -0.9728640009289936 -0.23137769057632013 0
outer loop
vertex -70.96204376220703 30.881092071533203 -1
vertex -70.76286315917969 30.04360580444336 -6.308543682098389
vertex -70.76286315917969 30.04360580444336 -1
endloop
endfacet
facet normal -0.0002572489484660516 -0.9999999669091798 -0.0000021488933688903125
outer loop
vertex -7.067345142364502 -55.09623336791992 -3.564180612564087
vertex -12.432660102844238 -55.094852447509766 -3.8893399238586426
vertex -7.553979873657227 -55.096107482910156 -3.8893399238586426
endloop
endfacet
facet normal -0.00025685627407901786 -0.9999999670124267 1.7624150284330823e-8
outer loop
vertex 26.135560989379883 -55.104759216308594 -1
vertex -6.493319988250732 -55.096378326416016 -3.450000047683716
vertex 5.506680011749268 -55.09946060180664 -3.450000047683716
endloop
endfacet
facet normal 0.00010341717223363 -0.9999999946524443 0
outer loop
vertex 65.39677429199219 -55.04765701293945 -12.516599655151367
vertex 26.73972511291504 -55.05165481567383 -1
vertex 26.73972511291504 -55.05165481567383 -12.453957557678223
endloop
endfacet
facet normal -0.8287824716119893 -0.5595709202136244 0
outer loop
vertex -59.12434387207031 22.550601959228516 -1
vertex -58.864532470703125 22.165794372558594 -7.069097995758057
vertex -58.864532470703125 22.165794372558594 -1
endloop
endfacet
facet normal 0.000102996825625562 -0.9999999946958269 0
outer loop
vertex 62.39677429199219 -55.04796600341797 -5
vertex 65.39677429199219 -55.04765701293945 -12.516599655151367
vertex 62.39677429199219 -55.04796600341797 -4
endloop
endfacet
facet normal -0.00025653841325281126 -0.9999999670917403 -0.0000021355792045248677
outer loop
vertex -11.993319511413574 -55.094966888427734 -9.949999809265137
vertex -12.107500076293945 -55.09493637084961 -10.524024963378906
vertex -7.993319988250732 -55.09599304199219 -9.949999809265137
endloop
endfacet
facet normal 0.45803658171090944 -0.8889333438535114 0
outer loop
vertex 67.63166046142578 -54.59086227416992 -12.513612747192383
vertex 68.4285659790039 -54.18024444580078 -12.42192268371582
vertex 68.4285659790039 -54.18024444580078 -1
endloop
endfacet
facet normal -0.0002570713820968138 -0.99999996695604 -0.0000014910675518211463
outer loop
vertex -27.33753204345703 -55.091026306152344 -1
vertex -13.493319511413574 -55.094581604003906 -3.450000047683716
vertex -7.067345142364502 -55.09623336791992 -3.564180612564087
endloop
endfacet
facet normal -0.9843867778053358 -0.17601895261044245 -0.0000019877267696401448
outer loop
vertex -58.42325973510742 -50.045169830322266 -1
vertex -58.42967224121094 -50.009307861328125 -1
vertex -58.320491790771484 -50.619773864746094 -12.171194076538086
endloop
endfacet
facet normal -0.6479033312067749 -0.7617225698449299 0
outer loop
vertex -69.34521484375 27.72613525390625 -1
vertex -68.68949127197266 27.168392181396484 -6.453944206237793
vertex -68.68949127197266 27.168392181396484 -1
endloop
endfacet
facet normal -0.9247094142023304 -0.3806737438878375 0
outer loop
vertex -70.76286315917969 30.04360580444336 -1
vertex -70.40516662597656 29.174711227416992 -6.402919769287109
vertex -70.40516662597656 29.174711227416992 -1
endloop
endfacet
facet normal -0.9052016313508398 -0.4249823603386283 -8.86981944620615e-7
outer loop
vertex -58.754051208496094 21.930484771728516 -7.07589864730835
vertex -58.667205810546875 21.745506286621094 -7.078927040100098
vertex -58.864532470703125 22.165794372558594 -1
endloop
endfacet
facet normal -0.8182365848084152 -0.5748816324088474 0
outer loop
vertex -57.607879638671875 -52.330387115478516 -1
vertex -57.251365661621094 -52.83781814575195 -12.292559623718262
vertex -57.251365661621094 -52.83781814575195 -1
endloop
endfacet
facet normal -0.5207948846627531 -0.8536818424384519 0
outer loop
vertex -67.9511947631836 26.717988967895508 -6.5485124588012695
vertex -68.68949127197266 27.168392181396484 -1
vertex -68.68949127197266 27.168392181396484 -6.453944206237793
endloop
endfacet
facet normal -0.08726744498145186 -0.9961849191020757 0
outer loop
vertex -53.578834533691406 -54.95453643798828 -1
vertex -52.9610481262207 -55.0086555480957 -12.369039535522461
vertex -52.9610481262207 -55.0086555480957 -1
endloop
endfacet
facet normal 0.999999798197614 0.0006352989307064687 0
outer loop
vertex 71.11196899414062 17.913387298583984 -1
vertex 71.09913635253906 38.11275863647461 -5.829317092895508
vertex 71.09913635253906 38.11275863647461 -1
endloop
endfacet
facet normal -0.05656118135298688 -0.9983991349975994 0
outer loop
vertex -49.36357879638672 -55.012657165527344 -1
vertex -48.95357131958008 -55.035884857177734 -12.351673126220703
vertex -48.95357131958008 -55.035884857177734 -1
endloop
endfacet
facet normal -0.852663055282731 -0.5224612082785847 0
outer loop
vertex -70.40516662597656 29.174711227416992 -1
vertex -69.95540618896484 28.440696716308594 -6.389023303985596
vertex -69.95540618896484 28.440696716308594 -1
endloop
endfacet
facet normal -0.0002571182194240598 -0.9999999669448951 -6.555537484111809e-7
outer loop
vertex -7.553979873657227 -55.096107482910156 -3.8893399238586426
vertex -12.107500076293945 -55.09493637084961 -4.375974655151367
vertex -7.879138946533203 -55.09602355957031 -4.375974655151367
endloop
endfacet
facet normal 0.7024124489688712 0.7117701535843947 0
outer loop
vertex 69.07010650634766 42.048248291015625 -5.583749771118164
vertex 69.7389144897461 41.38823318481445 -1
vertex 69.7389144897461 41.38823318481445 -5.669356346130371
endloop
endfacet
facet normal -0.9202670247485119 0.39129094438859946 0
outer loop
vertex -63.004268646240234 51.817787170410156 -1
vertex -70.57568359375 34.010772705078125 -6.16963005065918
vertex -70.57568359375 34.010772705078125 -1
endloop
endfacet
facet normal 0.00006294298356490649 0.9999999756164677 0.00021167249393573402
outer loop
vertex 57.396759033203125 43.362579345703125 -3.5
vertex 55.39677429199219 43.36270523071289 -3.5
vertex 65.7771987915039 43.36152267456055 -1
endloop
endfacet
facet normal 0.4462205568232791 0.8949230216439078 -2.4606872296636777e-7
outer loop
vertex 67.52835845947266 42.96741485595703 -5.542672157287598
vertex 68.3692626953125 42.54813003540039 -1
vertex 68.29590606689453 42.5847053527832 -5.64109992980957
endloop
endfacet
facet normal -0.5225386775764608 0.8526155818636225 0
outer loop
vertex -60.508819580078125 54.33584976196289 -4.70238733291626
vertex -61.24279022216797 53.886024475097656 -4.7814717292785645
vertex -60.508819580078125 54.33584976196289 -1
endloop
endfacet
facet normal 0.8949259819919776 -0.44621461961223846 0
outer loop
vertex 70.70079803466797 -51.45906066894531 -12.283802032470703
vertex 70.2815170288086 -52.29996871948242 -1
vertex 70.2815170288086 -52.29996871948242 -12.37855052947998
endloop
endfacet
facet normal -0.23146585669445016 0.9728430280290364 0
outer loop
vertex -58.802490234375 54.892887115478516 -4.677227020263672
vertex -59.59290313720703 54.70482635498047 -4.764137268066406
vertex -58.802490234375 54.892887115478516 -1
endloop
endfacet
facet normal 0.14576978072919422 0.9893185387052826 4.548044887282102e-7
outer loop
vertex 66.67642974853516 43.229026794433594 -5.60837984085083
vertex 65.7771987915039 43.36152267456055 -5.45684289932251
vertex 66.7068099975586 43.22454833984375 -1
endloop
endfacet
facet normal -0.00025653841325339624 -0.9999999670940207 0
outer loop
vertex -11.993319511413574 -55.094966888427734 -4.949999809265137
vertex -11.993319511413574 -55.094966888427734 -9.949999809265137
vertex -7.993319988250732 -55.09599304199219 -4.949999809265137
endloop
endfacet
facet normal 0.8889342856733077 0.4580347538718934 0
outer loop
vertex 70.679931640625 39.859901428222656 -1
vertex 70.24954223632812 40.69518280029297 -5.645692825317383
vertex 70.24954223632812 40.69518280029297 -1
endloop
endfacet
facet normal -0.6494533799377088 0.7604014119446952 0
outer loop
vertex -61.957298278808594 53.2757682800293 -1
vertex -61.24279022216797 53.886024475097656 -1
vertex -61.957298278808594 53.2757682800293 -4.750615119934082
endloop
endfacet
facet normal -0.38076250497878705 0.9246728690743982 0
outer loop
vertex -60.508819580078125 54.33584976196289 -1
vertex -59.7404899597168 54.6522331237793 -1
vertex -60.508819580078125 54.33584976196289 -4.70238733291626
endloop
endfacet
facet normal -0.40226752810848765 -0.9155221656680341 0
outer loop
vertex -55.346351623535156 -54.39784622192383 -12.373249053955078
vertex -54.77859115600586 -54.64731216430664 -12.423389434814453
vertex -55.346351623535156 -54.39784622192383 -1
endloop
endfacet
facet normal 0.0825607062351723 0.9965860373223927 0
outer loop
vertex -57.86544418334961 54.96271514892578 -4.749131679534912
vertex -57.86544418334961 54.96271514892578 -1
vertex -57.44747543334961 54.9280891418457 -1
endloop
endfacet
facet normal 0.9496321700595478 0.3133667844363762 0
outer loop
vertex 70.679931640625 39.859901428222656 -5.736204624176025
vertex 70.94969177246094 39.042415618896484 -1
vertex 70.94969177246094 39.042415618896484 -5.7231974601745605
endloop
endfacet
facet normal -0.000558907737944102 -0.999999843811058 0
outer loop
vertex -35.081459045410156 -55.04363250732422 -1
vertex -27.88079833984375 -55.04765701293945 -12.373777389526367
vertex -27.88079833984375 -55.04765701293945 -1
endloop
endfacet
facet normal -0.9352447450000969 0.3540017888110369 -0.000021640002815219723
outer loop
vertex -70.68275451660156 33.72789764404297 -6.204735279083252
vertex -70.7348861694336 33.590171813964844 -6.174044609069824
vertex -70.57568359375 34.010772705078125 -6.16963005065918
endloop
endfacet
facet normal 0.23966045125679616 0.9708567701280086 0
outer loop
vertex -57.007537841796875 54.89164352416992 -4.676764488220215
vertex -57.007537841796875 54.89164352416992 -1
vertex -56.09340286254883 54.665985107421875 -1
endloop
endfacet
facet normal -0.30040907204003414 -0.9538104578143635 0
outer loop
vertex -54.77859115600586 -54.64731216430664 -12.423389434814453
vertex -54.23222732543945 -54.819393157958984 -12.52385425567627
vertex -54.77859115600586 -54.64731216430664 -1
endloop
endfacet
facet normal 0.00012597208723195765 0.9999999900402226 0.00006364423201835062
outer loop
vertex 55.396785736083984 43.362831115722656 -5.477971076965332
vertex -20.04914665222168 43.372344970703125 -5.631532669067383
vertex 55.39677429199219 43.36270523071289 -3.5
endloop
endfacet
facet normal 0.3905335931543743 0.9205886772157986 0
outer loop
vertex -55.67227554321289 54.50659942626953 -4.752763271331787
vertex -55.67227554321289 54.50659942626953 -1
vertex -45.84564971923828 50.33793258666992 -1
endloop
endfacet
facet normal -0.8758568276101327 -0.4825710492028241 0
outer loop
vertex -57.607879638671875 -52.330387115478516 -12.287693977355957
vertex -57.90714645385742 -51.78722381591797 -1
vertex -57.90714645385742 -51.78722381591797 -12.344615936279297
endloop
endfacet
facet normal 0.261690625743654 0.9651518100267413 0
outer loop
vertex -38.5800666809082 47.255714416503906 -5.331120491027832
vertex -38.5800666809082 47.255714416503906 -2.5
vertex -38.474365234375 47.227054595947266 -2.498137950897217
endloop
endfacet
facet normal 0.9892168671252026 0.03464996175887953 0.14230028090312197
outer loop
vertex 71.09913635253906 38.11275863647461 -5.829317092895508
vertex 71.11196899414062 17.913387298583984 -1
vertex 71.11695098876953 37.663387298583984 -5.843736171722412
endloop
endfacet
facet normal -0.9051966960476762 -0.42499287225125426 0
outer loop
vertex -58.864532470703125 22.165794372558594 -1
vertex -58.667205810546875 21.745506286621094 -7.078927040100098
vertex -58.667205810546875 21.745506286621094 -1
endloop
endfacet
facet normal -0.852663055282731 -0.5224612082785846 0
outer loop
vertex -70.40516662597656 29.174711227416992 -6.402919769287109
vertex -69.95540618896484 28.440696716308594 -6.389023303985596
vertex -70.40516662597656 29.174711227416992 -1
endloop
endfacet
facet normal 0.20648191094857177 0.9784504179829194 -2.762533578172637e-7
outer loop
vertex -20.690732955932617 43.44974899291992 -5.596555709838867
vertex -38.06781005859375 47.116825103759766 -5.355587482452393
vertex -20.453941345214844 43.3997802734375 -1
endloop
endfacet
facet normal -0.0002568562740783996 -0.9999999670100196 0.0000021941110240445027
outer loop
vertex -6.493319988250732 -55.096378326416016 -11.449999809265137
vertex -27.33753204345703 -55.091026306152344 -12.337173461914062
vertex 5.506680011749268 -55.09946060180664 -11.449999809265137
endloop
endfacet
facet normal 0.00010737196530767251 -0.9999999942217124 0.000005276028220081621
outer loop
vertex 58.7628288269043 -55.048343658447266 -1.625327467918396
vertex 62.39677429199219 -55.04796600341797 -4
vertex 59.436363220214844 -55.04827117919922 -1.5949000120162964
endloop
endfacet
facet normal -0.0002568359050595006 -0.9999999669484936 -0.00001176135763450226
outer loop
vertex -13.493319511413574 -55.094581604003906 -11.449999809265137
vertex -7.067345142364502 -55.09623336791992 -11.335819244384766
vertex -12.919294357299805 -55.094730377197266 -11.335819244384766
endloop
endfacet
facet normal 0.00010319935583996519 -0.9999999946748986 3.0965502381719826e-7
outer loop
vertex 54.03053665161133 -55.048831939697266 -1.6252720355987549
vertex 55.99677276611328 -55.04862976074219 -4
vertex 55.25046157836914 -55.0487060546875 -1.659043550491333
endloop
endfacet
facet normal -0.9352448204168631 0.3540015902272612 0
outer loop
vertex -70.7348861694336 33.590171813964844 -6.174044609069824
vertex -70.57568359375 34.010772705078125 -1
vertex -70.57568359375 34.010772705078125 -6.16963005065918
endloop
endfacet
facet normal 0.00010354174004974023 -0.9999999946394671 -4.1695777664096114e-7
outer loop
vertex 56.79677200317383 -55.048545837402344 -4
vertex 62.39677429199219 -55.04796600341797 -4
vertex 57.54304122924805 -55.04846954345703 -1.6590691804885864
endloop
endfacet
facet normal -0.5207967779414884 -0.8536806874269581 0
outer loop
vertex -68.68949127197266 27.168392181396484 -1
vertex -67.88733673095703 26.67902946472168 -6.54362678527832
vertex -67.88733673095703 26.67902946472168 -1
endloop
endfacet
facet normal -0.9999999983753908 -0.00005700191561776939 0
outer loop
vertex -58.47332000732422 -49.29517364501953 -12.216444969177246
vertex -58.477317810058594 20.839359283447266 -1
vertex -58.477317810058594 20.839359283447266 -7.15741491317749
endloop
endfacet
facet normal 0.9999999681841759 -0.00025225290893844183 3.4219576125221953e-7
outer loop
vertex 71.09989166259766 -29.95790672302246 -1
vertex 71.09490966796875 -49.70790481567383 -1
vertex 71.11695098876953 37.663387298583984 -5.843736171722412
endloop
endfacet
facet normal 0.00010353468467195738 -0.9999999946402844 0
outer loop
vertex 50.39677429199219 -55.0492057800293 -5
vertex 50.39677429199219 -55.0492057800293 -4
vertex 29.72693634033203 -55.05134582519531 -1
endloop
endfacet
facet normal 0.08755971932984763 -0.9961592721803468 0
outer loop
vertex 26.135560989379883 -55.104759216308594 -1
vertex 26.73972511291504 -55.05165481567383 -12.453957557678223
vertex 26.73972511291504 -55.05165481567383 -1
endloop
endfacet
facet normal 0.9543480021980077 -0.29869698810110457 0
outer loop
vertex 70.73056030273438 -51.36397171020508 -1
vertex 70.95793151855469 -50.63751220703125 -12.293212890625
vertex 70.95793151855469 -50.63751220703125 -1
endloop
endfacet
facet normal -0.4754894340525911 -0.8797214321047014 0
outer loop
vertex -60.30111312866211 23.446012496948242 -1
vertex -59.80520248413086 23.1779727935791 -6.928676128387451
vertex -59.80520248413086 23.1779727935791 -1
endloop
endfacet
facet normal -0.0005585807360970297 -0.9999998439937271 2.8773297447833505e-7
outer loop
vertex -48.95357131958008 -55.035884857177734 -1
vertex -45.581459045410156 -55.03776931762695 -4
vertex -39.98146057128906 -55.040897369384766 -4
endloop
endfacet
facet normal -0.07957746652286202 -0.9968286847908235 0
outer loop
vertex -27.33753204345703 -55.091026306152344 -12.337173461914062
vertex -27.88079833984375 -55.04765701293945 -1
vertex -27.88079833984375 -55.04765701293945 -12.373777389526367
endloop
endfacet
facet normal -0.9999999983788244 -0.000056941332052944876 -1.894069709264048e-7
outer loop
vertex -58.47332000732422 -49.29517364501953 -12.216444969177246
vertex -58.474735260009766 -24.477907180786133 -1
vertex -58.47590255737305 -3.9779062271118164 -1
endloop
endfacet
facet normal -0.0002588260824652314 -0.9999999665029834 -0.0000017582093427791765
outer loop
vertex -27.33753204345703 -55.091026306152344 -1
vertex -26.067344665527344 -55.09135055541992 -3.564180612564087
vertex -25.49332046508789 -55.09149932861328 -3.450000047683716
endloop
endfacet
facet normal 0.06762071376882792 0.9977111000030993 0
outer loop
vertex -20.04914665222168 43.372344970703125 -1
vertex -20.453941345214844 43.3997802734375 -5.622865676879883
vertex -20.453941345214844 43.3997802734375 -1
endloop
endfacet
facet normal -0.000257248948466604 -0.9999999669113273 5.68202794409081e-7
outer loop
vertex -7.553979873657227 -55.096107482910156 -11.010660171508789
vertex -7.879138946533203 -55.09602355957031 -10.524024963378906
vertex -12.432660102844238 -55.094852447509766 -11.010660171508789
endloop
endfacet
facet normal 0.5931632129843296 -0.8050822335402184 0
outer loop
vertex 68.4285659790039 -54.18024444580078 -1
vertex 69.12162017822266 -53.669620513916016 -12.451982498168945
vertex 69.12162017822266 -53.669620513916016 -1
endloop
endfacet
facet normal 0.26170071855772936 0.9651490734088786 -0.0000020859831222010394
outer loop
vertex -38.42698669433594 47.21420669555664 -5.329168796539307
vertex -38.5800666809082 47.255714416503906 -5.331120491027832
vertex -38.06781005859375 47.116825103759766 -1
endloop
endfacet
facet normal 0.4580315458489157 -0.8889359386407202 4.4109283583105367e-7
outer loop
vertex 67.5932846069336 -54.61063003540039 -1
vertex 67.63166046142578 -54.59086227416992 -12.513612747192383
vertex 68.4285659790039 -54.18024444580078 -1
endloop
endfacet
facet normal -0.9599376531171043 -0.2802136722717601 -2.6225113184126194e-8
outer loop
vertex -58.542293548583984 21.31760025024414 -7.096401691436768
vertex -58.5370979309082 21.299800872802734 -1
vertex -58.621620178222656 21.589351654052734 -1
endloop
endfacet
facet normal -0.0005589968748385299 -0.999999843761017 6.598296978281808e-7
outer loop
vertex -43.329254150390625 -55.039024353027344 -1.5601030588150024
vertex -39.98146057128906 -55.040897369384766 -4
vertex -42.640052795410156 -55.03940963745117 -1.5949000120162964
endloop
endfacet
facet normal 0.2616772978344273 0.9651554236484776 0
outer loop
vertex -38.06781005859375 47.116825103759766 -5.355587482452393
vertex -38.42698669433594 47.21420669555664 -5.329168796539307
vertex -38.06781005859375 47.116825103759766 -1
endloop
endfacet
facet normal 0.3133760955071676 -0.9496290974715773 0
outer loop
vertex 66.77580261230469 -54.88039779663086 -1
vertex 67.5932846069336 -54.61063003540039 -12.505426406860352
vertex 67.5932846069336 -54.61063003540039 -1
endloop
endfacet
facet normal 0.00010371307732733978 -0.999999994621374 9.218368297474706e-7
outer loop
vertex 65.39677429199219 -55.04765701293945 -12.516599655151367
vertex 50.39677429199219 -55.0492057800293 -5
vertex 29.72693634033203 -55.05134582519531 -1
endloop
endfacet
facet normal -0.0005604355301959406 -0.9999998429541491 -0.000001921843517370086
outer loop
vertex -37.217552185058594 -55.04243850708008 -1.625996470451355
vertex -33.581459045410156 -55.044471740722656 -4
vertex -36.53018569946289 -55.042823791503906 -1.5949000120162964
endloop
endfacet
facet normal -0.00026350208187915747 -0.9999999652830445 -7.499831865442484e-7
outer loop
vertex -27.33753204345703 -55.091026306152344 -1
vertex -26.99332046508789 -55.09111404418945 -4.949999809265137
vertex -26.879138946533203 -55.09114456176758 -4.375974655151367
endloop
endfacet
facet normal -0.0002587864958863268 -0.9999999665024877 -0.000004957114332752284
outer loop
vertex 7.006680011749268 -55.09984588623047 -4.949999809265137
vertex 26.135560989379883 -55.104759216308594 -12.407194137573242
vertex 6.8924994468688965 -55.09981918334961 -4.375974655151367
endloop
endfacet
facet normal 0.9999999681652191 -0.00025232826574801383 8.355119370939912e-8
outer loop
vertex 71.11695098876953 37.663387298583984 -5.843736171722412
vertex 71.11138916015625 15.622956275939941 -1
vertex 71.10621643066406 -4.8770432472229 -1
endloop
endfacet
facet normal -0.9843804746128446 -0.17605419961191168 0
outer loop
vertex -58.320491790771484 -50.619773864746094 -12.171194076538086
vertex -58.42967224121094 -50.009307861328125 -1
vertex -58.42967224121094 -50.009307861328125 -12.15476131439209
endloop
endfacet
facet normal -0.9907155913375074 -0.135950052999751 0.00044740377513750407
outer loop
vertex -58.488426208496094 20.92490577697754 -7.140256404876709
vertex -58.5370979309082 21.299800872802734 -1
vertex -58.542293548583984 21.31760025024414 -7.096401691436768
endloop
endfacet
facet normal -0.00025772197450763895 -0.9999999667629969 0.0000073067801006378195
outer loop
vertex 26.135560989379883 -55.104759216308594 -1
vertex 5.506680011749268 -55.09946060180664 -3.450000047683716
vertex 6.080705165863037 -55.099609375 -3.564180612564087
endloop
endfacet
facet normal -0.0002570924029999225 -0.9999999669489087 0.000002382802938733029
outer loop
vertex 6.080705165863037 -55.099609375 -3.564180612564087
vertex 6.56734037399292 -55.099735260009766 -3.8893399238586426
vertex 26.135560989379883 -55.104759216308594 -1
endloop
endfacet
facet normal -0.618689104913486 -0.7856359153331455 0
outer loop
vertex -59.80520248413086 23.1779727935791 -1
vertex -59.440425872802734 22.890710830688477 -6.946681022644043
vertex -59.440425872802734 22.890710830688477 -1
endloop
endfacet
facet normal 0.039620817238844024 -0.9992147871410461 0
outer loop
vertex 65.84614562988281 -55.02983856201172 -12.53266716003418
vertex 65.39677429199219 -55.04765701293945 -1
vertex 65.39677429199219 -55.04765701293945 -12.516599655151367
endloop
endfacet
facet normal 0.0001255672360669398 0.9999999839915802 -0.0001274743451687226
outer loop
vertex 55.39677429199219 43.36270523071289 -3.5
vertex 55.196773529052734 43.362857818603516 -2.5
vertex 57.596771240234375 43.36255645751953 -2.5
endloop
endfacet
facet normal -0.0005582545256577407 -0.9999998441759301 0
outer loop
vertex -44.081459045410156 -55.038604736328125 -1
vertex -48.95357131958008 -55.035884857177734 -1
vertex -44.081459045410156 -55.038604736328125 -1.508538842201233
endloop
endfacet
facet normal -0.8758568276101326 -0.4825710492028241 0
outer loop
vertex -57.90714645385742 -51.78722381591797 -1
vertex -57.607879638671875 -52.330387115478516 -12.287693977355957
vertex -57.607879638671875 -52.330387115478516 -1
endloop
endfacet
facet normal 0.9543477331172577 -0.2986978478227646 0
outer loop
vertex 70.95793151855469 -50.63751220703125 -12.293212890625
vertex 70.70079803466797 -51.45906066894531 -1
vertex 70.70079803466797 -51.45906066894531 -12.283802032470703
endloop
endfacet
facet normal -0.9051928207154533 -0.4250011262634507 0
outer loop
vertex -58.864532470703125 22.165794372558594 -7.069097995758057
vertex -58.754051208496094 21.930484771728516 -7.07589864730835
vertex -58.864532470703125 22.165794372558594 -1
endloop
endfacet
facet normal 0.7117649566791185 -0.7024177150695821 0
outer loop
vertex 69.12162017822266 -53.669620513916016 -12.451982498168945
vertex 69.18009948730469 -53.6103630065918 -12.466354370117188
vertex 69.12162017822266 -53.669620513916016 -1
endloop
endfacet
facet normal 0.0001260877906952257 0.9999999920509345 0
outer loop
vertex 65.7771987915039 43.36152267456055 -5.45684289932251
vertex 57.396759033203125 43.362579345703125 -3.5
vertex 65.7771987915039 43.36152267456055 -1
endloop
endfacet
facet normal 0.00016609659090228524 0.9999999627397745 -0.00021663880528240633
outer loop
vertex 65.7771987915039 43.36152267456055 -1
vertex 55.39677429199219 43.36270523071289 -3.5
vertex 57.596771240234375 43.36255645751953 -2.5
endloop
endfacet
facet normal -0.7325101181716424 -0.680756143399418 -3.425821710116053e-7
outer loop
vertex -59.17705535888672 22.60732078552246 -6.9899396896362305
vertex -59.12434387207031 22.550601959228516 -7.013265132904053
vertex -59.440425872802734 22.890710830688477 -1
endloop
endfacet
facet normal -0.959422293006018 -0.28197316128148553 0
outer loop
vertex -58.320491790771484 -50.619773864746094 -1
vertex -58.145626068115234 -51.214759826660156 -12.253080368041992
vertex -58.145626068115234 -51.214759826660156 -1
endloop
endfacet
facet normal -0.00025683590506694496 -0.9999999669774786 -0.000008964346428026522
outer loop
vertex -7.067345142364502 -55.09623336791992 -3.564180612564087
vertex -12.919294357299805 -55.094730377197266 -3.564180612564087
vertex -12.432660102844238 -55.094852447509766 -3.8893399238586426
endloop
endfacet
facet normal -0.5905406761215906 -0.8070078747111795 0
outer loop
vertex -56.384117126464844 -53.72194290161133 -1
vertex -55.88364791870117 -54.08816909790039 -12.382328987121582
vertex -55.88364791870117 -54.08816909790039 -1
endloop
endfacet
facet normal -0.0005571926486947161 -0.9999998447635279 0.0000030450500493075427
outer loop
vertex -38.43637466430664 -55.0417594909668 -1.659794807434082
vertex -33.581459045410156 -55.044471740722656 -4
vertex -37.217552185058594 -55.04243850708008 -1.625996470451355
endloop
endfacet
facet normal -0.49935763588636883 -0.8663959553702779 0
outer loop
vertex -55.88364791870117 -54.08816909790039 -1
vertex -55.346351623535156 -54.39784622192383 -12.373249053955078
vertex -55.346351623535156 -54.39784622192383 -1
endloop
endfacet
facet normal -0.9999999982221421 -0.00005541319259597112 -0.00002202484374286771
outer loop
vertex -58.47332000732422 -49.29517364501953 -12.216444969177246
vertex -58.477317810058594 20.839359283447266 -7.15741491317749
vertex -58.47332763671875 -49.14906311035156 -12.237650871276855
endloop
endfacet
facet normal -0.6747307157015556 -0.7380639953885209 0
outer loop
vertex -56.841827392578125 -53.30350875854492 -1
vertex -56.384117126464844 -53.72194290161133 -12.450519561767578
vertex -56.384117126464844 -53.72194290161133 -1
endloop
endfacet
facet normal -0.30040796091256167 -0.9538108077707848 0
outer loop
vertex -54.77859115600586 -54.64731216430664 -1
vertex -54.18708419799805 -54.83361053466797 -12.518257141113281
vertex -54.18708419799805 -54.83361053466797 -1
endloop
endfacet
facet normal -0.19499341048727115 -0.9808045523275993 0
outer loop
vertex -54.18708419799805 -54.83361053466797 -1
vertex -53.578834533691406 -54.95453643798828 -12.414809226989746
vertex -53.578834533691406 -54.95453643798828 -1
endloop
endfacet
facet normal -0.0002528783666652714 -0.9999999680216378 -0.000003042227881136591
outer loop
vertex -26.067344665527344 -55.09135055541992 -11.335819244384766
vertex -26.553979873657227 -55.09122848510742 -11.010660171508789
vertex -27.33753204345703 -55.091026306152344 -12.337173461914062
endloop
endfacet
facet normal -0.4022675281084876 -0.915522165668034 0
outer loop
vertex -55.346351623535156 -54.39784622192383 -1
vertex -54.77859115600586 -54.64731216430664 -12.423389434814453
vertex -54.77859115600586 -54.64731216430664 -1
endloop
endfacet
facet normal 0.9999999685502878 -0.00024982381430186117 0.000022079061096978876
outer loop
vertex 71.10564422607422 -7.167475700378418 -1
vertex 71.11695098876953 37.663387298583984 -5.843736171722412
vertex 71.10621643066406 -4.8770432472229 -1
endloop
endfacet
facet normal 0.2986967350179989 0.9543475129020785 -0.0010416847913270002
outer loop
vertex 66.67642974853516 43.229026794433594 -5.60837984085083
vertex 66.7068099975586 43.22454833984375 -1
vertex 67.40345764160156 43.006507873535156 -1
endloop
endfacet
facet normal -0.9999976065961876 -0.002187876115365016 0
outer loop
vertex -58.47444534301758 -29.5451717376709 -1
vertex -58.42967224121094 -50.009307861328125 -12.15476131439209
vertex -58.42967224121094 -50.009307861328125 -1
endloop
endfacet
facet normal -0.0002580789359737072 -0.9999999666976308 -1.3623151921763525e-8
outer loop
vertex -27.33753204345703 -55.091026306152344 -1
vertex -26.879138946533203 -55.09114456176758 -4.375974655151367
vertex -26.553979873657227 -55.09122848510742 -3.8893399238586426
endloop
endfacet
facet normal -0.0005588367176847755 -0.9999998438507494 0
outer loop
vertex -45.581459045410156 -55.03776931762695 -4
vertex -48.95357131958008 -55.035884857177734 -1
vertex -48.95357131958008 -55.035884857177734 -12.351673126220703
endloop
endfacet
facet normal -0.0002580661863198666 -0.9999999667009208 2.2142180822929187e-8
outer loop
vertex -27.33753204345703 -55.091026306152344 -12.337173461914062
vertex -26.553979873657227 -55.09122848510742 -11.010660171508789
vertex -26.879138946533203 -55.09114456176758 -10.524024963378906
endloop
endfacet
facet normal -0.9916743085018429 -0.1287713704793033 0.0000015078537682184536
outer loop
vertex -58.477317810058594 20.839359283447266 -7.15741491317749
vertex -58.5370979309082 21.299800872802734 -1
vertex -58.488426208496094 20.92490577697754 -7.140256404876709
endloop
endfacet
facet normal 0.00012556723681455891 0.9999999899455149 0.00006589263444613183
outer loop
vertex 55.196773529052734 43.362857818603516 -1.100000023841858
vertex 65.7771987915039 43.36152267456055 -1
vertex 57.596771240234375 43.36255645751953 -1.100000023841858
endloop
endfacet
facet normal -0.000256802415576455 -0.9999999670258836 -8.66566389475284e-7
outer loop
vertex 6.8924994468688965 -55.09981918334961 -10.524024963378906
vertex 6.56734037399292 -55.099735260009766 -11.010660171508789
vertex 26.135560989379883 -55.104759216308594 -12.407194137573242
endloop
endfacet
facet normal -0.0002620710477697241 -0.9999999656588472 0.0000010346356238394532
outer loop
vertex -26.879138946533203 -55.09114456176758 -10.524024963378906
vertex -26.99332046508789 -55.09111404418945 -9.949999809265137
vertex -27.33753204345703 -55.091026306152344 -12.337173461914062
endloop
endfacet
facet normal 0.9999999681794488 -0.0002522718797679018 0
outer loop
vertex 71.11695098876953 37.663387298583984 -5.843736171722412
vertex 71.09490966796875 -49.70790481567383 -1
vertex 71.09490966796875 -49.70790481567383 -12.142621040344238
endloop
endfacet
facet normal 0.9999999679495192 -0.0002531549564508122 -0.0000036781360588183026
outer loop
vertex 71.11695098876953 37.663387298583984 -5.843736171722412
vertex 71.11196899414062 17.913387298583984 -1
vertex 71.11138916015625 15.622956275939941 -1
endloop
endfacet
facet normal -0.9972418952568952 -0.07421995920529452 0
outer loop
vertex -71.03178405761719 31.818143844604492 -1
vertex -70.96204376220703 30.881092071533203 -6.316157817840576
vertex -70.96204376220703 30.881092071533203 -1
endloop
endfacet
facet normal -0.00025685401680290026 -0.9999999670130065 0
outer loop
vertex 7.006680011749268 -55.09984588623047 -9.949999809265137
vertex 26.135560989379883 -55.104759216308594 -12.407194137573242
vertex 7.006680011749268 -55.09984588623047 -4.949999809265137
endloop
endfacet
facet normal -0.00025653841325281126 -0.9999999670917403 0.0000021355792045248677
outer loop
vertex -11.993319511413574 -55.094966888427734 -4.949999809265137
vertex -7.993319988250732 -55.09599304199219 -4.949999809265137
vertex -12.107500076293945 -55.09493637084961 -4.375974655151367
endloop
endfacet
facet normal -0.9965783659737913 0.08265325446108115 0
outer loop
vertex -70.96063232421875 32.67604446411133 -1
vertex -71.03178405761719 31.818143844604492 -6.155026435852051
vertex -71.03178405761719 31.818143844604492 -1
endloop
endfacet
facet normal -0.00025839022732627716 -0.9999999666094457 0.000003949400231933376
outer loop
vertex -26.067344665527344 -55.09135055541992 -11.335819244384766
vertex -27.33753204345703 -55.091026306152344 -12.337173461914062
vertex -25.49332046508789 -55.09149932861328 -11.449999809265137
endloop
endfacet
facet normal -0.9708346196535297 0.23975016430064547 0
outer loop
vertex -70.7348861694336 33.590171813964844 -1
vertex -70.96063232421875 32.67604446411133 -6.091259002685547
vertex -70.96063232421875 32.67604446411133 -1
endloop
endfacet
facet normal -0.6747311259425554 -0.7380636203404534 -0.0000037728731806301362
outer loop
vertex -56.841827392578125 -53.30350875854492 -12.359155654907227
vertex -56.45746994018555 -53.654884338378906 -12.466253280639648
vertex -56.384117126464844 -53.72194290161133 -12.450519561767578
endloop
endfacet
facet normal -0.9352415567453628 0.3540102124739742 -8.013285298414729e-7
outer loop
vertex -70.57568359375 34.010772705078125 -1
vertex -70.7348861694336 33.590171813964844 -6.174044609069824
vertex -70.69731903076172 33.689430236816406 -1
endloop
endfacet
facet normal -0.3003945980086818 -0.9538150163876817 7.543076167753603e-7
outer loop
vertex -54.18708419799805 -54.83361053466797 -12.518257141113281
vertex -54.77859115600586 -54.64731216430664 -1
vertex -54.23222732543945 -54.819393157958984 -12.52385425567627
endloop
endfacet
facet normal -0.8537290933490267 0.5207174235316587 0
outer loop
vertex -62.51498031616211 52.61998748779297 -4.82436466217041
vertex -63.004268646240234 51.817787170410156 -4.747857570648193
vertex -62.51498031616211 52.61998748779297 -1
endloop
endfacet
facet normal 0.5931632129843297 -0.8050822335402185 0
outer loop
vertex 69.12162017822266 -53.669620513916016 -12.451982498168945
vertex 68.4285659790039 -54.18024444580078 -1
vertex 68.4285659790039 -54.18024444580078 -12.42192268371582
endloop
endfacet
facet normal -0.8537264872442611 0.5207216962793081 -0.0000012547798523800838
outer loop
vertex -62.60955047607422 52.46493911743164 -1
vertex -62.51498031616211 52.61998748779297 -1
vertex -63.004268646240234 51.817787170410156 -4.747857570648193
endloop
endfacet
facet normal -0.7617854603063174 0.6478293853059554 0
outer loop
vertex -61.957298278808594 53.2757682800293 -1
vertex -62.51498031616211 52.61998748779297 -4.82436466217041
vertex -62.51498031616211 52.61998748779297 -1
endloop
endfacet
facet normal -0.00025519062329146507 -0.9999999673494059 0.00001337658036727501
outer loop
vertex -27.33753204345703 -55.091026306152344 -1
vertex -7.067345142364502 -55.09623336791992 -3.564180612564087
vertex -6.493319988250732 -55.096378326416016 -3.450000047683716
endloop
endfacet
facet normal -0.6494533799377088 0.7604014119446952 0
outer loop
vertex -61.24279022216797 53.886024475097656 -4.7814717292785645
vertex -61.957298278808594 53.2757682800293 -4.750615119934082
vertex -61.24279022216797 53.886024475097656 -1
endloop
endfacet
facet normal 0.31337609550716766 -0.9496290974715774 0
outer loop
vertex 66.77580261230469 -54.88039779663086 -12.45806884765625
vertex 67.5932846069336 -54.61063003540039 -12.505426406860352
vertex 66.77580261230469 -54.88039779663086 -1
endloop
endfacet
facet normal -0.38076226066958735 0.9246729696761905 0
outer loop
vertex -59.639957427978516 54.69363021850586 -4.75294303894043
vertex -60.508819580078125 54.33584976196289 -4.70238733291626
vertex -59.639957427978516 54.69363021850586 -1
endloop
endfacet
facet normal 0.9893175525018763 -0.1457764737936049 0
outer loop
vertex 71.09490966796875 -49.70790481567383 -12.142621040344238
vertex 70.95793151855469 -50.63751220703125 -1
vertex 70.95793151855469 -50.63751220703125 -12.293212890625
endloop
endfacet
facet normal -0.0002568562536658439 -0.9999999670121427 7.606533980725399e-7
outer loop
vertex -25.49332046508789 -55.09149932861328 -11.449999809265137
vertex -27.33753204345703 -55.091026306152344 -12.337173461914062
vertex -13.493319511413574 -55.094581604003906 -11.449999809265137
endloop
endfacet
facet normal -0.07431326892282313 0.997234946269937 0
outer loop
vertex -57.86544418334961 54.96271514892578 -4.749131679534912
vertex -58.802490234375 54.892887115478516 -4.677227020263672
vertex -57.86544418334961 54.96271514892578 -1
endloop
endfacet
facet normal -0.0005585351708544868 -0.9999998440192048 1.6982053056941272e-7
outer loop
vertex -45.581459045410156 -55.03776931762695 -5
vertex -27.88079833984375 -55.04765701293945 -12.373777389526367
vertex -33.581459045410156 -55.044471740722656 -5
endloop
endfacet
facet normal 0.239659293570624 0.9708570559073753 3.053690134291723e-7
outer loop
vertex -56.136512756347656 54.67662811279297 -4.766481876373291
vertex -57.007537841796875 54.89164352416992 -4.676764488220215
vertex -56.09340286254883 54.665985107421875 -1
endloop
endfacet
facet normal 0.7117750835307118 -0.7024074533095788 0
outer loop
vertex 69.18009948730469 -53.6103630065918 -12.466354370117188
vertex 69.78163146972656 -53.00080871582031 -12.361540794372559
vertex 69.78163146972656 -53.00080871582031 -1
endloop
endfacet
facet normal 0.23968444080979512 0.9708508478822562 0
outer loop
vertex -56.136512756347656 54.67662811279297 -4.766481876373291
vertex -56.09340286254883 54.665985107421875 -1
vertex -56.09340286254883 54.665985107421875 -4.759720802307129
endloop
endfacet
facet normal 0.1587108182483727 -0.987325111688613 0
outer loop
vertex 65.84614562988281 -55.02983856201172 -12.53266716003418
vertex 66.77580261230469 -54.88039779663086 -12.45806884765625
vertex 65.84614562988281 -55.02983856201172 -1
endloop
endfacet
facet normal -0.0002568359050595006 -0.9999999669484936 0.00001176135763450226
outer loop
vertex -13.493319511413574 -55.094581604003906 -3.450000047683716
vertex -12.919294357299805 -55.094730377197266 -3.564180612564087
vertex -7.067345142364502 -55.09623336791992 -3.564180612564087
endloop
endfacet
facet normal 0.00012608779069522573 0.9999999920509346 0
outer loop
vertex 65.7771987915039 43.36152267456055 -5.45684289932251
vertex 57.396759033203125 43.362579345703125 -5.473900318145752
vertex 57.396759033203125 43.362579345703125 -3.5
endloop
endfacet
facet normal -0.9247114307265129 -0.3806688417752329 -0.00005277526241615081
outer loop
vertex -70.76286315917969 30.04360580444336 -6.308543682098389
vertex -70.45516204833984 29.296161651611328 -6.422886848449707
vertex -70.40516662597656 29.174711227416992 -6.402919769287109
endloop
endfacet
facet normal -0.38076039351015983 0.9246737385336115 -5.124764501989603e-7
outer loop
vertex -59.639957427978516 54.69363021850586 -1
vertex -60.508819580078125 54.33584976196289 -4.70238733291626
vertex -59.7404899597168 54.6522331237793 -1
endloop
endfacet
facet normal 0.9999999681646153 -0.0002523282716171053 -0.0000011007701668782242
outer loop
vertex 71.10564422607422 -7.167475700378418 -1
vertex 71.10047149658203 -27.6674747467041 -1
vertex 71.11695098876953 37.663387298583984 -5.843736171722412
endloop
endfacet
facet normal 0.8050785582386645 0.5931682013260264 0
outer loop
vertex 69.7389144897461 41.38823318481445 -5.669356346130371
vertex 70.24954223632812 40.69518280029297 -1
vertex 70.24954223632812 40.69518280029297 -5.645692825317383
endloop
endfacet
facet normal 0.00012608194572339527 0.9999999920516714 0
outer loop
vertex 55.196773529052734 43.362857818603516 -2.5
vertex -20.04914665222168 43.372344970703125 -1
vertex 55.196773529052734 43.362857818603516 -1.100000023841858
endloop
endfacet
facet normal 0.00012608194572339527 0.9999999920516716 0
outer loop
vertex 55.196773529052734 43.362857818603516 -2.5
vertex -20.04914665222168 43.372344970703125 -5.631532669067383
vertex -20.04914665222168 43.372344970703125 -1
endloop
endfacet
facet normal 0.08255988321886132 0.9965861055036235 9.238297614425722e-8
outer loop
vertex -57.86544418334961 54.96271514892578 -4.749131679534912
vertex -57.44747543334961 54.9280891418457 -1
vertex -57.007537841796875 54.89164352416992 -1
endloop
endfacet
facet normal 0.8889342856733077 0.4580347538718934 0
outer loop
vertex 70.24954223632812 40.69518280029297 -5.645692825317383
vertex 70.679931640625 39.859901428222656 -1
vertex 70.679931640625 39.859901428222656 -5.736204624176025
endloop
endfacet
facet normal -0.0005589077379441019 -0.999999843811058 0
outer loop
vertex -35.081459045410156 -55.04363250732422 -1.5080461502075195
vertex -27.88079833984375 -55.04765701293945 -12.373777389526367
vertex -35.081459045410156 -55.04363250732422 -1
endloop
endfacet
facet normal -0.6479033312067749 -0.7617225698449299 0
outer loop
vertex -69.34521484375 27.72613525390625 -6.479797840118408
vertex -68.68949127197266 27.168392181396484 -6.453944206237793
vertex -69.34521484375 27.72613525390625 -1
endloop
endfacet
facet normal 0.45792696215482404 -0.8889898184634368 0
outer loop
vertex 67.5932846069336 -54.61063003540039 -12.505426406860352
vertex 67.63166046142578 -54.59086227416992 -12.513612747192383
vertex 67.5932846069336 -54.61063003540039 -1
endloop
endfacet
facet normal 0.00013133904217919412 0.9999999833966592 -0.00012631997945195542
outer loop
vertex 55.39677429199219 43.36270523071289 -3.5
vertex -20.04914665222168 43.372344970703125 -5.631532669067383
vertex 55.196773529052734 43.362857818603516 -2.5
endloop
endfacet
facet normal 0.39157516143613164 0.9201088565010554 -0.008281614250111907
outer loop
vertex -40.505340576171875 48.063209533691406 -3.5
vertex -55.67227554321289 54.50659942626953 -4.752763271331787
vertex -40.6861686706543 48.149166107177734 -2.5
endloop
endfacet
facet normal 0.9873252113119286 0.15871019849983006 0
outer loop
vertex 70.94969177246094 39.042415618896484 -5.7231974601745605
vertex 70.94969177246094 39.042415618896484 -1
vertex 71.0508041381836 38.41340255737305 -1
endloop
endfacet
facet normal -0.0005531505647928304 -0.9999998470049365 0.000003815248364442659
outer loop
vertex -33.581459045410156 -55.044471740722656 -4
vertex -27.88079833984375 -55.04765701293945 -12.373777389526367
vertex -35.081459045410156 -55.04363250732422 -1.5080461502075195
endloop
endfacet
facet normal -0.47549385418363105 -0.8797190430093959 -4.777394427715054e-7
outer loop
vertex -60.30111312866211 23.446012496948242 -1
vertex -60.038238525390625 23.303930282592773 -6.920874118804932
vertex -59.80520248413086 23.1779727935791 -6.928676128387451
endloop
endfacet
facet normal 0.390533760850081 0.9205886060756411 0
outer loop
vertex -40.6861686706543 48.149166107177734 -2.5
vertex -55.67227554321289 54.50659942626953 -4.752763271331787
vertex -40.6861686706543 48.149166107177734 -1.100000023841858
endloop
endfacet
facet normal -0.9599309746830281 -0.2802365498005065 0
outer loop
vertex -58.667205810546875 21.745506286621094 -7.078927040100098
vertex -58.6539306640625 21.70003318786621 -7.072737693786621
vertex -58.667205810546875 21.745506286621094 -1
endloop
endfacet
facet normal 0.38659315175827874 0.9222028403414732 -0.009362493242709073
outer loop
vertex -38.6616096496582 47.290306091308594 -3.5
vertex -40.505340576171875 48.063209533691406 -3.5
vertex -40.6861686706543 48.149166107177734 -2.5
endloop
endfacet
facet normal 0.9873229401005073 0.15872432689277555 0.0000019301736456679754
outer loop
vertex 71.09913635253906 38.11275863647461 -1
vertex 70.94969177246094 39.042415618896484 -5.7231974601745605
vertex 71.0508041381836 38.41340255737305 -1
endloop
endfacet
facet normal 0.3905327611908917 0.9205890301520996 -4.843818560118048e-7
outer loop
vertex -38.5800666809082 47.255714416503906 -2.5
vertex -38.6616096496582 47.290306091308594 -3.5
vertex -40.6861686706543 48.149166107177734 -2.5
endloop
endfacet
facet normal 0.00010331471705928918 -0.9999999946630266 1.2687576232198715e-7
outer loop
vertex 65.39677429199219 -55.04765701293945 -12.516599655151367
vertex 62.39677429199219 -55.04796600341797 -5
vertex 50.39677429199219 -55.0492057800293 -5
endloop
endfacet
facet normal -0.760462953143883 -0.6493813185607391 0
outer loop
vertex -69.95540618896484 28.440696716308594 -6.389023303985596
vertex -69.41402435302734 27.80670738220215 -6.495735168457031
vertex -69.95540618896484 28.440696716308594 -1
endloop
endfacet
facet normal 0.26168264199204333 0.9651539747004434 0
outer loop
vertex -38.06781005859375 47.116825103759766 -1
vertex -38.474365234375 47.227054595947266 -2.498137950897217
vertex -38.474365234375 47.227054595947266 -1.1018620729446411
endloop
endfacet
facet normal 0.00010342068087051643 -0.9999999946519915 -4.2385524946932964e-7
outer loop
vertex 60.89677429199219 -55.04812240600586 -1
vertex 62.39677429199219 -55.04796600341797 -4
vertex 65.39677429199219 -55.04765701293945 -1
endloop
endfacet
facet normal -0.0002566746393302573 -0.9999999670569147 -0.0000020734114013024823
outer loop
vertex -13.493319511413574 -55.094581604003906 -11.449999809265137
vertex -27.33753204345703 -55.091026306152344 -12.337173461914062
vertex -6.493319988250732 -55.096378326416016 -11.449999809265137
endloop
endfacet
facet normal 0.26168428939487054 0.9651535280120352 -0.000007058548501945622
outer loop
vertex -38.06781005859375 47.116825103759766 -1
vertex -38.474365234375 47.227054595947266 -1.1018620729446411
vertex -38.5800666809082 47.255714416503906 -1
endloop
endfacet
facet normal -0.618682096396937 -0.78564143449661 0
outer loop
vertex -59.80520248413086 23.1779727935791 -6.928676128387451
vertex -59.751853942871094 23.135961532592773 -6.920407295227051
vertex -59.80520248413086 23.1779727935791 -1
endloop
endfacet
facet normal 0.3905336978819885 0.9205886327880763 0
outer loop
vertex -38.5800666809082 47.255714416503906 -1
vertex -38.5800666809082 47.255714416503906 -1.100000023841858
vertex -45.84564971923828 50.33793258666992 -1
endloop
endfacet
facet normal -0.9247094142023303 -0.3806737438878374 0
outer loop
vertex -70.76286315917969 30.04360580444336 -6.308543682098389
vertex -70.40516662597656 29.174711227416992 -6.402919769287109
vertex -70.76286315917969 30.04360580444336 -1
endloop
endfacet
facet normal 0.06761885308577366 0.9977112261107107 1.6367648966918032e-7
outer loop
vertex -20.245403289794922 43.38564682006836 -5.617013454437256
vertex -20.453941345214844 43.3997802734375 -5.622865676879883
vertex -20.04914665222168 43.372344970703125 -1
endloop
endfacet
facet normal -0.6747307157015556 -0.7380639953885209 0
outer loop
vertex -56.841827392578125 -53.30350875854492 -12.359155654907227
vertex -56.384117126464844 -53.72194290161133 -12.450519561767578
vertex -56.841827392578125 -53.30350875854492 -1
endloop
endfacet
facet normal 0.20647677699249534 0.9784515013851179 0
outer loop
vertex -20.453941345214844 43.3997802734375 -5.622865676879883
vertex -20.690732955932617 43.44974899291992 -5.596555709838867
vertex -20.453941345214844 43.3997802734375 -1
endloop
endfacet
facet normal -0.9728640009289935 -0.2313776905763201 0
outer loop
vertex -70.96204376220703 30.881092071533203 -6.316157817840576
vertex -70.76286315917969 30.04360580444336 -6.308543682098389
vertex -70.96204376220703 30.881092071533203 -1
endloop
endfacet
facet normal 0.0001042683913602857 -0.9999999945640513 0
outer loop
vertex 60.89677429199219 -55.04812240600586 -1.5076065063476562
vertex 62.39677429199219 -55.04796600341797 -4
vertex 60.89677429199219 -55.04812240600586 -1
endloop
endfacet
facet normal 0.00010167057359665697 -0.9999999948300304 -0.0000017417520866838474
outer loop
vertex 59.436363220214844 -55.04827117919922 -1.5949000120162964
vertex 62.39677429199219 -55.04796600341797 -4
vertex 60.149864196777344 -55.04819869995117 -1.5588409900665283
endloop
endfacet
facet normal -0.9972418952568951 -0.0742199592052945 0
outer loop
vertex -71.03178405761719 31.818143844604492 -6.155026435852051
vertex -70.96204376220703 30.881092071533203 -6.316157817840576
vertex -71.03178405761719 31.818143844604492 -1
endloop
endfacet
facet normal 0.0001032317164780946 -0.999999994671045 -0.0000010597668948280444
outer loop
vertex 57.54304122924805 -55.04846954345703 -1.6590691804885864
vertex 62.39677429199219 -55.04796600341797 -4
vertex 58.7628288269043 -55.048343658447266 -1.625327467918396
endloop
endfacet
facet normal -0.7509289750050133 -0.6603829756269616 0
outer loop
vertex -57.251365661621094 -52.83781814575195 -12.292559623718262
vertex -56.841827392578125 -53.30350875854492 -12.359155654907227
vertex -57.251365661621094 -52.83781814575195 -1
endloop
endfacet
facet normal 0.00010222806004617762 -0.9999999947747119 0
outer loop
vertex 55.25046157836914 -55.0487060546875 -1.659043550491333
vertex 55.99677276611328 -55.04862976074219 -4
vertex 55.99677276611328 -55.04862976074219 -1.666006326675415
endloop
endfacet
facet normal -0.9708346196535296 0.23975016430064547 0
outer loop
vertex -70.7348861694336 33.590171813964844 -6.174044609069824
vertex -70.96063232421875 32.67604446411133 -6.091259002685547
vertex -70.7348861694336 33.590171813964844 -1
endloop
endfacet
facet normal 0.00010215353474939212 -0.9999999947821729 -5.562678313927452e-7
outer loop
vertex 53.3585319519043 -55.04890060424805 -1.5949000120162964
vertex 55.99677276611328 -55.04862976074219 -4
vertex 54.03053665161133 -55.048831939697266 -1.6252720355987549
endloop
endfacet
facet normal -0.392051707609595 -0.9199431822457301 0
outer loop
vertex -67.88733673095703 26.67902946472168 -1
vertex -60.30111312866211 23.446012496948242 -6.926536560058594
vertex -60.30111312866211 23.446012496948242 -1
endloop
endfacet
facet normal 0.00010207176579983588 -0.9999999947887154 -0.000001980878772780013
outer loop
vertex 51.89677429199219 -55.04905319213867 -1.5075151920318604
vertex 55.99677276611328 -55.04862976074219 -4
vertex 52.64323425292969 -55.04897689819336 -1.5587341785430908
endloop
endfacet
facet normal 0.999999967881286 -0.0002531548510266187 -0.000012249426519545613
outer loop
vertex 71.10047149658203 -27.6674747467041 -1
vertex 71.09989166259766 -29.95790672302246 -1
vertex 71.11695098876953 37.663387298583984 -5.843736171722412
endloop
endfacet
facet normal -0.00025667463927508613 -0.9999999668419689 -0.00002083724215463971
outer loop
vertex -7.067345142364502 -55.09623336791992 -11.335819244384766
vertex -13.493319511413574 -55.094581604003906 -11.449999809265137
vertex -6.493319988250732 -55.096378326416016 -11.449999809265137
endloop
endfacet
facet normal -0.9999999983766852 -0.00005697902304392196 -1.4314339203793174e-7
outer loop
vertex -58.476192474365234 1.0893595218658447 -1
vertex -58.477317810058594 20.839359283447266 -1
vertex -58.47332000732422 -49.29517364501953 -12.216444969177246
endloop
endfacet
facet normal -0.7617871150043516 0.64782743884779 0.00002982045965025293
outer loop
vertex -61.957298278808594 53.2757682800293 -4.750615119934082
vertex -62.431846618652344 52.71774673461914 -4.855984210968018
vertex -62.51498031616211 52.61998748779297 -4.82436466217041
endloop
endfacet
facet normal 0.00010341759218954491 -0.9999999946523737 2.329305889983913e-7
outer loop
vertex 55.99677276611328 -55.04862976074219 -4
vertex 51.89677429199219 -55.04905319213867 -1.5075151920318604
vertex 29.72693634033203 -55.05134582519531 -1
endloop
endfacet
facet normal -0.9999999983628816 -0.00005721369394754229 9.110037997776369e-7
outer loop
vertex -58.476192474365234 1.0893595218658447 -1
vertex -58.47332000732422 -49.29517364501953 -12.216444969177246
vertex -58.47590255737305 -3.9779062271118164 -1
endloop
endfacet
facet normal -0.5225440852853904 0.852612264845312 0.00006905506723978639
outer loop
vertex -60.508819580078125 54.33584976196289 -4.70238733291626
vertex -61.16421127319336 53.93418502807617 -4.800487518310547
vertex -61.24279022216797 53.886024475097656 -4.7814717292785645
endloop
endfacet
facet normal 0.9893184691900446 -0.14577025251904727 0
outer loop
vertex 70.98440551757812 -50.45787811279297 -1
vertex 71.09490966796875 -49.70790481567383 -12.142621040344238
vertex 71.09490966796875 -49.70790481567383 -1
endloop
endfacet
facet normal -0.0005588367176847755 -0.9999998438507494 0
outer loop
vertex -45.581459045410156 -55.03776931762695 -5
vertex -45.581459045410156 -55.03776931762695 -4
vertex -48.95357131958008 -55.035884857177734 -12.351673126220703
endloop
endfacet
facet normal 0.9543456773766402 -0.298704415890101 -5.246146886875388e-7
outer loop
vertex 70.70079803466797 -51.45906066894531 -1
vertex 70.95793151855469 -50.63751220703125 -12.293212890625
vertex 70.73056030273438 -51.36397171020508 -1
endloop
endfacet
facet normal -0.959422293006018 -0.28197316128148553 0
outer loop
vertex -58.320491790771484 -50.619773864746094 -12.171194076538086
vertex -58.145626068115234 -51.214759826660156 -12.253080368041992
vertex -58.320491790771484 -50.619773864746094 -1
endloop
endfacet
facet normal 0.8949259819919776 -0.44621461961223846 0
outer loop
vertex 70.2815170288086 -52.29996871948242 -1
vertex 70.70079803466797 -51.45906066894531 -12.283802032470703
vertex 70.70079803466797 -51.45906066894531 -1
endloop
endfacet
facet normal -0.9942868527957475 -0.05275563356967377 0.09279276633547279
outer loop
vertex -58.47444534301758 -29.5451717376709 -1
vertex -58.47332000732422 -49.29517364501953 -12.216444969177246
vertex -58.42967224121094 -50.009307861328125 -12.15476131439209
endloop
endfacet
facet normal 0.8141112396431034 -0.5807089541988908 0
outer loop
vertex 70.2031021118164 -52.4099006652832 -1
vertex 70.2815170288086 -52.29996871948242 -12.37855052947998
vertex 70.2815170288086 -52.29996871948242 -1
endloop
endfacet
facet normal -0.9599364368707908 -0.2802178387750993 -1.5204998064810358e-7
outer loop
vertex -58.6539306640625 21.70003318786621 -7.072737693786621
vertex -58.542293548583984 21.31760025024414 -7.096401691436768
vertex -58.667205810546875 21.745506286621094 -1
endloop
endfacet
facet normal -0.00025653841325339624 -0.9999999670940207 0
outer loop
vertex -7.993319988250732 -55.09599304199219 -9.949999809265137
vertex -7.993319988250732 -55.09599304199219 -4.949999809265137
vertex -11.993319511413574 -55.094966888427734 -9.949999809265137
endloop
endfacet
facet normal 0.2064818455486612 0.9784504317842672 0
outer loop
vertex -20.453941345214844 43.3997802734375 -1
vertex -38.06781005859375 47.116825103759766 -5.355587482452393
vertex -38.06781005859375 47.116825103759766 -1
endloop
endfacet
facet normal -0.0002572489484548346 -0.9999999668655764 0.000009582515283880098
outer loop
vertex -12.432660102844238 -55.094852447509766 -11.010660171508789
vertex -12.919294357299805 -55.094730377197266 -11.335819244384766
vertex -7.553979873657227 -55.096107482910156 -11.010660171508789
endloop
endfacet
facet normal -0.9916768832772807 -0.12875154047023465 0
outer loop
vertex -58.477317810058594 20.839359283447266 -7.15741491317749
vertex -58.477317810058594 20.839359283447266 -1
vertex -58.5370979309082 21.299800872802734 -1
endloop
endfacet
facet normal -0.0002568180442273954 -0.9999999670219424 7.787968631335025e-7
outer loop
vertex 5.506680011749268 -55.09946060180664 -11.449999809265137
vertex -27.33753204345703 -55.091026306152344 -12.337173461914062
vertex 26.135560989379883 -55.104759216308594 -12.407194137573242
endloop
endfacet
facet normal -0.0005586429418083562 -0.9999998439590156 -8.888238148196876e-8
outer loop
vertex -48.95357131958008 -55.035884857177734 -12.351673126220703
vertex -27.88079833984375 -55.04765701293945 -12.373777389526367
vertex -45.581459045410156 -55.03776931762695 -5
endloop
endfacet
facet normal 0.7117741862741553 -0.7024083625311952 9.540507972298681e-8
outer loop
vertex 69.12162017822266 -53.669620513916016 -1
vertex 69.18009948730469 -53.6103630065918 -12.466354370117188
vertex 69.78163146972656 -53.00080871582031 -1
endloop
endfacet
facet normal 0.39052772694474447 0.920591165766526 0
outer loop
vertex -38.6616096496582 47.290306091308594 -5.318258285522461
vertex -38.6616096496582 47.290306091308594 -3.5
vertex -38.5800666809082 47.255714416503906 -5.331120491027832
endloop
endfacet
facet normal -0.0005587548328309553 -0.9999998438965062 0
outer loop
vertex -33.581459045410156 -55.044471740722656 -5
vertex -27.88079833984375 -55.04765701293945 -12.373777389526367
vertex -33.581459045410156 -55.044471740722656 -4
endloop
endfacet
facet normal -0.0005585803555943974 -0.9999998439939811 0
outer loop
vertex -39.181461334228516 -55.041343688964844 -4
vertex -33.581459045410156 -55.044471740722656 -4
vertex -39.181461334228516 -55.041343688964844 -1.666782259941101
endloop
endfacet
facet normal -0.00025194753329434367 -0.9999999682598598 0.0000016491352343485017
outer loop
vertex -27.33753204345703 -55.091026306152344 -1
vertex -26.553979873657227 -55.09122848510742 -3.8893399238586426
vertex -26.067344665527344 -55.09135055541992 -3.564180612564087
endloop
endfacet
facet normal -0.0002571182194240599 -0.9999999669448956 -6.550492233985444e-7
outer loop
vertex -12.107500076293945 -55.09493637084961 -10.524024963378906
vertex -12.432660102844238 -55.094852447509766 -11.010660171508789
vertex -7.879138946533203 -55.09602355957031 -10.524024963378906
endloop
endfacet
facet normal -0.0005580628185897995 -0.9999998442812464 0.0000018366711993261034
outer loop
vertex -48.95357131958008 -55.035884857177734 -1
vertex -39.98146057128906 -55.040897369384766 -4
vertex -44.081459045410156 -55.038604736328125 -1.508538842201233
endloop
endfacet
facet normal -0.0005568281889478102 -0.9999998449680447 0.0000025008693264070755
outer loop
vertex -35.83124923706055 -55.043212890625 -1.559526801109314
vertex -36.53018569946289 -55.042823791503906 -1.5949000120162964
vertex -33.581459045410156 -55.044471740722656 -4
endloop
endfacet
facet normal -0.0005593226394112952 -0.9999998435790355 2.9973014474734807e-7
outer loop
vertex -42.640052795410156 -55.03940963745117 -1.5949000120162964
vertex -39.98146057128906 -55.040897369384766 -4
vertex -41.94440841674805 -55.039798736572266 -1.626295804977417
endloop
endfacet
facet normal -0.0005605974840577525 -0.9999998428649334 -7.545100347331247e-7
outer loop
vertex -41.94440841674805 -55.039798736572266 -1.626295804977417
vertex -39.98146057128906 -55.040897369384766 -4
vertex -40.726322174072266 -55.04048156738281 -1.6599332094192505
endloop
endfacet
facet normal 0.3905277269447444 0.9205911657665259 0
outer loop
vertex -38.5800666809082 47.255714416503906 -5.331120491027832
vertex -38.6616096496582 47.290306091308594 -3.5
vertex -38.5800666809082 47.255714416503906 -2.5
endloop
endfacet
facet normal 0.15871265181018254 -0.9873248169449504 0
outer loop
vertex 66.43429565429688 -54.93529510498047 -1
vertex 66.77580261230469 -54.88039779663086 -12.45806884765625
vertex 66.77580261230469 -54.88039779663086 -1
endloop
endfacet
facet normal 0.8949228737212912 -0.44622084815115176 0.00006903399612200854
outer loop
vertex 70.2815170288086 -52.29996871948242 -12.37855052947998
vertex 70.33349609375 -52.19572448730469 -12.397446632385254
vertex 70.70079803466797 -51.45906066894531 -12.283802032470703
endloop
endfacet
facet normal -0.0002568190640277934 -0.9999999670218694 -4.779360081173441e-7
outer loop
vertex -27.33753204345703 -55.091026306152344 -1
vertex -6.493319988250732 -55.096378326416016 -3.450000047683716
vertex 26.135560989379883 -55.104759216308594 -1
endloop
endfacet
facet normal 0.14577602127462863 0.989317619180298 -8.751127698880164e-7
outer loop
vertex 66.7068099975586 43.22454833984375 -1
vertex 65.7771987915039 43.36152267456055 -5.45684289932251
vertex 66.22758483886719 43.295162200927734 -1
endloop
endfacet
facet normal -0.19499341048727117 -0.9808045523275993 0
outer loop
vertex -53.578834533691406 -54.95453643798828 -12.414809226989746
vertex -54.18708419799805 -54.83361053466797 -1
vertex -54.18708419799805 -54.83361053466797 -12.518257141113281
endloop
endfacet
facet normal 0.293552806927991 0.955942858932843 0
outer loop
vertex 67.52835845947266 42.96741485595703 -5.542672157287598
vertex 66.67642974853516 43.229026794433594 -5.60837984085083
vertex 67.52835845947266 42.96741485595703 -1
endloop
endfacet
facet normal -3.2472572478754806e-8 0.07323814319832912 -0.9973144811847766
outer loop
vertex 65.72930145263672 -53.82160568237305 -13.575403213500977
vertex -59.1957893371582 24.03923988342285 -7.857660293579102
vertex -69.75987243652344 33.56645202636719 -7.158025741577148
endloop
endfacet
facet normal -1.2664401766450506e-9 0.07323818780535397 -0.9973144779090434
outer loop
vertex -69.75987243652344 33.56645202636719 -7.158025741577148
vertex -61.67938995361328 52.27348327636719 -5.784267425537109
vertex 69.96630096435547 -50.22492599487305 -13.311279296875
endloop
endfacet
facet normal 1.6069842523957822e-7 0.07323839471206597 -0.9973144627147316
outer loop
vertex 69.96630096435547 -50.22492599487305 -13.311279296875
vertex -61.67938995361328 52.27348327636719 -5.784267425537109
vertex -60.654197692871094 53.29371643066406 -5.709345817565918
endloop
endfacet
facet normal -1.2737650917560243e-7 0.07323803316695998 -0.9973144892649555
outer loop
vertex 69.96630096435547 -50.22492599487305 -13.311279296875
vertex -60.654197692871094 53.29371643066406 -5.709345817565918
vertex -59.334136962890625 53.95884704589844 -5.660501956939697
endloop
endfacet
facet normal 2.977445450507534e-7 0.07323855794634956 -0.9973144507274776
outer loop
vertex 69.96630096435547 -50.22492599487305 -13.311279296875
vertex -59.334136962890625 53.95884704589844 -5.660501956939697
vertex -57.87321090698242 54.18037796020508 -5.644233226776123
endloop
endfacet
facet normal -9.059404742192125e-8 0.0732380849940581 -0.9973144854590226
outer loop
vertex 69.96630096435547 -50.22492599487305 -13.311279296875
vertex -57.87321090698242 54.18037796020508 -5.644233226776123
vertex -56.373077392578125 53.92918014526367 -5.662680149078369
endloop
endfacet
facet normal -1.925179141172189e-9 0.0732381919728662 -0.9973144776030005
outer loop
vertex 69.96630096435547 -50.22492599487305 -13.311279296875
vertex -56.373077392578125 53.92918014526367 -5.662680149078369
vertex -40.13703155517578 46.849056243896484 -6.18261194229126
endloop
endfacet
facet normal -0.000005628292794062493 0.0732318446564199 -0.9973149436845616
outer loop
vertex -40.13703155517578 46.849056243896484 -6.18261194229126
vertex -39.96414566040039 46.756649017333984 -6.189398288726807
vertex 69.96630096435547 -50.22492599487305 -13.311279296875
endloop
endfacet
facet normal -0.0000010556380344966398 0.07323701115991502 -0.9973145643152154
outer loop
vertex 69.96630096435547 -50.22492599487305 -13.311279296875
vertex -39.14299774169922 46.6413688659668 -6.197863578796387
vertex -38.59874725341797 46.47149658203125 -6.210338592529297
endloop
endfacet
facet normal 2.885680903992493e-7 0.07323851555805247 -0.9973144538402969
outer loop
vertex 69.96630096435547 -50.22492599487305 -13.311279296875
vertex -39.96414566040039 46.756649017333984 -6.189398288726807
vertex -39.77655029296875 46.69974136352539 -6.193577289581299
endloop
endfacet
facet normal 4.197620060362693e-7 0.07323866330544974 -0.9973144429903013
outer loop
vertex 69.96630096435547 -50.22492599487305 -13.311279296875
vertex -39.77655029296875 46.69974136352539 -6.193577289581299
vertex -39.581459045410156 46.68052673339844 -6.194988250732422
endloop
endfacet
facet normal -3.3566020989041336e-7 0.07323781391126372 -0.9973145053659785
outer loop
vertex 69.96630096435547 -50.22492599487305 -13.311279296875
vertex -39.581459045410156 46.68052673339844 -6.194988250732422
vertex -39.38637161254883 46.69974136352539 -6.193577289581299
endloop
endfacet
facet normal 0.0000017903160656653244 0.07324019962151511 -0.9973143301668713
outer loop
vertex 69.96630096435547 -50.22492599487305 -13.311279296875
vertex -39.38637161254883 46.69974136352539 -6.193577289581299
vertex -39.14299774169922 46.6413688659668 -6.197863578796387
endloop
endfacet
facet normal -3.095840369359707e-9 0.07323820310332069 -0.997314476785631
outer loop
vertex -53.94907760620117 -53.62596130371094 -13.561036109924316
vertex -57.481475830078125 -48.965301513671875 -13.218778610229492
vertex 24.671783447265625 -53.754486083984375 -13.570474624633789
endloop
endfacet
facet normal -1.700902635411941e-7 0.07323807721412019 -0.9973144860303342
outer loop
vertex -53.94907760620117 -53.62596130371094 -13.561036109924316
vertex -56.98906326293945 -51.13269805908203 -13.377942085266113
vertex -57.481475830078125 -48.965301513671875 -13.218778610229492
endloop
endfacet
facet normal 0.000001009868089492617 0.07323950819652172 -0.9973143809441996
outer loop
vertex -55.73949432373047 -52.720035552978516 -13.49450969696045
vertex -56.98906326293945 -51.13269805908203 -13.377942085266113
vertex -53.94907760620117 -53.62596130371094 -13.561036109924316
endloop
endfacet
facet normal -9.90408730125064e-7 0.07323660954946581 -0.9973145938071488
outer loop
vertex 65.72930145263672 -53.82160568237305 -13.575403213500977
vertex -58.37031173706055 23.215980529785156 -7.918116569519043
vertex -58.742401123046875 23.66815185546875 -7.88491153717041
endloop
endfacet
facet normal 0.0000017069172561494033 0.07324091902070036 -0.9973142773359307
outer loop
vertex -59.1957893371582 24.03923988342285 -7.857660293579102
vertex 65.72930145263672 -53.82160568237305 -13.575403213500977
vertex -58.742401123046875 23.66815185546875 -7.88491153717041
endloop
endfacet
facet normal -8.31035734871332e-8 0.07323806328506383 -0.9973144870532292
outer loop
vertex -58.37031173706055 23.215980529785156 -7.918116569519043
vertex 65.72930145263672 -53.82160568237305 -13.575403213500977
vertex -58.26630401611328 23.021915435791016 -7.93236780166626
endloop
endfacet
facet normal -8.964473817472786e-7 0.07323723333630157 -0.9973145479999981
outer loop
vertex 24.671783447265625 -53.754486083984375 -13.570474624633789
vertex -57.77242660522461 22.134061813354492 -7.997567653656006
vertex -57.933135986328125 22.462520599365234 -7.973447322845459
endloop
endfacet
facet normal 0.000001267385896757369 0.0732395714840376 -0.9973143762962752
outer loop
vertex 24.671783447265625 -53.754486083984375 -13.570474624633789
vertex -57.602169036865234 21.574302673339844 -8.038674354553223
vertex -57.77242660522461 22.134061813354492 -7.997567653656006
endloop
endfacet
facet normal 4.775982066686617e-7 0.07323871455581789 -0.997314439226658
outer loop
vertex -58.26630401611328 23.021915435791016 -7.93236780166626
vertex 24.671783447265625 -53.754486083984375 -13.570474624633789
vertex -57.933135986328125 22.462520599365234 -7.973447322845459
endloop
endfacet
facet normal -0.0000012654344017643136 0.07323681998096455 -0.9973145783540288
outer loop
vertex 24.671783447265625 -53.754486083984375 -13.570474624633789
vertex -57.544944763183594 20.994857788085938 -8.081225395202637
vertex -57.602169036865234 21.574302673339844 -8.038674354553223
endloop
endfacet
facet normal -3.228901079841149e-9 0.07323820083305176 -0.9973144769523491
outer loop
vertex 24.671783447265625 -53.754486083984375 -13.570474624633789
vertex -57.481475830078125 -48.965301513671875 -13.218778610229492
vertex -57.544944763183594 20.994857788085938 -8.081225395202637
endloop
endfacet
facet normal 2.569420167919904e-7 0.07323861607089628 -0.9973144464590663
outer loop
vertex 69.42176055908203 -51.56324768066406 -13.409560203552246
vertex -69.75987243652344 33.56645202636719 -7.158025741577148
vertex 69.96630096435547 -50.22492599487305 -13.311279296875
endloop
endfacet
facet normal -7.289854574550015e-8 0.0732380796951536 -0.9973144858481505
outer loop
vertex 68.46588897705078 -52.691978454589844 -13.492448806762695
vertex -69.75987243652344 33.56645202636719 -7.158025741577148
vertex 69.42176055908203 -51.56324768066406 -13.409560203552246
endloop
endfacet
facet normal 1.2831662960997892e-7 0.07323840040508998 -0.9973144622966655
outer loop
vertex 67.20710754394531 -53.46702575683594 -13.549365043640137
vertex -69.75987243652344 33.56645202636719 -7.158025741577148
vertex 68.46588897705078 -52.691978454589844 -13.492448806762695
endloop
endfacet
facet normal -2.70940647268006e-7 0.0732377754531305 -0.9973145081901713
outer loop
vertex 65.72930145263672 -53.82160568237305 -13.575403213500977
vertex -69.75987243652344 33.56645202636719 -7.158025741577148
vertex 67.20710754394531 -53.46702575683594 -13.549365043640137
endloop
endfacet
facet normal 8.921221709327564e-9 0.07323821098086392 -0.9973144762071402
outer loop
vertex 24.671783447265625 -53.754486083984375 -13.570474624633789
vertex -58.26630401611328 23.021915435791016 -7.93236780166626
vertex 65.72930145263672 -53.82160568237305 -13.575403213500977
endloop
endfacet
facet normal 0.000001962884336810511 0.07324091525549298 -0.9973142776119696
outer loop
vertex -39.14299774169922 46.6413688659668 -6.197863578796387
vertex -39.38637161254883 46.69974136352539 -6.193577289581299
vertex -39.32856369018555 46.71727752685547 -6.192289352416992
endloop
endfacet
facet normal 0.0000017353762297590751 0.07324226696964607 -0.9973141783440841
outer loop
vertex -40.41292953491211 47.12495803833008 -6.162351131439209
vertex -56.373077392578125 53.92918014526367 -5.662680149078369
vertex -40.4482536315918 47.191043853759766 -6.157497882843018
endloop
endfacet
facet normal 4.5285769011148804e-7 0.07323927479988586 -0.9973143980844666
outer loop
vertex -40.28856658935547 46.973419189453125 -6.1734795570373535
vertex -56.373077392578125 53.92918014526367 -5.662680149078369
vertex -40.41292953491211 47.12495803833008 -6.162351131439209
endloop
endfacet
facet normal -0.0000019288939698180893 0.07323379677508893 -0.9973148003545242
outer loop
vertex -40.28856658935547 46.973419189453125 -6.1734795570373535
vertex -40.13703155517578 46.849056243896484 -6.18261194229126
vertex -56.373077392578125 53.92918014526367 -5.662680149078369
endloop
endfacet
facet normal -0.000006218074274965519 0.07323214844081623 -0.9973149213744261
outer loop
vertex -20.864376068115234 42.69889831542969 -6.487380504608154
vertex -20.82472038269043 42.6869010925293 -6.488261699676514
vertex 69.96630096435547 -50.22492599487305 -13.311279296875
endloop
endfacet
facet normal -1.7017592178589658e-7 0.07323802659313396 -0.9973144897476997
outer loop
vertex 69.96630096435547 -50.22492599487305 -13.311279296875
vertex -20.82472038269043 42.6869010925293 -6.488261699676514
vertex -20.247051239013672 42.630157470703125 -6.492428779602051
endloop
endfacet
facet normal 2.6582180243170203e-8 0.07323821969578401 -0.9973144755671559
outer loop
vertex 69.96630096435547 -50.22492599487305 -13.311279296875
vertex -38.59874725341797 46.47149658203125 -6.210338592529297
vertex -20.864376068115234 42.69889831542969 -6.487380504608154
endloop
endfacet
facet normal -1.694565954740281e-9 0.07323818940319443 -0.9973144777917052
outer loop
vertex 69.96630096435547 -50.22492599487305 -13.311279296875
vertex -20.247051239013672 42.630157470703125 -6.492428779602051
vertex 70.10700225830078 38.21630859375 -6.816561698913574
endloop
endfacet
facet normal -5.10053995782388e-9 0.07323664171797387 -0.9973145914453839
outer loop
vertex -20.247051239013672 42.630157470703125 -6.492428779602051
vertex 55.94379806518555 42.47639846801758 -6.503720283508301
vertex 56.01408767700195 42.43882751464844 -6.506479263305664
endloop
endfacet
facet normal -2.783570160516937e-9 0.07323756027252798 -0.9973145239919691
outer loop
vertex -20.247051239013672 42.630157470703125 -6.492428779602051
vertex 56.01408767700195 42.43882751464844 -6.506479263305664
vertex 56.201683044433594 42.381919860839844 -6.510658264160156
endloop
endfacet
facet normal -1.3465577899650904e-8 0.07323428822261988 -0.997314764268797
outer loop
vertex -20.247051239013672 42.630157470703125 -6.492428779602051
vertex 56.201683044433594 42.381919860839844 -6.510658264160156
vertex 56.39677429199219 42.36270523071289 -6.512069225311279
endloop
endfacet
facet normal 1.649419299260941e-9 0.07323859649656235 -0.9973144478965567
outer loop
vertex 56.39677429199219 42.36270523071289 -6.512069225311279
vertex 67.84793090820312 41.91130065917969 -6.545218467712402
vertex -20.247051239013672 42.630157470703125 -6.492428779602051
endloop
endfacet
facet normal -1.6895465024268498e-9 0.0732381895053944 -0.9973144777842002
outer loop
vertex 70.10700225830078 38.21630859375 -6.816561698913574
vertex -20.247051239013672 42.630157470703125 -6.492428779602051
vertex 67.84793090820312 41.91130065917969 -6.545218467712402
endloop
endfacet
facet normal 8.850488298893157e-7 0.07323866780965835 -0.9973144426592264
outer loop
vertex 70.10700225830078 38.21630859375 -6.816561698913574
vertex 68.97634887695312 40.955692291259766 -6.61539363861084
vertex 69.7519760131836 39.695960998535156 -6.707902431488037
endloop
endfacet
facet normal 5.766784797692376e-7 0.07323854121557555 -0.9973144519559927
outer loop
vertex 68.97634887695312 40.955692291259766 -6.61539363861084
vertex 70.10700225830078 38.21630859375 -6.816561698913574
vertex 67.84793090820312 41.91130065917969 -6.545218467712402
endloop
endfacet
facet normal -1.1691552129387764e-7 0.07323560489356273 -0.9973146675828348
outer loop
vertex 67.84793090820312 41.91130065917969 -6.545218467712402
vertex 56.39677429199219 42.36270523071289 -6.512069225311279
vertex 56.591861724853516 42.381919860839844 -6.510658264160156
endloop
endfacet
facet normal -3.017689596402752e-8 0.07323766834350029 -0.9973145160557959
outer loop
vertex 67.84793090820312 41.91130065917969 -6.545218467712402
vertex 56.591861724853516 42.381919860839844 -6.510658264160156
vertex 56.779457092285156 42.43882751464844 -6.506479263305664
endloop
endfacet
facet normal -3.8230622094937865e-9 0.07324507336846907 -0.9973139722410629
outer loop
vertex 56.779457092285156 42.43882751464844 -6.506479263305664
vertex 56.846351623535156 42.47458267211914 -6.5038533210754395
vertex 66.51128387451172 42.45515060424805 -6.505280494689941
endloop
endfacet
facet normal 7.343842469072468e-9 0.07323845137420688 -0.9973144585537241
outer loop
vertex 67.84793090820312 41.91130065917969 -6.545218467712402
vertex 56.779457092285156 42.43882751464844 -6.506479263305664
vertex 66.51128387451172 42.45515060424805 -6.505280494689941
endloop
endfacet
facet normal 1.4359012922290537e-7 0.07323840326149489 -0.9973144620869017
outer loop
vertex -69.51079559326172 29.849409103393555 -7.430988311767578
vertex -69.95687866210938 31.21628189086914 -7.330611228942871
vertex -67.38903045654297 27.759014129638672 -7.584497451782227
endloop
endfacet
facet normal -0.0000011885133978717675 0.07323705841965836 -0.9973145608445827
outer loop
vertex -69.51079559326172 29.849409103393555 -7.430988311767578
vertex -67.38903045654297 27.759014129638672 -7.584497451782227
vertex -68.6371841430664 28.65547752380371 -7.518664836883545
endloop
endfacet
facet normal -2.3421291837286203e-7 0.07323812415751371 -0.9973144825830184
outer loop
vertex -67.38903045654297 27.759014129638672 -7.584497451782227
vertex -69.95687866210938 31.21628189086914 -7.330611228942871
vertex -69.75987243652344 33.56645202636719 -7.158025741577148
endloop
endfacet
facet normal 1.9624846540695504e-8 0.07323822722899669 -0.9973144750139515
outer loop
vertex -59.63398742675781 24.2728328704834 -7.840506553649902
vertex -67.38903045654297 27.759014129638672 -7.584497451782227
vertex -69.75987243652344 33.56645202636719 -7.158025741577148
endloop
endfacet
facet normal 0.000001405323392277649 0.07323972892173786 -0.9973143647343578
outer loop
vertex -59.63398742675781 24.2728328704834 -7.840506553649902
vertex -69.75987243652344 33.56645202636719 -7.158025741577148
vertex -59.1957893371582 24.03923988342285 -7.857660293579102
endloop
endfacet
facet normal 0.9703776262966414 0.24159317536490127 0
outer loop
vertex -67.87902069091797 30.876665115356445 -0.5
vertex -67.87902069091797 30.876665115356445 -4.099999904632568
vertex -68.00259399414062 31.37300682067871 -4.099999904632568
endloop
endfacet
facet normal 0.8118452937941248 0.5838726050640937 0
outer loop
vertex -67.66404724121094 30.412538528442383 -4.099999904632568
vertex -67.66404724121094 30.412538528442383 -0.5
vertex -67.36540222167969 29.99728775024414 -0.5
endloop
endfacet
facet normal 0 0 1
outer loop
vertex -45.43501281738281 -51.994102478027344 -4.099999904632568
vertex -48.786041259765625 -52.04050827026367 -4.099999904632568
vertex -45.466758728027344 -52.04161071777344 -4.099999904632568
endloop
endfacet
facet normal 0.9908368835368846 -0.13506394864253765 0
outer loop
vertex -67.96125030517578 32.39055252075195 -4.099999904632568
vertex -67.96125030517578 32.39055252075195 -0.5
vertex -68.03033447265625 31.883747100830078 -0.5
endloop
endfacet
facet normal -0.7988036428550525 -0.6015918385097141 0
outer loop
vertex 67.40995025634766 39.49443817138672 -0.5
vertex 67.40995025634766 39.49443817138672 -4.099999904632568
vertex 67.71765899658203 39.08585739135742 -0.5
endloop
endfacet
facet normal -0.6709969014630188 -0.741460152824835 0
outer loop
vertex 67.40995025634766 39.49443817138672 -4.099999904632568
vertex 67.40995025634766 39.49443817138672 -0.5
vertex 67.03070068359375 39.837646484375 -0.5
endloop
endfacet
facet normal -0.5191089094606629 -0.854708102289057 0
outer loop
vertex 67.03070068359375 39.837646484375 -4.099999904632568
vertex 67.03070068359375 39.837646484375 -0.5
vertex 66.59352111816406 40.10316848754883 -0.5
endloop
endfacet
facet normal -0.8979299120407475 -0.4401384703277997 0
outer loop
vertex 67.94278717041016 38.62657165527344 -4.099999904632568
vertex 67.94278717041016 38.62657165527344 -0.5
vertex 67.71765899658203 39.08585739135742 -0.5
endloop
endfacet
facet normal -0.9648247213816195 -0.2628940033756577 0
outer loop
vertex 67.94278717041016 38.62657165527344 -0.5
vertex 67.94278717041016 38.62657165527344 -4.099999904632568
vertex 68.07725524902344 38.13307189941406 -0.5
endloop
endfacet
facet normal -0.9962936872248851 -0.08601679368497074 0
outer loop
vertex 68.11695098876953 37.67329406738281 -4.099999904632568
vertex 68.11695098876953 37.67329406738281 -0.5
vertex 68.07725524902344 38.13307189941406 -0.5
endloop
endfacet
facet normal -0.19606803106560197 0.980590295278338 0
outer loop
vertex 26.275856018066406 -52.0538330078125 -0.5
vertex 26.275856018066406 -52.0538330078125 -4.099999904632568
vertex 26.00667953491211 -52.1076545715332 -4.099999904632568
endloop
endfacet
facet normal -0.34858684363133263 -0.9372764866607637 0
outer loop
vertex 66.59352111816406 40.10316848754883 -4.099999904632568
vertex 66.59352111816406 40.10316848754883 -0.5
vertex 66.1141128540039 40.28146743774414 -0.5
endloop
endfacet
facet normal -0.19606803106560197 0.980590295278338 0
outer loop
vertex 26.00667953491211 -52.1076545715332 -4.099999904632568
vertex 26.00667953491211 -52.1076545715332 -0.5
vertex 26.275856018066406 -52.0538330078125 -0.5
endloop
endfacet
facet normal -0.00015790921078218234 0.9999999875323404 0
outer loop
vertex 26.275856018066406 -52.0538330078125 -4.099999904632568
vertex 26.275856018066406 -52.0538330078125 -0.5
vertex 50.505863189697266 -52.05000686645508 -0.5
endloop
endfacet
facet normal -0.1655502120715564 -0.986201362442307 0
outer loop
vertex 66.1141128540039 40.28146743774414 -4.099999904632568
vertex 66.1141128540039 40.28146743774414 -0.5
vertex 65.60967254638672 40.366146087646484 -0.5
endloop
endfacet
facet normal -0.6709969014630188 -0.741460152824835 0
outer loop
vertex 67.03070068359375 39.837646484375 -0.5
vertex 67.03070068359375 39.837646484375 -4.099999904632568
vertex 67.40995025634766 39.49443817138672 -4.099999904632568
endloop
endfacet
facet normal -0.5191089094606629 -0.854708102289057 0
outer loop
vertex 66.59352111816406 40.10316848754883 -0.5
vertex 66.59352111816406 40.10316848754883 -4.099999904632568
vertex 67.03070068359375 39.837646484375 -4.099999904632568
endloop
endfacet
facet normal -0.8979299120407475 -0.4401384703277997 0
outer loop
vertex 67.71765899658203 39.08585739135742 -0.5
vertex 67.71765899658203 39.08585739135742 -4.099999904632568
vertex 67.94278717041016 38.62657165527344 -4.099999904632568
endloop
endfacet
facet normal -0.9648247213816195 -0.2628940033756577 0
outer loop
vertex 68.07725524902344 38.13307189941406 -0.5
vertex 67.94278717041016 38.62657165527344 -4.099999904632568
vertex 68.07725524902344 38.13307189941406 -4.099999904632568
endloop
endfacet
facet normal -0.9962936872248851 -0.08601679368497074 0
outer loop
vertex 68.07725524902344 38.13307189941406 -0.5
vertex 68.07725524902344 38.13307189941406 -4.099999904632568
vertex 68.11695098876953 37.67329406738281 -4.099999904632568
endloop
endfacet
facet normal -0.7988036428550525 -0.6015918385097141 0
outer loop
vertex 67.71765899658203 39.08585739135742 -0.5
vertex 67.40995025634766 39.49443817138672 -4.099999904632568
vertex 67.71765899658203 39.08585739135742 -4.099999904632568
endloop
endfacet
facet normal -0.34858684363133263 -0.9372764866607637 0
outer loop
vertex 66.1141128540039 40.28146743774414 -0.5
vertex 66.1141128540039 40.28146743774414 -4.099999904632568
vertex 66.59352111816406 40.10316848754883 -4.099999904632568
endloop
endfacet
facet normal 0.0003321342604665359 0.9999999448434149 0
outer loop
vertex -45.466758728027344 -52.04161071777344 -4.099999904632568
vertex -48.786041259765625 -52.04050827026367 -0.5
vertex -45.466758728027344 -52.04161071777344 -0.5
endloop
endfacet
facet normal -0.1655502120715564 -0.986201362442307 0
outer loop
vertex 65.60967254638672 40.366146087646484 -0.5
vertex 65.60967254638672 40.366146087646484 -4.099999904632568
vertex 66.1141128540039 40.28146743774414 -4.099999904632568
endloop
endfacet
facet normal -0.00007177167772169891 -0.9999999974244131 0
outer loop
vertex 65.60967254638672 40.366146087646484 -4.099999904632568
vertex 65.60967254638672 40.366146087646484 -0.5
vertex -20.759815216064453 40.372344970703125 -0.5
endloop
endfacet
facet normal -0.9999999800568934 0.00019971532949639216 0
outer loop
vertex 68.11695098876953 37.67329406738281 -4.099999904632568
vertex 68.09953308105469 -49.54037857055664 -4.099999904632568
vertex 68.11695098876953 37.67329406738281 -0.5
endloop
endfacet
facet normal 0.39108888148521626 0.9203529142555277 0
outer loop
vertex -49.551761627197266 22.142282485961914 -4.099999904632568
vertex -66.56256103515625 29.370742797851562 -4.099999904632568
vertex -49.551761627197266 22.142282485961914 -0.5
endloop
endfacet
facet normal 0.39108888148521626 0.9203529142555277 0
outer loop
vertex -66.56256103515625 29.370742797851562 -4.099999904632568
vertex -66.56256103515625 29.370742797851562 -0.5
vertex -49.551761627197266 22.142282485961914 -0.5
endloop
endfacet
facet normal 0.9861998381709771 -0.1655592920724737 0
outer loop
vertex -51.28617477416992 17.345067977905273 -0.5
vertex -51.28617477416992 17.345067977905273 -4.099999904632568
vertex -51.20149230957031 17.849502563476562 -4.099999904632568
endloop
endfacet
facet normal 0.9372769397794737 -0.34858562528828524 0
outer loop
vertex -51.20149230957031 17.849502563476562 -0.5
vertex -51.20149230957031 17.849502563476562 -4.099999904632568
vertex -51.023193359375 18.32891273498535 -4.099999904632568
endloop
endfacet
facet normal 0 0 1
outer loop
vertex 67.71765899658203 39.08585739135742 -4.099999904632568
vertex 67.83655548095703 -50.52422332763672 -4.099999904632568
vertex 67.94278717041016 38.62657165527344 -4.099999904632568
endloop
endfacet
facet normal 0.8547070974255119 -0.5191105639557496 0
outer loop
vertex -51.023193359375 18.32891273498535 -0.5
vertex -51.023193359375 18.32891273498535 -4.099999904632568
vertex -50.75767135620117 18.766090393066406 -4.099999904632568
endloop
endfacet
facet normal 0.16555142969887462 0.9862011580426473 0
outer loop
vertex -49.29047775268555 -51.95582962036133 -4.099999904632568
vertex -49.29047775268555 -51.95582962036133 -0.5
vertex -48.786041259765625 -52.04050827026367 -0.5
endloop
endfacet
facet normal 0 0 1
outer loop
vertex -51.28617477416992 17.345067977905273 -4.099999904632568
vertex -26.99332046508789 -24.407655715942383 -4.099999904632568
vertex 26.00667953491211 -24.407655715942383 -4.099999904632568
endloop
endfacet
facet normal 0 0 1
outer loop
vertex 67.94278717041016 38.62657165527344 -4.099999904632568
vertex 68.01485443115234 -50.04481506347656 -4.099999904632568
vertex 68.07725524902344 38.13307189941406 -4.099999904632568
endloop
endfacet
facet normal 0.7414618317526599 -0.6709950462216471 0
outer loop
vertex -50.75767135620117 18.766090393066406 -0.5
vertex -50.75767135620117 18.766090393066406 -4.099999904632568
vertex -50.41446304321289 19.145341873168945 -4.099999904632568
endloop
endfacet
facet normal 0.6053825600070372 -0.7959346430702248 0
outer loop
vertex -50.41446304321289 19.145341873168945 -0.5
vertex -50.41446304321289 19.145341873168945 -4.099999904632568
vertex -50.0284309387207 19.438955307006836 -4.099999904632568
endloop
endfacet
facet normal 0.9848077659582938 -0.17364810424601404 0
outer loop
vertex -50.0284309387207 19.438955307006836 -0.5
vertex -50.0284309387207 19.438955307006836 -4.099999904632568
vertex -49.551761627197266 22.142282485961914 -4.099999904632568
endloop
endfacet
facet normal 0.9861998381709771 -0.1655592920724737 0
outer loop
vertex -51.20149230957031 17.849502563476562 -4.099999904632568
vertex -51.20149230957031 17.849502563476562 -0.5
vertex -51.28617477416992 17.345067977905273 -0.5
endloop
endfacet
facet normal 0.9372769397794737 -0.34858562528828524 0
outer loop
vertex -51.023193359375 18.32891273498535 -4.099999904632568
vertex -51.023193359375 18.32891273498535 -0.5
vertex -51.20149230957031 17.849502563476562 -0.5
endloop
endfacet
facet normal 0.8547070974255119 -0.5191105639557496 0
outer loop
vertex -50.75767135620117 18.766090393066406 -4.099999904632568
vertex -50.75767135620117 18.766090393066406 -0.5
vertex -51.023193359375 18.32891273498535 -0.5
endloop
endfacet
facet normal 0.7414618317526599 -0.6709950462216471 0
outer loop
vertex -50.41446304321289 19.145341873168945 -4.099999904632568
vertex -50.41446304321289 19.145341873168945 -0.5
vertex -50.75767135620117 18.766090393066406 -0.5
endloop
endfacet
facet normal 0.3485844069531652 0.9372773928934326 0
outer loop
vertex -49.76988983154297 -51.777530670166016 -4.099999904632568
vertex -49.76988983154297 -51.777530670166016 -0.5
vertex -49.29047775268555 -51.95582962036133 -0.5
endloop
endfacet
facet normal 0 0 1
outer loop
vertex 68.07725524902344 38.13307189941406 -4.099999904632568
vertex 68.09953308105469 -49.54037857055664 -4.099999904632568
vertex 68.11695098876953 37.67329406738281 -4.099999904632568
endloop
endfacet
facet normal 0 0 1
outer loop
vertex 67.40995025634766 39.49443817138672 -4.099999904632568
vertex 67.22782135009766 -51.34065246582031 -4.099999904632568
vertex 67.71765899658203 39.08585739135742 -4.099999904632568
endloop
endfacet
facet normal 0 0 1
outer loop
vertex 67.03070068359375 39.837646484375 -4.099999904632568
vertex 66.81924438476562 -51.64836502075195 -4.099999904632568
vertex 67.40995025634766 39.49443817138672 -4.099999904632568
endloop
endfacet
facet normal 0.6053825600070372 -0.7959346430702248 0
outer loop
vertex -50.0284309387207 19.438955307006836 -4.099999904632568
vertex -50.0284309387207 19.438955307006836 -0.5
vertex -50.41446304321289 19.145341873168945 -0.5
endloop
endfacet
facet normal 0.9848077659582938 -0.17364810424601404 0
outer loop
vertex -49.551761627197266 22.142282485961914 -4.099999904632568
vertex -49.551761627197266 22.142282485961914 -0.5
vertex -50.0284309387207 19.438955307006836 -0.5
endloop
endfacet
facet normal 0 0 1
outer loop
vertex 66.59352111816406 40.10316848754883 -4.099999904632568
vertex 66.35995483398438 -51.87349319458008 -4.099999904632568
vertex 67.03070068359375 39.837646484375 -4.099999904632568
endloop
endfacet
facet normal 0 0 1
outer loop
vertex 66.1141128540039 40.28146743774414 -4.099999904632568
vertex 65.40667724609375 -52.04765701293945 -4.099999904632568
vertex 66.59352111816406 40.10316848754883 -4.099999904632568
endloop
endfacet
facet normal 0 0 1
outer loop
vertex 65.60967254638672 40.366146087646484 -4.099999904632568
vertex 65.40667724609375 -52.04765701293945 -4.099999904632568
vertex 66.1141128540039 40.28146743774414 -4.099999904632568
endloop
endfacet
facet normal 0.5191122184594376 0.8547060925523587 0
outer loop
vertex -50.20706558227539 -51.51200866699219 -4.099999904632568
vertex -50.20706558227539 -51.51200866699219 -0.5
vertex -49.76988983154297 -51.777530670166016 -0.5
endloop
endfacet
facet normal 0.9648290200702896 0.26287822661872295 0
outer loop
vertex -51.25362014770508 -49.807430267333984 -4.099999904632568
vertex -51.25362014770508 -49.807430267333984 -0.5
vertex -51.11915969848633 -50.300933837890625 -0.5
endloop
endfacet
facet normal 0.0003321342604665359 0.9999999448434149 0
outer loop
vertex -48.786041259765625 -52.04050827026367 -0.5
vertex -45.466758728027344 -52.04161071777344 -4.099999904632568
vertex -48.786041259765625 -52.04050827026367 -4.099999904632568
endloop
endfacet
facet normal 0.7987964749261642 0.6016013560868474 0
outer loop
vertex -50.5863151550293 -51.168800354003906 -0.5
vertex -50.5863151550293 -51.168800354003906 -4.099999904632568
vertex -50.8940315246582 -50.76021957397461 -4.099999904632568
endloop
endfacet
facet normal 0.16555142969887462 0.9862011580426473 0
outer loop
vertex -48.786041259765625 -52.04050827026367 -0.5
vertex -48.786041259765625 -52.04050827026367 -4.099999904632568
vertex -49.29047775268555 -51.95582962036133 -4.099999904632568
endloop
endfacet
facet normal -0.20924483071294986 -0.9778632832967544 0
outer loop
vertex -21.57587432861328 40.51811599731445 -4.099999904632568
vertex -21.57587432861328 40.51811599731445 -0.5
vertex -39.36130142211914 44.32387161254883 -0.5
endloop
endfacet
facet normal 0.5191122184594376 0.8547060925523587 0
outer loop
vertex -49.76988983154297 -51.777530670166016 -0.5
vertex -49.76988983154297 -51.777530670166016 -4.099999904632568
vertex -50.20706558227539 -51.51200866699219 -4.099999904632568
endloop
endfacet
facet normal 0.3485844069531652 0.9372773928934326 0
outer loop
vertex -49.29047775268555 -51.95582962036133 -0.5
vertex -49.29047775268555 -51.95582962036133 -4.099999904632568
vertex -49.76988983154297 -51.777530670166016 -4.099999904632568
endloop
endfacet
facet normal 0.6709969014630188 0.741460152824835 0
outer loop
vertex -50.20706558227539 -51.51200866699219 -0.5
vertex -50.20706558227539 -51.51200866699219 -4.099999904632568
vertex -50.5863151550293 -51.168800354003906 -4.099999904632568
endloop
endfacet
facet normal 0.9648290200702896 0.26287822661872295 0
outer loop
vertex -51.11915969848633 -50.300933837890625 -0.5
vertex -51.11915969848633 -50.300933837890625 -4.099999904632568
vertex -51.25362014770508 -49.807430267333984 -4.099999904632568
endloop
endfacet
facet normal -0.20924483071294986 -0.9778632832967544 0
outer loop
vertex -39.36130142211914 44.32387161254883 -4.099999904632568
vertex -21.57587432861328 40.51811599731445 -4.099999904632568
vertex -39.36130142211914 44.32387161254883 -0.5
endloop
endfacet
facet normal -0.17584462994184918 -0.984417932648839 0
outer loop
vertex -20.759815216064453 40.372344970703125 -4.099999904632568
vertex -20.759815216064453 40.372344970703125 -0.5
vertex -21.57587432861328 40.51811599731445 -0.5
endloop
endfacet
facet normal -0.17584462994184918 -0.984417932648839 0
outer loop
vertex -21.57587432861328 40.51811599731445 -0.5
vertex -21.57587432861328 40.51811599731445 -4.099999904632568
vertex -20.759815216064453 40.372344970703125 -4.099999904632568
endloop
endfacet
facet normal 0.8979299120407475 0.4401384703277997 0
outer loop
vertex -51.11915969848633 -50.300933837890625 -0.5
vertex -50.8940315246582 -50.76021957397461 -4.099999904632568
vertex -51.11915969848633 -50.300933837890625 -4.099999904632568
endloop
endfacet
facet normal -0.00015790921078218234 0.9999999875323404 0
outer loop
vertex 50.505863189697266 -52.05000686645508 -0.5
vertex 50.505863189697266 -52.05000686645508 -4.099999904632568
vertex 26.275856018066406 -52.0538330078125 -4.099999904632568
endloop
endfacet
facet normal -0.00007177167772169891 -0.9999999974244131 0
outer loop
vertex -20.759815216064453 40.372344970703125 -4.099999904632568
vertex 65.60967254638672 40.366146087646484 -4.099999904632568
vertex -20.759815216064453 40.372344970703125 -0.5
endloop
endfacet
facet normal 0 0 1
outer loop
vertex 65.60967254638672 40.366146087646484 -4.099999904632568
vertex -51.28617477416992 17.345067977905273 -4.099999904632568
vertex 26.00667953491211 -24.407655715942383 -4.099999904632568
endloop
endfacet
facet normal 0 0 1
outer loop
vertex -51.25362014770508 -49.807430267333984 -4.099999904632568
vertex -26.99332046508789 -24.407655715942383 -4.099999904632568
vertex -51.28617477416992 17.345067977905273 -4.099999904632568
endloop
endfacet
facet normal 0 0 1
outer loop
vertex -66.99378967285156 29.645816802978516 -4.099999904632568
vertex -67.66404724121094 30.412538528442383 -4.099999904632568
vertex -67.36540222167969 29.99728775024414 -4.099999904632568
endloop
endfacet
facet normal 0 0 1
outer loop
vertex -20.759815216064453 40.372344970703125 -4.099999904632568
vertex -50.0284309387207 19.438955307006836 -4.099999904632568
vertex 65.60967254638672 40.366146087646484 -4.099999904632568
endloop
endfacet
facet normal -0.00015771096396329824 0.9999999875636258 0
outer loop
vertex 65.40667724609375 -52.04765701293945 -0.5
vertex 65.40667724609375 -52.04765701293945 -4.099999904632568
vertex 62.28643798828125 -52.04814910888672 -4.099999904632568
endloop
endfacet
facet normal -0.08602499859309397 0.9962929788054607 0
outer loop
vertex 65.866455078125 -52.007957458496094 -0.5
vertex 65.866455078125 -52.007957458496094 -4.099999904632568
vertex 65.40667724609375 -52.04765701293945 -4.099999904632568
endloop
endfacet
facet normal -0.2628870608150256 0.9648266130533698 0
outer loop
vertex 66.35995483398438 -51.87349319458008 -0.5
vertex 66.35995483398438 -51.87349319458008 -4.099999904632568
vertex 65.866455078125 -52.007957458496094 -4.099999904632568
endloop
endfacet
facet normal -0.4401355228620362 0.8979313567945838 0
outer loop
vertex 66.35995483398438 -51.87349319458008 -0.5
vertex 66.81924438476562 -51.64836502075195 -4.099999904632568
vertex 66.35995483398438 -51.87349319458008 -4.099999904632568
endloop
endfacet
facet normal -0.6016001813100477 0.7987973596900014 0
outer loop
vertex 67.22782135009766 -51.34065246582031 -0.5
vertex 67.22782135009766 -51.34065246582031 -4.099999904632568
vertex 66.81924438476562 -51.64836502075195 -4.099999904632568
endloop
endfacet
facet normal 0 0 1
outer loop
vertex -21.57587432861328 40.51811599731445 -4.099999904632568
vertex -50.0284309387207 19.438955307006836 -4.099999904632568
vertex -20.759815216064453 40.372344970703125 -4.099999904632568
endloop
endfacet
facet normal 0 0 1
outer loop
vertex -50.0284309387207 19.438955307006836 -4.099999904632568
vertex -50.41446304321289 19.145341873168945 -4.099999904632568
vertex 65.60967254638672 40.366146087646484 -4.099999904632568
endloop
endfacet
facet normal 0 0 1
outer loop
vertex -50.41446304321289 19.145341873168945 -4.099999904632568
vertex -50.75767135620117 18.766090393066406 -4.099999904632568
vertex 65.60967254638672 40.366146087646484 -4.099999904632568
endloop
endfacet
facet normal 0 0 1
outer loop
vertex -50.75767135620117 18.766090393066406 -4.099999904632568
vertex -51.023193359375 18.32891273498535 -4.099999904632568
vertex 65.60967254638672 40.366146087646484 -4.099999904632568
endloop
endfacet
facet normal 0 0 1
outer loop
vertex -51.023193359375 18.32891273498535 -4.099999904632568
vertex -51.20149230957031 17.849502563476562 -4.099999904632568
vertex 65.60967254638672 40.366146087646484 -4.099999904632568
endloop
endfacet
facet normal 0 0 1
outer loop
vertex -51.20149230957031 17.849502563476562 -4.099999904632568
vertex -51.28617477416992 17.345067977905273 -4.099999904632568
vertex 65.60967254638672 40.366146087646484 -4.099999904632568
endloop
endfacet
facet normal -0.7414527318761595 0.6710051016150176 0
outer loop
vertex 67.57103729248047 -50.961402893066406 -0.5
vertex 67.57103729248047 -50.961402893066406 -4.099999904632568
vertex 67.22782135009766 -51.34065246582031 -4.099999904632568
endloop
endfacet
facet normal -0.8547114112660754 0.5191034612209339 0
outer loop
vertex 67.57103729248047 -50.961402893066406 -0.5
vertex 67.83655548095703 -50.52422332763672 -4.099999904632568
vertex 67.57103729248047 -50.961402893066406 -4.099999904632568
endloop
endfacet
facet normal -0.9372764866607637 0.34858684363133263 0
outer loop
vertex 68.01485443115234 -50.04481506347656 -0.5
vertex 68.01485443115234 -50.04481506347656 -4.099999904632568
vertex 67.83655548095703 -50.52422332763672 -4.099999904632568
endloop
endfacet
facet normal -0.9862011580426473 0.16555142969887462 0
outer loop
vertex 68.09953308105469 -49.54037857055664 -0.5
vertex 68.09953308105469 -49.54037857055664 -4.099999904632568
vertex 68.01485443115234 -50.04481506347656 -4.099999904632568
endloop
endfacet
facet normal -0.00015771096396329824 0.9999999875636258 0
outer loop
vertex 62.28643798828125 -52.04814910888672 -4.099999904632568
vertex 62.28643798828125 -52.04814910888672 -0.5
vertex 65.40667724609375 -52.04765701293945 -0.5
endloop
endfacet
facet normal -0.08602499859309397 0.9962929788054607 0
outer loop
vertex 65.40667724609375 -52.04765701293945 -4.099999904632568
vertex 65.40667724609375 -52.04765701293945 -0.5
vertex 65.866455078125 -52.007957458496094 -0.5
endloop
endfacet
facet normal -0.2628870608150256 0.9648266130533698 0
outer loop
vertex 65.866455078125 -52.007957458496094 -4.099999904632568
vertex 65.866455078125 -52.007957458496094 -0.5
vertex 66.35995483398438 -51.87349319458008 -0.5
endloop
endfacet
facet normal -0.3888544195175177 -0.9212992132970126 0
outer loop
vertex -39.36130142211914 44.32387161254883 -4.099999904632568
vertex -39.36130142211914 44.32387161254883 -0.5
vertex -57.29275131225586 51.89223098754883 -0.5
endloop
endfacet
facet normal -0.4401355228620362 0.8979313567945838 0
outer loop
vertex 66.81924438476562 -51.64836502075195 -0.5
vertex 66.81924438476562 -51.64836502075195 -4.099999904632568
vertex 66.35995483398438 -51.87349319458008 -0.5
endloop
endfacet
facet normal -0.6016001813100477 0.7987973596900014 0
outer loop
vertex 66.81924438476562 -51.64836502075195 -4.099999904632568
vertex 66.81924438476562 -51.64836502075195 -0.5
vertex 67.22782135009766 -51.34065246582031 -0.5
endloop
endfacet
facet normal -0.7414527318761595 0.6710051016150176 0
outer loop
vertex 67.22782135009766 -51.34065246582031 -4.099999904632568
vertex 67.22782135009766 -51.34065246582031 -0.5
vertex 67.57103729248047 -50.961402893066406 -0.5
endloop
endfacet
facet normal -0.8547114112660754 0.5191034612209339 0
outer loop
vertex 67.83655548095703 -50.52422332763672 -0.5
vertex 67.83655548095703 -50.52422332763672 -4.099999904632568
vertex 67.57103729248047 -50.961402893066406 -0.5
endloop
endfacet
facet normal 0.9999998824910319 0.0004847864709440074 0
outer loop
vertex -51.25362014770508 -49.807430267333984 -0.5
vertex -51.25362014770508 -49.807430267333984 -4.099999904632568
vertex -51.28617477416992 17.345067977905273 -4.099999904632568
endloop
endfacet
facet normal 0.9999998824910319 0.0004847864709440074 0
outer loop
vertex -51.28617477416992 17.345067977905273 -4.099999904632568
vertex -51.28617477416992 17.345067977905273 -0.5
vertex -51.25362014770508 -49.807430267333984 -0.5
endloop
endfacet
facet normal -0.9372764866607637 0.34858684363133263 0
outer loop
vertex 67.83655548095703 -50.52422332763672 -4.099999904632568
vertex 67.83655548095703 -50.52422332763672 -0.5
vertex 68.01485443115234 -50.04481506347656 -0.5
endloop
endfacet
facet normal -0.9862011580426473 0.16555142969887462 0
outer loop
vertex 68.01485443115234 -50.04481506347656 -4.099999904632568
vertex 68.01485443115234 -50.04481506347656 -0.5
vertex 68.09953308105469 -49.54037857055664 -0.5
endloop
endfacet
facet normal 0 0 1
outer loop
vertex -67.87902069091797 30.876665115356445 -4.099999904632568
vertex -66.56256103515625 29.370742797851562 -4.099999904632568
vertex -68.00259399414062 31.37300682067871 -4.099999904632568
endloop
endfacet
facet normal 0 0 1
outer loop
vertex -66.56256103515625 29.370742797851562 -4.099999904632568
vertex -67.87902069091797 30.876665115356445 -4.099999904632568
vertex -67.66404724121094 30.412538528442383 -4.099999904632568
endloop
endfacet
facet normal 0 0 1
outer loop
vertex -67.66404724121094 30.412538528442383 -4.099999904632568
vertex -66.99378967285156 29.645816802978516 -4.099999904632568
vertex -66.56256103515625 29.370742797851562 -4.099999904632568
endloop
endfacet
facet normal 0 0 1
outer loop
vertex -68.00259399414062 31.37300682067871 -4.099999904632568
vertex -66.56256103515625 29.370742797851562 -4.099999904632568
vertex -68.03033447265625 31.883747100830078 -4.099999904632568
endloop
endfacet
facet normal 0 0 1
outer loop
vertex -68.03033447265625 31.883747100830078 -4.099999904632568
vertex -66.56256103515625 29.370742797851562 -4.099999904632568
vertex -67.96125030517578 32.39055252075195 -4.099999904632568
endloop
endfacet
facet normal -0.3888544195175177 -0.9212992132970126 0
outer loop
vertex -57.29275131225586 51.89223098754883 -0.5
vertex -57.29275131225586 51.89223098754883 -4.099999904632568
vertex -39.36130142211914 44.32387161254883 -4.099999904632568
endloop
endfacet
facet normal 0 0 1
outer loop
vertex -67.96125030517578 32.39055252075195 -4.099999904632568
vertex -66.56256103515625 29.370742797851562 -4.099999904632568
vertex -60.312435150146484 50.493263244628906 -4.099999904632568
endloop
endfacet
facet normal -0.134974089072831 -0.9908491284140889 0
outer loop
vertex -57.29275131225586 51.89223098754883 -4.099999904632568
vertex -57.29275131225586 51.89223098754883 -0.5
vertex -57.799564361572266 51.96126937866211 -0.5
endloop
endfacet
facet normal 0.05433118852223296 -0.998522970168319 0
outer loop
vertex -57.799564361572266 51.96126937866211 -4.099999904632568
vertex -57.799564361572266 51.96126937866211 -0.5
vertex -58.310302734375 51.93347930908203 -0.5
endloop
endfacet
facet normal 0.2416826915197724 -0.9703553352353758 0
outer loop
vertex -58.310302734375 51.93347930908203 -4.099999904632568
vertex -58.310302734375 51.93347930908203 -0.5
vertex -58.80663299560547 51.80986022949219 -0.5
endloop
endfacet
facet normal 0.42036023282482216 -0.9073573026429341 0
outer loop
vertex -59.2707405090332 51.5948486328125 -0.5
vertex -59.2707405090332 51.5948486328125 -4.099999904632568
vertex -58.80663299560547 51.80986022949219 -0.5
endloop
endfacet
facet normal 0.5839531867228323 -0.8117873340452221 0
outer loop
vertex -59.2707405090332 51.5948486328125 -4.099999904632568
vertex -59.2707405090332 51.5948486328125 -0.5
vertex -59.68596267700195 51.29616165161133 -0.5
endloop
endfacet
facet normal 0.7265832230035489 -0.6870784671707992 0
outer loop
vertex -59.68596267700195 51.29616165161133 -4.099999904632568
vertex -59.68596267700195 51.29616165161133 -0.5
vertex -60.03739929199219 50.92451858520508 -0.5
endloop
endfacet
facet normal 0.8431291899574279 -0.5377110460477182 0
outer loop
vertex -60.03739929199219 50.92451858520508 -4.099999904632568
vertex -60.03739929199219 50.92451858520508 -0.5
vertex -60.312435150146484 50.493263244628906 -0.5
endloop
endfacet
facet normal 0 0 1
outer loop
vertex -66.56256103515625 29.370742797851562 -4.099999904632568
vertex -49.551761627197266 22.142282485961914 -4.099999904632568
vertex -60.312435150146484 50.493263244628906 -4.099999904632568
endloop
endfacet
facet normal 0.9211501850202299 -0.38920731832430433 0
outer loop
vertex -60.312435150146484 50.493263244628906 -4.099999904632568
vertex -60.312435150146484 50.493263244628906 -0.5
vertex -67.96125030517578 32.39055252075195 -0.5
endloop
endfacet
facet normal 0 0 1
outer loop
vertex -60.312435150146484 50.493263244628906 -4.099999904632568
vertex -49.551761627197266 22.142282485961914 -4.099999904632568
vertex -60.03739929199219 50.92451858520508 -4.099999904632568
endloop
endfacet
facet normal 0 0 1
outer loop
vertex -60.03739929199219 50.92451858520508 -4.099999904632568
vertex -49.551761627197266 22.142282485961914 -4.099999904632568
vertex -59.68596267700195 51.29616165161133 -4.099999904632568
endloop
endfacet
facet normal 0 0 1
outer loop
vertex -59.68596267700195 51.29616165161133 -4.099999904632568
vertex -49.551761627197266 22.142282485961914 -4.099999904632568
vertex -59.2707405090332 51.5948486328125 -4.099999904632568
endloop
endfacet
facet normal 0 0 1
outer loop
vertex -59.2707405090332 51.5948486328125 -4.099999904632568
vertex -49.551761627197266 22.142282485961914 -4.099999904632568
vertex -58.80663299560547 51.80986022949219 -4.099999904632568
endloop
endfacet
facet normal 0 0 1
outer loop
vertex -58.80663299560547 51.80986022949219 -4.099999904632568
vertex -49.551761627197266 22.142282485961914 -4.099999904632568
vertex -58.310302734375 51.93347930908203 -4.099999904632568
endloop
endfacet
facet normal 0 0 1
outer loop
vertex -58.310302734375 51.93347930908203 -4.099999904632568
vertex -49.551761627197266 22.142282485961914 -4.099999904632568
vertex -57.799564361572266 51.96126937866211 -4.099999904632568
endloop
endfacet
facet normal 0 0 1
outer loop
vertex -57.799564361572266 51.96126937866211 -4.099999904632568
vertex -49.551761627197266 22.142282485961914 -4.099999904632568
vertex -57.29275131225586 51.89223098754883 -4.099999904632568
endloop
endfacet
facet normal 0.15967661743402944 0.9871693764723594 0
outer loop
vertex -27.21401596069336 -52.071956634521484 -4.099999904632568
vertex -27.21401596069336 -52.071956634521484 -0.5
vertex -26.99332046508789 -52.1076545715332 -0.5
endloop
endfacet
facet normal 0.36554584218865493 0.9307933375667162 0
outer loop
vertex -27.275890350341797 -52.04765701293945 -4.099999904632568
vertex -27.275890350341797 -52.04765701293945 -0.5
vertex -27.21401596069336 -52.071956634521484 -0.5
endloop
endfacet
facet normal -0.134974089072831 -0.9908491284140889 0
outer loop
vertex -57.799564361572266 51.96126937866211 -0.5
vertex -57.799564361572266 51.96126937866211 -4.099999904632568
vertex -57.29275131225586 51.89223098754883 -4.099999904632568
endloop
endfacet
facet normal 0.00033227309232240337 0.9999999447972945 0
outer loop
vertex -33.69355010986328 -52.04552459716797 -4.099999904632568
vertex -33.69355010986328 -52.04552459716797 -0.5
vertex -27.275890350341797 -52.04765701293945 -0.5
endloop
endfacet
facet normal -0.9999999800568934 0.00019971532949639216 0
outer loop
vertex 68.09953308105469 -49.54037857055664 -4.099999904632568
vertex 68.09953308105469 -49.54037857055664 -0.5
vertex 68.11695098876953 37.67329406738281 -0.5
endloop
endfacet
facet normal 0 0 1
outer loop
vertex -57.29275131225586 51.89223098754883 -4.099999904632568
vertex -49.551761627197266 22.142282485961914 -4.099999904632568
vertex -39.36130142211914 44.32387161254883 -4.099999904632568
endloop
endfacet
facet normal 0 0 1
outer loop
vertex -49.551761627197266 22.142282485961914 -4.099999904632568
vertex -50.0284309387207 19.438955307006836 -4.099999904632568
vertex -21.57587432861328 40.51811599731445 -4.099999904632568
endloop
endfacet
facet normal 0 0 1
outer loop
vertex -39.36130142211914 44.32387161254883 -4.099999904632568
vertex -49.551761627197266 22.142282485961914 -4.099999904632568
vertex -21.57587432861328 40.51811599731445 -4.099999904632568
endloop
endfacet
facet normal 0 0 1
outer loop
vertex 68.01485443115234 -50.04481506347656 -4.099999904632568
vertex 68.09953308105469 -49.54037857055664 -4.099999904632568
vertex 68.07725524902344 38.13307189941406 -4.099999904632568
endloop
endfacet
facet normal 0 0 1
outer loop
vertex 67.83655548095703 -50.52422332763672 -4.099999904632568
vertex 68.01485443115234 -50.04481506347656 -4.099999904632568
vertex 67.94278717041016 38.62657165527344 -4.099999904632568
endloop
endfacet
facet normal 0 0 1
outer loop
vertex 67.71765899658203 39.08585739135742 -4.099999904632568
vertex 67.57103729248047 -50.961402893066406 -4.099999904632568
vertex 67.83655548095703 -50.52422332763672 -4.099999904632568
endloop
endfacet
facet normal 0 0 1
outer loop
vertex 67.22782135009766 -51.34065246582031 -4.099999904632568
vertex 67.57103729248047 -50.961402893066406 -4.099999904632568
vertex 67.71765899658203 39.08585739135742 -4.099999904632568
endloop
endfacet
facet normal 0 0 1
outer loop
vertex 66.81924438476562 -51.64836502075195 -4.099999904632568
vertex 67.22782135009766 -51.34065246582031 -4.099999904632568
vertex 67.40995025634766 39.49443817138672 -4.099999904632568
endloop
endfacet
facet normal 0.15967661743402944 0.9871693764723594 0
outer loop
vertex -26.99332046508789 -52.1076545715332 -0.5
vertex -26.99332046508789 -52.1076545715332 -4.099999904632568
vertex -27.21401596069336 -52.071956634521484 -4.099999904632568
endloop
endfacet
facet normal 0.36554584218865493 0.9307933375667162 0
outer loop
vertex -27.21401596069336 -52.071956634521484 -0.5
vertex -27.21401596069336 -52.071956634521484 -4.099999904632568
vertex -27.275890350341797 -52.04765701293945 -4.099999904632568
endloop
endfacet
facet normal 0.00033227309232240337 0.9999999447972945 0
outer loop
vertex -27.275890350341797 -52.04765701293945 -0.5
vertex -27.275890350341797 -52.04765701293945 -4.099999904632568
vertex -33.69355010986328 -52.04552459716797 -4.099999904632568
endloop
endfacet
facet normal 0 0 1
outer loop
vertex -51.11915969848633 -50.300933837890625 -4.099999904632568
vertex -26.99332046508789 -24.407655715942383 -4.099999904632568
vertex -51.25362014770508 -49.807430267333984 -4.099999904632568
endloop
endfacet
facet normal 0 0 1
outer loop
vertex -26.99332046508789 -24.407655715942383 -4.099999904632568
vertex -50.20706558227539 -51.51200866699219 -4.099999904632568
vertex -49.76988983154297 -51.777530670166016 -4.099999904632568
endloop
endfacet
facet normal 0 0 1
outer loop
vertex -26.99332046508789 -24.407655715942383 -4.099999904632568
vertex -50.5863151550293 -51.168800354003906 -4.099999904632568
vertex -50.20706558227539 -51.51200866699219 -4.099999904632568
endloop
endfacet
facet normal 0 0 1
outer loop
vertex 66.35995483398438 -51.87349319458008 -4.099999904632568
vertex 66.81924438476562 -51.64836502075195 -4.099999904632568
vertex 67.03070068359375 39.837646484375 -4.099999904632568
endloop
endfacet
facet normal 0 0 1
outer loop
vertex -26.99332046508789 -24.407655715942383 -4.099999904632568
vertex -45.081459045410156 -51.84765625 -4.099999904632568
vertex -34.081459045410156 -51.84765625 -4.099999904632568
endloop
endfacet
facet normal 0 0 1
outer loop
vertex -26.99332046508789 -24.407655715942383 -4.099999904632568
vertex -34.081459045410156 -51.84765625 -4.099999904632568
vertex -33.89011764526367 -51.88571548461914 -4.099999904632568
endloop
endfacet
facet normal 0 0 1
outer loop
vertex -33.727909088134766 -51.994102478027344 -4.099999904632568
vertex -33.69355010986328 -52.04552459716797 -4.099999904632568
vertex -26.99332046508789 -24.407655715942383 -4.099999904632568
endloop
endfacet
facet normal 0 0 1
outer loop
vertex -26.99332046508789 -24.407655715942383 -4.099999904632568
vertex -33.89011764526367 -51.88571548461914 -4.099999904632568
vertex -33.727909088134766 -51.994102478027344 -4.099999904632568
endloop
endfacet
facet normal 0 0 1
outer loop
vertex -26.99332046508789 -24.407655715942383 -4.099999904632568
vertex -33.69355010986328 -52.04552459716797 -4.099999904632568
vertex -27.275890350341797 -52.04765701293945 -4.099999904632568
endloop
endfacet
facet normal 0 0 1
outer loop
vertex -27.21401596069336 -52.071956634521484 -4.099999904632568
vertex -26.99332046508789 -24.407655715942383 -4.099999904632568
vertex -27.275890350341797 -52.04765701293945 -4.099999904632568
endloop
endfacet
facet normal 0 0 1
outer loop
vertex -26.99332046508789 -24.407655715942383 -4.099999904632568
vertex -27.21401596069336 -52.071956634521484 -4.099999904632568
vertex -26.99332046508789 -52.1076545715332 -4.099999904632568
endloop
endfacet
facet normal 0 0 1
outer loop
vertex -26.99332046508789 -24.407655715942383 -4.099999904632568
vertex -50.8940315246582 -50.76021957397461 -4.099999904632568
vertex -50.5863151550293 -51.168800354003906 -4.099999904632568
endloop
endfacet
facet normal 0 0 1
outer loop
vertex -51.11915969848633 -50.300933837890625 -4.099999904632568
vertex -50.8940315246582 -50.76021957397461 -4.099999904632568
vertex -26.99332046508789 -24.407655715942383 -4.099999904632568
endloop
endfacet
facet normal 0.05433118852223296 -0.998522970168319 0
outer loop
vertex -58.310302734375 51.93347930908203 -0.5
vertex -58.310302734375 51.93347930908203 -4.099999904632568
vertex -57.799564361572266 51.96126937866211 -4.099999904632568
endloop
endfacet
facet normal 0 0 1
outer loop
vertex 66.59352111816406 40.10316848754883 -4.099999904632568
vertex 65.866455078125 -52.007957458496094 -4.099999904632568
vertex 66.35995483398438 -51.87349319458008 -4.099999904632568
endloop
endfacet
facet normal 0.2416826915197724 -0.9703553352353758 0
outer loop
vertex -58.80663299560547 51.80986022949219 -0.5
vertex -58.80663299560547 51.80986022949219 -4.099999904632568
vertex -58.310302734375 51.93347930908203 -4.099999904632568
endloop
endfacet
facet normal 0 0 1
outer loop
vertex 65.40667724609375 -52.04765701293945 -4.099999904632568
vertex 65.866455078125 -52.007957458496094 -4.099999904632568
vertex 66.59352111816406 40.10316848754883 -4.099999904632568
endloop
endfacet
facet normal 0 0 1
outer loop
vertex 65.60967254638672 40.366146087646484 -4.099999904632568
vertex 62.28643798828125 -52.04814910888672 -4.099999904632568
vertex 65.40667724609375 -52.04765701293945 -4.099999904632568
endloop
endfacet
facet normal 0 0 1
outer loop
vertex 62.25032424926758 -51.994102478027344 -4.099999904632568
vertex 62.28643798828125 -52.04814910888672 -4.099999904632568
vertex 65.60967254638672 40.366146087646484 -4.099999904632568
endloop
endfacet
facet normal 0 0 1
outer loop
vertex 65.60967254638672 40.366146087646484 -4.099999904632568
vertex 62.08811569213867 -51.88571548461914 -4.099999904632568
vertex 62.25032424926758 -51.994102478027344 -4.099999904632568
endloop
endfacet
facet normal 0.42036023282482216 -0.9073573026429341 0
outer loop
vertex -58.80663299560547 51.80986022949219 -0.5
vertex -59.2707405090332 51.5948486328125 -4.099999904632568
vertex -58.80663299560547 51.80986022949219 -4.099999904632568
endloop
endfacet
facet normal 0 0 1
outer loop
vertex 65.60967254638672 40.366146087646484 -4.099999904632568
vertex 61.89677429199219 -51.84765625 -4.099999904632568
vertex 62.08811569213867 -51.88571548461914 -4.099999904632568
endloop
endfacet
facet normal 0 0 1
outer loop
vertex 65.60967254638672 40.366146087646484 -4.099999904632568
vertex 50.89677429199219 -51.84765625 -4.099999904632568
vertex 61.89677429199219 -51.84765625 -4.099999904632568
endloop
endfacet
facet normal 0.9073923345167235 0.4202846074510589 0
outer loop
vertex -67.66404724121094 30.412538528442383 -0.5
vertex -67.66404724121094 30.412538528442383 -4.099999904632568
vertex -67.87902069091797 30.876665115356445 -4.099999904632568
endloop
endfacet
facet normal 0.5839531867228323 -0.8117873340452221 0
outer loop
vertex -59.68596267700195 51.29616165161133 -0.5
vertex -59.68596267700195 51.29616165161133 -4.099999904632568
vertex -59.2707405090332 51.5948486328125 -4.099999904632568
endloop
endfacet
facet normal 0.7265832230035489 -0.6870784671707992 0
outer loop
vertex -60.03739929199219 50.92451858520508 -0.5
vertex -60.03739929199219 50.92451858520508 -4.099999904632568
vertex -59.68596267700195 51.29616165161133 -4.099999904632568
endloop
endfacet
facet normal 0.8431291899574279 -0.5377110460477182 0
outer loop
vertex -60.312435150146484 50.493263244628906 -0.5
vertex -60.312435150146484 50.493263244628906 -4.099999904632568
vertex -60.03739929199219 50.92451858520508 -4.099999904632568
endloop
endfacet
facet normal 0 0 1
outer loop
vertex -26.99332046508789 -24.407655715942383 -4.099999904632568
vertex -48.786041259765625 -52.04050827026367 -4.099999904632568
vertex -45.081459045410156 -51.84765625 -4.099999904632568
endloop
endfacet
facet normal 0 0 1
outer loop
vertex -26.99332046508789 -24.407655715942383 -4.099999904632568
vertex -49.29047775268555 -51.95582962036133 -4.099999904632568
vertex -48.786041259765625 -52.04050827026367 -4.099999904632568
endloop
endfacet
facet normal 0 0 1
outer loop
vertex -49.76988983154297 -51.777530670166016 -4.099999904632568
vertex -49.29047775268555 -51.95582962036133 -4.099999904632568
vertex -26.99332046508789 -24.407655715942383 -4.099999904632568
endloop
endfacet
facet normal 0.5377877282075221 0.8430802805127117 0
outer loop
vertex -66.56256103515625 29.370742797851562 -0.5
vertex -66.56256103515625 29.370742797851562 -4.099999904632568
vertex -66.99378967285156 29.645816802978516 -4.099999904632568
endloop
endfacet
facet normal 0.8118452937941248 0.5838726050640937 0
outer loop
vertex -67.36540222167969 29.99728775024414 -0.5
vertex -67.36540222167969 29.99728775024414 -4.099999904632568
vertex -67.66404724121094 30.412538528442383 -4.099999904632568
endloop
endfacet
facet normal 0 0 1
outer loop
vertex 65.60967254638672 40.366146087646484 -4.099999904632568
vertex 50.70542907714844 -51.88571548461914 -4.099999904632568
vertex 50.89677429199219 -51.84765625 -4.099999904632568
endloop
endfacet
facet normal 0.6871436844791119 0.7265215460538461 0
outer loop
vertex -66.99378967285156 29.645816802978516 -0.5
vertex -66.99378967285156 29.645816802978516 -4.099999904632568
vertex -67.36540222167969 29.99728775024414 -4.099999904632568
endloop
endfacet
facet normal 0 0 1
outer loop
vertex 65.60967254638672 40.366146087646484 -4.099999904632568
vertex 50.54322052001953 -51.994102478027344 -4.099999904632568
vertex 50.70542907714844 -51.88571548461914 -4.099999904632568
endloop
endfacet
facet normal 0 0 1
outer loop
vertex 65.60967254638672 40.366146087646484 -4.099999904632568
vertex 50.505863189697266 -52.05000686645508 -4.099999904632568
vertex 50.54322052001953 -51.994102478027344 -4.099999904632568
endloop
endfacet
facet normal 0 0 1
outer loop
vertex 26.00667953491211 -24.407655715942383 -4.099999904632568
vertex 26.00667953491211 -52.1076545715332 -4.099999904632568
vertex 65.60967254638672 40.366146087646484 -4.099999904632568
endloop
endfacet
facet normal 0 0 1
outer loop
vertex 65.60967254638672 40.366146087646484 -4.099999904632568
vertex 26.275856018066406 -52.0538330078125 -4.099999904632568
vertex 50.505863189697266 -52.05000686645508 -4.099999904632568
endloop
endfacet
facet normal 0 0 1
outer loop
vertex 26.00667953491211 -52.1076545715332 -4.099999904632568
vertex 26.275856018066406 -52.0538330078125 -4.099999904632568
vertex 65.60967254638672 40.366146087646484 -4.099999904632568
endloop
endfacet
facet normal 0.9985282362976653 0.05423431862090652 0
outer loop
vertex -68.00259399414062 31.37300682067871 -0.5
vertex -68.00259399414062 31.37300682067871 -4.099999904632568
vertex -68.03033447265625 31.883747100830078 -4.099999904632568
endloop
endfacet
facet normal 0.9908368835368846 -0.13506394864253765 0
outer loop
vertex -68.03033447265625 31.883747100830078 -0.5
vertex -68.03033447265625 31.883747100830078 -4.099999904632568
vertex -67.96125030517578 32.39055252075195 -4.099999904632568
endloop
endfacet
facet normal 0.9211501850202299 -0.38920731832430433 0
outer loop
vertex -67.96125030517578 32.39055252075195 -0.5
vertex -67.96125030517578 32.39055252075195 -4.099999904632568
vertex -60.312435150146484 50.493263244628906 -4.099999904632568
endloop
endfacet
facet normal 0.5377877282075221 0.8430802805127117 0
outer loop
vertex -66.99378967285156 29.645816802978516 -4.099999904632568
vertex -66.99378967285156 29.645816802978516 -0.5
vertex -66.56256103515625 29.370742797851562 -0.5
endloop
endfacet
facet normal 0.6871436844791119 0.7265215460538461 0
outer loop
vertex -67.36540222167969 29.99728775024414 -4.099999904632568
vertex -67.36540222167969 29.99728775024414 -0.5
vertex -66.99378967285156 29.645816802978516 -0.5
endloop
endfacet
facet normal 0 0 1
outer loop
vertex -45.272804260253906 -51.88571548461914 -4.099999904632568
vertex -45.081459045410156 -51.84765625 -4.099999904632568
vertex -48.786041259765625 -52.04050827026367 -4.099999904632568
endloop
endfacet
facet normal 0.7987964749261642 0.6016013560868474 0
outer loop
vertex -50.8940315246582 -50.76021957397461 -4.099999904632568
vertex -50.8940315246582 -50.76021957397461 -0.5
vertex -50.5863151550293 -51.168800354003906 -0.5
endloop
endfacet
facet normal 0 0 1
outer loop
vertex -45.43501281738281 -51.994102478027344 -4.099999904632568
vertex -45.272804260253906 -51.88571548461914 -4.099999904632568
vertex -48.786041259765625 -52.04050827026367 -4.099999904632568
endloop
endfacet
facet normal 0.6709969014630188 0.741460152824835 0
outer loop
vertex -50.5863151550293 -51.168800354003906 -4.099999904632568
vertex -50.5863151550293 -51.168800354003906 -0.5
vertex -50.20706558227539 -51.51200866699219 -0.5
endloop
endfacet
facet normal 0.9985282362976653 0.05423431862090652 0
outer loop
vertex -68.03033447265625 31.883747100830078 -4.099999904632568
vertex -68.03033447265625 31.883747100830078 -0.5
vertex -68.00259399414062 31.37300682067871 -0.5
endloop
endfacet
facet normal 0.9703776262966414 0.24159317536490127 0
outer loop
vertex -68.00259399414062 31.37300682067871 -4.099999904632568
vertex -68.00259399414062 31.37300682067871 -0.5
vertex -67.87902069091797 30.876665115356445 -0.5
endloop
endfacet
facet normal 0.9073923345167235 0.4202846074510589 0
outer loop
vertex -67.87902069091797 30.876665115356445 -4.099999904632568
vertex -67.87902069091797 30.876665115356445 -0.5
vertex -67.66404724121094 30.412538528442383 -0.5
endloop
endfacet
facet normal 0.8979299120407475 0.4401384703277997 0
outer loop
vertex -50.8940315246582 -50.76021957397461 -0.5
vertex -50.8940315246582 -50.76021957397461 -4.099999904632568
vertex -51.11915969848633 -50.300933837890625 -0.5
endloop
endfacet
facet normal 0 0 1
outer loop
vertex -24.49332046508789 -52.407657623291016 -8.199999809265137
vertex -24.49332046508789 -43.407657623291016 -8.199999809265137
vertex -26.99332046508789 -52.407657623291016 -8.199999809265137
endloop
endfacet
facet normal 0 1 0
outer loop
vertex 3.6393635272979736 -52.407657623291016 -5.776120662689209
vertex 13.506680488586426 -52.407657623291016 -8.199999809265137
vertex 3.9637868404388428 -52.407657623291016 -5.992893218994141
endloop
endfacet
facet normal 0 1 0
outer loop
vertex -26.99332046508789 -52.407657623291016 -0.5
vertex -5.243319988250732 -52.407657623291016 -8.199999809265137
vertex -5.493319988250732 -52.407657623291016 -8.199999809265137
endloop
endfacet
facet normal 0 1 0
outer loop
vertex 26.00667953491211 -52.407657623291016 -0.5
vertex 23.50667953491211 -52.407657623291016 -8.199999809265137
vertex 3.2566802501678467 -52.407657623291016 -5.699999809265137
endloop
endfacet
facet normal 0 1 0
outer loop
vertex 26.00667953491211 -52.407657623291016 -0.5
vertex 26.00667953491211 -52.407657623291016 -8.199999809265137
vertex 23.50667953491211 -52.407657623291016 -8.199999809265137
endloop
endfacet
facet normal -1 0 0
outer loop
vertex 26.00667953491211 -52.407657623291016 -8.199999809265137
vertex 26.00667953491211 -52.1076545715332 -4.099999904632568
vertex 26.00667953491211 -24.407655715942383 -8.199999809265137
endloop
endfacet
facet normal -1 0 0
outer loop
vertex 26.00667953491211 -52.407657623291016 -8.199999809265137
vertex 26.00667953491211 -52.407657623291016 -0.5
vertex 26.00667953491211 -52.1076545715332 -4.099999904632568
endloop
endfacet
facet normal -1 0 0
outer loop
vertex 26.00667953491211 -24.407655715942383 -4.099999904632568
vertex 26.00667953491211 -24.407655715942383 -8.199999809265137
vertex 26.00667953491211 -52.1076545715332 -4.099999904632568
endloop
endfacet
facet normal 0 1 0
outer loop
vertex 3.2566802501678467 -52.407657623291016 -5.699999809265137
vertex -26.99332046508789 -52.407657623291016 -0.5
vertex 26.00667953491211 -52.407657623291016 -0.5
endloop
endfacet
facet normal -1 0 0
outer loop
vertex 26.00667953491211 -52.1076545715332 -0.5
vertex 26.00667953491211 -52.1076545715332 -4.099999904632568
vertex 26.00667953491211 -52.407657623291016 -0.5
endloop
endfacet
facet normal 0 1 0
outer loop
vertex -26.99332046508789 -52.407657623291016 -0.5
vertex -5.493319988250732 -52.407657623291016 -8.199999809265137
vertex -15.360636711120605 -52.407657623291016 -5.776120662689209
endloop
endfacet
facet normal 0 -1 0
outer loop
vertex 26.00667953491211 -24.407655715942383 -4.099999904632568
vertex -26.99332046508789 -24.407655715942383 -8.199999809265137
vertex 26.00667953491211 -24.407655715942383 -8.199999809265137
endloop
endfacet
facet normal 0 0 1
outer loop
vertex 23.50667953491211 -43.407657623291016 -8.199999809265137
vertex 26.00667953491211 -52.407657623291016 -8.199999809265137
vertex 26.00667953491211 -24.407655715942383 -8.199999809265137
endloop
endfacet
facet normal 0 1 0
outer loop
vertex -5.243319988250732 -52.407657623291016 -8.199999809265137
vertex -26.99332046508789 -52.407657623291016 -0.5
vertex -5.243319988250732 -52.407657623291016 -6.699999809265137
endloop
endfacet
facet normal 0 0 1
outer loop
vertex 26.00667953491211 -24.407655715942383 -8.199999809265137
vertex 13.506680488586426 -43.407657623291016 -8.199999809265137
vertex 23.50667953491211 -43.407657623291016 -8.199999809265137
endloop
endfacet
facet normal 0 0 1
outer loop
vertex 23.50667953491211 -43.407657623291016 -8.199999809265137
vertex 23.50667953491211 -52.407657623291016 -8.199999809265137
vertex 26.00667953491211 -52.407657623291016 -8.199999809265137
endloop
endfacet
facet normal 0 1 0
outer loop
vertex 4.1805596351623535 -52.407657623291016 -6.31731653213501
vertex 3.9637868404388428 -52.407657623291016 -5.992893218994141
vertex 13.506680488586426 -52.407657623291016 -8.199999809265137
endloop
endfacet
facet normal 0 1 0
outer loop
vertex 3.2566802501678467 -52.407657623291016 -5.699999809265137
vertex 23.50667953491211 -52.407657623291016 -8.199999809265137
vertex 3.6393635272979736 -52.407657623291016 -5.776120662689209
endloop
endfacet
facet normal 0 1 0
outer loop
vertex 4.506680011749268 -52.407657623291016 -8.199999809265137
vertex 4.256680011749268 -52.407657623291016 -8.199999809265137
vertex 4.256680011749268 -52.407657623291016 -6.699999809265137
endloop
endfacet
facet normal 0 1 0
outer loop
vertex 4.506680011749268 -52.407657623291016 -8.199999809265137
vertex 4.256680011749268 -52.407657623291016 -6.699999809265137
vertex 13.506680488586426 -52.407657623291016 -8.199999809265137
endloop
endfacet
facet normal 0 1 0
outer loop
vertex 4.256680011749268 -52.407657623291016 -6.699999809265137
vertex 4.1805596351623535 -52.407657623291016 -6.31731653213501
vertex 13.506680488586426 -52.407657623291016 -8.199999809265137
endloop
endfacet
facet normal 0 0 1
outer loop
vertex -26.99332046508789 -24.407655715942383 -8.199999809265137
vertex 4.506680011749268 -43.407657623291016 -8.199999809265137
vertex 13.506680488586426 -43.407657623291016 -8.199999809265137
endloop
endfacet
facet normal 0 1 0
outer loop
vertex -26.99332046508789 -52.407657623291016 -0.5
vertex -5.16719913482666 -52.407657623291016 -6.31731653213501
vertex -5.243319988250732 -52.407657623291016 -6.699999809265137
endloop
endfacet
facet normal 0 1 0
outer loop
vertex -26.99332046508789 -52.407657623291016 -0.5
vertex -4.9504265785217285 -52.407657623291016 -5.992893218994141
vertex -5.16719913482666 -52.407657623291016 -6.31731653213501
endloop
endfacet
facet normal 0 1 0
outer loop
vertex -26.99332046508789 -52.407657623291016 -0.5
vertex -4.626003265380859 -52.407657623291016 -5.776120662689209
vertex -4.9504265785217285 -52.407657623291016 -5.992893218994141
endloop
endfacet
facet normal 0 1 0
outer loop
vertex -26.99332046508789 -52.407657623291016 -0.5
vertex -4.243319988250732 -52.407657623291016 -5.699999809265137
vertex -4.626003265380859 -52.407657623291016 -5.776120662689209
endloop
endfacet
facet normal 0 1 0
outer loop
vertex -26.99332046508789 -52.407657623291016 -0.5
vertex 3.2566802501678467 -52.407657623291016 -5.699999809265137
vertex -4.243319988250732 -52.407657623291016 -5.699999809265137
endloop
endfacet
facet normal 0 1 0
outer loop
vertex -5.493319988250732 -52.407657623291016 -8.199999809265137
vertex -15.036212921142578 -52.407657623291016 -5.992893218994141
vertex -15.360636711120605 -52.407657623291016 -5.776120662689209
endloop
endfacet
facet normal 0 1 0
outer loop
vertex -5.493319988250732 -52.407657623291016 -8.199999809265137
vertex -14.819439888000488 -52.407657623291016 -6.31731653213501
vertex -15.036212921142578 -52.407657623291016 -5.992893218994141
endloop
endfacet
facet normal 1 0 0
outer loop
vertex -26.99332046508789 -52.407657623291016 -8.199999809265137
vertex -26.99332046508789 -24.407655715942383 -8.199999809265137
vertex -26.99332046508789 -24.407655715942383 -4.099999904632568
endloop
endfacet
facet normal 0 0 1
outer loop
vertex -26.99332046508789 -24.407655715942383 -8.199999809265137
vertex -5.493319988250732 -43.407657623291016 -8.199999809265137
vertex 4.506680011749268 -43.407657623291016 -8.199999809265137
endloop
endfacet
facet normal 0 0 1
outer loop
vertex -26.99332046508789 -24.407655715942383 -8.199999809265137
vertex -14.493319511413574 -43.407657623291016 -8.199999809265137
vertex -5.493319988250732 -43.407657623291016 -8.199999809265137
endloop
endfacet
facet normal 1 0 0
outer loop
vertex -26.99332046508789 -52.407657623291016 -8.199999809265137
vertex -26.99332046508789 -24.407655715942383 -4.099999904632568
vertex -26.99332046508789 -52.1076545715332 -4.099999904632568
endloop
endfacet
facet normal 0 0 1
outer loop
vertex -5.493319988250732 -43.407657623291016 -8.199999809265137
vertex -14.493319511413574 -52.407657623291016 -8.199999809265137
vertex -5.493319988250732 -52.407657623291016 -8.199999809265137
endloop
endfacet
facet normal 0 -1 0
outer loop
vertex -26.99332046508789 -24.407655715942383 -4.099999904632568
vertex -26.99332046508789 -24.407655715942383 -8.199999809265137
vertex 26.00667953491211 -24.407655715942383 -4.099999904632568
endloop
endfacet
facet normal 0 1 0
outer loop
vertex -26.99332046508789 -52.407657623291016 -0.5
vertex -15.360636711120605 -52.407657623291016 -5.776120662689209
vertex -15.743319511413574 -52.407657623291016 -5.699999809265137
endloop
endfacet
facet normal 0 1 0
outer loop
vertex -26.99332046508789 -52.407657623291016 -0.5
vertex -15.743319511413574 -52.407657623291016 -5.699999809265137
vertex -23.24332046508789 -52.407657623291016 -5.699999809265137
endloop
endfacet
facet normal 0 1 0
outer loop
vertex -26.99332046508789 -52.407657623291016 -0.5
vertex -23.24332046508789 -52.407657623291016 -5.699999809265137
vertex -23.62600326538086 -52.407657623291016 -5.776120662689209
endloop
endfacet
facet normal 0 1 0
outer loop
vertex -26.99332046508789 -52.407657623291016 -0.5
vertex -24.49332046508789 -52.407657623291016 -8.199999809265137
vertex -26.99332046508789 -52.407657623291016 -8.199999809265137
endloop
endfacet
facet normal 0 1 0
outer loop
vertex -23.95042610168457 -52.407657623291016 -5.992893218994141
vertex -26.99332046508789 -52.407657623291016 -0.5
vertex -23.62600326538086 -52.407657623291016 -5.776120662689209
endloop
endfacet
facet normal 0 1 0
outer loop
vertex -24.167200088500977 -52.407657623291016 -6.31731653213501
vertex -26.99332046508789 -52.407657623291016 -0.5
vertex -23.95042610168457 -52.407657623291016 -5.992893218994141
endloop
endfacet
facet normal 0 1 0
outer loop
vertex -24.24332046508789 -52.407657623291016 -6.699999809265137
vertex -26.99332046508789 -52.407657623291016 -0.5
vertex -24.167200088500977 -52.407657623291016 -6.31731653213501
endloop
endfacet
facet normal 0 1 0
outer loop
vertex -24.24332046508789 -52.407657623291016 -8.199999809265137
vertex -26.99332046508789 -52.407657623291016 -0.5
vertex -24.24332046508789 -52.407657623291016 -6.699999809265137
endloop
endfacet
facet normal 1 0 0
outer loop
vertex -26.99332046508789 -52.407657623291016 -0.5
vertex -26.99332046508789 -52.407657623291016 -8.199999809265137
vertex -26.99332046508789 -52.1076545715332 -4.099999904632568
endloop
endfacet
facet normal 0 0 1
outer loop
vertex -14.493319511413574 -43.407657623291016 -8.199999809265137
vertex -14.493319511413574 -52.407657623291016 -8.199999809265137
vertex -5.493319988250732 -43.407657623291016 -8.199999809265137
endloop
endfacet
facet normal 0 1 0
outer loop
vertex -26.99332046508789 -52.407657623291016 -0.5
vertex -24.24332046508789 -52.407657623291016 -8.199999809265137
vertex -24.49332046508789 -52.407657623291016 -8.199999809265137
endloop
endfacet
facet normal 0 1 0
outer loop
vertex -5.493319988250732 -52.407657623291016 -8.199999809265137
vertex -14.743319511413574 -52.407657623291016 -6.699999809265137
vertex -14.819439888000488 -52.407657623291016 -6.31731653213501
endloop
endfacet
facet normal 0 0 1
outer loop
vertex 13.506680488586426 -43.407657623291016 -8.199999809265137
vertex 4.506680011749268 -43.407657623291016 -8.199999809265137
vertex 4.506680011749268 -52.407657623291016 -8.199999809265137
endloop
endfacet
facet normal 0 1 0
outer loop
vertex 13.506680488586426 -52.407657623291016 -8.199999809265137
vertex 3.6393635272979736 -52.407657623291016 -5.776120662689209
vertex 23.50667953491211 -52.407657623291016 -8.199999809265137
endloop
endfacet
facet normal 0 0 1
outer loop
vertex 13.506680488586426 -43.407657623291016 -8.199999809265137
vertex 4.506680011749268 -52.407657623291016 -8.199999809265137
vertex 13.506680488586426 -52.407657623291016 -8.199999809265137
endloop
endfacet
facet normal 0 1 0
outer loop
vertex -14.493319511413574 -52.407657623291016 -8.199999809265137
vertex -14.743319511413574 -52.407657623291016 -6.699999809265137
vertex -5.493319988250732 -52.407657623291016 -8.199999809265137
endloop
endfacet
facet normal 0 1 0
outer loop
vertex -14.493319511413574 -52.407657623291016 -8.199999809265137
vertex -14.743319511413574 -52.407657623291016 -8.199999809265137
vertex -14.743319511413574 -52.407657623291016 -6.699999809265137
endloop
endfacet
facet normal 0 0 1
outer loop
vertex -26.99332046508789 -24.407655715942383 -8.199999809265137
vertex 13.506680488586426 -43.407657623291016 -8.199999809265137
vertex 26.00667953491211 -24.407655715942383 -8.199999809265137
endloop
endfacet
facet normal 1 0 0
outer loop
vertex -26.99332046508789 -52.407657623291016 -0.5
vertex -26.99332046508789 -52.1076545715332 -4.099999904632568
vertex -26.99332046508789 -52.1076545715332 -0.5
endloop
endfacet
facet normal 0 0 1
outer loop
vertex -26.99332046508789 -24.407655715942383 -8.199999809265137
vertex -24.49332046508789 -43.407657623291016 -8.199999809265137
vertex -14.493319511413574 -43.407657623291016 -8.199999809265137
endloop
endfacet
facet normal 0 0 1
outer loop
vertex -26.99332046508789 -24.407655715942383 -8.199999809265137
vertex -26.99332046508789 -52.407657623291016 -8.199999809265137
vertex -24.49332046508789 -43.407657623291016 -8.199999809265137
endloop
endfacet
facet normal 0 -1 0
outer loop
vertex 4.506680011749268 -43.407657623291016 -8.199999809265137
vertex -5.493319988250732 -43.407657623291016 -9.5
vertex 4.506680011749268 -43.407657623291016 -9.5
endloop
endfacet
facet normal 0 0 1
outer loop
vertex -5.493319988250732 -52.407657623291016 -9.5
vertex 4.506680011749268 -52.407657623291016 -9.5
vertex -5.493319988250732 -43.407657623291016 -9.5
endloop
endfacet
facet normal 0 0 1
outer loop
vertex -5.493319988250732 -43.407657623291016 -9.5
vertex 4.506680011749268 -52.407657623291016 -9.5
vertex 4.506680011749268 -43.407657623291016 -9.5
endloop
endfacet
facet normal 0 1 0
outer loop
vertex 4.1805596351623535 -52.407657623291016 -8.582683563232422
vertex 4.256680011749268 -52.407657623291016 -8.199999809265137
vertex 4.506680011749268 -52.407657623291016 -9.5
endloop
endfacet
facet normal 0 1 0
outer loop
vertex 3.9637868404388428 -52.407657623291016 -8.907106399536133
vertex 4.1805596351623535 -52.407657623291016 -8.582683563232422
vertex 4.506680011749268 -52.407657623291016 -9.5
endloop
endfacet
facet normal 0 1 0
outer loop
vertex 3.6393635272979736 -52.407657623291016 -9.123879432678223
vertex 3.9637868404388428 -52.407657623291016 -8.907106399536133
vertex 4.506680011749268 -52.407657623291016 -9.5
endloop
endfacet
facet normal 0 1 0
outer loop
vertex 4.506680011749268 -52.407657623291016 -9.5
vertex 3.2566802501678467 -52.407657623291016 -9.199999809265137
vertex 3.6393635272979736 -52.407657623291016 -9.123879432678223
endloop
endfacet
facet normal 0 1 0
outer loop
vertex 4.506680011749268 -52.407657623291016 -9.5
vertex -5.493319988250732 -52.407657623291016 -9.5
vertex 3.2566802501678467 -52.407657623291016 -9.199999809265137
endloop
endfacet
facet normal 0 1 0
outer loop
vertex -5.493319988250732 -52.407657623291016 -9.5
vertex -4.626003265380859 -52.407657623291016 -9.123879432678223
vertex -4.243319988250732 -52.407657623291016 -9.199999809265137
endloop
endfacet
facet normal -1 0 0
outer loop
vertex 4.506680011749268 -43.407657623291016 -9.5
vertex 4.506680011749268 -52.407657623291016 -9.5
vertex 4.506680011749268 -52.407657623291016 -8.199999809265137
endloop
endfacet
facet normal 0 1 0
outer loop
vertex -4.626003265380859 -52.407657623291016 -9.123879432678223
vertex -5.493319988250732 -52.407657623291016 -9.5
vertex -4.9504265785217285 -52.407657623291016 -8.907106399536133
endloop
endfacet
facet normal 0 1 0
outer loop
vertex 4.256680011749268 -52.407657623291016 -8.199999809265137
vertex 4.506680011749268 -52.407657623291016 -8.199999809265137
vertex 4.506680011749268 -52.407657623291016 -9.5
endloop
endfacet
facet normal 0 1 0
outer loop
vertex -4.9504265785217285 -52.407657623291016 -8.907106399536133
vertex -5.493319988250732 -52.407657623291016 -9.5
vertex -5.16719913482666 -52.407657623291016 -8.582683563232422
endloop
endfacet
facet normal 0 1 0
outer loop
vertex -5.16719913482666 -52.407657623291016 -8.582683563232422
vertex -5.493319988250732 -52.407657623291016 -9.5
vertex -5.493319988250732 -52.407657623291016 -8.199999809265137
endloop
endfacet
facet normal 0 1 0
outer loop
vertex -4.243319988250732 -52.407657623291016 -9.199999809265137
vertex 3.2566802501678467 -52.407657623291016 -9.199999809265137
vertex -5.493319988250732 -52.407657623291016 -9.5
endloop
endfacet
facet normal 0 -1 0
outer loop
vertex -5.493319988250732 -43.407657623291016 -8.199999809265137
vertex -5.493319988250732 -43.407657623291016 -9.5
vertex 4.506680011749268 -43.407657623291016 -8.199999809265137
endloop
endfacet
facet normal -1 0 0
outer loop
vertex 4.506680011749268 -43.407657623291016 -8.199999809265137
vertex 4.506680011749268 -43.407657623291016 -9.5
vertex 4.506680011749268 -52.407657623291016 -8.199999809265137
endloop
endfacet
facet normal 1 0 0
outer loop
vertex -5.493319988250732 -52.407657623291016 -8.199999809265137
vertex -5.493319988250732 -52.407657623291016 -9.5
vertex -5.493319988250732 -43.407657623291016 -8.199999809265137
endloop
endfacet
facet normal 0 1 0
outer loop
vertex -5.243319988250732 -52.407657623291016 -8.199999809265137
vertex -5.16719913482666 -52.407657623291016 -8.582683563232422
vertex -5.493319988250732 -52.407657623291016 -8.199999809265137
endloop
endfacet
facet normal 1 0 0
outer loop
vertex -5.493319988250732 -52.407657623291016 -9.5
vertex -5.493319988250732 -43.407657623291016 -9.5
vertex -5.493319988250732 -43.407657623291016 -8.199999809265137
endloop
endfacet
facet normal 0 1 0
outer loop
vertex -24.24332046508789 -52.407657623291016 -8.199999809265137
vertex -24.167200088500977 -52.407657623291016 -8.582683563232422
vertex -24.49332046508789 -52.407657623291016 -8.199999809265137
endloop
endfacet
facet normal 0 1 0
outer loop
vertex -14.819439888000488 -52.407657623291016 -8.582683563232422
vertex -14.743319511413574 -52.407657623291016 -8.199999809265137
vertex -14.493319511413574 -52.407657623291016 -9.5
endloop
endfacet
facet normal 0 1 0
outer loop
vertex -23.95042610168457 -52.407657623291016 -8.907106399536133
vertex -24.49332046508789 -52.407657623291016 -9.5
vertex -24.167200088500977 -52.407657623291016 -8.582683563232422
endloop
endfacet
facet normal 0 1 0
outer loop
vertex -24.167200088500977 -52.407657623291016 -8.582683563232422
vertex -24.49332046508789 -52.407657623291016 -9.5
vertex -24.49332046508789 -52.407657623291016 -8.199999809265137
endloop
endfacet
facet normal 0 1 0
outer loop
vertex -23.62600326538086 -52.407657623291016 -9.123879432678223
vertex -24.49332046508789 -52.407657623291016 -9.5
vertex -23.95042610168457 -52.407657623291016 -8.907106399536133
endloop
endfacet
facet normal 0 1 0
outer loop
vertex -15.743319511413574 -52.407657623291016 -9.199999809265137
vertex -24.49332046508789 -52.407657623291016 -9.5
vertex -23.24332046508789 -52.407657623291016 -9.199999809265137
endloop
endfacet
facet normal 0 1 0
outer loop
vertex -24.49332046508789 -52.407657623291016 -9.5
vertex -23.62600326538086 -52.407657623291016 -9.123879432678223
vertex -23.24332046508789 -52.407657623291016 -9.199999809265137
endloop
endfacet
facet normal 1 0 0
outer loop
vertex -24.49332046508789 -52.407657623291016 -8.199999809265137
vertex -24.49332046508789 -52.407657623291016 -9.5
vertex -24.49332046508789 -43.407657623291016 -8.199999809265137
endloop
endfacet
facet normal 0 -1 0
outer loop
vertex -24.49332046508789 -43.407657623291016 -9.5
vertex -14.493319511413574 -43.407657623291016 -9.5
vertex -14.493319511413574 -43.407657623291016 -8.199999809265137
endloop
endfacet
facet normal 0 -1 0
outer loop
vertex -24.49332046508789 -43.407657623291016 -8.199999809265137
vertex -24.49332046508789 -43.407657623291016 -9.5
vertex -14.493319511413574 -43.407657623291016 -8.199999809265137
endloop
endfacet
facet normal 0 1 0
outer loop
vertex -24.49332046508789 -52.407657623291016 -9.5
vertex -15.743319511413574 -52.407657623291016 -9.199999809265137
vertex -14.493319511413574 -52.407657623291016 -9.5
endloop
endfacet
facet normal 1 0 0
outer loop
vertex -24.49332046508789 -52.407657623291016 -9.5
vertex -24.49332046508789 -43.407657623291016 -9.5
vertex -24.49332046508789 -43.407657623291016 -8.199999809265137
endloop
endfacet
facet normal 0 0 1
outer loop
vertex -24.49332046508789 -43.407657623291016 -9.5
vertex -14.493319511413574 -52.407657623291016 -9.5
vertex -14.493319511413574 -43.407657623291016 -9.5
endloop
endfacet
facet normal 0 1 0
outer loop
vertex -14.743319511413574 -52.407657623291016 -8.199999809265137
vertex -14.493319511413574 -52.407657623291016 -8.199999809265137
vertex -14.493319511413574 -52.407657623291016 -9.5
endloop
endfacet
facet normal 0 1 0
outer loop
vertex -14.493319511413574 -52.407657623291016 -9.5
vertex -15.743319511413574 -52.407657623291016 -9.199999809265137
vertex -15.360636711120605 -52.407657623291016 -9.123879432678223
endloop
endfacet
facet normal -1 0 0
outer loop
vertex -14.493319511413574 -43.407657623291016 -8.199999809265137
vertex -14.493319511413574 -43.407657623291016 -9.5
vertex -14.493319511413574 -52.407657623291016 -8.199999809265137
endloop
endfacet
facet normal 0 1 0
outer loop
vertex -15.360636711120605 -52.407657623291016 -9.123879432678223
vertex -15.036212921142578 -52.407657623291016 -8.907106399536133
vertex -14.493319511413574 -52.407657623291016 -9.5
endloop
endfacet
facet normal 0 1 0
outer loop
vertex -15.036212921142578 -52.407657623291016 -8.907106399536133
vertex -14.819439888000488 -52.407657623291016 -8.582683563232422
vertex -14.493319511413574 -52.407657623291016 -9.5
endloop
endfacet
facet normal -1 0 0
outer loop
vertex -14.493319511413574 -43.407657623291016 -9.5
vertex -14.493319511413574 -52.407657623291016 -9.5
vertex -14.493319511413574 -52.407657623291016 -8.199999809265137
endloop
endfacet
facet normal 0 0 1
outer loop
vertex -24.49332046508789 -52.407657623291016 -9.5
vertex -14.493319511413574 -52.407657623291016 -9.5
vertex -24.49332046508789 -43.407657623291016 -9.5
endloop
endfacet
facet normal 0 1 0
outer loop
vertex 13.506680488586426 -52.407657623291016 -9.5
vertex 13.506680488586426 -52.407657623291016 -8.199999809265137
vertex 23.50667953491211 -52.407657623291016 -9.5
endloop
endfacet
facet normal 0 0 1
outer loop
vertex 13.506680488586426 -52.407657623291016 -9.5
vertex 23.50667953491211 -52.407657623291016 -9.5
vertex 13.506680488586426 -43.407657623291016 -9.5
endloop
endfacet
facet normal 0 0 1
outer loop
vertex 13.506680488586426 -43.407657623291016 -9.5
vertex 23.50667953491211 -52.407657623291016 -9.5
vertex 23.50667953491211 -43.407657623291016 -9.5
endloop
endfacet
facet normal 1 0 0
outer loop
vertex 13.506680488586426 -52.407657623291016 -9.5
vertex 13.506680488586426 -43.407657623291016 -9.5
vertex 13.506680488586426 -43.407657623291016 -8.199999809265137
endloop
endfacet
facet normal -1 0 0
outer loop
vertex 23.50667953491211 -43.407657623291016 -8.199999809265137
vertex 23.50667953491211 -43.407657623291016 -9.5
vertex 23.50667953491211 -52.407657623291016 -8.199999809265137
endloop
endfacet
facet normal 0 1 0
outer loop
vertex 23.50667953491211 -52.407657623291016 -9.5
vertex 13.506680488586426 -52.407657623291016 -8.199999809265137
vertex 23.50667953491211 -52.407657623291016 -8.199999809265137
endloop
endfacet
facet normal 0 -1 0
outer loop
vertex 13.506680488586426 -43.407657623291016 -8.199999809265137
vertex 13.506680488586426 -43.407657623291016 -9.5
vertex 23.50667953491211 -43.407657623291016 -8.199999809265137
endloop
endfacet
facet normal -1 0 0
outer loop
vertex 23.50667953491211 -43.407657623291016 -9.5
vertex 23.50667953491211 -52.407657623291016 -9.5
vertex 23.50667953491211 -52.407657623291016 -8.199999809265137
endloop
endfacet
facet normal 1 0 0
outer loop
vertex 13.506680488586426 -52.407657623291016 -8.199999809265137
vertex 13.506680488586426 -52.407657623291016 -9.5
vertex 13.506680488586426 -43.407657623291016 -8.199999809265137
endloop
endfacet
facet normal 0 -1 0
outer loop
vertex 23.50667953491211 -43.407657623291016 -8.199999809265137
vertex 13.506680488586426 -43.407657623291016 -9.5
vertex 23.50667953491211 -43.407657623291016 -9.5
endloop
endfacet
facet normal 0.00007312550291341758 -0.7071067792959776 0.7071067792959776
outer loop
vertex 51.89677429199219 -55.04905319213867 -1
vertex 51.89677429199219 -54.54905319213867 -0.5
vertex 26.739673614501953 -54.55165481567383 -0.5
endloop
endfacet
facet normal 0.0000731294649540238 -0.7071067792957728 0.7071067792957728
outer loop
vertex 65.39677429199219 -55.04765701293945 -1
vertex 60.89677429199219 -54.54812240600586 -0.5
vertex 60.89677429199219 -55.04812240600586 -1
endloop
endfacet
facet normal 0.00007329117539586268 -0.7071060512512115 0.7071075073228418
outer loop
vertex 60.89677429199219 -54.54812240600586 -0.5
vertex 65.39677429199219 -55.04765701293945 -1
vertex 65.3868408203125 -54.54765701293945 -0.5
endloop
endfacet
facet normal 0.00007312351561801585 -0.7071068294210757 0.7071067291710815
outer loop
vertex 26.739673614501953 -54.55165481567383 -0.5
vertex 29.72693634033203 -55.05134582519531 -1
vertex 51.89677429199219 -55.04905319213867 -1
endloop
endfacet
facet normal 0.00007314155052942439 -0.7071067755284739 0.7071067830618214
outer loop
vertex 26.739673614501953 -54.55165481567383 -0.5
vertex 26.73972511291504 -55.05165481567383 -1
vertex 29.72693634033203 -55.05134582519531 -1
endloop
endfacet
facet normal 0.028016121486733936 -0.7065508694363642 0.7071074641350906
outer loop
vertex 65.3868408203125 -54.54765701293945 -0.5
vertex 65.39677429199219 -55.04765701293945 -1
vertex 65.84614562988281 -55.02983856201172 -1
endloop
endfacet
facet normal 0.028015904452892735 -0.7065509753494396 0.7071073669043777
outer loop
vertex 65.84614562988281 -55.02983856201172 -1
vertex 65.79638671875 -54.53141784667969 -0.5
vertex 65.3868408203125 -54.54765701293945 -0.5
endloop
endfacet
facet normal 0.11222467586974758 -0.6981439850547806 0.7071072042185402
outer loop
vertex 65.79638671875 -54.53141784667969 -0.5
vertex 65.84614562988281 -55.02983856201172 -1
vertex 66.43429565429688 -54.93529510498047 -1
endloop
endfacet
facet normal 0.11222653884692636 -0.6981424962637923 0.7071083784604734
outer loop
vertex 65.79638671875 -54.53141784667969 -0.5
vertex 66.43429565429688 -54.93529510498047 -1
vertex 66.77580261230469 -54.88039779663086 -1
endloop
endfacet
facet normal 0.11222609644781234 -0.6981430521351046 0.7071078998509117
outer loop
vertex 66.77580261230469 -54.88039779663086 -1
vertex 66.65702819824219 -54.393070220947266 -0.5
vertex 65.79638671875 -54.53141784667969 -0.5
endloop
endfacet
facet normal 0.22159002803809014 -0.6714881618330077 0.7071078474972589
outer loop
vertex 66.65702819824219 -54.393070220947266 -0.5
vertex 66.77580261230469 -54.88039779663086 -1
vertex 67.5932846069336 -54.61063003540039 -1
endloop
endfacet
facet normal 0.22158895856440353 -0.6714898500458172 0.707106579468604
outer loop
vertex 67.5932846069336 -54.61063003540039 -1
vertex 67.39923858642578 -54.14814376831055 -0.5
vertex 66.65702819824219 -54.393070220947266 -0.5
endloop
endfacet
facet normal 0.32387685436696095 -0.6285737784753113 0.7071059243272061
outer loop
vertex 68.4285659790039 -54.18024444580078 -1
vertex 68.16409301757812 -53.75404739379883 -0.5
vertex 67.39923858642578 -54.14814376831055 -0.5
endloop
endfacet
facet normal 0.32387725654099875 -0.6285727165670408 0.7071066840887636
outer loop
vertex 68.4285659790039 -54.18024444580078 -1
vertex 67.39923858642578 -54.14814376831055 -0.5
vertex 67.5932846069336 -54.61063003540039 -1
endloop
endfacet
facet normal 0.41942989052798707 -0.5692800172908616 0.707105953054418
outer loop
vertex 69.12162017822266 -53.669620513916016 -1
vertex 68.79336547851562 -53.2904167175293 -0.5
vertex 68.16409301757812 -53.75404739379883 -0.5
endloop
endfacet
facet normal 0.41943002129368095 -0.5692795017715618 0.7071062905251972
outer loop
vertex 68.16409301757812 -53.75404739379883 -0.5
vertex 68.4285659790039 -54.18024444580078 -1
vertex 69.12162017822266 -53.669620513916016 -1
endloop
endfacet
facet normal 0.5033007868981415 -0.4966781437190512 0.707106172692269
outer loop
vertex 69.12162017822266 -53.669620513916016 -1
vertex 69.78163146972656 -53.00080871582031 -1
vertex 68.79336547851562 -53.2904167175293 -0.5
endloop
endfacet
facet normal 0.5033008566883594 -0.4966766207504331 0.7071071927626631
outer loop
vertex 69.78163146972656 -53.00080871582031 -1
vertex 69.3977279663086 -52.67799377441406 -0.5
vertex 68.79336547851562 -53.2904167175293 -0.5
endloop
endfacet
facet normal 0.5756754494290472 -0.41060958273016435 0.7071050470013805
outer loop
vertex 69.3977279663086 -52.67799377441406 -0.5
vertex 70.2031021118164 -52.4099006652832 -1
vertex 69.85160827636719 -52.04165267944336 -0.5
endloop
endfacet
facet normal 0.5756635869146387 -0.41062324563180347 0.7071067704720242
outer loop
vertex 70.2815170288086 -52.29996871948242 -1
vertex 69.85160827636719 -52.04165267944336 -0.5
vertex 70.2031021118164 -52.4099006652832 -1
endloop
endfacet
facet normal 0.5756755170794525 -0.4106058964644997 0.7071071324940015
outer loop
vertex 69.3977279663086 -52.67799377441406 -0.5
vertex 69.78163146972656 -53.00080871582031 -1
vertex 70.2031021118164 -52.4099006652832 -1
endloop
endfacet
facet normal 0.6328087399750558 -0.31552500306425696 0.7071047101048633
outer loop
vertex 70.70079803466797 -51.45906066894531 -1
vertex 70.23554229736328 -51.271644592285156 -0.5
vertex 69.85160827636719 -52.04165267944336 -0.5
endloop
endfacet
facet normal 0.6328076572080394 -0.3155210975328777 0.7071074218182982
outer loop
vertex 69.85160827636719 -52.04165267944336 -0.5
vertex 70.2815170288086 -52.29996871948242 -1
vertex 70.70079803466797 -51.45906066894531 -1
endloop
endfacet
facet normal 0.6748277818430497 -0.2112112410349519 0.7071048553879862
outer loop
vertex 70.23554229736328 -51.271644592285156 -0.5
vertex 70.73056030273438 -51.36397171020508 -1
vertex 70.95793151855469 -50.63751220703125 -1
endloop
endfacet
facet normal 0.6748264517642926 -0.21121659151382077 0.7071045265507064
outer loop
vertex 70.23554229736328 -51.271644592285156 -0.5
vertex 70.70079803466797 -51.45906066894531 -1
vertex 70.73056030273438 -51.36397171020508 -1
endloop
endfacet
facet normal 0.6748276166940917 -0.21121083238424185 0.707105135061631
outer loop
vertex 70.95793151855469 -50.63751220703125 -1
vertex 70.46900939941406 -50.52570724487305 -0.5
vertex 70.23554229736328 -51.271644592285156 -0.5
endloop
endfacet
facet normal 0.6995529190229522 -0.10309826413292182 0.7071042790276729
outer loop
vertex 70.95793151855469 -50.63751220703125 -1
vertex 70.98440551757812 -50.45787811279297 -1
vertex 70.4790267944336 -50.4577522277832 -0.5
endloop
endfacet
facet normal 0.6995468362691656 -0.10312170158542881 0.7071068791405773
outer loop
vertex 70.4790267944336 -50.4577522277832 -0.5
vertex 70.46900939941406 -50.52570724487305 -0.5
vertex 70.95793151855469 -50.63751220703125 -1
endloop
endfacet
facet normal 0.7071067473230116 -0.0001790075835619116 0.7071067923917543
outer loop
vertex 71.11196899414062 17.913387298583984 -1
vertex 70.61196899414062 17.91351318359375 -0.5
vertex 70.61138916015625 15.623082160949707 -0.5
endloop
endfacet
facet normal 0.7071067473230304 -0.00017900750902796964 0.7071067923917544
outer loop
vertex 70.59989166259766 -29.957780838012695 -0.5
vertex 71.09989166259766 -29.95790672302246 -1
vertex 70.60047149658203 -27.667348861694336 -0.5
endloop
endfacet
facet normal 0.7071067478314843 -0.00017665211041750374 0.7071067924756582
outer loop
vertex 71.10564422607422 -7.167475700378418 -1
vertex 71.10621643066406 -4.8770432472229 -1
vertex 70.60564422607422 -7.167349338531494 -0.5
endloop
endfacet
facet normal 0.7071067473230304 -0.00017900750902796964 0.7071067923917544
outer loop
vertex 71.10047149658203 -27.6674747467041 -1
vertex 70.60047149658203 -27.667348861694336 -0.5
vertex 71.09989166259766 -29.95790672302246 -1
endloop
endfacet
facet normal 0.7071067479157094 -0.00017665214721514067 0.7071067923914239
outer loop
vertex 71.10621643066406 -4.8770432472229 -1
vertex 70.60621643066406 -4.876917362213135 -0.5
vertex 70.60564422607422 -7.167349338531494 -0.5
endloop
endfacet
facet normal 0.7071067473230116 -0.0001790075835619116 0.7071067923917543
outer loop
vertex 70.61138916015625 15.623082160949707 -0.5
vertex 71.11138916015625 15.622956275939941 -1
vertex 71.11196899414062 17.913387298583984 -1
endloop
endfacet
facet normal 0.6981432962317745 0.11222488786550841 0.7071078506636784
outer loop
vertex 71.0508041381836 38.41340255737305 -1
vertex 70.94969177246094 39.042415618896484 -1
vertex 70.46236419677734 38.923641204833984 -0.5
endloop
endfacet
facet normal 0.6981444155734104 0.11222769893634578 0.7071062993603678
outer loop
vertex 71.0508041381836 38.41340255737305 -1
vertex 70.46236419677734 38.923641204833984 -0.5
vertex 70.54436492919922 38.41353225708008 -0.5
endloop
endfacet
facet normal 0.6714868749397046 0.22158230252234565 0.7071114904967992
outer loop
vertex 70.21743774414062 39.665855407714844 -0.5
vertex 70.94969177246094 39.042415618896484 -1
vertex 70.679931640625 39.859901428222656 -1
endloop
endfacet
facet normal 0.6714888852382437 0.22158750130087154 0.7071079523444332
outer loop
vertex 70.94969177246094 39.042415618896484 -1
vertex 70.21743774414062 39.665855407714844 -0.5
vertex 70.46236419677734 38.923641204833984 -0.5
endloop
endfacet
facet normal 0.628571646970421 0.3238757560947731 0.7071083221394948
outer loop
vertex 70.24954223632812 40.69518280029297 -1
vertex 69.8233413696289 40.43070983886719 -0.5
vertex 70.21743774414062 39.665855407714844 -0.5
endloop
endfacet
facet normal 0.6285673740036114 0.3238773743838414 0.70711137927517
outer loop
vertex 70.21743774414062 39.665855407714844 -0.5
vertex 70.679931640625 39.859901428222656 -1
vertex 70.24954223632812 40.69518280029297 -1
endloop
endfacet
facet normal 0.5692787382341596 0.419431490779547 0.7071060335882942
outer loop
vertex 69.7389144897461 41.38823318481445 -1
vertex 69.35971069335938 41.05997848510742 -0.5
vertex 69.8233413696289 40.43070983886719 -0.5
endloop
endfacet
facet normal 0.5692752952978307 0.4194323641035949 0.7071082873973669
outer loop
vertex 69.8233413696289 40.43070983886719 -0.5
vertex 70.24954223632812 40.69518280029297 -1
vertex 69.7389144897461 41.38823318481445 -1
endloop
endfacet
facet normal 0.4966808569994276 0.5032978901198755 0.7071063287025481
outer loop
vertex 69.35971069335938 41.05997848510742 -0.5
vertex 69.7389144897461 41.38823318481445 -1
vertex 69.29150390625 41.82976150512695 -1
endloop
endfacet
facet normal 0.4966799005713907 0.5032978684571341 0.7071070159282107
outer loop
vertex 69.07010650634766 42.048248291015625 -1
vertex 68.7472915649414 41.664344787597656 -0.5
vertex 69.35971069335938 41.05997848510742 -0.5
endloop
endfacet
facet normal 0.496681175593404 0.5032978100233956 0.7071061619281847
outer loop
vertex 69.35971069335938 41.05997848510742 -0.5
vertex 69.29150390625 41.82976150512695 -1
vertex 69.07010650634766 42.048248291015625 -1
endloop
endfacet
facet normal 0.4106041416151988 0.5756761102982643 0.7071076685486495
outer loop
vertex 68.3692626953125 42.54813003540039 -1
vertex 68.11094665527344 42.118221282958984 -0.5
vertex 68.7472915649414 41.664344787597656 -0.5
endloop
endfacet
facet normal 0.4106050514850988 0.5756761721060227 0.7071070898840401
outer loop
vertex 68.7472915649414 41.664344787597656 -0.5
vertex 69.07010650634766 42.048248291015625 -1
vertex 68.3692626953125 42.54813003540039 -1
endloop
endfacet
facet normal 0.31552520270703405 0.6328060053734896 0.7071070682859364
outer loop
vertex 67.52835845947266 42.96741485595703 -1
vertex 67.3409423828125 42.50215530395508 -0.5
vertex 68.11094665527344 42.118221282958984 -0.5
endloop
endfacet
facet normal 0.3155244753897424 0.6328058037353546 0.707107573279257
outer loop
vertex 68.11094665527344 42.118221282958984 -0.5
vertex 68.3692626953125 42.54813003540039 -1
vertex 67.52835845947266 42.96741485595703 -1
endloop
endfacet
facet normal 0.21121277767883234 0.6748262568571736 0.7071058517657226
outer loop
vertex 66.7068099975586 43.22454833984375 -1
vertex 66.59500122070312 42.735626220703125 -0.5
vertex 67.3409423828125 42.50215530395508 -0.5
endloop
endfacet
facet normal 0.21121493911114822 0.6748243107315783 0.7071070634224523
outer loop
vertex 67.3409423828125 42.50215530395508 -0.5
vertex 67.52835845947266 42.96741485595703 -1
vertex 67.40345764160156 43.006507873535156 -1
endloop
endfacet
facet normal 0.21121039120980215 0.6748252924090501 0.7071074850191038
outer loop
vertex 67.3409423828125 42.50215530395508 -0.5
vertex 67.40345764160156 43.006507873535156 -1
vertex 66.7068099975586 43.22454833984375 -1
endloop
endfacet
facet normal 0.10307938784492297 0.6995543826592995 0.7071055829956955
outer loop
vertex 66.22758483886719 43.295162200927734 -1
vertex 66.59500122070312 42.735626220703125 -0.5
vertex 66.7068099975586 43.22454833984375 -1
endloop
endfacet
facet normal 0.10307300155649733 0.6995525984001733 0.7071082791353105
outer loop
vertex 66.59500122070312 42.735626220703125 -0.5
vertex 66.22758483886719 43.295162200927734 -1
vertex 65.7771987915039 43.36152267456055 -1
endloop
endfacet
facet normal 0.10307448654257143 0.699553585584073 0.7071070860346773
outer loop
vertex 65.7771987915039 43.36152267456055 -1
vertex 65.74053192138672 42.86152648925781 -0.5
vertex 66.59500122070312 42.735626220703125 -0.5
endloop
endfacet
facet normal 0.0000892012023358321 0.7071094701622663 0.707104086574236
outer loop
vertex -20.04914665222168 43.372344970703125 -1
vertex -20.049209594726562 42.87234878540039 -0.5
vertex 65.74053192138672 42.86152648925781 -0.5
endloop
endfacet
facet normal 0.00008916274753309568 0.7071062064527975 0.7071073502983392
outer loop
vertex 65.74053192138672 42.86152648925781 -0.5
vertex 65.7771987915039 43.36152267456055 -1
vertex -20.04914665222168 43.372344970703125 -1
endloop
endfacet
facet normal 0.02389249189141894 0.7069061187874168 0.7069037332283151
outer loop
vertex -20.049209594726562 42.87234878540039 -0.5
vertex -20.04914665222168 43.372344970703125 -1
vertex -20.082956314086914 42.87348937988281 -0.5
endloop
endfacet
facet normal 0.047815065554526075 0.7054882889023577 0.707106776751319
outer loop
vertex -20.082956314086914 42.87348937988281 -0.5
vertex -20.04914665222168 43.372344970703125 -1
vertex -20.453941345214844 43.3997802734375 -1
endloop
endfacet
facet normal 0.04781483511941437 0.7054882131113258 0.7071068679510134
outer loop
vertex -20.082956314086914 42.87348937988281 -0.5
vertex -20.453941345214844 43.3997802734375 -1
vertex -20.48775291442871 42.90092468261719 -0.5
endloop
endfacet
facet normal 0.10910711393272629 0.6999914132995603 0.7057674255703187
outer loop
vertex -20.453941345214844 43.3997802734375 -1
vertex -20.55694007873535 42.91170883178711 -0.5
vertex -20.48775291442871 42.90092468261719 -0.5
endloop
endfacet
facet normal 0.1461769421920179 0.6926850727463926 0.7062716839614317
outer loop
vertex -20.55694007873535 42.91170883178711 -0.5
vertex -20.453941345214844 43.3997802734375 -1
vertex -38.06781005859375 47.116825103759766 -1
endloop
endfacet
facet normal 0.14617701491532192 0.6926853423498668 0.7062714044927018
outer loop
vertex -38.06781005859375 47.116825103759766 -1
vertex -38.170806884765625 46.628753662109375 -0.5
vertex -20.55694007873535 42.91170883178711 -0.5
endloop
endfacet
facet normal 0.18528815880630847 0.6837921005945098 0.7057596342741032
outer loop
vertex -38.170806884765625 46.628753662109375 -0.5
vertex -38.5800666809082 47.255714416503906 -1
vertex -38.710411071777344 46.77497100830078 -0.5
endloop
endfacet
facet normal 0.18540611851193306 0.6838215997246541 0.7057000715377278
outer loop
vertex -38.5800666809082 47.255714416503906 -1
vertex -38.170806884765625 46.628753662109375 -0.5
vertex -38.06781005859375 47.116825103759766 -1
endloop
endfacet
facet normal 0.21293883643781694 0.6759944147239706 0.7054704835770984
outer loop
vertex -38.5800666809082 47.255714416503906 -1
vertex -38.775333404541016 46.7954216003418 -0.5
vertex -38.710411071777344 46.77497100830078 -0.5
endloop
endfacet
facet normal 0.27614909896448714 0.6509548427747193 0.7071064048707538
outer loop
vertex -38.775333404541016 46.7954216003418 -0.5
vertex -45.84564971923828 50.33793258666992 -1
vertex -55.67227554321289 54.50659942626953 -1
endloop
endfacet
facet normal 0.2761486948035008 0.6509540167098985 0.7071073231748997
outer loop
vertex -55.67227554321289 54.50659942626953 -1
vertex -55.85847473144531 54.042457580566406 -0.5
vertex -38.775333404541016 46.7954216003418 -0.5
endloop
endfacet
facet normal 0.2761494209568608 0.6509553958150768 0.7071057699979736
outer loop
vertex -38.775333404541016 46.7954216003418 -0.5
vertex -38.5800666809082 47.255714416503906 -1
vertex -45.84564971923828 50.33793258666992 -1
endloop
endfacet
facet normal 0.25029573023957835 0.6613259290555262 0.7071068257220272
outer loop
vertex -56.09340286254883 54.665985107421875 -1
vertex -56.242347717285156 54.187744140625 -0.5
vertex -55.85847473144531 54.042457580566406 -0.5
endloop
endfacet
facet normal 0.25029455191702654 0.6613258664839419 0.7071073013340466
outer loop
vertex -55.85847473144531 54.042457580566406 -0.5
vertex -55.67227554321289 54.50659942626953 -1
vertex -56.09340286254883 54.665985107421875 -1
endloop
endfacet
facet normal 0.16946390868559486 0.686498721133652 0.7071078344459639
outer loop
vertex -57.007537841796875 54.89164352416992 -1
vertex -57.08860397338867 54.396644592285156 -0.5
vertex -56.242347717285156 54.187744140625 -0.5
endloop
endfacet
facet normal 0.16946558594114072 0.6864996312569565 0.7071065488776699
outer loop
vertex -56.242347717285156 54.187744140625 -0.5
vertex -56.09340286254883 54.665985107421875 -1
vertex -57.007537841796875 54.89164352416992 -1
endloop
endfacet
facet normal 0.05837854422022377 0.7046914767935677 0.7071081021380167
outer loop
vertex -57.08860397338867 54.396644592285156 -0.5
vertex -57.007537841796875 54.89164352416992 -1
vertex -57.44747543334961 54.9280891418457 -1
endloop
endfacet
facet normal 0.05837914553758257 0.7046916622520488 0.7071078676685376
outer loop
vertex -57.08860397338867 54.396644592285156 -0.5
vertex -57.44747543334961 54.9280891418457 -1
vertex -57.86544418334961 54.96271514892578 -1
endloop
endfacet
facet normal 0.05838040887545198 0.704692535319271 0.7071068932805231
outer loop
vertex -57.86544418334961 54.96271514892578 -1
vertex -57.86751937866211 54.46117401123047 -0.5
vertex -57.08860397338867 54.396644592285156 -0.5
endloop
endfacet
facet normal -0.052545575805889935 0.7051534136399275 0.7071051022975192
outer loop
vertex -58.802490234375 54.892887115478516 -1
vertex -58.72555923461914 54.39723587036133 -0.5
vertex -57.86751937866211 54.46117401123047 -0.5
endloop
endfacet
facet normal -0.05254740929596199 0.705151497780355 0.7071068766137157
outer loop
vertex -57.86544418334961 54.96271514892578 -1
vertex -58.802490234375 54.892887115478516 -1
vertex -57.86751937866211 54.46117401123047 -0.5
endloop
endfacet
facet normal -0.1636722011855169 0.6879050093599139 0.7071054438035563
outer loop
vertex -59.639957427978516 54.69363021850586 -1
vertex -59.48595428466797 54.21631622314453 -0.5
vertex -58.72555923461914 54.39723587036133 -0.5
endloop
endfacet
facet normal -0.16367194527286405 0.6879053461226167 0.707105175420545
outer loop
vertex -58.72555923461914 54.39723587036133 -0.5
vertex -58.802490234375 54.892887115478516 -1
vertex -59.639957427978516 54.69363021850586 -1
endloop
endfacet
facet normal -0.26923879096766035 0.6538443694398932 0.7071053768640293
outer loop
vertex -59.48595428466797 54.21631622314453 -0.5
vertex -59.639957427978516 54.69363021850586 -1
vertex -59.7404899597168 54.6522331237793 -1
endloop
endfacet
facet normal -0.269240241348085 0.6538436510482751 0.707105488893055
outer loop
vertex -59.48595428466797 54.21631622314453 -0.5
vertex -59.7404899597168 54.6522331237793 -1
vertex -60.508819580078125 54.33584976196289 -1
endloop
endfacet
facet normal -0.2692415359297208 0.6538409517379499 0.7071074919420786
outer loop
vertex -60.508819580078125 54.33584976196289 -1
vertex -60.281558990478516 53.88869857788086 -0.5
vertex -59.48595428466797 54.21631622314453 -0.5
endloop
endfacet
facet normal -0.36949122780863125 0.6028877106457851 0.7071086485998842
outer loop
vertex -61.24279022216797 53.886024475097656 -1
vertex -60.94797897338867 53.48027038574219 -0.5
vertex -60.281558990478516 53.88869857788086 -0.5
endloop
endfacet
facet normal -0.36949045207676773 0.6028899492217757 0.7071071453121304
outer loop
vertex -60.281558990478516 53.88869857788086 -0.5
vertex -60.508819580078125 54.33584976196289 -1
vertex -61.24279022216797 53.886024475097656 -1
endloop
endfacet
facet normal -0.45923141573615434 0.5376875508631493 0.7071057943814032
outer loop
vertex -61.957298278808594 53.2757682800293 -1
vertex -61.60224533081055 52.921470642089844 -0.5
vertex -60.94797897338867 53.48027038574219 -0.5
endloop
endfacet
facet normal -0.45923190423519716 0.5376838417932137 0.7071082975096566
outer loop
vertex -60.94797897338867 53.48027038574219 -0.5
vertex -61.24279022216797 53.886024475097656 -1
vertex -61.957298278808594 53.2757682800293 -1
endloop
endfacet
facet normal -0.5386644617650839 0.4580828976332178 0.7071072454212922
outer loop
vertex -62.51498031616211 52.61998748779297 -1
vertex -62.10860061645508 52.32604217529297 -0.5
vertex -61.60224533081055 52.921470642089844 -0.5
endloop
endfacet
facet normal -0.5386644219243695 0.45808519527418196 0.7071057872931739
outer loop
vertex -61.60224533081055 52.921470642089844 -0.5
vertex -61.957298278808594 53.2757682800293 -1
vertex -62.51498031616211 52.61998748779297 -1
endloop
endfacet
facet normal -0.6036743645500249 0.36820770751012477 0.7071070256441114
outer loop
vertex -62.60955047607422 52.46493911743164 -1
vertex -62.144493103027344 52.26719665527344 -0.5
vertex -62.10860061645508 52.32604217529297 -0.5
endloop
endfacet
facet normal -0.6036752962587474 0.36820554236807984 0.7071073576596002
outer loop
vertex -62.51498031616211 52.61998748779297 -1
vertex -62.60955047607422 52.46493911743164 -1
vertex -62.10860061645508 52.32604217529297 -0.5
endloop
endfacet
facet normal -0.6613369884552519 0.250268193460657 0.7071062289662545
outer loop
vertex -70.71746063232422 33.6362190246582 -1
vertex -70.7348861694336 33.590171813964844 -1
vertex -70.2646484375 33.443687438964844 -0.5083539485931396
endloop
endfacet
facet normal -0.6864855573929673 0.16952862073854755 0.7071051026837188
outer loop
vertex -70.96063232421875 32.67604446411133 -1
vertex -70.46564483642578 32.594932556152344 -0.5
vertex -70.2646484375 33.443687438964844 -0.5083539485931396
endloop
endfacet
facet normal -0.6864860669710222 0.16952954088631847 0.7071043873584235
outer loop
vertex -70.2646484375 33.443687438964844 -0.5083539485931396
vertex -70.7348861694336 33.590171813964844 -1
vertex -70.96063232421875 32.67604446411133 -1
endloop
endfacet
facet normal -0.7046887405592013 0.05844479448676917 0.7071053563129654
outer loop
vertex -71.03178405761719 31.818143844604492 -1
vertex -70.46564483642578 32.594932556152344 -0.5
vertex -70.96063232421875 32.67604446411133 -1
endloop
endfacet
facet normal -0.7046871651000298 0.05844251433764674 0.7071071148427067
outer loop
vertex -71.03178405761719 31.818143844604492 -1
vertex -70.53024291992188 31.816022872924805 -0.5
vertex -70.46564483642578 32.594932556152344 -0.5
endloop
endfacet
facet normal -0.7051576665142439 -0.05248152277888968 0.7071056180819068
outer loop
vertex -70.46638488769531 30.957979202270508 -0.5
vertex -71.03178405761719 31.818143844604492 -1
vertex -70.96204376220703 30.881092071533203 -1
endloop
endfacet
facet normal -0.7051562723483381 -0.052479720443652414 0.7071071421715045
outer loop
vertex -70.53024291992188 31.816022872924805 -0.5
vertex -71.03178405761719 31.818143844604492 -1
vertex -70.46638488769531 30.957979202270508 -0.5
endloop
endfacet
facet normal -0.6879201404866919 -0.16360653675396297 0.7071059195369136
outer loop
vertex -70.46638488769531 30.957979202270508 -0.5
vertex -70.96204376220703 30.881092071533203 -1
vertex -70.28553771972656 30.197566986083984 -0.5
endloop
endfacet
facet normal -0.6879215393437136 -0.1636094016420214 0.707103895761659
outer loop
vertex -70.28553771972656 30.197566986083984 -0.5
vertex -70.96204376220703 30.881092071533203 -1
vertex -70.76286315917969 30.04360580444336 -1
endloop
endfacet
facet normal -0.6538707121959475 -0.2691779798142891 0.7071041697766054
outer loop
vertex -70.28553771972656 30.197566986083984 -0.5
vertex -70.76286315917969 30.04360580444336 -1
vertex -70.40516662597656 29.174711227416992 -1
endloop
endfacet
facet normal -0.653864072682369 -0.2691811648637583 0.707109096913493
outer loop
vertex -70.40516662597656 29.174711227416992 -1
vertex -69.95799255371094 29.401931762695312 -0.5
vertex -70.28553771972656 30.197566986083984 -0.5
endloop
endfacet
facet normal -0.6029221848241582 -0.3694348561598498 0.7071087088284339
outer loop
vertex -69.95799255371094 29.401931762695312 -0.5
vertex -70.40516662597656 29.174711227416992 -1
vertex -69.95540618896484 28.440696716308594 -1
endloop
endfacet
facet normal -0.6029257030137113 -0.36943363664399725 0.7071063461470368
outer loop
vertex -69.95540618896484 28.440696716308594 -1
vertex -69.54962921142578 28.735471725463867 -0.5
vertex -69.95799255371094 29.401931762695312 -0.5
endloop
endfacet
facet normal -0.5377262962533922 -0.45918503772248315 0.7071064498711711
outer loop
vertex -69.54962921142578 28.735471725463867 -0.5
vertex -69.95540618896484 28.440696716308594 -1
vertex -69.34521484375 27.72613525390625 -1
endloop
endfacet
facet normal -0.537731873521589 -0.45918430266554233 0.7071026858841093
outer loop
vertex -69.34521484375 27.72613525390625 -1
vertex -68.99089050292969 28.08115577697754 -0.5
vertex -69.54962921142578 28.735471725463867 -0.5
endloop
endfacet
facet normal -0.4581390995359959 -0.5386218521133479 0.7071032922440211
outer loop
vertex -68.99089050292969 28.08115577697754 -0.5
vertex -69.34521484375 27.72613525390625 -1
vertex -68.68949127197266 27.168392181396484 -1
endloop
endfacet
facet normal -0.45813202412499354 -0.5386219754605939 0.7071077824646423
outer loop
vertex -68.68949127197266 27.168392181396484 -1
vertex -68.3955078125 27.574745178222656 -0.5
vertex -68.99089050292969 28.08115577697754 -0.5
endloop
endfacet
facet normal -0.3682584383149754 -0.60364259167292 0.7071077316280849
outer loop
vertex -68.3955078125 27.574745178222656 -0.5
vertex -68.68949127197266 27.168392181396484 -1
vertex -67.88733673095703 26.67902946472168 -1
endloop
endfacet
facet normal -0.3682580232930814 -0.6036425139207805 0.7071080141447081
outer loop
vertex -67.88733673095703 26.67902946472168 -1
vertex -67.65792083740234 27.124773025512695 -0.5
vertex -68.3955078125 27.574745178222656 -0.5
endloop
endfacet
facet normal -0.2778016201658605 -0.6514996774309011 0.7059563939370865
outer loop
vertex -60.30111312866211 23.446012496948242 -1
vertex -60.1057243347168 23.904491424560547 -0.5
vertex -67.65792083740234 27.124773025512695 -0.5
endloop
endfacet
facet normal -0.27722196566118956 -0.6504969939647056 0.7071079426776568
outer loop
vertex -67.65792083740234 27.124773025512695 -0.5
vertex -67.88733673095703 26.67902946472168 -1
vertex -60.30111312866211 23.446012496948242 -1
endloop
endfacet
facet normal -0.2993958573792678 -0.6420806820232207 0.7057581160402827
outer loop
vertex -60.30111312866211 23.446012496948242 -1
vertex -60.0638542175293 23.884967803955078 -0.5
vertex -60.1057243347168 23.904491424560547 -0.5
endloop
endfacet
facet normal -0.33656744951963524 -0.6226964838476138 0.7063791056703661
outer loop
vertex -60.0638542175293 23.884967803955078 -0.5
vertex -59.80520248413086 23.1779727935791 -1
vertex -59.56794357299805 23.616928100585938 -0.5
endloop
endfacet
facet normal -0.33656744951963524 -0.6226964838476138 0.7063791056703661
outer loop
vertex -60.30111312866211 23.446012496948242 -1
vertex -59.80520248413086 23.1779727935791 -1
vertex -60.0638542175293 23.884967803955078 -0.5
endloop
endfacet
facet normal -0.39000412119089944 -0.5922923555787306 0.7050436518238519
outer loop
vertex -59.56794357299805 23.616928100585938 -0.5
vertex -59.80520248413086 23.1779727935791 -1
vertex -59.496543884277344 23.569913864135742 -0.5
endloop
endfacet
facet normal -0.4379665803725788 -0.5561473000311733 0.7063182392836713
outer loop
vertex -59.440425872802734 22.890710830688477 -1
vertex -59.496543884277344 23.569913864135742 -0.5
vertex -59.80520248413086 23.1779727935791 -1
endloop
endfacet
facet normal -0.43797044098282845 -0.5561463863553198 0.7063165648413082
outer loop
vertex -59.496543884277344 23.569913864135742 -0.5
vertex -59.440425872802734 22.890710830688477 -1
vertex -59.131771087646484 23.282651901245117 -0.5
endloop
endfacet
facet normal -0.48357628185074497 -0.5186607102143455 0.7050851347967559
outer loop
vertex -59.440425872802734 22.890710830688477 -1
vertex -59.075321197509766 23.23002052307129 -0.5
vertex -59.131771087646484 23.282651901245117 -0.5
endloop
endfacet
facet normal -0.5187745581053991 -0.4821259132440373 0.7059940237998839
outer loop
vertex -59.075321197509766 23.23002052307129 -0.5
vertex -59.440425872802734 22.890710830688477 -1
vertex -59.12434387207031 22.550601959228516 -1
endloop
endfacet
facet normal -0.5163323083084173 -0.4831193082454176 0.7071044345762306
outer loop
vertex -59.12434387207031 22.550601959228516 -1
vertex -58.75809097290039 22.890981674194336 -0.5
vertex -59.075321197509766 23.23002052307129 -0.5
endloop
endfacet
facet normal -0.5653351063270001 -0.42773318894426676 0.7052946452581415
outer loop
vertex -59.12434387207031 22.550601959228516 -1
vertex -58.71147155761719 22.829364776611328 -0.5
vertex -58.75809097290039 22.890981674194336 -0.5
endloop
endfacet
facet normal -0.5855449746591762 -0.3987172140230356 0.7058056856480355
outer loop
vertex -58.45014190673828 22.44558334350586 -0.5
vertex -58.71147155761719 22.829364776611328 -0.5
vertex -59.12434387207031 22.550601959228516 -1
endloop
endfacet
facet normal -0.5860368808090096 -0.39567583522319727 0.7071077766168832
outer loop
vertex -58.864532470703125 22.165794372558594 -1
vertex -58.45014190673828 22.44558334350586 -0.5
vertex -59.12434387207031 22.550601959228516 -1
endloop
endfacet
facet normal -0.6249050477694595 -0.33481119069681453 0.7052624673527088
outer loop
vertex -58.864532470703125 22.165794372558594 -1
vertex -58.41365432739258 22.37748146057129 -0.5
vertex -58.45014190673828 22.44558334350586 -0.5
endloop
endfacet
facet normal -0.6400712832898618 -0.3005156054133203 0.7071061612026409
outer loop
vertex -58.21460723876953 21.95800018310547 -0.5
vertex -58.864532470703125 22.165794372558594 -1
vertex -58.667205810546875 21.745506286621094 -1
endloop
endfacet
facet normal -0.640053798202006 -0.30371044415590914 0.7057556953491813
outer loop
vertex -58.41365432739258 22.37748146057129 -0.5
vertex -58.864532470703125 22.165794372558594 -1
vertex -58.21460723876953 21.95800018310547 -0.5
endloop
endfacet
facet normal -0.6686535709473371 -0.23543129317540692 0.705318728131566
outer loop
vertex -58.667205810546875 21.745506286621094 -1
vertex -58.18894577026367 21.88511848449707 -0.5
vertex -58.21460723876953 21.95800018310547 -0.5
endloop
endfacet
facet normal -0.6787768072612829 -0.1981527506234843 0.7071050369955844
outer loop
vertex -58.667205810546875 21.745506286621094 -1
vertex -58.621620178222656 21.589351654052734 -1
vertex -58.10076141357422 21.589380264282227 -0.5
endloop
endfacet
facet normal -0.6788353750554205 -0.20241773553589965 0.7058396375338276
outer loop
vertex -58.18894577026367 21.88511848449707 -0.5
vertex -58.667205810546875 21.745506286621094 -1
vertex -58.10076141357422 21.589380264282227 -0.5
endloop
endfacet
facet normal -0.7071067794552474 -0.000040456189982469643 0.7071067817605237
outer loop
vertex -58.476192474365234 1.0893595218658447 -1
vertex -57.97590255737305 -3.9778778553009033 -0.5
vertex -57.976192474365234 1.0893880128860474 -0.5
endloop
endfacet
facet normal -0.7071067794600701 -0.00004045619093449231 0.707106781755701
outer loop
vertex -57.97590255737305 -3.9778778553009033 -0.5
vertex -58.476192474365234 1.0893595218658447 -1
vertex -58.47590255737305 -3.9779062271118164 -1
endloop
endfacet
facet normal -0.707106779450424 -0.0000404562004514103 0.7071067817653464
outer loop
vertex -57.97444534301758 -29.545143127441406 -0.5
vertex -57.974735260009766 -24.47787857055664 -0.5
vertex -58.47444534301758 -29.5451717376709 -1
endloop
endfacet
facet normal -0.707106779450424 -0.0000404562004514103 0.7071067817653464
outer loop
vertex -57.974735260009766 -24.47787857055664 -0.5
vertex -58.474735260009766 -24.477907180786133 -1
vertex -58.47444534301758 -29.5451717376709 -1
endloop
endfacet
facet normal -0.6960620704868388 -0.12449191117136632 0.7071063272821675
outer loop
vertex -58.320491790771484 -50.619773864746094 -1
vertex -57.833099365234375 -50.50492477416992 -0.5
vertex -57.91533279418945 -50.04513931274414 -0.5
endloop
endfacet
facet normal -0.6960628495991009 -0.12449085613128799 0.7071057460858866
outer loop
vertex -58.42325973510742 -50.045169830322266 -1
vertex -58.320491790771484 -50.619773864746094 -1
vertex -57.91533279418945 -50.04513931274414 -0.5
endloop
endfacet
facet normal -0.6784143352873393 -0.19938523023088525 0.7071064415223598
outer loop
vertex -58.320491790771484 -50.619773864746094 -1
vertex -58.145626068115234 -51.214759826660156 -1
vertex -57.833099365234375 -50.50492477416992 -0.5
endloop
endfacet
facet normal -0.6784120363668895 -0.19938737085366173 0.7071080435524649
outer loop
vertex -58.145626068115234 -51.214759826660156 -1
vertex -57.6735954284668 -51.04763412475586 -0.5
vertex -57.833099365234375 -50.50492477416992 -0.5
endloop
endfacet
facet normal -0.6527319411062704 -0.2719179973758536 0.7071079237024187
outer loop
vertex -57.90714645385742 -51.78722381591797 -1
vertex -57.6735954284668 -51.04763412475586 -0.5
vertex -58.145626068115234 -51.214759826660156 -1
endloop
endfacet
facet normal -0.6527333095490293 -0.2719169766180921 0.7071070530210026
outer loop
vertex -57.6735954284668 -51.04763412475586 -0.5
vertex -57.90714645385742 -51.78722381591797 -1
vertex -57.45606994628906 -51.569801330566406 -0.5
endloop
endfacet
facet normal -0.6193233664685911 -0.34122964564476455 0.7071074152341776
outer loop
vertex -57.607879638671875 -52.330387115478516 -1
vertex -57.18309783935547 -52.06523895263672 -0.5
vertex -57.45606994628906 -51.569801330566406 -0.5
endloop
endfacet
facet normal -0.619324156112116 -0.34122918083217996 0.7071069479255699
outer loop
vertex -57.45606994628906 -51.569801330566406 -0.5
vertex -57.90714645385742 -51.78722381591797 -1
vertex -57.607879638671875 -52.330387115478516 -1
endloop
endfacet
facet normal -0.5785817477070303 -0.4065034805082216 0.7071054246397634
outer loop
vertex -57.251365661621094 -52.83781814575195 -1
vertex -56.85791015625 -52.5280876159668 -0.5
vertex -57.607879638671875 -52.330387115478516 -1
endloop
endfacet
facet normal -0.5785820546155551 -0.4064995164362343 0.7071074523818501
outer loop
vertex -56.85791015625 -52.5280876159668 -0.5
vertex -57.18309783935547 -52.06523895263672 -0.5
vertex -57.607879638671875 -52.330387115478516 -1
endloop
endfacet
facet normal -0.5309880811031263 -0.46696225700838345 0.7071053020986735
outer loop
vertex -56.841827392578125 -53.30350875854492 -1
vertex -56.85791015625 -52.5280876159668 -0.5
vertex -57.251365661621094 -52.83781814575195 -1
endloop
endfacet
facet normal -0.5309858923010053 -0.46696296848322827 0.7071064758879222
outer loop
vertex -56.841827392578125 -53.30350875854492 -1
vertex -56.48435592651367 -52.952857971191406 -0.5
vertex -56.85791015625 -52.5280876159668 -0.5
endloop
endfacet
facet normal -0.4771068080416537 -0.5218902130521093 0.7071065685175953
outer loop
vertex -56.48435592651367 -52.952857971191406 -0.5
vertex -56.841827392578125 -53.30350875854492 -1
vertex -56.384117126464844 -53.72194290161133 -1
endloop
endfacet
facet normal -0.4771083736799829 -0.5218898868502898 0.7071057528883734
outer loop
vertex -56.384117126464844 -53.72194290161133 -1
vertex -56.06686019897461 -53.334529876708984 -0.5
vertex -56.48435592651367 -52.952857971191406 -0.5
endloop
endfacet
facet normal -0.4175759503956592 -0.5706416067263709 0.7071057080266767
outer loop
vertex -55.88364791870117 -54.08816909790039 -1
vertex -56.06686019897461 -53.334529876708984 -0.5
vertex -56.384117126464844 -53.72194290161133 -1
endloop
endfacet
facet normal -0.41757503708471416 -0.5706416951719405 0.7071061759983388
outer loop
vertex -55.88364791870117 -54.08816909790039 -1
vertex -55.61036682128906 -53.668575286865234 -0.5
vertex -56.06686019897461 -53.334529876708984 -0.5
endloop
endfacet
facet normal -0.35310168755722177 -0.6126348612687245 0.7071051725185532
outer loop
vertex -55.346351623535156 -54.39784622192383 -1
vertex -55.120277404785156 -53.951045989990234 -0.5
vertex -55.61036682128906 -53.668575286865234 -0.5
endloop
endfacet
facet normal -0.3530993882528011 -0.6126348329147423 0.7071063452657058
outer loop
vertex -55.61036682128906 -53.668575286865234 -0.5
vertex -55.88364791870117 -54.08816909790039 -1
vertex -55.346351623535156 -54.39784622192383 -1
endloop
endfacet
facet normal -0.28444671334174415 -0.6473733344580478 0.7071052489564394
outer loop
vertex -55.120277404785156 -53.951045989990234 -0.5
vertex -55.346351623535156 -54.39784622192383 -1
vertex -54.77859115600586 -54.64731216430664 -1
endloop
endfacet
facet normal -0.2844459544726902 -0.6473732420335873 0.7071056388426291
outer loop
vertex -54.77859115600586 -54.64731216430664 -1
vertex -54.60240173339844 -54.178592681884766 -0.5
vertex -55.120277404785156 -53.951045989990234 -0.5
endloop
endfacet
facet normal -0.2124206051991517 -0.6744471044975356 0.7071057839685067
outer loop
vertex -54.18708419799805 -54.83361053466797 -1
vertex -54.0628662109375 -54.3485221862793 -0.5
vertex -54.60240173339844 -54.178592681884766 -0.5
endloop
endfacet
facet normal -0.2124208433259364 -0.6744471602702806 0.7071056592363354
outer loop
vertex -54.18708419799805 -54.83361053466797 -1
vertex -54.60240173339844 -54.178592681884766 -0.5
vertex -54.77859115600586 -54.64731216430664 -1
endloop
endfacet
facet normal -0.13787789229043915 -0.693533332531963 0.7071076321781965
outer loop
vertex -53.578834533691406 -54.95453643798828 -1
vertex -53.508060455322266 -54.45882034301758 -0.5
vertex -54.0628662109375 -54.3485221862793 -0.5
endloop
endfacet
facet normal -0.13788136286362704 -0.6935345560644312 0.7071057553997006
outer loop
vertex -54.0628662109375 -54.3485221862793 -0.5
vertex -54.18708419799805 -54.83361053466797 -1
vertex -53.578834533691406 -54.95453643798828 -1
endloop
endfacet
facet normal -0.06170732986658708 -0.7044082867811313 0.7071076091761477
outer loop
vertex -53.508060455322266 -54.45882034301758 -0.5
vertex -53.578834533691406 -54.95453643798828 -1
vertex -52.9610481262207 -55.0086555480957 -1
endloop
endfacet
facet normal -0.06171186951430611 -0.7044104674213876 0.7071050406751684
outer loop
vertex -52.9610481262207 -55.0086555480957 -1
vertex -52.93891143798828 -54.50868225097656 -0.5
vertex -53.508060455322266 -54.45882034301758 -0.5
endloop
endfacet
facet normal -0.0007865461996975655 -0.7071080327509892 0.7071050921638888
outer loop
vertex -52.93891143798828 -54.50868225097656 -0.5
vertex -52.9610481262207 -55.0086555480957 -1
vertex -49.36357879638672 -55.012657165527344 -1
endloop
endfacet
facet normal -0.0007950987334249277 -0.7071384843596398 0.7070746295516165
outer loop
vertex -49.36357879638672 -55.012657165527344 -1
vertex -49.36302185058594 -54.51270294189453 -0.5
vertex -52.93891143798828 -54.50868225097656 -0.5
endloop
endfacet
facet normal -0.04002738926932971 -0.7065501438753204 0.7065300434504151
outer loop
vertex -48.95357131958008 -55.035884857177734 -1
vertex -49.36302185058594 -54.51270294189453 -0.5
vertex -49.36357879638672 -55.012657165527344 -1
endloop
endfacet
facet normal -0.038637821777284184 -0.706031669462787 0.707125448873039
outer loop
vertex -48.95357131958008 -55.035884857177734 -1
vertex -48.93927764892578 -54.535892486572266 -0.5
vertex -49.36302185058594 -54.51270294189453 -0.5
endloop
endfacet
facet normal -0.0003952074824214264 -0.707106725965411 0.707106725965411
outer loop
vertex -27.88079833984375 -55.04765701293945 -1
vertex -35.081459045410156 -54.54363250732422 -0.5
vertex -35.081459045410156 -55.04363250732422 -1
endloop
endfacet
facet normal -0.0003974486661462359 -0.7071227984743242 0.7070906518349667
outer loop
vertex -35.081459045410156 -54.54363250732422 -0.5
vertex -27.88079833984375 -55.04765701293945 -1
vertex -27.880517959594727 -54.54767990112305 -0.5
endloop
endfacet
facet normal -0.0003947455914760991 -0.7071067260944128 0.7071067260944128
outer loop
vertex -44.081459045410156 -55.038604736328125 -1
vertex -44.081459045410156 -54.538604736328125 -0.5
vertex -48.95357131958008 -55.035884857177734 -1
endloop
endfacet
facet normal -0.00039479641548363707 -0.7071064777845382 0.7071069743758258
outer loop
vertex -44.081459045410156 -54.538604736328125 -0.5
vertex -48.93927764892578 -54.535892486572266 -0.5
vertex -48.95357131958008 -55.035884857177734 -1
endloop
endfacet
facet normal -0.06176557863690641 -0.7057555264403105 0.7057578552128261
outer loop
vertex -27.880517959594727 -54.54767990112305 -0.5
vertex -27.88079833984375 -55.04765701293945 -1
vertex -27.841157913208008 -54.551124572753906 -0.5
endloop
endfacet
facet normal -0.05373000988214962 -0.7050131293808912 0.7071559753255477
outer loop
vertex -27.33753204345703 -55.091026306152344 -1
vertex -27.317541122436523 -54.59103012084961 -0.5
vertex -27.841157913208008 -54.551124572753906 -0.5
endloop
endfacet
facet normal -0.05637608873922516 -0.7061961739561977 0.7057681634276902
outer loop
vertex -27.841157913208008 -54.551124572753906 -0.5
vertex -27.88079833984375 -55.04765701293945 -1
vertex -27.33753204345703 -55.091026306152344 -1
endloop
endfacet
facet normal -0.00018159826511415425 -0.7071058366045991 0.7071077024483471
outer loop
vertex -27.317541122436523 -54.59103012084961 -0.5
vertex -27.33753204345703 -55.091026306152344 -1
vertex 26.135560989379883 -55.104759216308594 -1
endloop
endfacet
facet normal -0.00018164013149837515 -0.7071080441788028 0.7071054948623231
outer loop
vertex 26.135560989379883 -55.104759216308594 -1
vertex 26.113693237304688 -54.60475540161133 -0.5
vertex -27.317541122436523 -54.59103012084961 -0.5
endloop
endfacet
facet normal 0.0597379106883503 -0.7059314906440095 0.7057564116206932
outer loop
vertex 26.73972511291504 -55.05165481567383 -1
vertex 26.69611167907715 -54.55546951293945 -0.5
vertex 26.113693237304688 -54.60475540161133 -0.5
endloop
endfacet
facet normal 0.06191418457685316 -0.7043922652764061 0.7071054874394317
outer loop
vertex 26.113693237304688 -54.60475540161133 -0.5
vertex 26.135560989379883 -55.104759216308594 -1
vertex 26.73972511291504 -55.05165481567383 -1
endloop
endfacet
facet normal 0.06180234674922619 -0.7057518987027885 0.7057582641483536
outer loop
vertex 26.69611167907715 -54.55546951293945 -0.5
vertex 26.73972511291504 -55.05165481567383 -1
vertex 26.739673614501953 -54.55165481567383 -0.5
endloop
endfacet
facet normal 0.1653983253747282 -0.63385659040451 -0.7555588770995976
outer loop
vertex 66.77580261230469 -54.88039779663086 -12.45806884765625
vertex 65.72930145263672 -53.82160568237305 -13.575403213500977
vertex 67.5932846069336 -54.46452331542969 -12.628002166748047
endloop
endfacet
facet normal 0.1653999305421779 -0.6338555521929375 -0.7555593966928272
outer loop
vertex 65.84614562988281 -54.88372802734375 -12.65878677368164
vertex 65.72930145263672 -53.82160568237305 -13.575403213500977
vertex 66.77580261230469 -54.88039779663086 -12.45806884765625
endloop
endfacet
facet normal 0.16539809116813478 -0.6338569278357913 -0.755558645290033
outer loop
vertex 65.72930145263672 -53.82160568237305 -13.575403213500977
vertex 67.20710754394531 -53.46702575683594 -13.549365043640137
vertex 67.5932846069336 -54.46452331542969 -12.628002166748047
endloop
endfacet
facet normal 0.16533822173537577 -0.6338730948172815 -0.7555581857806488
outer loop
vertex 67.5932846069336 -54.46452331542969 -12.628002166748047
vertex 67.63166046142578 -54.59086227416992 -12.513612747192383
vertex 67.5932846069336 -54.61063003540039 -12.505426406860352
endloop
endfacet
facet normal 0.1654049876812094 -0.6338658993630958 -0.7555496090097544
outer loop
vertex 66.77580261230469 -54.88039779663086 -12.45806884765625
vertex 67.5932846069336 -54.46452331542969 -12.628002166748047
vertex 67.5932846069336 -54.61063003540039 -12.505426406860352
endloop
endfacet
facet normal 0.16354762353613608 -0.6446237058111535 -0.7468014814808402
outer loop
vertex 65.84614562988281 -55.02983856201172 -12.53266716003418
vertex 65.84614562988281 -54.88372802734375 -12.65878677368164
vertex 66.77580261230469 -54.88039779663086 -12.45806884765625
endloop
endfacet
facet normal 0.37145884370131355 -0.5482757215582326 -0.7492743560177958
outer loop
vertex 67.20710754394531 -53.46702575683594 -13.549365043640137
vertex 68.46588897705078 -52.691978454589844 -13.492448806762695
vertex 69.12162017822266 -53.52350997924805 -12.558897972106934
endloop
endfacet
facet normal 0.37145954168490103 -0.5482759661622396 -0.7492738309991254
outer loop
vertex 67.5932846069336 -54.46452331542969 -12.628002166748047
vertex 67.20710754394531 -53.46702575683594 -13.549365043640137
vertex 68.4285659790039 -54.18024444580078 -12.42192268371582
endloop
endfacet
facet normal 0.371458152916154 -0.5482775735807861 -0.7492733432736579
outer loop
vertex 68.4285659790039 -54.18024444580078 -12.42192268371582
vertex 67.20710754394531 -53.46702575683594 -13.549365043640137
vertex 69.12162017822266 -53.669620513916016 -12.451982498168945
endloop
endfacet
facet normal 0.37146292079645205 -0.5482631676086501 -0.7492815208698917
outer loop
vertex 67.20710754394531 -53.46702575683594 -13.549365043640137
vertex 69.12162017822266 -53.52350997924805 -12.558897972106934
vertex 69.18009948730469 -53.6103630065918 -12.466354370117188
endloop
endfacet
facet normal 0.3728216261181623 -0.5580057008260956 -0.7413728299204033
outer loop
vertex 67.5932846069336 -54.46452331542969 -12.628002166748047
vertex 68.4285659790039 -54.18024444580078 -12.42192268371582
vertex 67.63166046142578 -54.59086227416992 -12.513612747192383
endloop
endfacet
facet normal 0.3714513296764355 -0.5482942551401293 -0.7492645190197776
outer loop
vertex 69.12162017822266 -53.669620513916016 -12.451982498168945
vertex 67.20710754394531 -53.46702575683594 -13.549365043640137
vertex 69.18009948730469 -53.6103630065918 -12.466354370117188
endloop
endfacet
facet normal 0.540213704928975 -0.4032417998866695 -0.738623858151813
outer loop
vertex 68.46588897705078 -52.691978454589844 -13.492448806762695
vertex 69.42176055908203 -51.56324768066406 -13.409560203552246
vertex 70.2815170288086 -52.15385818481445 -12.458316802978516
endloop
endfacet
facet normal 0.5378932500577005 -0.40247892550850745 -0.7407304273916938
outer loop
vertex 69.18009948730469 -53.6103630065918 -12.466354370117188
vertex 70.33349609375 -52.19572448730469 -12.397446632385254
vertex 70.2815170288086 -52.29996871948242 -12.37855052947998
endloop
endfacet
facet normal 0.539615805974272 -0.40398446730184373 -0.7386550833248102
outer loop
vertex 69.18009948730469 -53.6103630065918 -12.466354370117188
vertex 70.2815170288086 -52.15385818481445 -12.458316802978516
vertex 70.33349609375 -52.19572448730469 -12.397446632385254
endloop
endfacet
facet normal 0.5343724615646773 -0.39923196359520613 -0.7450234302122475
outer loop
vertex 69.18009948730469 -53.6103630065918 -12.466354370117188
vertex 70.2815170288086 -52.29996871948242 -12.37855052947998
vertex 69.78163146972656 -53.00080871582031 -12.361540794372559
endloop
endfacet
facet normal 0.5469956649934443 -0.4096124940026141 -0.7300776309649119
outer loop
vertex 69.12162017822266 -53.52350997924805 -12.558897972106934
vertex 70.2815170288086 -52.15385818481445 -12.458316802978516
vertex 69.18009948730469 -53.6103630065918 -12.466354370117188
endloop
endfacet
facet normal 0.5402137074934364 -0.40324155052131666 -0.7386239924138399
outer loop
vertex 69.12162017822266 -53.52350997924805 -12.558897972106934
vertex 68.46588897705078 -52.691978454589844 -13.492448806762695
vertex 70.2815170288086 -52.15385818481445 -12.458316802978516
endloop
endfacet
facet normal 0.6552185927303608 -0.21337643545558038 -0.7246786132712323
outer loop
vertex 70.95793151855469 -50.63751220703125 -12.293212890625
vertex 69.96630096435547 -50.22492599487305 -13.311279296875
vertex 70.95793151855469 -50.49140167236328 -12.336234092712402
endloop
endfacet
facet normal 0.6552164845984276 -0.21337481114240472 -0.7246809975985444
outer loop
vertex 70.2815170288086 -52.15385818481445 -12.458316802978516
vertex 69.42176055908203 -51.56324768066406 -13.409560203552246
vertex 70.70079803466797 -51.45906066894531 -12.283802032470703
endloop
endfacet
facet normal 0.6621419727843705 -0.21961503765738752 -0.7164755704920902
outer loop
vertex 70.70079803466797 -51.45906066894531 -12.283802032470703
vertex 70.33349609375 -52.19572448730469 -12.397446632385254
vertex 70.2815170288086 -52.15385818481445 -12.458316802978516
endloop
endfacet
facet normal 0.6552164590066856 -0.21337506977071402 -0.7246809445867081
outer loop
vertex 70.70079803466797 -51.45906066894531 -12.283802032470703
vertex 69.42176055908203 -51.56324768066406 -13.409560203552246
vertex 70.95793151855469 -50.63751220703125 -12.293212890625
endloop
endfacet
facet normal 0.6552174799150264 -0.21337942251104844 -0.724678739899725
outer loop
vertex 69.42176055908203 -51.56324768066406 -13.409560203552246
vertex 69.96630096435547 -50.22492599487305 -13.311279296875
vertex 70.95793151855469 -50.63751220703125 -12.293212890625
endloop
endfacet
facet normal 0.7071045528100475 0.05069170732678438 -0.7052896583699483
outer loop
vertex 70.10700225830078 38.21630859375 -6.816561698913574
vertex 71.07569122314453 38.25857925415039 -5.842341899871826
vertex 71.09913635253906 38.11275863647461 -5.829317092895508
endloop
endfacet
facet normal 0.7071073125238994 0.050663746019363375 -0.7052889006744072
outer loop
vertex 70.95793151855469 -50.49140167236328 -12.336234092712402
vertex 69.96630096435547 -50.22492599487305 -13.311279296875
vertex 71.09490966796875 -49.70790481567383 -12.142621040344238
endloop
endfacet
facet normal 0.7071061268543021 0.050668284266682614 -0.7052897633842267
outer loop
vertex 71.09490966796875 -49.70790481567383 -12.142621040344238
vertex 69.96630096435547 -50.22492599487305 -13.311279296875
vertex 71.11695098876953 37.663387298583984 -5.843736171722412
endloop
endfacet
facet normal 0.7071054007024757 0.05066835519788287 -0.7052904863096712
outer loop
vertex 71.11695098876953 37.663387298583984 -5.843736171722412
vertex 69.96630096435547 -50.22492599487305 -13.311279296875
vertex 70.10700225830078 38.21630859375 -6.816561698913574
endloop
endfacet
facet normal 0.7071040791611888 0.05066292368049552 -0.7052922014298412
outer loop
vertex 71.11695098876953 37.663387298583984 -5.843736171722412
vertex 70.10700225830078 38.21630859375 -6.816561698913574
vertex 71.09913635253906 38.11275863647461 -5.829317092895508
endloop
endfacet
facet normal 0.6876941267709374 0.21590158604102455 -0.6931545954184593
outer loop
vertex 70.94969177246094 39.042415618896484 -5.7231974601745605
vertex 70.10700225830078 38.21630859375 -6.816561698913574
vertex 70.679931640625 39.859901428222656 -5.736204624176025
endloop
endfacet
facet normal 0.6876918660681934 0.21590532092254305 -0.6931556749684589
outer loop
vertex 71.07569122314453 38.25857925415039 -5.842341899871826
vertex 70.10700225830078 38.21630859375 -6.816561698913574
vertex 70.94969177246094 39.042415618896484 -5.7231974601745605
endloop
endfacet
facet normal 0.6876814879409733 0.2159120843863944 -0.69316386443554
outer loop
vertex 70.679931640625 39.859901428222656 -5.736204624176025
vertex 70.10700225830078 38.21630859375 -6.816561698913574
vertex 70.61540222167969 39.98513412475586 -5.7612152099609375
endloop
endfacet
facet normal 0.6876896517556327 0.21590603061766886 -0.6931576507628976
outer loop
vertex 70.10700225830078 38.21630859375 -6.816561698913574
vertex 69.7519760131836 39.695960998535156 -6.707902431488037
vertex 70.61540222167969 39.98513412475586 -5.7612152099609375
endloop
endfacet
facet normal 0.6025712889515745 0.4208053078925892 -0.6781082027085805
outer loop
vertex 69.7519760131836 39.695960998535156 -6.707902431488037
vertex 68.97634887695312 40.955692291259766 -6.61539363861084
vertex 69.7389144897461 41.38823318481445 -5.669356346130371
endloop
endfacet
facet normal 0.6025681152151504 0.4208057078943198 -0.6781107746744784
outer loop
vertex 70.61540222167969 39.98513412475586 -5.7612152099609375
vertex 69.7519760131836 39.695960998535156 -6.707902431488037
vertex 70.24954223632812 40.69518280029297 -5.645692825317383
endloop
endfacet
facet normal 0.6025663736890039 0.42080722160304745 -0.6781113828465108
outer loop
vertex 69.7519760131836 39.695960998535156 -6.707902431488037
vertex 69.7389144897461 41.38823318481445 -5.669356346130371
vertex 70.24954223632812 40.69518280029297 -5.645692825317383
endloop
endfacet
facet normal 0.6025807582666682 0.4207904182858948 -0.6781090278454849
outer loop
vertex 69.7389144897461 41.38823318481445 -5.669356346130371
vertex 68.97634887695312 40.955692291259766 -6.61539363861084
vertex 69.65484619140625 41.47119903564453 -5.692577838897705
endloop
endfacet
facet normal 0.45768789538139315 0.5893428714507715 -0.665730253399611
outer loop
vertex 68.97634887695312 40.955692291259766 -6.61539363861084
vertex 67.84793090820312 41.91130065917969 -6.545218467712402
vertex 68.29590606689453 42.5847053527832 -5.64109992980957
endloop
endfacet
facet normal 0.4576820896393985 0.5893425589429804 -0.6657345214436858
outer loop
vertex 68.97634887695312 40.955692291259766 -6.61539363861084
vertex 68.3692626953125 42.54813003540039 -5.623047828674316
vertex 69.07010650634766 42.048248291015625 -5.583749771118164
endloop
endfacet
facet normal 0.45767379115577755 0.5893428112552049 -0.6657400030874738
outer loop
vertex 68.3692626953125 42.54813003540039 -5.623047828674316
vertex 68.97634887695312 40.955692291259766 -6.61539363861084
vertex 68.29590606689453 42.5847053527832 -5.64109992980957
endloop
endfacet
facet normal 0.4576874805334643 0.5893404007743446 -0.6657327257827006
outer loop
vertex 68.97634887695312 40.955692291259766 -6.61539363861084
vertex 69.07010650634766 42.048248291015625 -5.583749771118164
vertex 69.65484619140625 41.47119903564453 -5.692577838897705
endloop
endfacet
facet normal 0.2671054122037906 0.7047445111737051 -0.6572593648948477
outer loop
vertex 67.84793090820312 41.91130065917969 -6.545218467712402
vertex 66.51128387451172 42.45515060424805 -6.505280494689941
vertex 66.67642974853516 43.229026794433594 -5.60837984085083
endloop
endfacet
facet normal 0.26710762299271484 0.7047452639933984 -0.6572576592311852
outer loop
vertex 67.84793090820312 41.91130065917969 -6.545218467712402
vertex 66.67642974853516 43.229026794433594 -5.60837984085083
vertex 67.52835845947266 42.96741485595703 -5.542672157287598
endloop
endfacet
facet normal 0.26711094732334784 0.704745126935474 -0.6572564551837632
outer loop
vertex 68.29590606689453 42.5847053527832 -5.64109992980957
vertex 67.84793090820312 41.91130065917969 -6.545218467712402
vertex 67.52835845947266 42.96741485595703 -5.542672157287598
endloop
endfacet
facet normal 0.0014313539422440356 0.757230911004696 -0.653145694806978
outer loop
vertex -20.247051239013672 42.630157470703125 -6.492428779602051
vertex -20.04914665222168 43.372344970703125 -5.631532669067383
vertex 55.94379806518555 42.47639846801758 -6.503720283508301
endloop
endfacet
facet normal 0.0014253796390676294 0.7569932974973654 -0.6534210861588029
outer loop
vertex 66.51128387451172 42.45515060424805 -6.505280494689941
vertex 57.103878021240234 42.65559768676758 -6.293582439422607
vertex 65.7771987915039 43.36152267456055 -5.45684289932251
endloop
endfacet
facet normal 0.0014258262493435695 0.7570106156051369 -0.6534010214872933
outer loop
vertex 55.94379806518555 42.47639846801758 -6.503720283508301
vertex -20.04914665222168 43.372344970703125 -5.631532669067383
vertex 55.84120178222656 42.53123474121094 -6.440412521362305
endloop
endfacet
facet normal 0.0014254256127965064 0.75699351784208 -0.653420830787399
outer loop
vertex 55.84120178222656 42.53123474121094 -6.440412521362305
vertex -20.04914665222168 43.372344970703125 -5.631532669067383
vertex 55.689666748046875 42.65559768676758 -6.296667575836182
endloop
endfacet
facet normal 0.0014253383957353208 0.7569890765310346 -0.6534259762384328
outer loop
vertex 55.689666748046875 42.65559768676758 -6.296667575836182
vertex -20.04914665222168 43.372344970703125 -5.631532669067383
vertex 55.565303802490234 42.80713653564453 -6.121382236480713
endloop
endfacet
facet normal 0.0014254245240016904 0.7569948260203121 -0.6534193152512434
outer loop
vertex 55.565303802490234 42.80713653564453 -6.121382236480713
vertex -20.04914665222168 43.372344970703125 -5.631532669067383
vertex 55.47289276123047 42.98002243041992 -5.921293258666992
endloop
endfacet
facet normal 0.0014254383159060698 0.7569962567386794 -0.6534176577115397
outer loop
vertex 55.47289276123047 42.98002243041992 -5.921293258666992
vertex -20.04914665222168 43.372344970703125 -5.631532669067383
vertex 55.41598892211914 43.1676139831543 -5.704089164733887
endloop
endfacet
facet normal 0.0014254239635636573 0.7569925062461438 -0.6534220027315473
outer loop
vertex 55.41598892211914 43.1676139831543 -5.704089164733887
vertex -20.04914665222168 43.372344970703125 -5.631532669067383
vertex 55.396785736083984 43.362831115722656 -5.477971076965332
endloop
endfacet
facet normal 0.0014255249584909622 0.7570028938544134 -0.6534099682241131
outer loop
vertex 66.51128387451172 42.45515060424805 -6.505280494689941
vertex 56.846351623535156 42.47458267211914 -6.5038533210754395
vertex 56.95234298706055 42.53123474121094 -6.43798828125
endloop
endfacet
facet normal 0.001425365500323453 0.7569929990855551 -0.6534214319018371
outer loop
vertex 66.51128387451172 42.45515060424805 -6.505280494689941
vertex 56.95234298706055 42.53123474121094 -6.43798828125
vertex 57.103878021240234 42.65559768676758 -6.293582439422607
endloop
endfacet
facet normal 0.0029762693011747125 0.757052616755102 -0.6533471338310893
outer loop
vertex -20.247051239013672 42.630157470703125 -6.492428779602051
vertex -20.245403289794922 43.38564682006836 -5.617013454437256
vertex -20.04914665222168 43.372344970703125 -5.631532669067383
endloop
endfacet
facet normal 0.0014264055508411977 0.7569879850108012 -0.653427238425589
outer loop
vertex 57.103878021240234 42.65559768676758 -6.293582439422607
vertex 57.228240966796875 42.80713653564453 -6.117754936218262
vertex 65.7771987915039 43.36152267456055 -5.45684289932251
endloop
endfacet
facet normal 0.0014251673975666606 0.7569960049102036 -0.6534179500502566
outer loop
vertex 65.7771987915039 43.36152267456055 -5.45684289932251
vertex 57.228240966796875 42.80713653564453 -6.117754936218262
vertex 57.32065200805664 42.98002243041992 -5.917262077331543
endloop
endfacet
facet normal 0.0014251890297154477 0.7569958049383284 -0.6534181816738817
outer loop
vertex 65.7771987915039 43.36152267456055 -5.45684289932251
vertex 57.32065200805664 42.98002243041992 -5.917262077331543
vertex 57.377559661865234 43.1676139831543 -5.699810028076172
endloop
endfacet
facet normal 0.0014254141742596179 0.7569918266077476 -0.6534227901163976
outer loop
vertex 65.7771987915039 43.36152267456055 -5.45684289932251
vertex 57.377559661865234 43.1676139831543 -5.699810028076172
vertex 57.396759033203125 43.362579345703125 -5.473900318145752
endloop
endfacet
facet normal 0.0014245151309837938 0.7569929992194043 -0.6534214336012039
outer loop
vertex 66.67642974853516 43.229026794433594 -5.60837984085083
vertex 66.51128387451172 42.45515060424805 -6.505280494689941
vertex 65.7771987915039 43.36152267456055 -5.45684289932251
endloop
endfacet
facet normal 0.1474937978634731 0.7419054681121572 -0.6540809246393674
outer loop
vertex -20.864376068115234 42.69889831542969 -6.487380504608154
vertex -38.06781005859375 47.116825103759766 -5.355587482452393
vertex -20.690732955932617 43.44974899291992 -5.596555709838867
endloop
endfacet
facet normal 0.14785450621670218 0.7429772203937607 -0.6527816594906571
outer loop
vertex -38.59874725341797 46.47149658203125 -6.210338592529297
vertex -38.06781005859375 47.116825103759766 -5.355587482452393
vertex -20.864376068115234 42.69889831542969 -6.487380504608154
endloop
endfacet
facet normal 0.15272907200935776 0.740782320135583 -0.6541524170540862
outer loop
vertex -38.59874725341797 46.47149658203125 -6.210338592529297
vertex -38.42698669433594 47.21420669555664 -5.329168796539307
vertex -38.06781005859375 47.116825103759766 -5.355587482452393
endloop
endfacet
facet normal 0.0856282943010637 0.7506928379203626 -0.6550786657418807
outer loop
vertex -20.453941345214844 43.3997802734375 -5.622865676879883
vertex -20.82472038269043 42.6869010925293 -6.488261699676514
vertex -20.690732955932617 43.44974899291992 -5.596555709838867
endloop
endfacet
facet normal 0.06947325953878578 0.7551648551913331 -0.6518431618824495
outer loop
vertex -20.245403289794922 43.38564682006836 -5.617013454437256
vertex -20.247051239013672 42.630157470703125 -6.492428779602051
vertex -20.453941345214844 43.3997802734375 -5.622865676879883
endloop
endfacet
facet normal 0.069476657704093 0.755165073593401 -0.6518425466774483
outer loop
vertex -20.247051239013672 42.630157470703125 -6.492428779602051
vertex -20.82472038269043 42.6869010925293 -6.488261699676514
vertex -20.453941345214844 43.3997802734375 -5.622865676879883
endloop
endfacet
facet normal 0.2057560463391876 0.7281307098804616 -0.6538272850866972
outer loop
vertex -20.82472038269043 42.6869010925293 -6.488261699676514
vertex -20.864376068115234 42.69889831542969 -6.487380504608154
vertex -20.690732955932617 43.44974899291992 -5.596555709838867
endloop
endfacet
facet normal 0.2761722085100058 0.7009873929911441 -0.6575299127143839
outer loop
vertex -40.5622444152832 47.87561798095703 -5.475564956665039
vertex -55.67227554321289 54.50659942626953 -4.752763271331787
vertex -40.505340576171875 48.063209533691406 -5.251674652099609
endloop
endfacet
facet normal 0.2761705583161625 0.7009841834811057 -0.6575340274302666
outer loop
vertex -40.4482536315918 47.191043853759766 -6.157497882843018
vertex -56.373077392578125 53.92918014526367 -5.662680149078369
vertex -56.09340286254883 54.665985107421875 -4.759720802307129
endloop
endfacet
facet normal 0.2609496540421898 0.7075998698516691 -0.6566640710752814
outer loop
vertex -39.05390167236328 46.834083557128906 -5.954794883728027
vertex -39.14299774169922 46.6413688659668 -6.197863578796387
vertex -39.19877624511719 46.756649017333984 -6.095807075500488
endloop
endfacet
facet normal 0.2700980591534843 0.7081826260023554 -0.6523223180835752
outer loop
vertex -39.14299774169922 46.6413688659668 -6.197863578796387
vertex -39.32856369018555 46.71727752685547 -6.192289352416992
vertex -39.19877624511719 46.756649017333984 -6.095807075500488
endloop
endfacet
facet normal 0.2761698047621503 0.7009826177237236 -0.6575360131482015
outer loop
vertex -40.5622444152832 47.485435485839844 -5.891529083251953
vertex -55.67227554321289 54.50659942626953 -4.752763271331787
vertex -40.581459045410156 47.68052673339844 -5.691617488861084
endloop
endfacet
facet normal 0.2761719081665956 0.7009863549167811 -0.6575311455437728
outer loop
vertex -40.505340576171875 47.29784393310547 -6.067617893218994
vertex -55.67227554321289 54.50659942626953 -4.752763271331787
vertex -40.5622444152832 47.485435485839844 -5.891529083251953
endloop
endfacet
facet normal 0.27618179420392514 0.7009798268974062 -0.6575339526086719
outer loop
vertex -56.373077392578125 53.92918014526367 -5.662680149078369
vertex -56.136512756347656 54.67662811279297 -4.766481876373291
vertex -56.09340286254883 54.665985107421875 -4.759720802307129
endloop
endfacet
facet normal 0.2761697657417196 0.7009827185581067 -0.6575359220400433
outer loop
vertex -40.4482536315918 47.191043853759766 -6.157497882843018
vertex -55.67227554321289 54.50659942626953 -4.752763271331787
vertex -40.505340576171875 47.29784393310547 -6.067617893218994
endloop
endfacet
facet normal 0.27616278576983283 0.7009711283774414 -0.6575512093647929
outer loop
vertex -40.4482536315918 47.191043853759766 -6.157497882843018
vertex -56.09340286254883 54.665985107421875 -4.759720802307129
vertex -55.67227554321289 54.50659942626953 -4.752763271331787
endloop
endfacet
facet normal 0.276170076112058 0.7009831272306252 -0.657535356006225
outer loop
vertex -40.581459045410156 47.68052673339844 -5.691617488861084
vertex -55.67227554321289 54.50659942626953 -4.752763271331787
vertex -40.5622444152832 47.87561798095703 -5.475564956665039
endloop
endfacet
facet normal 0.3341398445089621 0.6750954213808514 -0.6577208650652169
outer loop
vertex -39.14299774169922 46.6413688659668 -6.197863578796387
vertex -39.05390167236328 46.834083557128906 -5.954794883728027
vertex -39.0258903503418 46.849056243896484 -5.925196170806885
endloop
endfacet
facet normal 0.20579339212770953 0.7281081980137769 -0.6538406011725652
outer loop
vertex -38.5800666809082 47.255714416503906 -5.331120491027832
vertex -38.87435531616211 46.973419189453125 -5.738106727600098
vertex -38.74999237060547 47.12495803833008 -5.53021240234375
endloop
endfacet
facet normal 0.2057537254797202 0.7281343728246558 -0.6538239362110118
outer loop
vertex -38.5800666809082 47.255714416503906 -5.331120491027832
vertex -38.74999237060547 47.12495803833008 -5.53021240234375
vertex -38.6616096496582 47.290306091308594 -5.318258285522461
endloop
endfacet
facet normal 0.20576843595717065 0.7281286657450621 -0.6538256624544921
outer loop
vertex -38.42698669433594 47.21420669555664 -5.329168796539307
vertex -38.59874725341797 46.47149658203125 -6.210338592529297
vertex -38.5800666809082 47.255714416503906 -5.331120491027832
endloop
endfacet
facet normal 0.1557064827043159 0.7553691416559591 -0.6365319717640191
outer loop
vertex -39.14299774169922 46.6413688659668 -6.197863578796387
vertex -38.87435531616211 46.973419189453125 -5.738106727600098
vertex -38.5800666809082 47.255714416503906 -5.331120491027832
endloop
endfacet
facet normal 0.21196760493597747 0.7270749033449143 -0.653017472494947
outer loop
vertex -38.59874725341797 46.47149658203125 -6.210338592529297
vertex -39.14299774169922 46.6413688659668 -6.197863578796387
vertex -38.5800666809082 47.255714416503906 -5.331120491027832
endloop
endfacet
facet normal 0.18870791683047689 0.7404692165416468 -0.6450539988866836
outer loop
vertex -39.14299774169922 46.6413688659668 -6.197863578796387
vertex -39.0258903503418 46.849056243896484 -5.925196170806885
vertex -38.87435531616211 46.973419189453125 -5.738106727600098
endloop
endfacet
facet normal 0.11708503035082071 0.7472595972701305 -0.6541362166670103
outer loop
vertex -56.373077392578125 53.92918014526367 -5.662680149078369
vertex -57.87321090698242 54.18037796020508 -5.644233226776123
vertex -57.86544418334961 54.96271514892578 -4.749131679534912
endloop
endfacet
facet normal 0.11708602464781771 0.7472593194789204 -0.6541363560329538
outer loop
vertex -56.373077392578125 53.92918014526367 -5.662680149078369
vertex -57.007537841796875 54.89164352416992 -4.676764488220215
vertex -56.136512756347656 54.67662811279297 -4.766481876373291
endloop
endfacet
facet normal 0.11708385121640827 0.7472588429174504 -0.654137289463005
outer loop
vertex -56.373077392578125 53.92918014526367 -5.662680149078369
vertex -57.86544418334961 54.96271514892578 -4.749131679534912
vertex -57.007537841796875 54.89164352416992 -4.676764488220215
endloop
endfacet
facet normal -0.10629076638805555 0.7489827685780052 -0.6540084749862697
outer loop
vertex -57.87321090698242 54.18037796020508 -5.644233226776123
vertex -59.334136962890625 53.95884704589844 -5.660501956939697
vertex -59.59290313720703 54.70482635498047 -4.764137268066406
endloop
endfacet
facet normal -0.10600062842958731 0.7491555645969563 -0.6538576349680013
outer loop
vertex -57.86544418334961 54.96271514892578 -4.749131679534912
vertex -57.87321090698242 54.18037796020508 -5.644233226776123
vertex -58.802490234375 54.892887115478516 -4.677227020263672
endloop
endfacet
facet normal -0.10629133236712661 0.7489820805727061 -0.6540091709178102
outer loop
vertex -57.87321090698242 54.18037796020508 -5.644233226776123
vertex -59.59290313720703 54.70482635498047 -4.764137268066406
vertex -58.802490234375 54.892887115478516 -4.677227020263672
endloop
endfacet
facet normal -0.31885841910745755 0.6812243927230571 -0.6589860661071636
outer loop
vertex -60.508819580078125 54.33584976196289 -4.70238733291626
vertex -60.654197692871094 53.29371643066406 -5.709345817565918
vertex -61.16421127319336 53.93418502807617 -4.800487518310547
endloop
endfacet
facet normal -0.318863482581616 0.6812239494908422 -0.6589840742506771
outer loop
vertex -59.59290313720703 54.70482635498047 -4.764137268066406
vertex -59.334136962890625 53.95884704589844 -5.660501956939697
vertex -59.639957427978516 54.69363021850586 -4.75294303894043
endloop
endfacet
facet normal -0.31885921694657454 0.6812258489389897 -0.658984174700402
outer loop
vertex -59.334136962890625 53.95884704589844 -5.660501956939697
vertex -60.508819580078125 54.33584976196289 -4.70238733291626
vertex -59.639957427978516 54.69363021850586 -4.75294303894043
endloop
endfacet
facet normal -0.31886075199153874 0.6812240098735611 -0.6589853330774341
outer loop
vertex -59.334136962890625 53.95884704589844 -5.660501956939697
vertex -60.654197692871094 53.29371643066406 -5.709345817565918
vertex -60.508819580078125 54.33584976196289 -4.70238733291626
endloop
endfacet
facet normal -0.4994726493863271 0.5509703011584024 -0.6685497735819097
outer loop
vertex -60.654197692871094 53.29371643066406 -5.709345817565918
vertex -61.24279022216797 53.886024475097656 -4.7814717292785645
vertex -61.16421127319336 53.93418502807617 -4.800487518310547
endloop
endfacet
facet normal -0.49946101096407963 0.5509812945854718 -0.6685494084535988
outer loop
vertex -60.654197692871094 53.29371643066406 -5.709345817565918
vertex -61.957298278808594 53.2757682800293 -4.750615119934082
vertex -61.24279022216797 53.886024475097656 -4.7814717292785645
endloop
endfacet
facet normal -0.49945937637390625 0.5509855692015159 -0.6685471067051821
outer loop
vertex -60.654197692871094 53.29371643066406 -5.709345817565918
vertex -62.431846618652344 52.71774673461914 -4.855984210968018
vertex -61.957298278808594 53.2757682800293 -4.750615119934082
endloop
endfacet
facet normal -0.4994595268362658 0.5509827152157876 -0.6685493464105187
outer loop
vertex -60.654197692871094 53.29371643066406 -5.709345817565918
vertex -61.67938995361328 52.27348327636719 -5.784267425537109
vertex -62.431846618652344 52.71774673461914 -4.855984210968018
endloop
endfacet
facet normal -0.6494114151865227 0.3307951524742385 -0.6847184683685574
outer loop
vertex -61.67938995361328 52.27348327636719 -5.784267425537109
vertex -69.75987243652344 33.56645202636719 -7.158025741577148
vertex -70.68275451660156 33.72789764404297 -6.204735279083252
endloop
endfacet
facet normal -0.6494139326934107 0.33078888400973655 -0.6847191090069499
outer loop
vertex -61.67938995361328 52.27348327636719 -5.784267425537109
vertex -62.51498031616211 52.61998748779297 -4.82436466217041
vertex -62.431846618652344 52.71774673461914 -4.855984210968018
endloop
endfacet
facet normal -0.6494112896805283 0.3307945794829266 -0.6847188642210661
outer loop
vertex -61.67938995361328 52.27348327636719 -5.784267425537109
vertex -63.004268646240234 51.817787170410156 -4.747857570648193
vertex -62.51498031616211 52.61998748779297 -4.82436466217041
endloop
endfacet
facet normal -0.6494112761443517 0.33079527362153816 -0.6847185417134667
outer loop
vertex -61.67938995361328 52.27348327636719 -5.784267425537109
vertex -70.57568359375 34.010772705078125 -6.16963005065918
vertex -63.004268646240234 51.817787170410156 -4.747857570648193
endloop
endfacet
facet normal -0.6493578153798393 0.3307705531402268 -0.6847811831384031
outer loop
vertex -61.67938995361328 52.27348327636719 -5.784267425537109
vertex -70.68275451660156 33.72789764404297 -6.204735279083252
vertex -70.57568359375 34.010772705078125 -6.16963005065918
endloop
endfacet
facet normal -0.7046486790777311 0.11053846399482757 -0.7008933492705384
outer loop
vertex -69.75987243652344 33.56645202636719 -7.158025741577148
vertex -69.95687866210938 31.21628189086914 -7.330611228942871
vertex -71.03178405761719 31.818143844604492 -6.155026435852051
endloop
endfacet
facet normal -0.7046480950217442 0.11054013825869638 -0.7008936724040067
outer loop
vertex -71.03178405761719 31.818143844604492 -6.155026435852051
vertex -69.95687866210938 31.21628189086914 -7.330611228942871
vertex -70.96204376220703 31.027202606201172 -6.349882125854492
endloop
endfacet
facet normal -0.7046487825164396 0.11053861232898969 -0.7008932218836768
outer loop
vertex -69.75987243652344 33.56645202636719 -7.158025741577148
vertex -71.03178405761719 31.818143844604492 -6.155026435852051
vertex -70.96063232421875 32.67604446411133 -6.091259002685547
endloop
endfacet
facet normal -0.7046493815428001 0.11054049795449346 -0.7008923222602185
outer loop
vertex -69.75987243652344 33.56645202636719 -7.158025741577148
vertex -70.96063232421875 32.67604446411133 -6.091259002685547
vertex -70.7348861694336 33.590171813964844 -6.174044609069824
endloop
endfacet
facet normal -0.7046497705765282 0.1105362265813256 -0.7008926047830779
outer loop
vertex -69.75987243652344 33.56645202636719 -7.158025741577148
vertex -70.7348861694336 33.590171813964844 -6.174044609069824
vertex -70.68275451660156 33.72789764404297 -6.204735279083252
endloop
endfacet
facet normal -0.6723880947767336 -0.16647116207329452 -0.7212361625712352
outer loop
vertex -70.96204376220703 30.881092071533203 -6.316157817840576
vertex -70.96204376220703 31.027202606201172 -6.349882125854492
vertex -69.95687866210938 31.21628189086914 -7.330611228942871
endloop
endfacet
facet normal -0.6723877870278403 -0.16647221661092618 -0.7212362060742987
outer loop
vertex -70.76286315917969 30.04360580444336 -6.308543682098389
vertex -70.96204376220703 30.881092071533203 -6.316157817840576
vertex -69.95687866210938 31.21628189086914 -7.330611228942871
endloop
endfacet
facet normal -0.672389800821056 -0.16646970208284298 -0.7212349090554826
outer loop
vertex -69.95687866210938 31.21628189086914 -7.330611228942871
vertex -70.45516204833984 29.296161651611328 -6.422886848449707
vertex -70.76286315917969 30.04360580444336 -6.308543682098389
endloop
endfacet
facet normal -0.6724129146430904 -0.16645510897877674 -0.7212167281171782
outer loop
vertex -69.95687866210938 31.21628189086914 -7.330611228942871
vertex -70.40516662597656 29.32082176208496 -6.47519063949585
vertex -70.45516204833984 29.296161651611328 -6.422886848449707
endloop
endfacet
facet normal -0.6723864672288778 -0.1664708518008873 -0.7212377514995705
outer loop
vertex -69.95687866210938 31.21628189086914 -7.330611228942871
vertex -69.51079559326172 29.849409103393555 -7.430988311767578
vertex -70.40516662597656 29.32082176208496 -6.47519063949585
endloop
endfacet
facet normal -0.5837930430762386 -0.3599649522546266 -0.7277437158808789
outer loop
vertex -70.40516662597656 29.174711227416992 -6.402919769287109
vertex -70.45516204833984 29.296161651611328 -6.422886848449707
vertex -70.40516662597656 29.32082176208496 -6.47519063949585
endloop
endfacet
facet normal -0.5711867524381429 -0.36391866963474173 -0.7357369745571084
outer loop
vertex -70.40516662597656 29.32082176208496 -6.47519063949585
vertex -69.51079559326172 29.849409103393555 -7.430988311767578
vertex -70.40516662597656 29.174711227416992 -6.402919769287109
endloop
endfacet
facet normal -0.5711869109990054 -0.3639184428238041 -0.7357369636467314
outer loop
vertex -69.51079559326172 29.849409103393555 -7.430988311767578
vertex -69.95540618896484 28.440696716308594 -6.389023303985596
vertex -70.40516662597656 29.174711227416992 -6.402919769287109
endloop
endfacet
facet normal -0.5711915957396652 -0.3639177957664431 -0.7357336466961861
outer loop
vertex -69.51079559326172 29.849409103393555 -7.430988311767578
vertex -68.6371841430664 28.65547752380371 -7.518664836883545
vertex -69.34521484375 27.872243881225586 -6.581567764282227
endloop
endfacet
facet normal -0.5711889609421643 -0.3639171072993324 -0.7357360327676613
outer loop
vertex -69.51079559326172 29.849409103393555 -7.430988311767578
vertex -69.41402435302734 27.80670738220215 -6.495735168457031
vertex -69.95540618896484 28.440696716308594 -6.389023303985596
endloop
endfacet
facet normal -0.5711617103734576 -0.36392395214477996 -0.735753802340559
outer loop
vertex -69.51079559326172 29.849409103393555 -7.430988311767578
vertex -69.34521484375 27.872243881225586 -6.581567764282227
vertex -69.41402435302734 27.80670738220215 -6.495735168457031
endloop
endfacet
facet normal -0.41321827252986715 -0.5204477517785694 -0.747251495091221
outer loop
vertex -69.34521484375 27.72613525390625 -6.479797840118408
vertex -67.9511947631836 26.717988967895508 -6.5485124588012695
vertex -68.68949127197266 27.168392181396484 -6.453944206237793
endloop
endfacet
facet normal -0.4321459148683231 -0.5154287290184291 -0.739988603672426
outer loop
vertex -69.41402435302734 27.80670738220215 -6.495735168457031
vertex -69.34521484375 27.872243881225586 -6.581567764282227
vertex -69.34521484375 27.72613525390625 -6.479797840118408
endloop
endfacet
facet normal -0.41323046418315584 -0.5204682986977086 -0.7472304420469541
outer loop
vertex -69.34521484375 27.72613525390625 -6.479797840118408
vertex -68.6371841430664 28.65547752380371 -7.518664836883545
vertex -67.8873291015625 26.82513999938965 -6.658462047576904
endloop
endfacet
facet normal -0.4132286000045294 -0.5204680883388713 -0.7472316194856702
outer loop
vertex -68.6371841430664 28.65547752380371 -7.518664836883545
vertex -67.38903045654297 27.759014129638672 -7.584497451782227
vertex -67.8873291015625 26.82513999938965 -6.658462047576904
endloop
endfacet
facet normal -0.41322585502110665 -0.5204590590982885 -0.7472394265191041
outer loop
vertex -69.34521484375 27.72613525390625 -6.479797840118408
vertex -67.8873291015625 26.82513999938965 -6.658462047576904
vertex -67.9511947631836 26.717988967895508 -6.5485124588012695
endloop
endfacet
facet normal -0.41322442666726344 -0.5204729832603452 -0.7472305179137078
outer loop
vertex -68.6371841430664 28.65547752380371 -7.518664836883545
vertex -69.34521484375 27.72613525390625 -6.479797840118408
vertex -69.34521484375 27.872243881225586 -6.581567764282227
endloop
endfacet
facet normal -0.3020414554749936 -0.5890645553322921 -0.7495157829063486
outer loop
vertex -67.8873291015625 26.82513999938965 -6.658462047576904
vertex -67.88733673095703 26.67902946472168 -6.54362678527832
vertex -67.9511947631836 26.717988967895508 -6.5485124588012695
endloop
endfacet
facet normal -0.2900409328913597 -0.5913633210905108 -0.7524398180029491
outer loop
vertex -67.38903045654297 27.759014129638672 -7.584497451782227
vertex -67.88733673095703 26.67902946472168 -6.54362678527832
vertex -67.8873291015625 26.82513999938965 -6.658462047576904
endloop
endfacet
facet normal -0.30125758796840285 -0.5873122173680149 -0.7512045161084467
outer loop
vertex -59.63398742675781 24.2728328704834 -7.840506553649902
vertex -60.038238525390625 23.303930282592773 -6.920874118804932
vertex -60.30111312866211 23.446012496948242 -6.926536560058594
endloop
endfacet
facet normal -0.2916494008050988 -0.593702338954533 -0.7499721059679112
outer loop
vertex -59.63398742675781 24.2728328704834 -7.840506553649902
vertex -60.30111312866211 23.446012496948242 -6.926536560058594
vertex -67.38903045654297 27.759014129638672 -7.584497451782227
endloop
endfacet
facet normal -0.2900068272083565 -0.5913794841466979 -0.7524402606871379
outer loop
vertex -67.88733673095703 26.67902946472168 -6.54362678527832
vertex -67.38903045654297 27.759014129638672 -7.584497451782227
vertex -60.30111312866211 23.446012496948242 -6.926536560058594
endloop
endfacet
facet normal -0.6097805729636979 -0.3095984332289145 -0.7296002076331021
outer loop
vertex -58.26630401611328 23.021915435791016 -7.93236780166626
vertex -57.933135986328125 22.462520599365234 -7.973447322845459
vertex -58.864532470703125 22.165794372558594 -7.069097995758057
endloop
endfacet
facet normal -0.6083043946624621 -0.31118966139852294 -0.7301552972299855
outer loop
vertex -59.08406066894531 22.490936279296875 -7.024779796600342
vertex -58.26630401611328 23.021915435791016 -7.93236780166626
vertex -58.864532470703125 22.165794372558594 -7.069097995758057
endloop
endfacet
facet normal -0.6243523233053927 -0.2719793681833699 -0.7322645694458618
outer loop
vertex -58.864532470703125 22.165794372558594 -7.069097995758057
vertex -57.933135986328125 22.462520599365234 -7.973447322845459
vertex -58.754051208496094 21.930484771728516 -7.07589864730835
endloop
endfacet
facet normal -0.4493962500637341 -0.4944247367668698 -0.7440344011547215
outer loop
vertex -59.1957893371582 24.03923988342285 -7.857660293579102
vertex -58.742401123046875 23.66815185546875 -7.88491153717041
vertex -59.440425872802734 22.890710830688477 -6.946681022644043
endloop
endfacet
facet normal -0.3341314169847452 -0.5717752758937643 -0.7492858133318527
outer loop
vertex -59.63398742675781 24.2728328704834 -7.840506553649902
vertex -59.1957893371582 24.03923988342285 -7.857660293579102
vertex -60.038238525390625 23.303930282592773 -6.920874118804932
endloop
endfacet
facet normal -0.33412941190032014 -0.5717761688582226 -0.7492860260467691
outer loop
vertex -59.80520248413086 23.1779727935791 -6.928676128387451
vertex -59.1957893371582 24.03923988342285 -7.857660293579102
vertex -59.751853942871094 23.135961532592773 -6.920407295227051
endloop
endfacet
facet normal -0.4513739628717925 -0.49352666033754217 -0.7434332392202315
outer loop
vertex -59.1957893371582 24.03923988342285 -7.857660293579102
vertex -59.440425872802734 22.890710830688477 -6.946681022644043
vertex -59.751853942871094 23.135961532592773 -6.920407295227051
endloop
endfacet
facet normal -0.33413332559731473 -0.5717736173070522 -0.7492862278708234
outer loop
vertex -59.1957893371582 24.03923988342285 -7.857660293579102
vertex -59.80520248413086 23.1779727935791 -6.928676128387451
vertex -60.038238525390625 23.303930282592773 -6.920874118804932
endloop
endfacet
facet normal -0.6251180970337301 -0.28156829205672057 -0.7279743550903351
outer loop
vertex -58.37031173706055 23.215980529785156 -7.918116569519043
vertex -58.26630401611328 23.021915435791016 -7.93236780166626
vertex -59.12434387207031 22.550601959228516 -7.013265132904053
endloop
endfacet
facet normal -0.5479167903119697 -0.3967978863704189 -0.7364364387142975
outer loop
vertex -58.742401123046875 23.66815185546875 -7.88491153717041
vertex -58.37031173706055 23.215980529785156 -7.918116569519043
vertex -59.17705535888672 22.60732078552246 -6.9899396896362305
endloop
endfacet
facet normal -0.6251217442854058 -0.28156102543684663 -0.7279740337240904
outer loop
vertex -59.12434387207031 22.550601959228516 -7.013265132904053
vertex -58.26630401611328 23.021915435791016 -7.93236780166626
vertex -59.08406066894531 22.490936279296875 -7.024779796600342
endloop
endfacet
facet normal -0.6251156308465038 -0.28157201074697463 -0.7279750344862681
outer loop
vertex -59.17705535888672 22.60732078552246 -6.9899396896362305
vertex -58.37031173706055 23.215980529785156 -7.918116569519043
vertex -59.12434387207031 22.550601959228516 -7.013265132904053
endloop
endfacet
facet normal -0.5479182516078912 -0.3967968441533922 -0.7364359130466548
outer loop
vertex -58.742401123046875 23.66815185546875 -7.88491153717041
vertex -59.17705535888672 22.60732078552246 -6.9899396896362305
vertex -59.440425872802734 22.890710830688477 -6.946681022644043
endloop
endfacet
facet normal -0.7071355630527956 0.04964918685631576 -0.7053327255349154
outer loop
vertex -58.488426208496094 20.92490577697754 -7.140256404876709
vertex -57.544944763183594 20.994857788085938 -8.081225395202637
vertex -58.477317810058594 20.839359283447266 -7.15741491317749
endloop
endfacet
facet normal -0.7072075526514485 0.05114453340001885 -0.7051536812468917
outer loop
vertex -57.544944763183594 20.994857788085938 -8.081225395202637
vertex -58.47332763671875 -49.14906311035156 -12.237650871276855
vertex -58.477317810058594 20.839359283447266 -7.15741491317749
endloop
endfacet
facet normal -0.7071061576463114 0.051149196221867324 -0.7052550188013742
outer loop
vertex -57.481475830078125 -48.965301513671875 -13.218778610229492
vertex -58.47332763671875 -49.14906311035156 -12.237650871276855
vertex -57.544944763183594 20.994857788085938 -8.081225395202637
endloop
endfacet
facet normal -0.6355000277389603 -0.25748615896606125 -0.7279014993010283
outer loop
vertex -57.933135986328125 22.462520599365234 -7.973447322845459
vertex -57.77242660522461 22.134061813354492 -7.997567653656006
vertex -58.667205810546875 21.745506286621094 -7.078927040100098
endloop
endfacet
facet normal -0.6203576507389126 -0.27925210513297044 -0.7329219924033538
outer loop
vertex -58.754051208496094 21.930484771728516 -7.07589864730835
vertex -57.933135986328125 22.462520599365234 -7.973447322845459
vertex -58.667205810546875 21.745506286621094 -7.078927040100098
endloop
endfacet
facet normal -0.6782910518528802 -0.15353841189295891 -0.7185730339010096
outer loop
vertex -58.6539306640625 21.70003318786621 -7.072737693786621
vertex -57.602169036865234 21.574302673339844 -8.038674354553223
vertex -58.542293548583984 21.31760025024414 -7.096401691436768
endloop
endfacet
facet normal -0.6251139072665347 -0.281576723663753 -0.7279746916155484
outer loop
vertex -58.667205810546875 21.745506286621094 -7.078927040100098
vertex -57.77242660522461 22.134061813354492 -7.997567653656006
vertex -58.6539306640625 21.70003318786621 -7.072737693786621
endloop
endfacet
facet normal -0.7053978396334204 -0.017628949899744912 -0.7085923425820628
outer loop
vertex -58.488426208496094 20.92490577697754 -7.140256404876709
vertex -58.542293548583984 21.31760025024414 -7.096401691436768
vertex -57.602169036865234 21.574302673339844 -8.038674354553223
endloop
endfacet
facet normal -0.678290942540423 -0.15354107280458032 -0.7185725685201482
outer loop
vertex -57.602169036865234 21.574302673339844 -8.038674354553223
vertex -58.6539306640625 21.70003318786621 -7.072737693786621
vertex -57.77242660522461 22.134061813354492 -7.997567653656006
endloop
endfacet
facet normal -0.7053981258992417 -0.017628191085240975 -0.7085920764847005
outer loop
vertex -57.544944763183594 20.994857788085938 -8.081225395202637
vertex -58.488426208496094 20.92490577697754 -7.140256404876709
vertex -57.602169036865234 21.574302673339844 -8.038674354553223
endloop
endfacet
facet normal -0.6896260518491328 -0.10405045434039367 -0.7166515272868222
outer loop
vertex -58.320491790771484 -50.619773864746094 -12.171194076538086
vertex -56.98906326293945 -51.13269805908203 -13.377942085266113
vertex -57.90714645385742 -51.64111328125 -12.420663833618164
endloop
endfacet
facet normal -0.689627660098797 -0.1040472555714423 -0.7166504441041736
outer loop
vertex -57.481475830078125 -48.965301513671875 -13.218778610229492
vertex -58.320491790771484 -50.619773864746094 -12.171194076538086
vertex -58.42967224121094 -50.009307861328125 -12.15476131439209
endloop
endfacet
facet normal -0.7046358898487461 -0.11411087893180442 -0.7003334706027385
outer loop
vertex -57.90714645385742 -51.64111328125 -12.420663833618164
vertex -57.9542121887207 -51.67424011230469 -12.367911338806152
vertex -58.320491790771484 -50.619773864746094 -12.171194076538086
endloop
endfacet
facet normal -0.6719980621325785 -0.09644728686028146 -0.7342455484014524
outer loop
vertex -58.320491790771484 -50.619773864746094 -12.171194076538086
vertex -57.9542121887207 -51.67424011230469 -12.367911338806152
vertex -58.145626068115234 -51.214759826660156 -12.253080368041992
endloop
endfacet
facet normal -0.689625866870679 -0.10404908902949311 -0.7166519035173193
outer loop
vertex -57.481475830078125 -48.965301513671875 -13.218778610229492
vertex -56.98906326293945 -51.13269805908203 -13.377942085266113
vertex -58.320491790771484 -50.619773864746094 -12.171194076538086
endloop
endfacet
facet normal -0.6896261392674297 -0.10404800280579385 -0.7166517990985756
outer loop
vertex -57.481475830078125 -48.965301513671875 -13.218778610229492
vertex -58.47332000732422 -49.29517364501953 -12.216444969177246
vertex -58.47332763671875 -49.14906311035156 -12.237650871276855
endloop
endfacet
facet normal -0.6896254285627218 -0.10405092752054221 -0.7166520583670972
outer loop
vertex -57.481475830078125 -48.965301513671875 -13.218778610229492
vertex -58.42967224121094 -50.009307861328125 -12.15476131439209
vertex -58.47332000732422 -49.29517364501953 -12.216444969177246
endloop
endfacet
facet normal -0.5561932004905591 -0.38368822581155815 -0.7371787226322039
outer loop
vertex -57.9542121887207 -51.67424011230469 -12.367911338806152
vertex -57.90714645385742 -51.64111328125 -12.420663833618164
vertex -57.90714645385742 -51.78722381591797 -12.344615936279297
endloop
endfacet
facet normal -0.5561782872550394 -0.3836928337867119 -0.7371875759172651
outer loop
vertex -57.90714645385742 -51.64111328125 -12.420663833618164
vertex -57.607879638671875 -52.330387115478516 -12.287693977355957
vertex -57.90714645385742 -51.78722381591797 -12.344615936279297
endloop
endfacet
facet normal -0.5561774211276523 -0.3836937788647922 -0.7371877374782152
outer loop
vertex -56.98906326293945 -51.13269805908203 -13.377942085266113
vertex -57.251365661621094 -52.83781814575195 -12.292559623718262
vertex -57.607879638671875 -52.330387115478516 -12.287693977355957
endloop
endfacet
facet normal -0.55617831090599 -0.38369317764028 -0.7371873791038913
outer loop
vertex -55.73949432373047 -52.720035552978516 -13.49450969696045
vertex -56.384117126464844 -53.57583236694336 -12.562740325927734
vertex -57.251365661621094 -52.83781814575195 -12.292559623718262
endloop
endfacet
facet normal -0.5561785076942907 -0.38369289160690817 -0.7371873795103123
outer loop
vertex -57.607879638671875 -52.330387115478516 -12.287693977355957
vertex -57.90714645385742 -51.64111328125 -12.420663833618164
vertex -56.98906326293945 -51.13269805908203 -13.377942085266113
endloop
endfacet
facet normal -0.5561785381439656 -0.38369358506628637 -0.7371869956035727
outer loop
vertex -57.251365661621094 -52.83781814575195 -12.292559623718262
vertex -56.384117126464844 -53.57583236694336 -12.562740325927734
vertex -56.45746994018555 -53.654884338378906 -12.466253280639648
endloop
endfacet
facet normal -0.5561804162465306 -0.3836959756366281 -0.7371843343859743
outer loop
vertex -57.251365661621094 -52.83781814575195 -12.292559623718262
vertex -56.45746994018555 -53.654884338378906 -12.466253280639648
vertex -56.841827392578125 -53.30350875854492 -12.359155654907227
endloop
endfacet
facet normal -0.5561782470184675 -0.3836933855084656 -0.7371873191126639
outer loop
vertex -56.98906326293945 -51.13269805908203 -13.377942085266113
vertex -55.73949432373047 -52.720035552978516 -13.49450969696045
vertex -57.251365661621094 -52.83781814575195 -12.292559623718262
endloop
endfacet
facet normal -0.31993181163239637 -0.5771089903412429 -0.7513912756832648
outer loop
vertex -56.384117126464844 -53.57583236694336 -12.562740325927734
vertex -55.73949432373047 -52.720035552978516 -13.49450969696045
vertex -56.384117126464844 -53.72194290161133 -12.450519561767578
endloop
endfacet
facet normal -0.319929888386744 -0.5771101516334309 -0.7513912026358067
outer loop
vertex -56.384117126464844 -53.72194290161133 -12.450519561767578
vertex -55.73949432373047 -52.720035552978516 -13.49450969696045
vertex -55.88364791870117 -54.08816909790039 -12.382328987121582
endloop
endfacet
facet normal -0.3199295588858844 -0.5771104242970501 -0.7513911335108782
outer loop
vertex -54.18708419799805 -54.6875 -12.644376754760742
vertex -54.23222732543945 -54.819393157958984 -12.52385425567627
vertex -55.73949432373047 -52.720035552978516 -13.49450969696045
endloop
endfacet
facet normal -0.31992680903349635 -0.5771110075353736 -0.7513918563859676
outer loop
vertex -55.88364791870117 -54.08816909790039 -12.382328987121582
vertex -55.73949432373047 -52.720035552978516 -13.49450969696045
vertex -55.346351623535156 -54.39784622192383 -12.373249053955078
endloop
endfacet
facet normal -0.3607103416108986 -0.568116684786472 -0.7396833659899195
outer loop
vertex -56.384117126464844 -53.72194290161133 -12.450519561767578
vertex -56.45746994018555 -53.654884338378906 -12.466253280639648
vertex -56.384117126464844 -53.57583236694336 -12.562740325927734
endloop
endfacet
facet normal -0.3199315405949221 -0.577110850492845 -0.7513899623870315
outer loop
vertex -55.346351623535156 -54.39784622192383 -12.373249053955078
vertex -55.73949432373047 -52.720035552978516 -13.49450969696045
vertex -54.77859115600586 -54.64731216430664 -12.423389434814453
endloop
endfacet
facet normal -0.3199298693614726 -0.577110543688397 -0.7513909096163154
outer loop
vertex -54.77859115600586 -54.64731216430664 -12.423389434814453
vertex -55.73949432373047 -52.720035552978516 -13.49450969696045
vertex -54.23222732543945 -54.819393157958984 -12.52385425567627
endloop
endfacet
facet normal -0.3199290838931179 -0.5771102085106744 -0.7513915014904523
outer loop
vertex -55.73949432373047 -52.720035552978516 -13.49450969696045
vertex -53.94907760620117 -53.62596130371094 -13.561036109924316
vertex -54.18708419799805 -54.6875 -12.644376754760742
endloop
endfacet
facet normal -0.0011594847220639257 -0.6534202521423584 -0.7569944713704294
outer loop
vertex -52.9610481262207 -55.0086555480957 -12.369039535522461
vertex -53.94907760620117 -53.62596130371094 -13.561036109924316
vertex -49.36357879638672 -55.012657165527344 -12.371095657348633
endloop
endfacet
facet normal -0.0011574228181682484 -0.6534194089415793 -0.756995202356565
outer loop
vertex -53.578834533691406 -54.95453643798828 -12.414809226989746
vertex -53.94907760620117 -53.62596130371094 -13.561036109924316
vertex -52.9610481262207 -55.0086555480957 -12.369039535522461
endloop
endfacet
facet normal -0.0011598056347313628 -0.6534197877389653 -0.7569948717409223
outer loop
vertex -54.18708419799805 -54.6875 -12.644376754760742
vertex -53.94907760620117 -53.62596130371094 -13.561036109924316
vertex -53.578834533691406 -54.95453643798828 -12.414809226989746
endloop
endfacet
facet normal -0.11123733456842474 -0.649366521418867 -0.7522960695487332
outer loop
vertex -54.23222732543945 -54.819393157958984 -12.52385425567627
vertex -54.18708419799805 -54.6875 -12.644376754760742
vertex -54.18708419799805 -54.83361053466797 -12.518257141113281
endloop
endfacet
facet normal -0.001160964082921599 -0.6534213015547999 -0.7569935632730501
outer loop
vertex -54.18708419799805 -54.6875 -12.644376754760742
vertex -53.578834533691406 -54.95453643798828 -12.414809226989746
vertex -54.18708419799805 -54.83361053466797 -12.518257141113281
endloop
endfacet
facet normal -0.0011572664645832429 -0.6534213043553451 -0.756993566517503
outer loop
vertex 65.39677429199219 -55.04765701293945 -12.516599655151367
vertex 65.84614562988281 -54.88372802734375 -12.65878677368164
vertex 65.84614562988281 -55.02983856201172 -12.53266716003418
endloop
endfacet
facet normal -0.0011590533804702184 -0.6534185018254365 -0.7569959828608495
outer loop
vertex 65.72930145263672 -53.82160568237305 -13.575403213500977
vertex 65.84614562988281 -54.88372802734375 -12.65878677368164
vertex 65.39677429199219 -55.04765701293945 -12.516599655151367
endloop
endfacet
facet normal -0.0011590595741519105 -0.6534185008583215 -0.7569959836861535
outer loop
vertex 65.39677429199219 -55.04765701293945 -12.516599655151367
vertex 24.671783447265625 -53.754486083984375 -13.570474624633789
vertex 65.72930145263672 -53.82160568237305 -13.575403213500977
endloop
endfacet
facet normal -0.0011591037457964097 -0.6534193174458732 -0.7569952787614171
outer loop
vertex 26.73972511291504 -55.05165481567383 -12.453957557678223
vertex 24.671783447265625 -53.754486083984375 -13.570474624633789
vertex 65.39677429199219 -55.04765701293945 -12.516599655151367
endloop
endfacet
facet normal -0.001159043024848771 -0.653419261953563 -0.7569953267539553
outer loop
vertex 26.135560989379883 -55.104759216308594 -12.407194137573242
vertex 24.671783447265625 -53.754486083984375 -13.570474624633789
vertex 26.73972511291504 -55.05165481567383 -12.453957557678223
endloop
endfacet
facet normal -0.0011589015433904372 -0.6534227667614947 -0.7569923016946514
outer loop
vertex -27.88079833984375 -55.04765701293945 -12.373777389526367
vertex 24.671783447265625 -53.754486083984375 -13.570474624633789
vertex -27.33753204345703 -55.091026306152344 -12.337173461914062
endloop
endfacet
facet normal -0.001159077680194154 -0.6534187872974334 -0.756995736411826
outer loop
vertex -27.88079833984375 -55.04765701293945 -12.373777389526367
vertex -48.95357131958008 -55.035884857177734 -12.351673126220703
vertex 24.671783447265625 -53.754486083984375 -13.570474624633789
endloop
endfacet
facet normal -0.0011590502134320594 -0.6534196539593813 -0.7569949883732423
outer loop
vertex -48.95357131958008 -55.035884857177734 -12.351673126220703
vertex -53.94907760620117 -53.62596130371094 -13.561036109924316
vertex 24.671783447265625 -53.754486083984375 -13.570474624633789
endloop
endfacet
facet normal -0.0011573832789531916 -0.653416261646163 -0.7569979190726344
outer loop
vertex -49.36357879638672 -55.012657165527344 -12.371095657348633
vertex -53.94907760620117 -53.62596130371094 -13.561036109924316
vertex -48.95357131958008 -55.035884857177734 -12.351673126220703
endloop
endfacet
facet normal -0.001159062776785139 -0.6534192742188593 -0.7569953161366184
outer loop
vertex -27.33753204345703 -55.091026306152344 -12.337173461914062
vertex 24.671783447265625 -53.754486083984375 -13.570474624633789
vertex 26.135560989379883 -55.104759216308594 -12.407194137573242
endloop
endfacet
facet normal 0.8314695010489663 0 -0.5555703995223136
outer loop
vertex -7.553979873657227 -55.096107482910156 -3.8893399238586426
vertex -7.879138946533203 -53.6076545715332 -4.375974655151367
vertex -7.553979873657227 -53.6076545715332 -3.8893399238586426
endloop
endfacet
facet normal 0 -1 0
outer loop
vertex 6.56734037399292 -53.6076545715332 -11.010660171508789
vertex 6.8924994468688965 -53.6076545715332 -10.524024963378906
vertex 6.56734037399292 -53.6076545715332 -3.8893399238586426
endloop
endfacet
facet normal 0 -1 0
outer loop
vertex -6.493319988250732 -53.6076545715332 -11.449999809265137
vertex -4.243319988250732 -53.6076545715332 -9.199999809265137
vertex -4.626003265380859 -53.6076545715332 -9.123879432678223
endloop
endfacet
facet normal 0 -1 0
outer loop
vertex -6.493319988250732 -53.6076545715332 -11.449999809265137
vertex -4.626003265380859 -53.6076545715332 -9.123879432678223
vertex -4.9504265785217285 -53.6076545715332 -8.907106399536133
endloop
endfacet
facet normal 0 -1 0
outer loop
vertex -6.493319988250732 -53.6076545715332 -11.449999809265137
vertex -4.9504265785217285 -53.6076545715332 -8.907106399536133
vertex -5.16719913482666 -53.6076545715332 -8.582683563232422
endloop
endfacet
facet normal 0 -1 0
outer loop
vertex -4.243319988250732 -53.6076545715332 -9.199999809265137
vertex -6.493319988250732 -53.6076545715332 -11.449999809265137
vertex 3.2566802501678467 -53.6076545715332 -9.199999809265137
endloop
endfacet
facet normal 0 -1 0
outer loop
vertex -6.493319988250732 -53.6076545715332 -11.449999809265137
vertex -5.16719913482666 -53.6076545715332 -8.582683563232422
vertex -5.243319988250732 -53.6076545715332 -8.199999809265137
endloop
endfacet
facet normal 0 -1 0
outer loop
vertex -7.067345142364502 -53.6076545715332 -11.335819244384766
vertex -6.493319988250732 -53.6076545715332 -11.449999809265137
vertex -7.067345142364502 -53.6076545715332 -3.564180612564087
endloop
endfacet
facet normal 0 -1 0
outer loop
vertex -7.553979873657227 -53.6076545715332 -11.010660171508789
vertex -7.067345142364502 -53.6076545715332 -11.335819244384766
vertex -7.553979873657227 -53.6076545715332 -3.8893399238586426
endloop
endfacet
facet normal 0.980785169451003 0 -0.19509087980981338
outer loop
vertex -7.879138946533203 -55.09602355957031 -4.375974655151367
vertex -7.993319988250732 -53.6076545715332 -4.949999809265137
vertex -7.879138946533203 -53.6076545715332 -4.375974655151367
endloop
endfacet
facet normal 0 -1 0
outer loop
vertex -6.493319988250732 -53.6076545715332 -3.450000047683716
vertex -4.626003265380859 -53.6076545715332 -5.776120662689209
vertex -4.243319988250732 -53.6076545715332 -5.699999809265137
endloop
endfacet
facet normal 0 -1 0
outer loop
vertex -6.493319988250732 -53.6076545715332 -3.450000047683716
vertex -4.243319988250732 -53.6076545715332 -5.699999809265137
vertex 5.506680011749268 -53.6076545715332 -3.450000047683716
endloop
endfacet
facet normal 0.1950900960897925 0 0.9807853253427457
outer loop
vertex -7.067345142364502 -55.09623336791992 -11.335819244384766
vertex -6.493319988250732 -55.096378326416016 -11.449999809265137
vertex -6.493319988250732 -53.6076545715332 -11.449999809265137
endloop
endfacet
facet normal 0 0 1
outer loop
vertex 5.506680011749268 -53.6076545715332 -11.449999809265137
vertex -6.493319988250732 -55.096378326416016 -11.449999809265137
vertex 5.506680011749268 -55.09946060180664 -11.449999809265137
endloop
endfacet
facet normal -0.1950900960897925 0 0.9807853253427457
outer loop
vertex 5.506680011749268 -55.09946060180664 -11.449999809265137
vertex 6.080705165863037 -55.099609375 -11.335819244384766
vertex 6.080705165863037 -53.6076545715332 -11.335819244384766
endloop
endfacet
facet normal -0.1950900960897925 0 0.9807853253427458
outer loop
vertex 5.506680011749268 -53.6076545715332 -11.449999809265137
vertex 5.506680011749268 -55.09946060180664 -11.449999809265137
vertex 6.080705165863037 -53.6076545715332 -11.335819244384766
endloop
endfacet
facet normal 0 -1 0
outer loop
vertex -7.879138946533203 -53.6076545715332 -10.524024963378906
vertex -7.553979873657227 -53.6076545715332 -11.010660171508789
vertex -7.879138946533203 -53.6076545715332 -4.375974655151367
endloop
endfacet
facet normal 0 -1 0
outer loop
vertex -7.993319988250732 -53.6076545715332 -9.949999809265137
vertex -7.879138946533203 -53.6076545715332 -10.524024963378906
vertex -7.993319988250732 -53.6076545715332 -4.949999809265137
endloop
endfacet
facet normal 1 0 0
outer loop
vertex -7.993319988250732 -55.09599304199219 -4.949999809265137
vertex -7.993319988250732 -55.09599304199219 -9.949999809265137
vertex -7.993319988250732 -53.6076545715332 -9.949999809265137
endloop
endfacet
facet normal 0.8314695010489662 0 -0.5555703995223135
outer loop
vertex -7.553979873657227 -55.096107482910156 -3.8893399238586426
vertex -7.879138946533203 -55.09602355957031 -4.375974655151367
vertex -7.879138946533203 -53.6076545715332 -4.375974655151367
endloop
endfacet
facet normal 0.5555706811503046 0 -0.8314693128710082
outer loop
vertex -7.067345142364502 -55.09623336791992 -3.564180612564087
vertex -7.553979873657227 -55.096107482910156 -3.8893399238586426
vertex -7.553979873657227 -53.6076545715332 -3.8893399238586426
endloop
endfacet
facet normal 0 -1 0
outer loop
vertex -6.493319988250732 -53.6076545715332 -11.449999809265137
vertex -5.243319988250732 -53.6076545715332 -8.199999809265137
vertex -6.493319988250732 -53.6076545715332 -3.450000047683716
endloop
endfacet
facet normal 0.9807851694510031 0 -0.1950908798098134
outer loop
vertex -7.879138946533203 -55.09602355957031 -4.375974655151367
vertex -7.993319988250732 -55.09599304199219 -4.949999809265137
vertex -7.993319988250732 -53.6076545715332 -4.949999809265137
endloop
endfacet
facet normal 0 -1 0
outer loop
vertex -6.493319988250732 -53.6076545715332 -3.450000047683716
vertex -4.9504265785217285 -53.6076545715332 -5.992893218994141
vertex -4.626003265380859 -53.6076545715332 -5.776120662689209
endloop
endfacet
facet normal -0.5555700231666056 0 0.8314697525217963
outer loop
vertex 6.080705165863037 -53.6076545715332 -11.335819244384766
vertex 6.080705165863037 -55.099609375 -11.335819244384766
vertex 6.56734037399292 -53.6076545715332 -11.010660171508789
endloop
endfacet
facet normal 0 -1 0
outer loop
vertex -7.553979873657227 -53.6076545715332 -3.8893399238586426
vertex -7.067345142364502 -53.6076545715332 -11.335819244384766
vertex -7.067345142364502 -53.6076545715332 -3.564180612564087
endloop
endfacet
facet normal 0 -1 0
outer loop
vertex -7.879138946533203 -53.6076545715332 -4.375974655151367
vertex -7.553979873657227 -53.6076545715332 -11.010660171508789
vertex -7.553979873657227 -53.6076545715332 -3.8893399238586426
endloop
endfacet
facet normal 0 0 -1
outer loop
vertex -6.493319988250732 -53.6076545715332 -3.450000047683716
vertex 5.506680011749268 -55.09946060180664 -3.450000047683716
vertex -6.493319988250732 -55.096378326416016 -3.450000047683716
endloop
endfacet
facet normal 0.1950900960897925 0 -0.9807853253427457
outer loop
vertex -6.493319988250732 -55.096378326416016 -3.450000047683716
vertex -7.067345142364502 -53.6076545715332 -3.564180612564087
vertex -6.493319988250732 -53.6076545715332 -3.450000047683716
endloop
endfacet
facet normal 0.1950900960897925 0 -0.9807853253427458
outer loop
vertex -7.067345142364502 -53.6076545715332 -3.564180612564087
vertex -6.493319988250732 -55.096378326416016 -3.450000047683716
vertex -7.067345142364502 -55.09623336791992 -3.564180612564087
endloop
endfacet
facet normal 0.5555706811503046 0 -0.8314693128710082
outer loop
vertex -7.067345142364502 -55.09623336791992 -3.564180612564087
vertex -7.553979873657227 -53.6076545715332 -3.8893399238586426
vertex -7.067345142364502 -53.6076545715332 -3.564180612564087
endloop
endfacet
facet normal 0 -1 0
outer loop
vertex -7.993319988250732 -53.6076545715332 -4.949999809265137
vertex -7.879138946533203 -53.6076545715332 -10.524024963378906
vertex -7.879138946533203 -53.6076545715332 -4.375974655151367
endloop
endfacet
facet normal -0.1950900960897925 0 -0.9807853253427457
outer loop
vertex 6.080705165863037 -53.6076545715332 -3.564180612564087
vertex 6.080705165863037 -55.099609375 -3.564180612564087
vertex 5.506680011749268 -53.6076545715332 -3.450000047683716
endloop
endfacet
facet normal -0.1950900960897925 0 -0.9807853253427458
outer loop
vertex 5.506680011749268 -53.6076545715332 -3.450000047683716
vertex 6.080705165863037 -55.099609375 -3.564180612564087
vertex 5.506680011749268 -55.09946060180664 -3.450000047683716
endloop
endfacet
facet normal -0.5555703047945763 0 -0.8314695643440363
outer loop
vertex 6.080705165863037 -53.6076545715332 -3.564180612564087
vertex 6.56734037399292 -55.099735260009766 -3.8893399238586426
vertex 6.080705165863037 -55.099609375 -3.564180612564087
endloop
endfacet
facet normal 0 0 -1
outer loop
vertex 5.506680011749268 -55.09946060180664 -3.450000047683716
vertex -6.493319988250732 -53.6076545715332 -3.450000047683716
vertex 5.506680011749268 -53.6076545715332 -3.450000047683716
endloop
endfacet
facet normal -0.5555703047945764 0 -0.8314695643440363
outer loop
vertex 6.080705165863037 -53.6076545715332 -3.564180612564087
vertex 6.56734037399292 -53.6076545715332 -3.8893399238586426
vertex 6.56734037399292 -55.099735260009766 -3.8893399238586426
endloop
endfacet
facet normal -0.8314695010489662 0 -0.5555703995223135
outer loop
vertex 6.8924994468688965 -55.09981918334961 -4.375974655151367
vertex 6.56734037399292 -55.099735260009766 -3.8893399238586426
vertex 6.56734037399292 -53.6076545715332 -3.8893399238586426
endloop
endfacet
facet normal -0.8314695010489662 0 -0.5555703995223135
outer loop
vertex 6.56734037399292 -53.6076545715332 -3.8893399238586426
vertex 6.8924994468688965 -53.6076545715332 -4.375974655151367
vertex 6.8924994468688965 -55.09981918334961 -4.375974655151367
endloop
endfacet
facet normal -0.9807853253427458 0 -0.19509009608979253
outer loop
vertex 6.8924994468688965 -53.6076545715332 -4.375974655151367
vertex 7.006680011749268 -55.09984588623047 -4.949999809265137
vertex 6.8924994468688965 -55.09981918334961 -4.375974655151367
endloop
endfacet
facet normal -0.9807853253427457 0 -0.1950900960897925
outer loop
vertex 7.006680011749268 -53.6076545715332 -4.949999809265137
vertex 7.006680011749268 -55.09984588623047 -4.949999809265137
vertex 6.8924994468688965 -53.6076545715332 -4.375974655151367
endloop
endfacet
facet normal 0 -1 0
outer loop
vertex 3.9637868404388428 -53.6076545715332 -5.992893218994141
vertex 4.1805596351623535 -53.6076545715332 -6.31731653213501
vertex 5.506680011749268 -53.6076545715332 -3.450000047683716
endloop
endfacet
facet normal 0 -1 0
outer loop
vertex 3.2566802501678467 -53.6076545715332 -5.699999809265137
vertex 3.6393635272979736 -53.6076545715332 -5.776120662689209
vertex 5.506680011749268 -53.6076545715332 -3.450000047683716
endloop
endfacet
facet normal 0 -1 0
outer loop
vertex 5.506680011749268 -53.6076545715332 -3.450000047683716
vertex -4.243319988250732 -53.6076545715332 -5.699999809265137
vertex 3.2566802501678467 -53.6076545715332 -5.699999809265137
endloop
endfacet
facet normal 0 -1 0
outer loop
vertex 3.6393635272979736 -53.6076545715332 -5.776120662689209
vertex 3.9637868404388428 -53.6076545715332 -5.992893218994141
vertex 5.506680011749268 -53.6076545715332 -3.450000047683716
endloop
endfacet
facet normal 0 -1 0
outer loop
vertex 4.256680011749268 -53.6076545715332 -6.699999809265137
vertex 5.506680011749268 -53.6076545715332 -3.450000047683716
vertex 4.1805596351623535 -53.6076545715332 -6.31731653213501
endloop
endfacet
facet normal 0 -1 0
outer loop
vertex 5.506680011749268 -53.6076545715332 -3.450000047683716
vertex 6.080705165863037 -53.6076545715332 -11.335819244384766
vertex 6.080705165863037 -53.6076545715332 -3.564180612564087
endloop
endfacet
facet normal 0 -1 0
outer loop
vertex 6.080705165863037 -53.6076545715332 -3.564180612564087
vertex 6.56734037399292 -53.6076545715332 -11.010660171508789
vertex 6.56734037399292 -53.6076545715332 -3.8893399238586426
endloop
endfacet
facet normal 0 -1 0
outer loop
vertex -6.493319988250732 -53.6076545715332 -3.450000047683716
vertex -5.16719913482666 -53.6076545715332 -6.31731653213501
vertex -4.9504265785217285 -53.6076545715332 -5.992893218994141
endloop
endfacet
facet normal 0 -1 0
outer loop
vertex 3.2566802501678467 -53.6076545715332 -9.199999809265137
vertex -6.493319988250732 -53.6076545715332 -11.449999809265137
vertex 5.506680011749268 -53.6076545715332 -11.449999809265137
endloop
endfacet
facet normal -0.5555700231666056 0 0.8314697525217963
outer loop
vertex 6.56734037399292 -53.6076545715332 -11.010660171508789
vertex 6.080705165863037 -55.099609375 -11.335819244384766
vertex 6.56734037399292 -55.099735260009766 -11.010660171508789
endloop
endfacet
facet normal -0.8314697525217963 0 0.5555700231666056
outer loop
vertex 6.56734037399292 -53.6076545715332 -11.010660171508789
vertex 6.56734037399292 -55.099735260009766 -11.010660171508789
vertex 6.8924994468688965 -53.6076545715332 -10.524024963378906
endloop
endfacet
facet normal -0.8314697525217963 0 0.5555700231666056
outer loop
vertex 6.8924994468688965 -53.6076545715332 -10.524024963378906
vertex 6.56734037399292 -55.099735260009766 -11.010660171508789
vertex 6.8924994468688965 -55.09981918334961 -10.524024963378906
endloop
endfacet
facet normal -0.9807853253427458 0 0.19509009608979253
outer loop
vertex 6.8924994468688965 -53.6076545715332 -10.524024963378906
vertex 6.8924994468688965 -55.09981918334961 -10.524024963378906
vertex 7.006680011749268 -53.6076545715332 -9.949999809265137
endloop
endfacet
facet normal 0.1950900960897925 0 0.9807853253427458
outer loop
vertex -7.067345142364502 -55.09623336791992 -11.335819244384766
vertex -6.493319988250732 -53.6076545715332 -11.449999809265137
vertex -7.067345142364502 -53.6076545715332 -11.335819244384766
endloop
endfacet
facet normal 0 -1 0
outer loop
vertex 6.56734037399292 -53.6076545715332 -3.8893399238586426
vertex 6.8924994468688965 -53.6076545715332 -10.524024963378906
vertex 6.8924994468688965 -53.6076545715332 -4.375974655151367
endloop
endfacet
facet normal 0 -1 0
outer loop
vertex 6.8924994468688965 -53.6076545715332 -4.375974655151367
vertex 7.006680011749268 -53.6076545715332 -9.949999809265137
vertex 7.006680011749268 -53.6076545715332 -4.949999809265137
endloop
endfacet
facet normal -1 0 0
outer loop
vertex 7.006680011749268 -53.6076545715332 -4.949999809265137
vertex 7.006680011749268 -55.09984588623047 -9.949999809265137
vertex 7.006680011749268 -55.09984588623047 -4.949999809265137
endloop
endfacet
facet normal 0 -1 0
outer loop
vertex 3.2566802501678467 -53.6076545715332 -9.199999809265137
vertex 5.506680011749268 -53.6076545715332 -11.449999809265137
vertex 3.6393635272979736 -53.6076545715332 -9.123879432678223
endloop
endfacet
facet normal 0 -1 0
outer loop
vertex 3.6393635272979736 -53.6076545715332 -9.123879432678223
vertex 5.506680011749268 -53.6076545715332 -11.449999809265137
vertex 3.9637868404388428 -53.6076545715332 -8.907106399536133
endloop
endfacet
facet normal 1 0 0
outer loop
vertex -7.993319988250732 -55.09599304199219 -4.949999809265137
vertex -7.993319988250732 -53.6076545715332 -9.949999809265137
vertex -7.993319988250732 -53.6076545715332 -4.949999809265137
endloop
endfacet
facet normal -0.9807853253427457 0 0.1950900960897925
outer loop
vertex 7.006680011749268 -53.6076545715332 -9.949999809265137
vertex 6.8924994468688965 -55.09981918334961 -10.524024963378906
vertex 7.006680011749268 -55.09984588623047 -9.949999809265137
endloop
endfacet
facet normal 0 -1 0
outer loop
vertex -7.067345142364502 -53.6076545715332 -3.564180612564087
vertex -6.493319988250732 -53.6076545715332 -11.449999809265137
vertex -6.493319988250732 -53.6076545715332 -3.450000047683716
endloop
endfacet
facet normal 0 -1 0
outer loop
vertex -6.493319988250732 -53.6076545715332 -3.450000047683716
vertex -5.243319988250732 -53.6076545715332 -8.199999809265137
vertex -5.243319988250732 -53.6076545715332 -6.699999809265137
endloop
endfacet
facet normal 0 -1 0
outer loop
vertex 3.9637868404388428 -53.6076545715332 -8.907106399536133
vertex 5.506680011749268 -53.6076545715332 -11.449999809265137
vertex 4.1805596351623535 -53.6076545715332 -8.582683563232422
endloop
endfacet
facet normal 0 -1 0
outer loop
vertex 4.1805596351623535 -53.6076545715332 -8.582683563232422
vertex 5.506680011749268 -53.6076545715332 -11.449999809265137
vertex 4.256680011749268 -53.6076545715332 -8.199999809265137
endloop
endfacet
facet normal 0 -1 0
outer loop
vertex 4.256680011749268 -53.6076545715332 -8.199999809265137
vertex 5.506680011749268 -53.6076545715332 -11.449999809265137
vertex 4.256680011749268 -53.6076545715332 -6.699999809265137
endloop
endfacet
facet normal 0.980785169451003 0 0.19509087980981338
outer loop
vertex -7.993319988250732 -55.09599304199219 -9.949999809265137
vertex -7.879138946533203 -55.09602355957031 -10.524024963378906
vertex -7.879138946533203 -53.6076545715332 -10.524024963378906
endloop
endfacet
facet normal 0.8314697525217962 0 0.5555700231666056
outer loop
vertex -7.879138946533203 -55.09602355957031 -10.524024963378906
vertex -7.553979873657227 -53.6076545715332 -11.010660171508789
vertex -7.879138946533203 -53.6076545715332 -10.524024963378906
endloop
endfacet
facet normal 0.8314697525217963 0 0.5555700231666058
outer loop
vertex -7.879138946533203 -55.09602355957031 -10.524024963378906
vertex -7.553979873657227 -55.096107482910156 -11.010660171508789
vertex -7.553979873657227 -53.6076545715332 -11.010660171508789
endloop
endfacet
facet normal 0.5555703995223136 0 0.8314695010489663
outer loop
vertex -7.553979873657227 -55.096107482910156 -11.010660171508789
vertex -7.067345142364502 -53.6076545715332 -11.335819244384766
vertex -7.553979873657227 -53.6076545715332 -11.010660171508789
endloop
endfacet
facet normal 0 0 1
outer loop
vertex -6.493319988250732 -53.6076545715332 -11.449999809265137
vertex -6.493319988250732 -55.096378326416016 -11.449999809265137
vertex 5.506680011749268 -53.6076545715332 -11.449999809265137
endloop
endfacet
facet normal 0.5555703995223136 0 0.8314695010489663
outer loop
vertex -7.553979873657227 -55.096107482910156 -11.010660171508789
vertex -7.067345142364502 -55.09623336791992 -11.335819244384766
vertex -7.067345142364502 -53.6076545715332 -11.335819244384766
endloop
endfacet
facet normal 0 -1 0
outer loop
vertex 4.256680011749268 -53.6076545715332 -6.699999809265137
vertex 5.506680011749268 -53.6076545715332 -11.449999809265137
vertex 5.506680011749268 -53.6076545715332 -3.450000047683716
endloop
endfacet
facet normal 0 -1 0
outer loop
vertex -6.493319988250732 -53.6076545715332 -3.450000047683716
vertex -5.243319988250732 -53.6076545715332 -6.699999809265137
vertex -5.16719913482666 -53.6076545715332 -6.31731653213501
endloop
endfacet
facet normal 0 -1 0
outer loop
vertex 5.506680011749268 -53.6076545715332 -11.449999809265137
vertex 6.080705165863037 -53.6076545715332 -11.335819244384766
vertex 5.506680011749268 -53.6076545715332 -3.450000047683716
endloop
endfacet
facet normal 0 -1 0
outer loop
vertex 6.080705165863037 -53.6076545715332 -11.335819244384766
vertex 6.56734037399292 -53.6076545715332 -11.010660171508789
vertex 6.080705165863037 -53.6076545715332 -3.564180612564087
endloop
endfacet
facet normal 0 -1 0
outer loop
vertex 6.8924994468688965 -53.6076545715332 -10.524024963378906
vertex 7.006680011749268 -53.6076545715332 -9.949999809265137
vertex 6.8924994468688965 -53.6076545715332 -4.375974655151367
endloop
endfacet
facet normal -1 0 0
outer loop
vertex 7.006680011749268 -53.6076545715332 -9.949999809265137
vertex 7.006680011749268 -55.09984588623047 -9.949999809265137
vertex 7.006680011749268 -53.6076545715332 -4.949999809265137
endloop
endfacet
facet normal 0.9807851694510031 0 0.1950908798098134
outer loop
vertex -7.993319988250732 -55.09599304199219 -9.949999809265137
vertex -7.879138946533203 -53.6076545715332 -10.524024963378906
vertex -7.993319988250732 -53.6076545715332 -9.949999809265137
endloop
endfacet
facet normal -1 0 0
outer loop
vertex 4.256680011749268 -52.407657623291016 -6.699999809265137
vertex 4.256680011749268 -53.6076545715332 -8.199999809265137
vertex 4.256680011749268 -53.6076545715332 -6.699999809265137
endloop
endfacet
facet normal -0.9807853563514094 0 0.19508994019846038
outer loop
vertex 4.1805596351623535 -52.407657623291016 -8.582683563232422
vertex 4.1805596351623535 -53.6076545715332 -8.582683563232422
vertex 4.256680011749268 -52.407657623291016 -8.199999809265137
endloop
endfacet
facet normal -0.9807853563514094 0 0.19508994019846038
outer loop
vertex 4.1805596351623535 -53.6076545715332 -8.582683563232422
vertex 4.256680011749268 -53.6076545715332 -8.199999809265137
vertex 4.256680011749268 -52.407657623291016 -8.199999809265137
endloop
endfacet
facet normal 0.831469814963294 0 -0.555569929716238
outer loop
vertex -4.9504265785217285 -53.6076545715332 -5.992893218994141
vertex -5.16719913482666 -52.407657623291016 -6.31731653213501
vertex -4.9504265785217285 -52.407657623291016 -5.992893218994141
endloop
endfacet
facet normal 0.555569929716238 0 -0.831469814963294
outer loop
vertex -4.626003265380859 -53.6076545715332 -5.776120662689209
vertex -4.9504265785217285 -52.407657623291016 -5.992893218994141
vertex -4.626003265380859 -52.407657623291016 -5.776120662689209
endloop
endfacet
facet normal 0 0 -1
outer loop
vertex -4.243319988250732 -52.407657623291016 -5.699999809265137
vertex 3.2566802501678467 -53.6076545715332 -5.699999809265137
vertex -4.243319988250732 -53.6076545715332 -5.699999809265137
endloop
endfacet
facet normal 0.19509134961587388 0 -0.9807850760003728
outer loop
vertex -4.243319988250732 -53.6076545715332 -5.699999809265137
vertex -4.626003265380859 -52.407657623291016 -5.776120662689209
vertex -4.243319988250732 -52.407657623291016 -5.699999809265137
endloop
endfacet
facet normal -1 0 0
outer loop
vertex 4.256680011749268 -52.407657623291016 -8.199999809265137
vertex 4.256680011749268 -53.6076545715332 -8.199999809265137
vertex 4.256680011749268 -52.407657623291016 -6.699999809265137
endloop
endfacet
facet normal 0.19509134961587388 0 -0.9807850760003728
outer loop
vertex -4.626003265380859 -53.6076545715332 -5.776120662689209
vertex -4.626003265380859 -52.407657623291016 -5.776120662689209
vertex -4.243319988250732 -53.6076545715332 -5.699999809265137
endloop
endfacet
facet normal 0.555569929716238 0 -0.831469814963294
outer loop
vertex -4.9504265785217285 -53.6076545715332 -5.992893218994141
vertex -4.9504265785217285 -52.407657623291016 -5.992893218994141
vertex -4.626003265380859 -53.6076545715332 -5.776120662689209
endloop
endfacet
facet normal -0.8314691554865484 0 0.5555709166924471
outer loop
vertex 3.9637868404388428 -52.407657623291016 -8.907106399536133
vertex 3.9637868404388428 -53.6076545715332 -8.907106399536133
vertex 4.1805596351623535 -52.407657623291016 -8.582683563232422
endloop
endfacet
facet normal -0.5555707746001806 0 0.8314692504297169
outer loop
vertex 3.6393635272979736 -52.407657623291016 -9.123879432678223
vertex 3.6393635272979736 -53.6076545715332 -9.123879432678223
vertex 3.9637868404388428 -52.407657623291016 -8.907106399536133
endloop
endfacet
facet normal -0.19509017403555012 0 0.9807853098383859
outer loop
vertex 3.2566802501678467 -52.407657623291016 -9.199999809265137
vertex 3.2566802501678467 -53.6076545715332 -9.199999809265137
vertex 3.6393635272979736 -52.407657623291016 -9.123879432678223
endloop
endfacet
facet normal -0.8314691554865484 0 0.5555709166924471
outer loop
vertex 3.9637868404388428 -53.6076545715332 -8.907106399536133
vertex 4.1805596351623535 -53.6076545715332 -8.582683563232422
vertex 4.1805596351623535 -52.407657623291016 -8.582683563232422
endloop
endfacet
facet normal -0.5555707746001806 0 0.8314692504297169
outer loop
vertex 3.6393635272979736 -53.6076545715332 -9.123879432678223
vertex 3.9637868404388428 -53.6076545715332 -8.907106399536133
vertex 3.9637868404388428 -52.407657623291016 -8.907106399536133
endloop
endfacet
facet normal -0.19509017403555012 0 0.9807853098383859
outer loop
vertex 3.6393635272979736 -53.6076545715332 -9.123879432678223
vertex 3.6393635272979736 -52.407657623291016 -9.123879432678223
vertex 3.2566802501678467 -53.6076545715332 -9.199999809265137
endloop
endfacet
facet normal 0 0 1
outer loop
vertex 3.2566802501678467 -52.407657623291016 -9.199999809265137
vertex -4.243319988250732 -53.6076545715332 -9.199999809265137
vertex 3.2566802501678467 -53.6076545715332 -9.199999809265137
endloop
endfacet
facet normal 0.831469814963294 0 -0.555569929716238
outer loop
vertex -5.16719913482666 -53.6076545715332 -6.31731653213501
vertex -5.16719913482666 -52.407657623291016 -6.31731653213501
vertex -4.9504265785217285 -53.6076545715332 -5.992893218994141
endloop
endfacet
facet normal 0.9807850760003728 0 -0.19509134961587388
outer loop
vertex -5.16719913482666 -52.407657623291016 -6.31731653213501
vertex -5.16719913482666 -53.6076545715332 -6.31731653213501
vertex -5.243319988250732 -52.407657623291016 -6.699999809265137
endloop
endfacet
facet normal -0.9807853098383859 0 -0.19509017403555012
outer loop
vertex 4.256680011749268 -53.6076545715332 -6.699999809265137
vertex 4.1805596351623535 -53.6076545715332 -6.31731653213501
vertex 4.1805596351623535 -52.407657623291016 -6.31731653213501
endloop
endfacet
facet normal -0.9807853098383859 0 -0.19509017403555012
outer loop
vertex 4.256680011749268 -52.407657623291016 -6.699999809265137
vertex 4.256680011749268 -53.6076545715332 -6.699999809265137
vertex 4.1805596351623535 -52.407657623291016 -6.31731653213501
endloop
endfacet
facet normal -0.8314695326965169 0 -0.5555703521584244
outer loop
vertex 4.1805596351623535 -53.6076545715332 -6.31731653213501
vertex 3.9637868404388428 -53.6076545715332 -5.992893218994141
vertex 3.9637868404388428 -52.407657623291016 -5.992893218994141
endloop
endfacet
facet normal -0.555569929716238 0 -0.831469814963294
outer loop
vertex 3.6393635272979736 -53.6076545715332 -5.776120662689209
vertex 3.6393635272979736 -52.407657623291016 -5.776120662689209
vertex 3.9637868404388428 -53.6076545715332 -5.992893218994141
endloop
endfacet
facet normal -0.19509134961587388 0 -0.9807850760003728
outer loop
vertex 3.6393635272979736 -53.6076545715332 -5.776120662689209
vertex 3.2566802501678467 -53.6076545715332 -5.699999809265137
vertex 3.2566802501678467 -52.407657623291016 -5.699999809265137
endloop
endfacet
facet normal -0.8314695326965169 0 -0.5555703521584244
outer loop
vertex 3.9637868404388428 -52.407657623291016 -5.992893218994141
vertex 4.1805596351623535 -52.407657623291016 -6.31731653213501
vertex 4.1805596351623535 -53.6076545715332 -6.31731653213501
endloop
endfacet
facet normal -0.555569929716238 0 -0.831469814963294
outer loop
vertex 3.9637868404388428 -52.407657623291016 -5.992893218994141
vertex 3.9637868404388428 -53.6076545715332 -5.992893218994141
vertex 3.6393635272979736 -52.407657623291016 -5.776120662689209
endloop
endfacet
facet normal 0 0 -1
outer loop
vertex 3.2566802501678467 -53.6076545715332 -5.699999809265137
vertex -4.243319988250732 -52.407657623291016 -5.699999809265137
vertex 3.2566802501678467 -52.407657623291016 -5.699999809265137
endloop
endfacet
facet normal -0.19509134961587388 0 -0.9807850760003728
outer loop
vertex 3.6393635272979736 -52.407657623291016 -5.776120662689209
vertex 3.6393635272979736 -53.6076545715332 -5.776120662689209
vertex 3.2566802501678467 -52.407657623291016 -5.699999809265137
endloop
endfacet
facet normal 0.9807850760003728 0 -0.19509134961587388
outer loop
vertex -5.243319988250732 -53.6076545715332 -6.699999809265137
vertex -5.243319988250732 -52.407657623291016 -6.699999809265137
vertex -5.16719913482666 -53.6076545715332 -6.31731653213501
endloop
endfacet
facet normal 1 0 0
outer loop
vertex -5.243319988250732 -53.6076545715332 -6.699999809265137
vertex -5.243319988250732 -52.407657623291016 -8.199999809265137
vertex -5.243319988250732 -52.407657623291016 -6.699999809265137
endloop
endfacet
facet normal 1 0 0
outer loop
vertex -5.243319988250732 -53.6076545715332 -8.199999809265137
vertex -5.243319988250732 -52.407657623291016 -8.199999809265137
vertex -5.243319988250732 -53.6076545715332 -6.699999809265137
endloop
endfacet
facet normal 0 0 1
outer loop
vertex -4.243319988250732 -52.407657623291016 -9.199999809265137
vertex -4.243319988250732 -53.6076545715332 -9.199999809265137
vertex 3.2566802501678467 -52.407657623291016 -9.199999809265137
endloop
endfacet
facet normal 0.19509017403555012 0 0.9807853098383859
outer loop
vertex -4.243319988250732 -52.407657623291016 -9.199999809265137
vertex -4.626003265380859 -53.6076545715332 -9.123879432678223
vertex -4.243319988250732 -53.6076545715332 -9.199999809265137
endloop
endfacet
facet normal 0.831469437753771 0 0.5555704942502148
outer loop
vertex -5.16719913482666 -53.6076545715332 -8.582683563232422
vertex -4.9504265785217285 -52.407657623291016 -8.907106399536133
vertex -5.16719913482666 -52.407657623291016 -8.582683563232422
endloop
endfacet
facet normal 0.5555707746001806 0 0.8314692504297169
outer loop
vertex -4.9504265785217285 -52.407657623291016 -8.907106399536133
vertex -4.9504265785217285 -53.6076545715332 -8.907106399536133
vertex -4.626003265380859 -52.407657623291016 -9.123879432678223
endloop
endfacet
facet normal 0.19509017403555012 0 0.9807853098383859
outer loop
vertex -4.626003265380859 -52.407657623291016 -9.123879432678223
vertex -4.626003265380859 -53.6076545715332 -9.123879432678223
vertex -4.243319988250732 -52.407657623291016 -9.199999809265137
endloop
endfacet
facet normal 0.831469437753771 0 0.5555704942502148
outer loop
vertex -5.16719913482666 -53.6076545715332 -8.582683563232422
vertex -4.9504265785217285 -53.6076545715332 -8.907106399536133
vertex -4.9504265785217285 -52.407657623291016 -8.907106399536133
endloop
endfacet
facet normal 0.5555707746001806 0 0.8314692504297169
outer loop
vertex -4.9504265785217285 -53.6076545715332 -8.907106399536133
vertex -4.626003265380859 -53.6076545715332 -9.123879432678223
vertex -4.626003265380859 -52.407657623291016 -9.123879432678223
endloop
endfacet
facet normal 0.9807851225139457 0 0.19509111577748658
outer loop
vertex -5.16719913482666 -53.6076545715332 -8.582683563232422
vertex -5.16719913482666 -52.407657623291016 -8.582683563232422
vertex -5.243319988250732 -53.6076545715332 -8.199999809265137
endloop
endfacet
facet normal 0.9807851225139457 0 0.19509111577748658
outer loop
vertex -5.243319988250732 -53.6076545715332 -8.199999809265137
vertex -5.16719913482666 -52.407657623291016 -8.582683563232422
vertex -5.243319988250732 -52.407657623291016 -8.199999809265137
endloop
endfacet
facet normal 0 -1 0
outer loop
vertex -25.49332046508789 -53.6076545715332 -3.450000047683716
vertex -23.95042610168457 -53.6076545715332 -5.992893218994141
vertex -23.62600326538086 -53.6076545715332 -5.776120662689209
endloop
endfacet
facet normal 0 -1 0
outer loop
vertex -12.432660102844238 -53.6076545715332 -3.8893399238586426
vertex -12.107500076293945 -53.6076545715332 -10.524024963378906
vertex -12.107500076293945 -53.6076545715332 -4.375974655151367
endloop
endfacet
facet normal 0 -1 0
outer loop
vertex -25.49332046508789 -53.6076545715332 -3.450000047683716
vertex -24.167200088500977 -53.6076545715332 -6.31731653213501
vertex -23.95042610168457 -53.6076545715332 -5.992893218994141
endloop
endfacet
facet normal 1 0 0
outer loop
vertex -26.99332046508789 -55.09111404418945 -4.949999809265137
vertex -26.99332046508789 -53.6076545715332 -9.949999809265137
vertex -26.99332046508789 -53.6076545715332 -4.949999809265137
endloop
endfacet
facet normal 0 -1 0
outer loop
vertex -26.99332046508789 -53.6076545715332 -4.949999809265137
vertex -26.879138946533203 -53.6076545715332 -10.524024963378906
vertex -26.879138946533203 -53.6076545715332 -4.375974655151367
endloop
endfacet
facet normal 0 -1 0
outer loop
vertex -26.879138946533203 -53.6076545715332 -4.375974655151367
vertex -26.553979873657227 -53.6076545715332 -11.010660171508789
vertex -26.553979873657227 -53.6076545715332 -3.8893399238586426
endloop
endfacet
facet normal 0.8314695010489663 0 -0.5555703995223136
outer loop
vertex -26.879138946533203 -53.6076545715332 -4.375974655151367
vertex -26.553979873657227 -55.09122848510742 -3.8893399238586426
vertex -26.879138946533203 -55.09114456176758 -4.375974655151367
endloop
endfacet
facet normal 0.9807850135586837 0 -0.19509166352946058
outer loop
vertex -26.879138946533203 -55.09114456176758 -4.375974655151367
vertex -26.99332046508789 -53.6076545715332 -4.949999809265137
vertex -26.879138946533203 -53.6076545715332 -4.375974655151367
endloop
endfacet
facet normal 0.9807850135586837 0 0.19509166352946058
outer loop
vertex -26.99332046508789 -55.09111404418945 -9.949999809265137
vertex -26.879138946533203 -53.6076545715332 -10.524024963378906
vertex -26.99332046508789 -53.6076545715332 -9.949999809265137
endloop
endfacet
facet normal 0.19509040787318935 0 -0.9807852633251953
outer loop
vertex -26.067344665527344 -55.09135055541992 -3.564180612564087
vertex -26.067344665527344 -53.6076545715332 -3.564180612564087
vertex -25.49332046508789 -55.09149932861328 -3.450000047683716
endloop
endfacet
facet normal 0 -1 0
outer loop
vertex -14.743319511413574 -53.6076545715332 -6.699999809265137
vertex -13.493319511413574 -53.6076545715332 -11.449999809265137
vertex -13.493319511413574 -53.6076545715332 -3.450000047683716
endloop
endfacet
facet normal 0 -1 0
outer loop
vertex -25.49332046508789 -53.6076545715332 -3.450000047683716
vertex -24.24332046508789 -53.6076545715332 -6.699999809265137
vertex -24.167200088500977 -53.6076545715332 -6.31731653213501
endloop
endfacet
facet normal 0 -1 0
outer loop
vertex -12.107500076293945 -53.6076545715332 -10.524024963378906
vertex -11.993319511413574 -53.6076545715332 -9.949999809265137
vertex -12.107500076293945 -53.6076545715332 -4.375974655151367
endloop
endfacet
facet normal -1 0 0
outer loop
vertex -11.993319511413574 -53.6076545715332 -9.949999809265137
vertex -11.993319511413574 -55.094966888427734 -9.949999809265137
vertex -11.993319511413574 -53.6076545715332 -4.949999809265137
endloop
endfacet
facet normal -0.555571057506429 0 -0.8314690613974691
outer loop
vertex -12.919294357299805 -53.6076545715332 -3.564180612564087
vertex -12.432660102844238 -53.6076545715332 -3.8893399238586426
vertex -12.432660102844238 -55.094852447509766 -3.8893399238586426
endloop
endfacet
facet normal 0 -1 0
outer loop
vertex -12.432660102844238 -53.6076545715332 -11.010660171508789
vertex -12.107500076293945 -53.6076545715332 -10.524024963378906
vertex -12.432660102844238 -53.6076545715332 -3.8893399238586426
endloop
endfacet
facet normal 0 -1 0
outer loop
vertex -12.919294357299805 -53.6076545715332 -3.564180612564087
vertex -12.432660102844238 -53.6076545715332 -11.010660171508789
vertex -12.432660102844238 -53.6076545715332 -3.8893399238586426
endloop
endfacet
facet normal 0 -1 0
outer loop
vertex -12.919294357299805 -53.6076545715332 -11.335819244384766
vertex -12.432660102844238 -53.6076545715332 -11.010660171508789
vertex -12.919294357299805 -53.6076545715332 -3.564180612564087
endloop
endfacet
facet normal 0 -1 0
outer loop
vertex -25.49332046508789 -53.6076545715332 -11.449999809265137
vertex -23.62600326538086 -53.6076545715332 -9.123879432678223
vertex -23.95042610168457 -53.6076545715332 -8.907106399536133
endloop
endfacet
facet normal -0.9807853253427457 0 0.1950900960897925
outer loop
vertex -12.107500076293945 -53.6076545715332 -10.524024963378906
vertex -12.107500076293945 -55.09493637084961 -10.524024963378906
vertex -11.993319511413574 -53.6076545715332 -9.949999809265137
endloop
endfacet
facet normal -0.831468999810695 0 0.555571149677341
outer loop
vertex -12.107500076293945 -53.6076545715332 -10.524024963378906
vertex -12.432660102844238 -55.094852447509766 -11.010660171508789
vertex -12.107500076293945 -55.09493637084961 -10.524024963378906
endloop
endfacet
facet normal 0 -1 0
outer loop
vertex -13.493319511413574 -53.6076545715332 -3.450000047683716
vertex -12.919294357299805 -53.6076545715332 -11.335819244384766
vertex -12.919294357299805 -53.6076545715332 -3.564180612564087
endloop
endfacet
facet normal 0 -1 0
outer loop
vertex -25.49332046508789 -53.6076545715332 -11.449999809265137
vertex -23.95042610168457 -53.6076545715332 -8.907106399536133
vertex -24.167200088500977 -53.6076545715332 -8.582683563232422
endloop
endfacet
facet normal -0.831468999810695 0 0.555571149677341
outer loop
vertex -12.432660102844238 -53.6076545715332 -11.010660171508789
vertex -12.432660102844238 -55.094852447509766 -11.010660171508789
vertex -12.107500076293945 -53.6076545715332 -10.524024963378906
endloop
endfacet
facet normal 0.9807850135586837 0 -0.19509166352946058
outer loop
vertex -26.99332046508789 -53.6076545715332 -4.949999809265137
vertex -26.879138946533203 -55.09114456176758 -4.375974655151367
vertex -26.99332046508789 -55.09111404418945 -4.949999809265137
endloop
endfacet
facet normal 0 -1 0
outer loop
vertex -26.553979873657227 -53.6076545715332 -3.8893399238586426
vertex -26.067344665527344 -53.6076545715332 -11.335819244384766
vertex -26.067344665527344 -53.6076545715332 -3.564180612564087
endloop
endfacet
facet normal 0 -1 0
outer loop
vertex -25.49332046508789 -53.6076545715332 -3.450000047683716
vertex -24.24332046508789 -53.6076545715332 -8.199999809265137
vertex -24.24332046508789 -53.6076545715332 -6.699999809265137
endloop
endfacet
facet normal -0.8314687483370727 0 -0.5555715260331305
outer loop
vertex -12.432660102844238 -53.6076545715332 -3.8893399238586426
vertex -12.107500076293945 -55.09493637084961 -4.375974655151367
vertex -12.432660102844238 -55.094852447509766 -3.8893399238586426
endloop
endfacet
facet normal -0.8314687483370728 0 -0.5555715260331305
outer loop
vertex -12.432660102844238 -53.6076545715332 -3.8893399238586426
vertex -12.107500076293945 -53.6076545715332 -4.375974655151367
vertex -12.107500076293945 -55.09493637084961 -4.375974655151367
endloop
endfacet
facet normal -0.9807853253427457 0 -0.1950900960897925
outer loop
vertex -12.107500076293945 -53.6076545715332 -4.375974655151367
vertex -11.993319511413574 -55.094966888427734 -4.949999809265137
vertex -12.107500076293945 -55.09493637084961 -4.375974655151367
endloop
endfacet
facet normal -0.9807853253427457 0 -0.1950900960897925
outer loop
vertex -11.993319511413574 -53.6076545715332 -4.949999809265137
vertex -11.993319511413574 -55.094966888427734 -4.949999809265137
vertex -12.107500076293945 -53.6076545715332 -4.375974655151367
endloop
endfacet
facet normal 0 -1 0
outer loop
vertex -26.067344665527344 -53.6076545715332 -3.564180612564087
vertex -25.49332046508789 -53.6076545715332 -11.449999809265137
vertex -25.49332046508789 -53.6076545715332 -3.450000047683716
endloop
endfacet
facet normal 0 -1 0
outer loop
vertex -23.24332046508789 -53.6076545715332 -9.199999809265137
vertex -25.49332046508789 -53.6076545715332 -11.449999809265137
vertex -15.743319511413574 -53.6076545715332 -9.199999809265137
endloop
endfacet
facet normal 0 -1 0
outer loop
vertex -25.49332046508789 -53.6076545715332 -11.449999809265137
vertex -24.167200088500977 -53.6076545715332 -8.582683563232422
vertex -24.24332046508789 -53.6076545715332 -8.199999809265137
endloop
endfacet
facet normal 0 -1 0
outer loop
vertex -13.493319511413574 -53.6076545715332 -11.449999809265137
vertex -12.919294357299805 -53.6076545715332 -11.335819244384766
vertex -13.493319511413574 -53.6076545715332 -3.450000047683716
endloop
endfacet
facet normal 0 -1 0
outer loop
vertex -14.743319511413574 -53.6076545715332 -8.199999809265137
vertex -13.493319511413574 -53.6076545715332 -11.449999809265137
vertex -14.743319511413574 -53.6076545715332 -6.699999809265137
endloop
endfacet
facet normal 0 -1 0
outer loop
vertex -26.067344665527344 -53.6076545715332 -11.335819244384766
vertex -25.49332046508789 -53.6076545715332 -11.449999809265137
vertex -26.067344665527344 -53.6076545715332 -3.564180612564087
endloop
endfacet
facet normal 0 -1 0
outer loop
vertex -13.493319511413574 -53.6076545715332 -3.450000047683716
vertex -15.743319511413574 -53.6076545715332 -5.699999809265137
vertex -15.360636711120605 -53.6076545715332 -5.776120662689209
endloop
endfacet
facet normal 0 -1 0
outer loop
vertex -26.553979873657227 -53.6076545715332 -11.010660171508789
vertex -26.067344665527344 -53.6076545715332 -11.335819244384766
vertex -26.553979873657227 -53.6076545715332 -3.8893399238586426
endloop
endfacet
facet normal 0 -1 0
outer loop
vertex -13.493319511413574 -53.6076545715332 -3.450000047683716
vertex -23.24332046508789 -53.6076545715332 -5.699999809265137
vertex -15.743319511413574 -53.6076545715332 -5.699999809265137
endloop
endfacet
facet normal 0 -1 0
outer loop
vertex -15.360636711120605 -53.6076545715332 -5.776120662689209
vertex -15.036212921142578 -53.6076545715332 -5.992893218994141
vertex -13.493319511413574 -53.6076545715332 -3.450000047683716
endloop
endfacet
facet normal 0 -1 0
outer loop
vertex -15.036212921142578 -53.6076545715332 -5.992893218994141
vertex -14.819439888000488 -53.6076545715332 -6.31731653213501
vertex -13.493319511413574 -53.6076545715332 -3.450000047683716
endloop
endfacet
facet normal -0.5555707758784174 0 0.8314692495756252
outer loop
vertex -12.432660102844238 -53.6076545715332 -11.010660171508789
vertex -12.919294357299805 -55.094730377197266 -11.335819244384766
vertex -12.432660102844238 -55.094852447509766 -11.010660171508789
endloop
endfacet
facet normal -0.5555707758784174 0 0.8314692495756252
outer loop
vertex -12.919294357299805 -53.6076545715332 -11.335819244384766
vertex -12.919294357299805 -55.094730377197266 -11.335819244384766
vertex -12.432660102844238 -53.6076545715332 -11.010660171508789
endloop
endfacet
facet normal -1 0 0
outer loop
vertex -11.993319511413574 -53.6076545715332 -4.949999809265137
vertex -11.993319511413574 -55.094966888427734 -9.949999809265137
vertex -11.993319511413574 -55.094966888427734 -4.949999809265137
endloop
endfacet
facet normal 0.5555703047945764 0 -0.8314695643440363
outer loop
vertex -26.553979873657227 -53.6076545715332 -3.8893399238586426
vertex -26.067344665527344 -55.09135055541992 -3.564180612564087
vertex -26.553979873657227 -55.09122848510742 -3.8893399238586426
endloop
endfacet
facet normal 0 -1 0
outer loop
vertex -14.819439888000488 -53.6076545715332 -8.582683563232422
vertex -13.493319511413574 -53.6076545715332 -11.449999809265137
vertex -14.743319511413574 -53.6076545715332 -8.199999809265137
endloop
endfacet
facet normal -0.1950900960897925 0 0.9807853253427457
outer loop
vertex -12.919294357299805 -53.6076545715332 -11.335819244384766
vertex -13.493319511413574 -55.094581604003906 -11.449999809265137
vertex -12.919294357299805 -55.094730377197266 -11.335819244384766
endloop
endfacet
facet normal -0.1950900960897925 0 0.9807853253427458
outer loop
vertex -13.493319511413574 -53.6076545715332 -11.449999809265137
vertex -13.493319511413574 -55.094581604003906 -11.449999809265137
vertex -12.919294357299805 -53.6076545715332 -11.335819244384766
endloop
endfacet
facet normal -0.9807853253427457 0 0.1950900960897925
outer loop
vertex -11.993319511413574 -53.6076545715332 -9.949999809265137
vertex -12.107500076293945 -55.09493637084961 -10.524024963378906
vertex -11.993319511413574 -55.094966888427734 -9.949999809265137
endloop
endfacet
facet normal 0 0 1
outer loop
vertex -13.493319511413574 -53.6076545715332 -11.449999809265137
vertex -25.49332046508789 -55.09149932861328 -11.449999809265137
vertex -13.493319511413574 -55.094581604003906 -11.449999809265137
endloop
endfacet
facet normal 0 -1 0
outer loop
vertex -15.036212921142578 -53.6076545715332 -8.907106399536133
vertex -13.493319511413574 -53.6076545715332 -11.449999809265137
vertex -14.819439888000488 -53.6076545715332 -8.582683563232422
endloop
endfacet
facet normal 0 -1 0
outer loop
vertex -15.360636711120605 -53.6076545715332 -9.123879432678223
vertex -13.493319511413574 -53.6076545715332 -11.449999809265137
vertex -15.036212921142578 -53.6076545715332 -8.907106399536133
endloop
endfacet
facet normal 0 0 -1
outer loop
vertex -13.493319511413574 -55.094581604003906 -3.450000047683716
vertex -25.49332046508789 -53.6076545715332 -3.450000047683716
vertex -13.493319511413574 -53.6076545715332 -3.450000047683716
endloop
endfacet
facet normal -0.1950900960897925 0 -0.9807853253427458
outer loop
vertex -13.493319511413574 -53.6076545715332 -3.450000047683716
vertex -12.919294357299805 -55.094730377197266 -3.564180612564087
vertex -13.493319511413574 -55.094581604003906 -3.450000047683716
endloop
endfacet
facet normal -0.5555710575064289 0 -0.831469061397469
outer loop
vertex -12.919294357299805 -53.6076545715332 -3.564180612564087
vertex -12.432660102844238 -55.094852447509766 -3.8893399238586426
vertex -12.919294357299805 -55.094730377197266 -3.564180612564087
endloop
endfacet
facet normal 0 -1 0
outer loop
vertex -15.743319511413574 -53.6076545715332 -9.199999809265137
vertex -13.493319511413574 -53.6076545715332 -11.449999809265137
vertex -15.360636711120605 -53.6076545715332 -9.123879432678223
endloop
endfacet
facet normal 0.5555703047945764 0 -0.8314695643440364
outer loop
vertex -26.067344665527344 -55.09135055541992 -3.564180612564087
vertex -26.553979873657227 -53.6076545715332 -3.8893399238586426
vertex -26.067344665527344 -53.6076545715332 -3.564180612564087
endloop
endfacet
facet normal 0 -1 0
outer loop
vertex -26.879138946533203 -53.6076545715332 -10.524024963378906
vertex -26.553979873657227 -53.6076545715332 -11.010660171508789
vertex -26.879138946533203 -53.6076545715332 -4.375974655151367
endloop
endfacet
facet normal 0 -1 0
outer loop
vertex -26.99332046508789 -53.6076545715332 -9.949999809265137
vertex -26.879138946533203 -53.6076545715332 -10.524024963378906
vertex -26.99332046508789 -53.6076545715332 -4.949999809265137
endloop
endfacet
facet normal 0.8314695010489663 0 -0.5555703995223136
outer loop
vertex -26.553979873657227 -55.09122848510742 -3.8893399238586426
vertex -26.879138946533203 -53.6076545715332 -4.375974655151367
vertex -26.553979873657227 -53.6076545715332 -3.8893399238586426
endloop
endfacet
facet normal 0 -1 0
outer loop
vertex -25.49332046508789 -53.6076545715332 -11.449999809265137
vertex -24.24332046508789 -53.6076545715332 -8.199999809265137
vertex -25.49332046508789 -53.6076545715332 -3.450000047683716
endloop
endfacet
facet normal 0 -1 0
outer loop
vertex -25.49332046508789 -53.6076545715332 -11.449999809265137
vertex -23.24332046508789 -53.6076545715332 -9.199999809265137
vertex -23.62600326538086 -53.6076545715332 -9.123879432678223
endloop
endfacet
facet normal 1 0 0
outer loop
vertex -26.99332046508789 -55.09111404418945 -4.949999809265137
vertex -26.99332046508789 -55.09111404418945 -9.949999809265137
vertex -26.99332046508789 -53.6076545715332 -9.949999809265137
endloop
endfacet
facet normal 0 -1 0
outer loop
vertex -25.49332046508789 -53.6076545715332 -11.449999809265137
vertex -13.493319511413574 -53.6076545715332 -11.449999809265137
vertex -15.743319511413574 -53.6076545715332 -9.199999809265137
endloop
endfacet
facet normal 0.5555700231666056 0 0.8314697525217963
outer loop
vertex -26.553979873657227 -53.6076545715332 -11.010660171508789
vertex -26.553979873657227 -55.09122848510742 -11.010660171508789
vertex -26.067344665527344 -53.6076545715332 -11.335819244384766
endloop
endfacet
facet normal -0.1950900960897925 0 -0.9807853253427457
outer loop
vertex -12.919294357299805 -55.094730377197266 -3.564180612564087
vertex -13.493319511413574 -53.6076545715332 -3.450000047683716
vertex -12.919294357299805 -53.6076545715332 -3.564180612564087
endloop
endfacet
facet normal 0 0 1
outer loop
vertex -25.49332046508789 -53.6076545715332 -11.449999809265137
vertex -25.49332046508789 -55.09149932861328 -11.449999809265137
vertex -13.493319511413574 -53.6076545715332 -11.449999809265137
endloop
endfacet
facet normal 0 0 -1
outer loop
vertex -25.49332046508789 -53.6076545715332 -3.450000047683716
vertex -13.493319511413574 -55.094581604003906 -3.450000047683716
vertex -25.49332046508789 -55.09149932861328 -3.450000047683716
endloop
endfacet
facet normal 0.5555700231666056 0 0.8314697525217963
outer loop
vertex -26.553979873657227 -55.09122848510742 -11.010660171508789
vertex -26.067344665527344 -55.09135055541992 -11.335819244384766
vertex -26.067344665527344 -53.6076545715332 -11.335819244384766
endloop
endfacet
facet normal 0.19509040787318935 0 0.9807852633251953
outer loop
vertex -26.067344665527344 -55.09135055541992 -11.335819244384766
vertex -25.49332046508789 -53.6076545715332 -11.449999809265137
vertex -26.067344665527344 -53.6076545715332 -11.335819244384766
endloop
endfacet
facet normal 0.19509040787318935 0 -0.9807852633251952
outer loop
vertex -25.49332046508789 -55.09149932861328 -3.450000047683716
vertex -26.067344665527344 -53.6076545715332 -3.564180612564087
vertex -25.49332046508789 -53.6076545715332 -3.450000047683716
endloop
endfacet
facet normal 0.19509040787318935 0 0.9807852633251952
outer loop
vertex -26.067344665527344 -55.09135055541992 -11.335819244384766
vertex -25.49332046508789 -55.09149932861328 -11.449999809265137
vertex -25.49332046508789 -53.6076545715332 -11.449999809265137
endloop
endfacet
facet normal 0.9807850135586837 0 0.19509166352946058
outer loop
vertex -26.99332046508789 -55.09111404418945 -9.949999809265137
vertex -26.879138946533203 -55.09114456176758 -10.524024963378906
vertex -26.879138946533203 -53.6076545715332 -10.524024963378906
endloop
endfacet
facet normal 0.8314697525217963 0 0.5555700231666056
outer loop
vertex -26.879138946533203 -55.09114456176758 -10.524024963378906
vertex -26.553979873657227 -53.6076545715332 -11.010660171508789
vertex -26.879138946533203 -53.6076545715332 -10.524024963378906
endloop
endfacet
facet normal 0.8314697525217963 0 0.5555700231666056
outer loop
vertex -26.879138946533203 -55.09114456176758 -10.524024963378906
vertex -26.553979873657227 -55.09122848510742 -11.010660171508789
vertex -26.553979873657227 -53.6076545715332 -11.010660171508789
endloop
endfacet
facet normal 0 -1 0
outer loop
vertex -25.49332046508789 -53.6076545715332 -3.450000047683716
vertex -23.62600326538086 -53.6076545715332 -5.776120662689209
vertex -23.24332046508789 -53.6076545715332 -5.699999809265137
endloop
endfacet
facet normal 0 -1 0
outer loop
vertex -14.743319511413574 -53.6076545715332 -6.699999809265137
vertex -13.493319511413574 -53.6076545715332 -3.450000047683716
vertex -14.819439888000488 -53.6076545715332 -6.31731653213501
endloop
endfacet
facet normal 0 -1 0
outer loop
vertex -12.107500076293945 -53.6076545715332 -4.375974655151367
vertex -11.993319511413574 -53.6076545715332 -9.949999809265137
vertex -11.993319511413574 -53.6076545715332 -4.949999809265137
endloop
endfacet
facet normal 0 -1 0
outer loop
vertex -25.49332046508789 -53.6076545715332 -3.450000047683716
vertex -23.24332046508789 -53.6076545715332 -5.699999809265137
vertex -13.493319511413574 -53.6076545715332 -3.450000047683716
endloop
endfacet
facet normal 0.9807853563514094 0 0.19508994019846038
outer loop
vertex -24.24332046508789 -53.6076545715332 -8.199999809265137
vertex -24.167200088500977 -52.407657623291016 -8.582683563232422
vertex -24.24332046508789 -52.407657623291016 -8.199999809265137
endloop
endfacet
facet normal -0.8314692504297169 0 -0.5555707746001806
outer loop
vertex -14.819439888000488 -53.6076545715332 -6.31731653213501
vertex -15.036212921142578 -53.6076545715332 -5.992893218994141
vertex -15.036212921142578 -52.407657623291016 -5.992893218994141
endloop
endfacet
facet normal -0.5555693651831525 0 -0.8314701921716671
outer loop
vertex -15.360636711120605 -53.6076545715332 -5.776120662689209
vertex -15.360636711120605 -52.407657623291016 -5.776120662689209
vertex -15.036212921142578 -53.6076545715332 -5.992893218994141
endloop
endfacet
facet normal -0.19509158345481065 0 -0.9807850294866325
outer loop
vertex -15.743319511413574 -53.6076545715332 -5.699999809265137
vertex -15.743319511413574 -52.407657623291016 -5.699999809265137
vertex -15.360636711120605 -53.6076545715332 -5.776120662689209
endloop
endfacet
facet normal -0.8314692504297169 0 -0.5555707746001806
outer loop
vertex -15.036212921142578 -52.407657623291016 -5.992893218994141
vertex -14.819439888000488 -52.407657623291016 -6.31731653213501
vertex -14.819439888000488 -53.6076545715332 -6.31731653213501
endloop
endfacet
facet normal 0.9807853563514094 0 0.19508994019846038
outer loop
vertex -24.167200088500977 -53.6076545715332 -8.582683563232422
vertex -24.167200088500977 -52.407657623291016 -8.582683563232422
vertex -24.24332046508789 -53.6076545715332 -8.199999809265137
endloop
endfacet
facet normal -0.5555693651831525 0 -0.8314701921716671
outer loop
vertex -15.036212921142578 -52.407657623291016 -5.992893218994141
vertex -15.036212921142578 -53.6076545715332 -5.992893218994141
vertex -15.360636711120605 -52.407657623291016 -5.776120662689209
endloop
endfacet
facet normal 0.8314681213622869 0 -0.5555724643629031
outer loop
vertex -23.95042610168457 -53.6076545715332 -5.992893218994141
vertex -24.167200088500977 -52.407657623291016 -6.31731653213501
vertex -23.95042610168457 -52.407657623291016 -5.992893218994141
endloop
endfacet
facet normal 1 0 0
outer loop
vertex -24.24332046508789 -53.6076545715332 -8.199999809265137
vertex -24.24332046508789 -52.407657623291016 -8.199999809265137
vertex -24.24332046508789 -53.6076545715332 -6.699999809265137
endloop
endfacet
facet normal 0 0 1
outer loop
vertex -23.24332046508789 -52.407657623291016 -9.199999809265137
vertex -23.24332046508789 -53.6076545715332 -9.199999809265137
vertex -15.743319511413574 -52.407657623291016 -9.199999809265137
endloop
endfacet
facet normal 0 0 1
outer loop
vertex -23.24332046508789 -53.6076545715332 -9.199999809265137
vertex -15.743319511413574 -53.6076545715332 -9.199999809265137
vertex -15.743319511413574 -52.407657623291016 -9.199999809265137
endloop
endfacet
facet normal 0.8314677441500905 0 0.5555730288971555
outer loop
vertex -24.167200088500977 -53.6076545715332 -8.582683563232422
vertex -23.95042610168457 -52.407657623291016 -8.907106399536133
vertex -24.167200088500977 -52.407657623291016 -8.582683563232422
endloop
endfacet
facet normal 0.5555713391342493 0 0.8314688732193027
outer loop
vertex -23.95042610168457 -52.407657623291016 -8.907106399536133
vertex -23.95042610168457 -53.6076545715332 -8.907106399536133
vertex -23.62600326538086 -52.407657623291016 -9.123879432678223
endloop
endfacet
facet normal 1 0 0
outer loop
vertex -24.24332046508789 -53.6076545715332 -6.699999809265137
vertex -24.24332046508789 -52.407657623291016 -8.199999809265137
vertex -24.24332046508789 -52.407657623291016 -6.699999809265137
endloop
endfacet
facet normal 0.5555704942502148 0 -0.831469437753771
outer loop
vertex -23.62600326538086 -53.6076545715332 -5.776120662689209
vertex -23.95042610168457 -52.407657623291016 -5.992893218994141
vertex -23.62600326538086 -52.407657623291016 -5.776120662689209
endloop
endfacet
facet normal 0.19509040787318935 0 0.9807852633251953
outer loop
vertex -23.62600326538086 -52.407657623291016 -9.123879432678223
vertex -23.62600326538086 -53.6076545715332 -9.123879432678223
vertex -23.24332046508789 -52.407657623291016 -9.199999809265137
endloop
endfacet
facet normal 0.8314677441500905 0 0.5555730288971555
outer loop
vertex -24.167200088500977 -53.6076545715332 -8.582683563232422
vertex -23.95042610168457 -53.6076545715332 -8.907106399536133
vertex -23.95042610168457 -52.407657623291016 -8.907106399536133
endloop
endfacet
facet normal 0.19509158345481065 0 -0.9807850294866325
outer loop
vertex -23.24332046508789 -53.6076545715332 -5.699999809265137
vertex -23.62600326538086 -52.407657623291016 -5.776120662689209
vertex -23.24332046508789 -52.407657623291016 -5.699999809265137
endloop
endfacet
facet normal 0 0 -1
outer loop
vertex -23.24332046508789 -52.407657623291016 -5.699999809265137
vertex -15.743319511413574 -53.6076545715332 -5.699999809265137
vertex -23.24332046508789 -53.6076545715332 -5.699999809265137
endloop
endfacet
facet normal 0.5555713391342493 0 0.8314688732193027
outer loop
vertex -23.95042610168457 -53.6076545715332 -8.907106399536133
vertex -23.62600326538086 -53.6076545715332 -9.123879432678223
vertex -23.62600326538086 -52.407657623291016 -9.123879432678223
endloop
endfacet
facet normal -0.19509040787318935 0 0.9807852633251953
outer loop
vertex -15.743319511413574 -53.6076545715332 -9.199999809265137
vertex -15.360636711120605 -53.6076545715332 -9.123879432678223
vertex -15.360636711120605 -52.407657623291016 -9.123879432678223
endloop
endfacet
facet normal -0.5555702100670032 0 0.8314696276389812
outer loop
vertex -15.360636711120605 -53.6076545715332 -9.123879432678223
vertex -15.036212921142578 -53.6076545715332 -8.907106399536133
vertex -15.036212921142578 -52.407657623291016 -8.907106399536133
endloop
endfacet
facet normal -0.8314688732193027 0 0.5555713391342493
outer loop
vertex -15.036212921142578 -53.6076545715332 -8.907106399536133
vertex -14.819439888000488 -53.6076545715332 -8.582683563232422
vertex -14.819439888000488 -52.407657623291016 -8.582683563232422
endloop
endfacet
facet normal -0.9807853098383859 0 -0.19509017403555012
outer loop
vertex -14.743319511413574 -52.407657623291016 -6.699999809265137
vertex -14.743319511413574 -53.6076545715332 -6.699999809265137
vertex -14.819439888000488 -52.407657623291016 -6.31731653213501
endloop
endfacet
facet normal 0 0 -1
outer loop
vertex -15.743319511413574 -53.6076545715332 -5.699999809265137
vertex -23.24332046508789 -52.407657623291016 -5.699999809265137
vertex -15.743319511413574 -52.407657623291016 -5.699999809265137
endloop
endfacet
facet normal 0.19509040787318935 0 0.9807852633251953
outer loop
vertex -23.24332046508789 -53.6076545715332 -9.199999809265137
vertex -23.24332046508789 -52.407657623291016 -9.199999809265137
vertex -23.62600326538086 -53.6076545715332 -9.123879432678223
endloop
endfacet
facet normal -0.19509040787318935 0 0.9807852633251953
outer loop
vertex -15.743319511413574 -52.407657623291016 -9.199999809265137
vertex -15.743319511413574 -53.6076545715332 -9.199999809265137
vertex -15.360636711120605 -52.407657623291016 -9.123879432678223
endloop
endfacet
facet normal -0.5555702100670032 0 0.8314696276389812
outer loop
vertex -15.360636711120605 -52.407657623291016 -9.123879432678223
vertex -15.360636711120605 -53.6076545715332 -9.123879432678223
vertex -15.036212921142578 -52.407657623291016 -8.907106399536133
endloop
endfacet
facet normal -0.9807853098383859 0 -0.19509017403555012
outer loop
vertex -14.743319511413574 -53.6076545715332 -6.699999809265137
vertex -14.819439888000488 -53.6076545715332 -6.31731653213501
vertex -14.819439888000488 -52.407657623291016 -6.31731653213501
endloop
endfacet
facet normal 0.9807853098383859 0 -0.19509017403555012
outer loop
vertex -24.167200088500977 -52.407657623291016 -6.31731653213501
vertex -24.167200088500977 -53.6076545715332 -6.31731653213501
vertex -24.24332046508789 -52.407657623291016 -6.699999809265137
endloop
endfacet
facet normal -0.8314688732193027 0 0.5555713391342493
outer loop
vertex -15.036212921142578 -52.407657623291016 -8.907106399536133
vertex -15.036212921142578 -53.6076545715332 -8.907106399536133
vertex -14.819439888000488 -52.407657623291016 -8.582683563232422
endloop
endfacet
facet normal 0.9807853098383859 0 -0.19509017403555012
outer loop
vertex -24.24332046508789 -53.6076545715332 -6.699999809265137
vertex -24.24332046508789 -52.407657623291016 -6.699999809265137
vertex -24.167200088500977 -53.6076545715332 -6.31731653213501
endloop
endfacet
facet normal -0.9807853563514094 0 0.19508994019846038
outer loop
vertex -14.819439888000488 -53.6076545715332 -8.582683563232422
vertex -14.743319511413574 -53.6076545715332 -8.199999809265137
vertex -14.743319511413574 -52.407657623291016 -8.199999809265137
endloop
endfacet
facet normal -0.9807853563514094 0 0.19508994019846038
outer loop
vertex -14.819439888000488 -52.407657623291016 -8.582683563232422
vertex -14.819439888000488 -53.6076545715332 -8.582683563232422
vertex -14.743319511413574 -52.407657623291016 -8.199999809265137
endloop
endfacet
facet normal 0.8314681213622869 0 -0.5555724643629031
outer loop
vertex -24.167200088500977 -53.6076545715332 -6.31731653213501
vertex -24.167200088500977 -52.407657623291016 -6.31731653213501
vertex -23.95042610168457 -53.6076545715332 -5.992893218994141
endloop
endfacet
facet normal -0.19509158345481065 0 -0.9807850294866325
outer loop
vertex -15.360636711120605 -52.407657623291016 -5.776120662689209
vertex -15.360636711120605 -53.6076545715332 -5.776120662689209
vertex -15.743319511413574 -52.407657623291016 -5.699999809265137
endloop
endfacet
facet normal 0.5555704942502148 0 -0.831469437753771
outer loop
vertex -23.95042610168457 -53.6076545715332 -5.992893218994141
vertex -23.95042610168457 -52.407657623291016 -5.992893218994141
vertex -23.62600326538086 -53.6076545715332 -5.776120662689209
endloop
endfacet
facet normal -1 0 0
outer loop
vertex -14.743319511413574 -52.407657623291016 -6.699999809265137
vertex -14.743319511413574 -53.6076545715332 -8.199999809265137
vertex -14.743319511413574 -53.6076545715332 -6.699999809265137
endloop
endfacet
facet normal -1 0 0
outer loop
vertex -14.743319511413574 -52.407657623291016 -8.199999809265137
vertex -14.743319511413574 -53.6076545715332 -8.199999809265137
vertex -14.743319511413574 -52.407657623291016 -6.699999809265137
endloop
endfacet
facet normal 0.19509158345481065 0 -0.9807850294866325
outer loop
vertex -23.62600326538086 -53.6076545715332 -5.776120662689209
vertex -23.62600326538086 -52.407657623291016 -5.776120662689209
vertex -23.24332046508789 -53.6076545715332 -5.699999809265137
endloop
endfacet
facet normal -0.25881803504136525 -0.9659260969335732 0
outer loop
vertex 53.66061019897461 -56.0651969909668 -1.5
vertex 55.00758743286133 -56.426116943359375 -1.5
vertex 55.00758743286133 -56.426116943359375 -0.5
endloop
endfacet
facet normal 0.009265667783093363 -0.10590896547997192 -0.9943326598435231
outer loop
vertex 56.79677200317383 -55.048545837402344 -1.6660151481628418
vertex 57.54304122924805 -55.04846954345703 -1.6590691804885864
vertex 57.64765548706055 -55.64177322387695 -1.5949000120162964
endloop
endfacet
facet normal 0.25881803504136525 -0.9659260969335732 0
outer loop
vertex 57.78595733642578 -56.426116943359375 -0.5
vertex 57.78595733642578 -56.426116943359375 -1.5
vertex 59.1329345703125 -56.0651969909668 -0.5
endloop
endfacet
facet normal 0.5735781035076711 -0.8191508769308272 0
outer loop
vertex 60.39677429199219 -55.475860595703125 -1.5
vertex 60.89677429199219 -55.125755310058594 -1.5
vertex 60.89677429199219 -55.125755310058594 -0.5
endloop
endfacet
facet normal 0.42261723351328206 -0.906308266506259 0
outer loop
vertex 59.1329345703125 -56.0651969909668 -1.5
vertex 60.39677429199219 -55.475860595703125 -1.5
vertex 60.39677429199219 -55.475860595703125 -0.5
endloop
endfacet
facet normal 0.25881803504136525 -0.9659260969335732 0
outer loop
vertex 57.78595733642578 -56.426116943359375 -1.5
vertex 59.1329345703125 -56.0651969909668 -1.5
vertex 59.1329345703125 -56.0651969909668 -0.5
endloop
endfacet
facet normal -1 0 0
outer loop
vertex 51.89677429199219 -55.04905319213867 -1
vertex 51.89677429199219 -55.04905319213867 -1.5075151920318604
vertex 51.89677429199219 -55.125755310058594 -1.5
endloop
endfacet
facet normal -0.05019121320009583 -0.10763673043225108 -0.9929225429908203
outer loop
vertex 53.3585319519043 -55.04890060424805 -1.5949000120162964
vertex 52.39677429199219 -55.475860595703125 -1.5
vertex 52.64323425292969 -55.04897689819336 -1.5587341785430908
endloop
endfacet
facet normal -0.05019151915221926 -0.10763605411165898 -0.992922600840803
outer loop
vertex 52.39677429199219 -55.475860595703125 -1.5
vertex 53.3585319519043 -55.04890060424805 -1.5949000120162964
vertex 53.66061019897461 -56.0651969909668 -1.5
endloop
endfacet
facet normal -0.06812028275842041 -0.0972854951320121 -0.9929225344979498
outer loop
vertex 51.89677429199219 -55.125755310058594 -1.5
vertex 51.89677429199219 -55.04905319213867 -1.5075151920318604
vertex 52.64323425292969 -55.04897689819336 -1.5587341785430908
endloop
endfacet
facet normal -0.5735781035076711 -0.8191508769308272 0
outer loop
vertex 52.39677429199219 -55.475860595703125 -1.5
vertex 52.39677429199219 -55.475860595703125 -0.5
vertex 51.89677429199219 -55.125755310058594 -1.5
endloop
endfacet
facet normal -0.42261828128849965 -0.9063077779213609 0
outer loop
vertex 53.66061019897461 -56.0651969909668 -1.5
vertex 53.66061019897461 -56.0651969909668 -0.5
vertex 52.39677429199219 -55.475860595703125 -1.5
endloop
endfacet
facet normal -1 0 0
outer loop
vertex 51.89677429199219 -55.04905319213867 -1
vertex 51.89677429199219 -55.125755310058594 -1.5
vertex 51.89677429199219 -55.125755310058594 -0.5
endloop
endfacet
facet normal -0.5735781035076711 -0.8191508769308272 0
outer loop
vertex 51.89677429199219 -55.125755310058594 -0.5
vertex 51.89677429199219 -55.125755310058594 -1.5
vertex 52.39677429199219 -55.475860595703125 -0.5
endloop
endfacet
facet normal 0.42261723351328206 -0.906308266506259 0
outer loop
vertex 59.1329345703125 -56.0651969909668 -0.5
vertex 59.1329345703125 -56.0651969909668 -1.5
vertex 60.39677429199219 -55.475860595703125 -0.5
endloop
endfacet
facet normal -0.42261828128849965 -0.9063077779213609 0
outer loop
vertex 52.39677429199219 -55.475860595703125 -0.5
vertex 52.39677429199219 -55.475860595703125 -1.5
vertex 53.66061019897461 -56.0651969909668 -0.5
endloop
endfacet
facet normal 0.0871572759617764 -0.9961945639517026 0
outer loop
vertex 56.79677200317383 -56.51266098022461 -0.5
vertex 56.79677200317383 -56.51266098022461 -1.5
vertex 57.78595733642578 -56.426116943359375 -0.5
endloop
endfacet
facet normal -1 0 0
outer loop
vertex 51.89677429199219 -54.54905319213867 -0.5
vertex 51.89677429199219 -55.04905319213867 -1
vertex 51.89677429199219 -55.125755310058594 -0.5
endloop
endfacet
facet normal 0.5735781035076711 -0.8191508769308272 0
outer loop
vertex 60.39677429199219 -55.475860595703125 -0.5
vertex 60.39677429199219 -55.475860595703125 -1.5
vertex 60.89677429199219 -55.125755310058594 -0.5
endloop
endfacet
facet normal 1 0 0
outer loop
vertex 60.89677429199219 -55.04812240600586 -1
vertex 60.89677429199219 -54.54812240600586 -0.5
vertex 60.89677429199219 -55.125755310058594 -0.5
endloop
endfacet
facet normal 1 0 0
outer loop
vertex 60.89677429199219 -55.125755310058594 -0.5
vertex 60.89677429199219 -55.125755310058594 -1.5
vertex 60.89677429199219 -55.04812240600586 -1
endloop
endfacet
facet normal -0.06812028945926321 -0.09728543419996676 -0.9929225400082878
outer loop
vertex 51.89677429199219 -55.125755310058594 -1.5
vertex 52.64323425292969 -55.04897689819336 -1.5587341785430908
vertex 52.39677429199219 -55.475860595703125 -1.5
endloop
endfacet
facet normal -0.0871572759617764 -0.9961945639517026 0
outer loop
vertex 55.00758743286133 -56.426116943359375 -0.5
vertex 55.00758743286133 -56.426116943359375 -1.5
vertex 55.99677276611328 -56.51266098022461 -0.5
endloop
endfacet
facet normal -0.25881803504136525 -0.9659260969335732 0
outer loop
vertex 53.66061019897461 -56.0651969909668 -0.5
vertex 53.66061019897461 -56.0651969909668 -1.5
vertex 55.00758743286133 -56.426116943359375 -0.5
endloop
endfacet
facet normal -0.030738062168052558 -0.11471648956975991 -0.9929226045140398
outer loop
vertex 53.66061019897461 -56.0651969909668 -1.5
vertex 53.93301010131836 -55.3167839050293 -1.5949000120162964
vertex 55.00758743286133 -56.426116943359375 -1.5
endloop
endfacet
facet normal -0.027515784506579453 -0.10269144341929068 -0.9943326148987822
outer loop
vertex 53.93301010131836 -55.3167839050293 -1.5949000120162964
vertex 54.03053665161133 -55.048831939697266 -1.6252720355987549
vertex 55.25046157836914 -55.0487060546875 -1.659043550491333
endloop
endfacet
facet normal 0.0871572759617764 -0.9961945639517026 0
outer loop
vertex 57.78595733642578 -56.426116943359375 -1.5
vertex 57.78595733642578 -56.426116943359375 -0.5
vertex 56.79677200317383 -56.51266098022461 -1.5
endloop
endfacet
facet normal -0.05019145962288738 -0.10763603687298286 -0.9929226057186945
outer loop
vertex 53.93301010131836 -55.3167839050293 -1.5949000120162964
vertex 53.66061019897461 -56.0651969909668 -1.5
vertex 53.3585319519043 -55.04890060424805 -1.5949000120162964
endloop
endfacet
facet normal -0.0871572759617764 -0.9961945639517026 0
outer loop
vertex 55.00758743286133 -56.426116943359375 -1.5
vertex 55.99677276611328 -56.51266098022461 -1.5
vertex 55.99677276611328 -56.51266098022461 -0.5
endloop
endfacet
facet normal -0.04493015851413257 -0.09635312929474692 -0.9943326180564553
outer loop
vertex 53.3585319519043 -55.04890060424805 -1.5949000120162964
vertex 54.03053665161133 -55.048831939697266 -1.6252720355987549
vertex 53.93301010131836 -55.3167839050293 -1.5949000120162964
endloop
endfacet
facet normal -0.030738148798137778 -0.11471657243725038 -0.9929225922581844
outer loop
vertex 55.00758743286133 -56.426116943359375 -1.5
vertex 53.93301010131836 -55.3167839050293 -1.5949000120162964
vertex 55.14588928222656 -55.64177322387695 -1.5949000120162964
endloop
endfacet
facet normal -0.010351088366339644 -0.11831138419302538 -0.9929225908095567
outer loop
vertex 55.00758743286133 -56.426116943359375 -1.5
vertex 55.14588928222656 -55.64177322387695 -1.5949000120162964
vertex 55.99677276611328 -56.51266098022461 -1.5
endloop
endfacet
facet normal -0.009265887669220136 -0.10590884811671111 -0.9943326702951546
outer loop
vertex 55.14588928222656 -55.64177322387695 -1.5949000120162964
vertex 55.25046157836914 -55.0487060546875 -1.659043550491333
vertex 55.99677276611328 -55.04862976074219 -1.666006326675415
endloop
endfacet
facet normal 1 0 0
outer loop
vertex 60.89677429199219 -55.125755310058594 -1.5
vertex 60.89677429199219 -55.04812240600586 -1.5076065063476562
vertex 60.89677429199219 -55.04812240600586 -1
endloop
endfacet
facet normal 0.06812136386375749 -0.09728696860195712 -0.992922315957086
outer loop
vertex 60.39677429199219 -55.475860595703125 -1.5
vertex 60.89677429199219 -55.04812240600586 -1.5076065063476562
vertex 60.89677429199219 -55.125755310058594 -1.5
endloop
endfacet
facet normal 0.06811971118974279 -0.09728504209927817 -0.9929226180982925
outer loop
vertex 60.39677429199219 -55.475860595703125 -1.5
vertex 60.149864196777344 -55.04819869995117 -1.5588409900665283
vertex 60.89677429199219 -55.04812240600586 -1.5076065063476562
endloop
endfacet
facet normal -0.02751589269579584 -0.1026909238530365 -0.9943326655638762
outer loop
vertex 55.14588928222656 -55.64177322387695 -1.5949000120162964
vertex 53.93301010131836 -55.3167839050293 -1.5949000120162964
vertex 55.25046157836914 -55.0487060546875 -1.659043550491333
endloop
endfacet
facet normal 0.05019140982944745 -0.10763592620989955 -0.9929226202319441
outer loop
vertex 60.39677429199219 -55.475860595703125 -1.5
vertex 59.436363220214844 -55.04827117919922 -1.5949000120162964
vertex 60.149864196777344 -55.04819869995117 -1.5588409900665283
endloop
endfacet
facet normal 0.05019138335588191 -0.10763598456534934 -0.9929226152442449
outer loop
vertex 58.86053466796875 -55.3167839050293 -1.5949000120162964
vertex 59.436363220214844 -55.04827117919922 -1.5949000120162964
vertex 60.39677429199219 -55.475860595703125 -1.5
endloop
endfacet
facet normal 0.050191374176117014 -0.10763606809161036 -0.992922606653757
outer loop
vertex 59.1329345703125 -56.0651969909668 -1.5
vertex 58.86053466796875 -55.3167839050293 -1.5949000120162964
vertex 60.39677429199219 -55.475860595703125 -1.5
endloop
endfacet
facet normal 0.04493014111186344 -0.09635319156168985 -0.9943326128089857
outer loop
vertex 58.86053466796875 -55.3167839050293 -1.5949000120162964
vertex 58.7628288269043 -55.048343658447266 -1.625327467918396
vertex 59.436363220214844 -55.04827117919922 -1.5949000120162964
endloop
endfacet
facet normal 0.027516048232638642 -0.10269150432564762 -0.9943326013105448
outer loop
vertex 58.86053466796875 -55.3167839050293 -1.5949000120162964
vertex 57.64765548706055 -55.64177322387695 -1.5949000120162964
vertex 58.7628288269043 -55.048343658447266 -1.625327467918396
endloop
endfacet
facet normal -0.010351063877468076 -0.11831136060080781 -0.9929225938759729
outer loop
vertex 55.99677276611328 -56.51266098022461 -1.5
vertex 55.14588928222656 -55.64177322387695 -1.5949000120162964
vertex 55.99677276611328 -55.716217041015625 -1.5949000120162964
endloop
endfacet
facet normal -0.009265958916059424 -0.10590874712081572 -0.9943326803885433
outer loop
vertex 55.99677276611328 -55.716217041015625 -1.5949000120162964
vertex 55.14588928222656 -55.64177322387695 -1.5949000120162964
vertex 55.99677276611328 -55.04862976074219 -1.666006326675415
endloop
endfacet
facet normal 0.027515785626029514 -0.10269101380519506 -0.9943326592368591
outer loop
vertex 57.64765548706055 -55.64177322387695 -1.5949000120162964
vertex 57.54304122924805 -55.04846954345703 -1.6590691804885864
vertex 58.7628288269043 -55.048343658447266 -1.625327467918396
endloop
endfacet
facet normal 0.03073812088894997 -0.11471646827852612 -0.9929226051560707
outer loop
vertex 59.1329345703125 -56.0651969909668 -1.5
vertex 57.64765548706055 -55.64177322387695 -1.5949000120162964
vertex 58.86053466796875 -55.3167839050293 -1.5949000120162964
endloop
endfacet
facet normal 0.01035108629984877 -0.1183113605733453 -0.9929225936454951
outer loop
vertex 56.79677200317383 -55.716217041015625 -1.5949000120162964
vertex 57.78595733642578 -56.426116943359375 -1.5
vertex 56.79677200317383 -56.51266098022461 -1.5
endloop
endfacet
facet normal 0.03073808729870106 -0.11471658335900925 -0.9929225929001984
outer loop
vertex 57.78595733642578 -56.426116943359375 -1.5
vertex 57.64765548706055 -55.64177322387695 -1.5949000120162964
vertex 59.1329345703125 -56.0651969909668 -1.5
endloop
endfacet
facet normal 0.010351066279839425 -0.11831138805961072 -0.9929225905790836
outer loop
vertex 57.78595733642578 -56.426116943359375 -1.5
vertex 56.79677200317383 -55.716217041015625 -1.5949000120162964
vertex 57.64765548706055 -55.64177322387695 -1.5949000120162964
endloop
endfacet
facet normal 0.009265943793891404 -0.10590857427633377 -0.9943326989395264
outer loop
vertex 57.64765548706055 -55.64177322387695 -1.5949000120162964
vertex 56.79677200317383 -55.716217041015625 -1.5949000120162964
vertex 56.79677200317383 -55.048545837402344 -1.6660151481628418
endloop
endfacet
facet normal 1 0 0
outer loop
vertex -35.081459045410156 -55.04363250732422 -1
vertex -35.081459045410156 -54.54363250732422 -0.5
vertex -35.081459045410156 -55.125755310058594 -0.5
endloop
endfacet
facet normal -0.010351063877468076 -0.11831136060080781 -0.9929225938759729
outer loop
vertex -39.98146057128906 -56.51266098022461 -1.5
vertex -40.83234405517578 -55.64177322387695 -1.5949000120162964
vertex -39.98146057128906 -55.716217041015625 -1.5949000120162964
endloop
endfacet
facet normal -0.009265728270168217 -0.10590910504021167 -0.9943326444149386
outer loop
vertex -40.83234405517578 -55.64177322387695 -1.5949000120162964
vertex -40.726322174072266 -55.04048156738281 -1.6599332094192505
vertex -39.98146057128906 -55.040897369384766 -1.6668299436569214
endloop
endfacet
facet normal -0.009265961657158678 -0.10590877845123606 -0.9943326770259212
outer loop
vertex -39.98146057128906 -55.716217041015625 -1.5949000120162964
vertex -40.83234405517578 -55.64177322387695 -1.5949000120162964
vertex -39.98146057128906 -55.040897369384766 -1.6668299436569214
endloop
endfacet
facet normal 0.01035108629984877 -0.1183113605733453 -0.9929225936454951
outer loop
vertex -39.181461334228516 -55.716217041015625 -1.5949000120162964
vertex -38.19227600097656 -56.426116943359375 -1.5
vertex -39.181461334228516 -56.51266098022461 -1.5
endloop
endfacet
facet normal 0.00926594315970252 -0.10590856702763445 -0.994332699717511
outer loop
vertex -39.181461334228516 -55.716217041015625 -1.5949000120162964
vertex -39.181461334228516 -55.041343688964844 -1.666782259941101
vertex -38.3305778503418 -55.64177322387695 -1.5949000120162964
endloop
endfacet
facet normal 0.010351066279839425 -0.11831138805961072 -0.9929225905790836
outer loop
vertex -38.19227600097656 -56.426116943359375 -1.5
vertex -39.181461334228516 -55.716217041015625 -1.5949000120162964
vertex -38.3305778503418 -55.64177322387695 -1.5949000120162964
endloop
endfacet
facet normal 0.03073808729870106 -0.11471658335900925 -0.9929225929001984
outer loop
vertex -38.19227600097656 -56.426116943359375 -1.5
vertex -38.3305778503418 -55.64177322387695 -1.5949000120162964
vertex -36.845298767089844 -56.0651969909668 -1.5
endloop
endfacet
facet normal 0.009265788207362182 -0.10590878402030947 -0.9943326780490701
outer loop
vertex -38.3305778503418 -55.64177322387695 -1.5949000120162964
vertex -39.181461334228516 -55.041343688964844 -1.666782259941101
vertex -38.43637466430664 -55.0417594909668 -1.659794807434082
endloop
endfacet
facet normal -0.010351088366339644 -0.11831138419302538 -0.9929225908095567
outer loop
vertex -40.970645904541016 -56.426116943359375 -1.5
vertex -40.83234405517578 -55.64177322387695 -1.5949000120162964
vertex -39.98146057128906 -56.51266098022461 -1.5
endloop
endfacet
facet normal -0.027515955848110587 -0.1026911595411756 -0.9943326394752683
outer loop
vertex -40.83234405517578 -55.64177322387695 -1.5949000120162964
vertex -42.045223236083984 -55.3167839050293 -1.5949000120162964
vertex -40.726322174072266 -55.04048156738281 -1.6599332094192505
endloop
endfacet
facet normal -1 0 0
outer loop
vertex -44.081459045410156 -55.038604736328125 -1
vertex -44.081459045410156 -55.038604736328125 -1.508538842201233
vertex -44.081459045410156 -55.125755310058594 -1.5
endloop
endfacet
facet normal -0.0275160243052526 -0.10269084008741473 -0.994332670572869
outer loop
vertex -40.726322174072266 -55.04048156738281 -1.6599332094192505
vertex -42.045223236083984 -55.3167839050293 -1.5949000120162964
vertex -41.94440841674805 -55.039798736572266 -1.626295804977417
endloop
endfacet
facet normal -0.06811984812140509 -0.09728480390691462 -0.9929226320417467
outer loop
vertex -44.081459045410156 -55.125755310058594 -1.5
vertex -43.329254150390625 -55.039024353027344 -1.5601030588150024
vertex -43.581459045410156 -55.475860595703125 -1.5
endloop
endfacet
facet normal -0.044930074001973366 -0.0963526153757524 -0.9943326716750432
outer loop
vertex -42.640052795410156 -55.03940963745117 -1.5949000120162964
vertex -41.94440841674805 -55.039798736572266 -1.626295804977417
vertex -42.045223236083984 -55.3167839050293 -1.5949000120162964
endloop
endfacet
facet normal 0.02751595295405361 -0.10269084158713797 -0.9943326723924724
outer loop
vertex -38.3305778503418 -55.64177322387695 -1.5949000120162964
vertex -38.43637466430664 -55.0417594909668 -1.659794807434082
vertex -37.217552185058594 -55.04243850708008 -1.625996470451355
endloop
endfacet
facet normal -0.05019160769474132 -0.10763598277380225 -0.9929226040982927
outer loop
vertex -42.317623138427734 -56.0651969909668 -1.5
vertex -42.640052795410156 -55.03940963745117 -1.5949000120162964
vertex -42.045223236083984 -55.3167839050293 -1.5949000120162964
endloop
endfacet
facet normal -0.05019165009119912 -0.1076355483788964 -0.9929226490448775
outer loop
vertex -42.640052795410156 -55.03940963745117 -1.5949000120162964
vertex -43.581459045410156 -55.475860595703125 -1.5
vertex -43.329254150390625 -55.039024353027344 -1.5601030588150024
endloop
endfacet
facet normal -0.050191465568897385 -0.10763593920186085 -0.9929226160059904
outer loop
vertex -43.581459045410156 -55.475860595703125 -1.5
vertex -42.640052795410156 -55.03940963745117 -1.5949000120162964
vertex -42.317623138427734 -56.0651969909668 -1.5
endloop
endfacet
facet normal 0.03073812088894997 -0.11471646827852612 -0.9929226051560707
outer loop
vertex -36.845298767089844 -56.0651969909668 -1.5
vertex -38.3305778503418 -55.64177322387695 -1.5949000120162964
vertex -37.117698669433594 -55.3167839050293 -1.5949000120162964
endloop
endfacet
facet normal -0.06811987152632906 -0.09728461278344985 -0.9929226491619629
outer loop
vertex -44.081459045410156 -55.125755310058594 -1.5
vertex -44.081459045410156 -55.038604736328125 -1.508538842201233
vertex -43.329254150390625 -55.039024353027344 -1.5601030588150024
endloop
endfacet
facet normal 0.027515790118864243 -0.10269054102991722 -0.9943327079389059
outer loop
vertex -37.117698669433594 -55.3167839050293 -1.5949000120162964
vertex -38.3305778503418 -55.64177322387695 -1.5949000120162964
vertex -37.217552185058594 -55.04243850708008 -1.625996470451355
endloop
endfacet
facet normal -0.030738062168052558 -0.11471648956975991 -0.9929226045140398
outer loop
vertex -42.317623138427734 -56.0651969909668 -1.5
vertex -42.045223236083984 -55.3167839050293 -1.5949000120162964
vertex -40.970645904541016 -56.426116943359375 -1.5
endloop
endfacet
facet normal -0.030738148798137778 -0.11471657243725038 -0.9929225922581844
outer loop
vertex -40.970645904541016 -56.426116943359375 -1.5
vertex -42.045223236083984 -55.3167839050293 -1.5949000120162964
vertex -40.83234405517578 -55.64177322387695 -1.5949000120162964
endloop
endfacet
facet normal 0.0871572759617764 -0.9961945639517026 0
outer loop
vertex -39.181461334228516 -56.51266098022461 -0.5
vertex -39.181461334228516 -56.51266098022461 -1.5
vertex -38.19227600097656 -56.426116943359375 -0.5
endloop
endfacet
facet normal 0.04492960212247103 -0.096352434823066 -0.9943327104932147
outer loop
vertex -37.117698669433594 -55.3167839050293 -1.5949000120162964
vertex -37.217552185058594 -55.04243850708008 -1.625996470451355
vertex -36.53018569946289 -55.042823791503906 -1.5949000120162964
endloop
endfacet
facet normal 0.050191374176117014 -0.10763606809161036 -0.992922606653757
outer loop
vertex -36.845298767089844 -56.0651969909668 -1.5
vertex -37.117698669433594 -55.3167839050293 -1.5949000120162964
vertex -35.581459045410156 -55.475860595703125 -1.5
endloop
endfacet
facet normal 0.05019134369972279 -0.10763634539489823 -0.9929225781336863
outer loop
vertex -37.117698669433594 -55.3167839050293 -1.5949000120162964
vertex -36.53018569946289 -55.042823791503906 -1.5949000120162964
vertex -35.581459045410156 -55.475860595703125 -1.5
endloop
endfacet
facet normal 0.050191948572878425 -0.10763504440367685 -0.9929226885889334
outer loop
vertex -35.581459045410156 -55.475860595703125 -1.5
vertex -36.53018569946289 -55.042823791503906 -1.5949000120162964
vertex -35.83124923706055 -55.043212890625 -1.559526801109314
endloop
endfacet
facet normal 0.06811904013775463 -0.0972836499916731 -0.9929228005313446
outer loop
vertex -35.581459045410156 -55.475860595703125 -1.5
vertex -35.081459045410156 -55.04363250732422 -1.5080461502075195
vertex -35.081459045410156 -55.125755310058594 -1.5
endloop
endfacet
facet normal 1 0 0
outer loop
vertex -35.081459045410156 -55.125755310058594 -1.5
vertex -35.081459045410156 -55.04363250732422 -1.5080461502075195
vertex -35.081459045410156 -55.04363250732422 -1
endloop
endfacet
facet normal 0.25881803504136525 -0.9659260969335732 0
outer loop
vertex -38.19227600097656 -56.426116943359375 -0.5
vertex -38.19227600097656 -56.426116943359375 -1.5
vertex -36.845298767089844 -56.0651969909668 -0.5
endloop
endfacet
facet normal 0.42261723351328206 -0.906308266506259 0
outer loop
vertex -36.845298767089844 -56.0651969909668 -1.5
vertex -35.581459045410156 -55.475860595703125 -1.5
vertex -35.581459045410156 -55.475860595703125 -0.5
endloop
endfacet
facet normal 0.06811970107357485 -0.0972844123254956 -0.9929226804963868
outer loop
vertex -35.581459045410156 -55.475860595703125 -1.5
vertex -35.83124923706055 -55.043212890625 -1.559526801109314
vertex -35.081459045410156 -55.04363250732422 -1.5080461502075195
endloop
endfacet
facet normal -0.5735781035076711 -0.8191508769308272 0
outer loop
vertex -43.581459045410156 -55.475860595703125 -1.5
vertex -43.581459045410156 -55.475860595703125 -0.5
vertex -44.081459045410156 -55.125755310058594 -1.5
endloop
endfacet
facet normal -0.42261828128849965 -0.9063077779213609 0
outer loop
vertex -42.317623138427734 -56.0651969909668 -1.5
vertex -42.317623138427734 -56.0651969909668 -0.5
vertex -43.581459045410156 -55.475860595703125 -1.5
endloop
endfacet
facet normal -1 0 0
outer loop
vertex -44.081459045410156 -55.038604736328125 -1
vertex -44.081459045410156 -55.125755310058594 -1.5
vertex -44.081459045410156 -55.125755310058594 -0.5
endloop
endfacet
facet normal 0.25881803504136525 -0.9659260969335732 0
outer loop
vertex -38.19227600097656 -56.426116943359375 -1.5
vertex -36.845298767089844 -56.0651969909668 -1.5
vertex -36.845298767089844 -56.0651969909668 -0.5
endloop
endfacet
facet normal 0.0871572759617764 -0.9961945639517026 0
outer loop
vertex -38.19227600097656 -56.426116943359375 -1.5
vertex -38.19227600097656 -56.426116943359375 -0.5
vertex -39.181461334228516 -56.51266098022461 -1.5
endloop
endfacet
facet normal 0.42261723351328206 -0.906308266506259 0
outer loop
vertex -36.845298767089844 -56.0651969909668 -0.5
vertex -36.845298767089844 -56.0651969909668 -1.5
vertex -35.581459045410156 -55.475860595703125 -0.5
endloop
endfacet
facet normal 0.5735781035076711 -0.8191508769308272 0
outer loop
vertex -35.581459045410156 -55.475860595703125 -0.5
vertex -35.581459045410156 -55.475860595703125 -1.5
vertex -35.081459045410156 -55.125755310058594 -0.5
endloop
endfacet
facet normal -0.0871572759617764 -0.9961945639517026 0
outer loop
vertex -40.970645904541016 -56.426116943359375 -0.5
vertex -40.970645904541016 -56.426116943359375 -1.5
vertex -39.98146057128906 -56.51266098022461 -0.5
endloop
endfacet
facet normal -0.25881803504136525 -0.9659260969335732 0
outer loop
vertex -42.317623138427734 -56.0651969909668 -0.5
vertex -42.317623138427734 -56.0651969909668 -1.5
vertex -40.970645904541016 -56.426116943359375 -0.5
endloop
endfacet
facet normal -1 0 0
outer loop
vertex -44.081459045410156 -54.538604736328125 -0.5
vertex -44.081459045410156 -55.038604736328125 -1
vertex -44.081459045410156 -55.125755310058594 -0.5
endloop
endfacet
facet normal -0.42261828128849965 -0.9063077779213609 0
outer loop
vertex -43.581459045410156 -55.475860595703125 -0.5
vertex -43.581459045410156 -55.475860595703125 -1.5
vertex -42.317623138427734 -56.0651969909668 -0.5
endloop
endfacet
facet normal -0.5735781035076711 -0.8191508769308272 0
outer loop
vertex -44.081459045410156 -55.125755310058594 -0.5
vertex -44.081459045410156 -55.125755310058594 -1.5
vertex -43.581459045410156 -55.475860595703125 -0.5
endloop
endfacet
facet normal -0.0871572759617764 -0.9961945639517026 0
outer loop
vertex -40.970645904541016 -56.426116943359375 -1.5
vertex -39.98146057128906 -56.51266098022461 -1.5
vertex -39.98146057128906 -56.51266098022461 -0.5
endloop
endfacet
facet normal -0.25881803504136525 -0.9659260969335732 0
outer loop
vertex -42.317623138427734 -56.0651969909668 -1.5
vertex -40.970645904541016 -56.426116943359375 -1.5
vertex -40.970645904541016 -56.426116943359375 -0.5
endloop
endfacet
facet normal 0.5735781035076711 -0.8191508769308272 0
outer loop
vertex -35.581459045410156 -55.475860595703125 -1.5
vertex -35.081459045410156 -55.125755310058594 -1.5
vertex -35.081459045410156 -55.125755310058594 -0.5
endloop
endfacet
facet normal 1 0 0
outer loop
vertex -35.081459045410156 -55.125755310058594 -0.5
vertex -35.081459045410156 -55.125755310058594 -1.5
vertex -35.081459045410156 -55.04363250732422 -1
endloop
endfacet
facet normal -0.19508570553829574 -0.9807861986664705 0
outer loop
vertex 61.89677429199219 -51.84765625 -5
vertex 62.08811569213867 -51.88571548461914 -5
vertex 62.08811569213867 -51.88571548461914 -4.099999904632568
endloop
endfacet
facet normal 0.9807861986664705 -0.19508570553829577 0
outer loop
vertex 50.43483352661133 -52.156314849853516 -5
vertex 50.43483352661133 -52.156314849853516 -0.5
vertex 50.39677429199219 -52.34765625 -0.5
endloop
endfacet
facet normal 0 0 -1
outer loop
vertex 50.70542907714844 -53.80959701538086 -4
vertex 55.99677276611328 -55.04862976074219 -4
vertex 50.39677429199219 -55.0492057800293 -4
endloop
endfacet
facet normal 0.8314475428787113 -0.5556032608264223 0
outer loop
vertex 50.505863189697266 -52.05000686645508 -4.099999904632568
vertex 50.54322052001953 -51.994102478027344 -5
vertex 50.54322052001953 -51.994102478027344 -4.099999904632568
endloop
endfacet
facet normal 0.5555798033776966 -0.83146321751404 0
outer loop
vertex 50.54322052001953 -51.994102478027344 -4.099999904632568
vertex 50.54322052001953 -51.994102478027344 -5
vertex 50.70542907714844 -51.88571548461914 -4.099999904632568
endloop
endfacet
facet normal 0.19508196428504695 -0.9807869428222868 0
outer loop
vertex 50.70542907714844 -51.88571548461914 -4.099999904632568
vertex 50.70542907714844 -51.88571548461914 -5
vertex 50.89677429199219 -51.84765625 -4.099999904632568
endloop
endfacet
facet normal 0 0 -1
outer loop
vertex 50.39677429199219 -55.0492057800293 -4
vertex 50.39677429199219 -53.34765625 -4
vertex 50.43483352661133 -53.538997650146484 -4
endloop
endfacet
facet normal 0 0 1
outer loop
vertex 50.89677429199219 -51.84765625 -5
vertex 50.39677429199219 -55.0492057800293 -5
vertex 61.89677429199219 -51.84765625 -5
endloop
endfacet
facet normal 0 0 1
outer loop
vertex 62.39677429199219 -55.04796600341797 -5
vertex 62.39677429199219 -52.34765625 -5
vertex 50.39677429199219 -55.0492057800293 -5
endloop
endfacet
facet normal 0 0 1
outer loop
vertex 50.39677429199219 -55.0492057800293 -5
vertex 62.35871124267578 -52.156314849853516 -5
vertex 62.25032424926758 -51.994102478027344 -5
endloop
endfacet
facet normal 0 0 1
outer loop
vertex 62.35871124267578 -52.156314849853516 -5
vertex 50.39677429199219 -55.0492057800293 -5
vertex 62.39677429199219 -52.34765625 -5
endloop
endfacet
facet normal 0 0 1
outer loop
vertex 61.89677429199219 -51.84765625 -5
vertex 50.39677429199219 -55.0492057800293 -5
vertex 62.08811569213867 -51.88571548461914 -5
endloop
endfacet
facet normal 0 0 1
outer loop
vertex 62.08811569213867 -51.88571548461914 -5
vertex 50.39677429199219 -55.0492057800293 -5
vertex 62.25032424926758 -51.994102478027344 -5
endloop
endfacet
facet normal 0 -1 0
outer loop
vertex 61.89677429199219 -51.84765625 -4.099999904632568
vertex 50.89677429199219 -51.84765625 -5
vertex 61.89677429199219 -51.84765625 -5
endloop
endfacet
facet normal -0.5555798033776966 -0.83146321751404 0
outer loop
vertex 62.08811569213867 -51.88571548461914 -5
vertex 62.25032424926758 -51.994102478027344 -5
vertex 62.25032424926758 -51.994102478027344 -4.099999904632568
endloop
endfacet
facet normal 0 0 -1
outer loop
vertex 50.39677429199219 -55.0492057800293 -4
vertex 50.54322052001953 -53.701210021972656 -4
vertex 50.70542907714844 -53.80959701538086 -4
endloop
endfacet
facet normal 0 0 -1
outer loop
vertex 55.99677276611328 -55.04862976074219 -4
vertex 50.70542907714844 -53.80959701538086 -4
vertex 55.99677276611328 -53.84765625 -4
endloop
endfacet
facet normal 0 -1 0
outer loop
vertex 50.89677429199219 -51.84765625 -4.099999904632568
vertex 50.89677429199219 -51.84765625 -5
vertex 61.89677429199219 -51.84765625 -4.099999904632568
endloop
endfacet
facet normal 0 0 -1
outer loop
vertex 56.79677200317383 -55.048545837402344 -4
vertex 56.79677200317383 -53.84765625 -4
vertex 62.39677429199219 -55.04796600341797 -4
endloop
endfacet
facet normal 0 0 -1
outer loop
vertex 62.39677429199219 -55.04796600341797 -4
vertex 56.79677200317383 -53.84765625 -4
vertex 61.89677429199219 -53.84765625 -4
endloop
endfacet
facet normal 0 0 -1
outer loop
vertex 62.39677429199219 -55.04796600341797 -4
vertex 61.89677429199219 -53.84765625 -4
vertex 62.08811569213867 -53.80959701538086 -4
endloop
endfacet
facet normal -0.19508570553829574 -0.9807861986664705 0
outer loop
vertex 61.89677429199219 -51.84765625 -4.099999904632568
vertex 61.89677429199219 -51.84765625 -5
vertex 62.08811569213867 -51.88571548461914 -4.099999904632568
endloop
endfacet
facet normal -0.5555798033776966 -0.83146321751404 0
outer loop
vertex 62.08811569213867 -51.88571548461914 -4.099999904632568
vertex 62.08811569213867 -51.88571548461914 -5
vertex 62.25032424926758 -51.994102478027344 -4.099999904632568
endloop
endfacet
facet normal -1 0 0
outer loop
vertex 62.39677429199219 -52.34765625 -5
vertex 62.39677429199219 -55.04796600341797 -5
vertex 62.39677429199219 -53.34765625 -4
endloop
endfacet
facet normal -0.980782457176804 0.19510451479714808 0
outer loop
vertex 62.39677429199219 -53.34765625 -0.5
vertex 62.39677429199219 -53.34765625 -4
vertex 62.35871124267578 -53.538997650146484 -4
endloop
endfacet
facet normal -0.831469252991977 0.5555707707654927 0
outer loop
vertex 62.25032424926758 -53.701210021972656 -0.5
vertex 62.35871124267578 -53.538997650146484 -4
vertex 62.25032424926758 -53.701210021972656 -4
endloop
endfacet
facet normal -0.8314723929423841 -0.5555660714754509 0
outer loop
vertex 62.35871124267578 -52.156314849853516 -5
vertex 62.35871124267578 -52.156314849853516 -0.5
vertex 62.28643798828125 -52.04814910888672 -4.099999904632568
endloop
endfacet
facet normal -1 0 0
outer loop
vertex 62.39677429199219 -52.34765625 -0.5
vertex 62.39677429199219 -52.34765625 -5
vertex 62.39677429199219 -53.34765625 -4
endloop
endfacet
facet normal -0.980782457176804 -0.19510451479714808 0
outer loop
vertex 62.35871124267578 -52.156314849853516 -0.5
vertex 62.35871124267578 -52.156314849853516 -5
vertex 62.39677429199219 -52.34765625 -5
endloop
endfacet
facet normal -0.8314692529916997 -0.5555707707653073 8.169294955935029e-7
outer loop
vertex 62.25032424926758 -51.994102478027344 -5
vertex 62.35871124267578 -52.156314849853516 -5
vertex 62.28643798828125 -52.04814910888672 -4.099999904632568
endloop
endfacet
facet normal 1 0 0
outer loop
vertex 50.39677429199219 -55.0492057800293 -5
vertex 50.39677429199219 -53.34765625 -4
vertex 50.39677429199219 -55.0492057800293 -4
endloop
endfacet
facet normal -0.5555798033776967 0.8314632175140401 0
outer loop
vertex 62.25032424926758 -53.701210021972656 -0.5
vertex 62.25032424926758 -53.701210021972656 -4
vertex 62.08811569213867 -53.80959701538086 -4
endloop
endfacet
facet normal -0.19508570553829574 0.9807861986664705 0
outer loop
vertex 62.08811569213867 -53.80959701538086 -0.5
vertex 62.08811569213867 -53.80959701538086 -4
vertex 61.89677429199219 -53.84765625 -4
endloop
endfacet
facet normal 0 1 0
outer loop
vertex 61.89677429199219 -53.84765625 -4
vertex 56.79677200317383 -53.84765625 -4
vertex 61.89677429199219 -53.84765625 -0.5
endloop
endfacet
facet normal 0.19508196428504695 -0.9807869428222868 0
outer loop
vertex 50.70542907714844 -51.88571548461914 -5
vertex 50.89677429199219 -51.84765625 -5
vertex 50.89677429199219 -51.84765625 -4.099999904632568
endloop
endfacet
facet normal -1 0 0
outer loop
vertex 56.79677200317383 -55.048545837402344 -4
vertex 56.79677200317383 -53.84765625 -0.5
vertex 56.79677200317383 -53.84765625 -4
endloop
endfacet
facet normal 1 0 0
outer loop
vertex 55.99677276611328 -53.84765625 -0.5
vertex 55.99677276611328 -55.04862976074219 -4
vertex 55.99677276611328 -53.84765625 -4
endloop
endfacet
facet normal 0.007192549263254353 0.9999741332830042 0
outer loop
vertex 50.70542907714844 -53.80959701538086 -4
vertex 55.99677276611328 -53.84765625 -0.5
vertex 55.99677276611328 -53.84765625 -4
endloop
endfacet
facet normal 0.5555798033776966 -0.83146321751404 0
outer loop
vertex 50.54322052001953 -51.994102478027344 -5
vertex 50.70542907714844 -51.88571548461914 -5
vertex 50.70542907714844 -51.88571548461914 -4.099999904632568
endloop
endfacet
facet normal 0.8314692529884341 -0.5555707707631253 0.000002919298422712035
outer loop
vertex 50.43483352661133 -52.156314849853516 -5
vertex 50.54322052001953 -51.994102478027344 -5
vertex 50.505863189697266 -52.05000686645508 -4.099999904632568
endloop
endfacet
facet normal 0 0 1
outer loop
vertex 50.70542907714844 -51.88571548461914 -5
vertex 50.39677429199219 -55.0492057800293 -5
vertex 50.89677429199219 -51.84765625 -5
endloop
endfacet
facet normal 0 0 1
outer loop
vertex 50.54322052001953 -51.994102478027344 -5
vertex 50.39677429199219 -55.0492057800293 -5
vertex 50.70542907714844 -51.88571548461914 -5
endloop
endfacet
facet normal 1 0 0
outer loop
vertex 50.39677429199219 -55.0492057800293 -5
vertex 50.39677429199219 -52.34765625 -5
vertex 50.39677429199219 -53.34765625 -4
endloop
endfacet
facet normal 0 0 1
outer loop
vertex 50.43483352661133 -52.156314849853516 -5
vertex 50.39677429199219 -55.0492057800293 -5
vertex 50.54322052001953 -51.994102478027344 -5
endloop
endfacet
facet normal -0.831469252991977 0.5555707707654927 0
outer loop
vertex 62.35871124267578 -53.538997650146484 -0.5
vertex 62.35871124267578 -53.538997650146484 -4
vertex 62.25032424926758 -53.701210021972656 -0.5
endloop
endfacet
facet normal -0.980782457176804 0.19510451479714808 0
outer loop
vertex 62.35871124267578 -53.538997650146484 -4
vertex 62.35871124267578 -53.538997650146484 -0.5
vertex 62.39677429199219 -53.34765625 -0.5
endloop
endfacet
facet normal -1 0 0
outer loop
vertex 62.39677429199219 -53.34765625 -4
vertex 62.39677429199219 -55.04796600341797 -5
vertex 62.39677429199219 -55.04796600341797 -4
endloop
endfacet
facet normal 0 0 -1
outer loop
vertex 62.39677429199219 -55.04796600341797 -4
vertex 62.08811569213867 -53.80959701538086 -4
vertex 62.25032424926758 -53.701210021972656 -4
endloop
endfacet
facet normal 0 0 -1
outer loop
vertex 62.39677429199219 -55.04796600341797 -4
vertex 62.25032424926758 -53.701210021972656 -4
vertex 62.35871124267578 -53.538997650146484 -4
endloop
endfacet
facet normal 0 0 -1
outer loop
vertex 62.39677429199219 -53.34765625 -4
vertex 62.39677429199219 -55.04796600341797 -4
vertex 62.35871124267578 -53.538997650146484 -4
endloop
endfacet
facet normal -0.8314629688717917 -0.555580175487666 0
outer loop
vertex 62.25032424926758 -51.994102478027344 -4.099999904632568
vertex 62.25032424926758 -51.994102478027344 -5
vertex 62.28643798828125 -52.04814910888672 -4.099999904632568
endloop
endfacet
facet normal 1 0 0
outer loop
vertex 55.99677276611328 -55.04862976074219 -4
vertex 55.99677276611328 -53.84765625 -0.5
vertex 55.99677276611328 -55.04862976074219 -1.666006326675415
endloop
endfacet
facet normal -1 0 0
outer loop
vertex 56.79677200317383 -53.84765625 -0.5
vertex 56.79677200317383 -55.048545837402344 -4
vertex 56.79677200317383 -55.048545837402344 -1.6660151481628418
endloop
endfacet
facet normal -1 0 0
outer loop
vertex 56.79677200317383 -56.51266098022461 -1.5
vertex 56.79677200317383 -53.84765625 -0.5
vertex 56.79677200317383 -55.716217041015625 -1.5949000120162964
endloop
endfacet
facet normal 0.9807861986664705 -0.19508570553829577 0
outer loop
vertex 50.39677429199219 -52.34765625 -0.5
vertex 50.39677429199219 -52.34765625 -5
vertex 50.43483352661133 -52.156314849853516 -5
endloop
endfacet
facet normal 1 0 0
outer loop
vertex 50.39677429199219 -52.34765625 -5
vertex 50.39677429199219 -52.34765625 -0.5
vertex 50.39677429199219 -53.34765625 -4
endloop
endfacet
facet normal 0.8314806696774334 -0.555553684132116 0
outer loop
vertex 50.43483352661133 -52.156314849853516 -0.5
vertex 50.43483352661133 -52.156314849853516 -5
vertex 50.505863189697266 -52.05000686645508 -4.099999904632568
endloop
endfacet
facet normal -1 0 0
outer loop
vertex 56.79677200317383 -53.84765625 -0.5
vertex 56.79677200317383 -55.048545837402344 -1.6660151481628418
vertex 56.79677200317383 -55.716217041015625 -1.5949000120162964
endloop
endfacet
facet normal 0.9807861986664705 0.19508570553829574 0
outer loop
vertex 50.43483352661133 -53.538997650146484 -0.5
vertex 50.43483352661133 -53.538997650146484 -4
vertex 50.39677429199219 -53.34765625 -4
endloop
endfacet
facet normal 0.831469252991977 0.5555707707654927 0
outer loop
vertex 50.54322052001953 -53.701210021972656 -0.5
vertex 50.54322052001953 -53.701210021972656 -4
vertex 50.43483352661133 -53.538997650146484 -4
endloop
endfacet
facet normal 0.5555798033776967 0.8314632175140401 0
outer loop
vertex 50.70542907714844 -53.80959701538086 -0.5
vertex 50.70542907714844 -53.80959701538086 -4
vertex 50.54322052001953 -53.701210021972656 -4
endloop
endfacet
facet normal 1 0 0
outer loop
vertex 55.99677276611328 -56.51266098022461 -0.5
vertex 55.99677276611328 -55.04862976074219 -1.666006326675415
vertex 55.99677276611328 -53.84765625 -0.5
endloop
endfacet
facet normal 1 0 0
outer loop
vertex 55.99677276611328 -56.51266098022461 -0.5
vertex 55.99677276611328 -56.51266098022461 -1.5
vertex 55.99677276611328 -55.716217041015625 -1.5949000120162964
endloop
endfacet
facet normal 1 0 0
outer loop
vertex 50.39677429199219 -53.34765625 -0.5
vertex 50.39677429199219 -53.34765625 -4
vertex 50.39677429199219 -52.34765625 -0.5
endloop
endfacet
facet normal -1 0 0
outer loop
vertex 56.79677200317383 -53.84765625 -0.5
vertex 56.79677200317383 -56.51266098022461 -1.5
vertex 56.79677200317383 -56.51266098022461 -0.5
endloop
endfacet
facet normal 1 0 0
outer loop
vertex 55.99677276611328 -55.04862976074219 -1.666006326675415
vertex 55.99677276611328 -56.51266098022461 -0.5
vertex 55.99677276611328 -55.716217041015625 -1.5949000120162964
endloop
endfacet
facet normal -0.5555798033776967 0.8314632175140401 0
outer loop
vertex 62.08811569213867 -53.80959701538086 -4
vertex 62.08811569213867 -53.80959701538086 -0.5
vertex 62.25032424926758 -53.701210021972656 -0.5
endloop
endfacet
facet normal -0.19508570553829574 0.9807861986664705 0
outer loop
vertex 61.89677429199219 -53.84765625 -4
vertex 61.89677429199219 -53.84765625 -0.5
vertex 62.08811569213867 -53.80959701538086 -0.5
endloop
endfacet
facet normal 0.8314806696774334 -0.555553684132116 0
outer loop
vertex 50.43483352661133 -52.156314849853516 -0.5
vertex 50.505863189697266 -52.05000686645508 -4.099999904632568
vertex 50.505863189697266 -52.05000686645508 -0.5
endloop
endfacet
facet normal 0.831469252991977 0.5555707707654927 0
outer loop
vertex 50.43483352661133 -53.538997650146484 -4
vertex 50.43483352661133 -53.538997650146484 -0.5
vertex 50.54322052001953 -53.701210021972656 -0.5
endloop
endfacet
facet normal 0.9807861986664705 0.19508570553829574 0
outer loop
vertex 50.39677429199219 -53.34765625 -4
vertex 50.39677429199219 -53.34765625 -0.5
vertex 50.43483352661133 -53.538997650146484 -0.5
endloop
endfacet
facet normal 0.5555798033776967 0.8314632175140401 0
outer loop
vertex 50.54322052001953 -53.701210021972656 -4
vertex 50.54322052001953 -53.701210021972656 -0.5
vertex 50.70542907714844 -53.80959701538086 -0.5
endloop
endfacet
facet normal 0 1 0
outer loop
vertex 61.89677429199219 -53.84765625 -0.5
vertex 56.79677200317383 -53.84765625 -4
vertex 56.79677200317383 -53.84765625 -0.5
endloop
endfacet
facet normal -0.980782457176804 -0.19510451479714808 0
outer loop
vertex 62.39677429199219 -52.34765625 -5
vertex 62.39677429199219 -52.34765625 -0.5
vertex 62.35871124267578 -52.156314849853516 -0.5
endloop
endfacet
facet normal -1 0 0
outer loop
vertex 62.39677429199219 -53.34765625 -4
vertex 62.39677429199219 -53.34765625 -0.5
vertex 62.39677429199219 -52.34765625 -0.5
endloop
endfacet
facet normal -0.8314723929423841 -0.5555660714754509 0
outer loop
vertex 62.28643798828125 -52.04814910888672 -0.5
vertex 62.28643798828125 -52.04814910888672 -4.099999904632568
vertex 62.35871124267578 -52.156314849853516 -0.5
endloop
endfacet
facet normal 0 0 1
outer loop
vertex 50.39677429199219 -55.0492057800293 -5
vertex 50.43483352661133 -52.156314849853516 -5
vertex 50.39677429199219 -52.34765625 -5
endloop
endfacet
facet normal 0.007192549263254353 0.9999741332830042 0
outer loop
vertex 50.70542907714844 -53.80959701538086 -4
vertex 50.70542907714844 -53.80959701538086 -0.5
vertex 55.99677276611328 -53.84765625 -0.5
endloop
endfacet
facet normal 0 0 -1
outer loop
vertex 50.54322052001953 -53.701210021972656 -4
vertex 50.39677429199219 -55.0492057800293 -4
vertex 50.43483352661133 -53.538997650146484 -4
endloop
endfacet
facet normal 1 0 0
outer loop
vertex -39.98146057128906 -53.84765625 -0.5
vertex -39.98146057128906 -55.040897369384766 -4
vertex -39.98146057128906 -53.84765625 -4
endloop
endfacet
facet normal 0 -1 0
outer loop
vertex -45.081459045410156 -51.84765625 -4.099999904632568
vertex -45.081459045410156 -51.84765625 -5
vertex -34.081459045410156 -51.84765625 -4.099999904632568
endloop
endfacet
facet normal 0.19508196428504695 -0.9807869428222868 0
outer loop
vertex -45.272804260253906 -51.88571548461914 -5
vertex -45.081459045410156 -51.84765625 -5
vertex -45.081459045410156 -51.84765625 -4.099999904632568
endloop
endfacet
facet normal 0.5555798033776966 -0.83146321751404 0
outer loop
vertex -45.43501281738281 -51.994102478027344 -5
vertex -45.272804260253906 -51.88571548461914 -5
vertex -45.272804260253906 -51.88571548461914 -4.099999904632568
endloop
endfacet
facet normal 0.8314692529907293 -0.5555707707646589 0.0000017324839378986156
outer loop
vertex -45.43501281738281 -51.994102478027344 -5
vertex -45.466758728027344 -52.04161071777344 -4.099999904632568
vertex -45.543399810791016 -52.156314849853516 -5
endloop
endfacet
facet normal 0 0 1
outer loop
vertex -45.272804260253906 -51.88571548461914 -5
vertex -45.581459045410156 -55.03776931762695 -5
vertex -45.081459045410156 -51.84765625 -5
endloop
endfacet
facet normal 0 0 1
outer loop
vertex -45.43501281738281 -51.994102478027344 -5
vertex -45.581459045410156 -55.03776931762695 -5
vertex -45.272804260253906 -51.88571548461914 -5
endloop
endfacet
facet normal 1 0 0
outer loop
vertex -45.581459045410156 -55.03776931762695 -5
vertex -45.581459045410156 -52.34765625 -5
vertex -45.581459045410156 -53.34765625 -4
endloop
endfacet
facet normal 0 0 1
outer loop
vertex -45.543399810791016 -52.156314849853516 -5
vertex -45.581459045410156 -55.03776931762695 -5
vertex -45.43501281738281 -51.994102478027344 -5
endloop
endfacet
facet normal 0 0 1
outer loop
vertex -45.581459045410156 -55.03776931762695 -5
vertex -45.543399810791016 -52.156314849853516 -5
vertex -45.581459045410156 -52.34765625 -5
endloop
endfacet
facet normal 0 0 -1
outer loop
vertex -45.543399810791016 -53.538997650146484 -4
vertex -45.581459045410156 -55.03776931762695 -4
vertex -45.581459045410156 -53.34765625 -4
endloop
endfacet
facet normal 0 0 -1
outer loop
vertex -45.581459045410156 -55.03776931762695 -4
vertex -45.43501281738281 -53.701210021972656 -4
vertex -45.272804260253906 -53.80959701538086 -4
endloop
endfacet
facet normal -0.831469252991977 0.5555707707654927 0
outer loop
vertex -33.61952209472656 -53.538997650146484 -0.5
vertex -33.61952209472656 -53.538997650146484 -4
vertex -33.727909088134766 -53.701210021972656 -4
endloop
endfacet
facet normal -0.980782457176804 0.19510451479714808 0
outer loop
vertex -33.581459045410156 -53.34765625 -0.5
vertex -33.581459045410156 -53.34765625 -4
vertex -33.61952209472656 -53.538997650146484 -4
endloop
endfacet
facet normal 0.9807861986664705 -0.19508570553829577 0
outer loop
vertex -45.581459045410156 -52.34765625 -0.5
vertex -45.581459045410156 -52.34765625 -5
vertex -45.543399810791016 -52.156314849853516 -5
endloop
endfacet
facet normal 1 0 0
outer loop
vertex -45.581459045410156 -52.34765625 -5
vertex -45.581459045410156 -52.34765625 -0.5
vertex -45.581459045410156 -53.34765625 -4
endloop
endfacet
facet normal 0.8314755323883649 -0.5555613728828573 0
outer loop
vertex -45.543399810791016 -52.156314849853516 -0.5
vertex -45.543399810791016 -52.156314849853516 -5
vertex -45.466758728027344 -52.04161071777344 -4.099999904632568
endloop
endfacet
facet normal 0.9807861986664705 0.19508570553829574 0
outer loop
vertex -45.543399810791016 -53.538997650146484 -0.5
vertex -45.543399810791016 -53.538997650146484 -4
vertex -45.581459045410156 -53.34765625 -4
endloop
endfacet
facet normal -0.5555798033776967 0.8314632175140401 0
outer loop
vertex -33.727909088134766 -53.701210021972656 -0.5
vertex -33.727909088134766 -53.701210021972656 -4
vertex -33.89011764526367 -53.80959701538086 -4
endloop
endfacet
facet normal -1 0 0
outer loop
vertex -39.181461334228516 -53.84765625 -0.5
vertex -39.181461334228516 -55.041343688964844 -4
vertex -39.181461334228516 -55.041343688964844 -1.666782259941101
endloop
endfacet
facet normal 0.8314540919390072 -0.5555934601827861 0
outer loop
vertex -45.466758728027344 -52.04161071777344 -4.099999904632568
vertex -45.43501281738281 -51.994102478027344 -5
vertex -45.43501281738281 -51.994102478027344 -4.099999904632568
endloop
endfacet
facet normal 0.5555798033776966 -0.83146321751404 0
outer loop
vertex -45.43501281738281 -51.994102478027344 -4.099999904632568
vertex -45.43501281738281 -51.994102478027344 -5
vertex -45.272804260253906 -51.88571548461914 -4.099999904632568
endloop
endfacet
facet normal 0.19508196428504695 -0.9807869428222868 0
outer loop
vertex -45.272804260253906 -51.88571548461914 -4.099999904632568
vertex -45.272804260253906 -51.88571548461914 -5
vertex -45.081459045410156 -51.84765625 -4.099999904632568
endloop
endfacet
facet normal 0.5555798033776967 0.8314632175140401 0
outer loop
vertex -45.272804260253906 -53.80959701538086 -0.5
vertex -45.272804260253906 -53.80959701538086 -4
vertex -45.43501281738281 -53.701210021972656 -4
endloop
endfacet
facet normal 0.831469252991977 0.5555707707654927 0
outer loop
vertex -45.43501281738281 -53.701210021972656 -0.5
vertex -45.43501281738281 -53.701210021972656 -4
vertex -45.543399810791016 -53.538997650146484 -4
endloop
endfacet
facet normal 0.007192549263254353 0.9999741332830042 0
outer loop
vertex -45.272804260253906 -53.80959701538086 -4
vertex -39.98146057128906 -53.84765625 -0.5
vertex -39.98146057128906 -53.84765625 -4
endloop
endfacet
facet normal 1 0 0
outer loop
vertex -45.581459045410156 -55.03776931762695 -4
vertex -45.581459045410156 -55.03776931762695 -5
vertex -45.581459045410156 -53.34765625 -4
endloop
endfacet
facet normal -0.007192549263254353 0.9999741332830042 0
outer loop
vertex -33.89011764526367 -53.80959701538086 -0.5
vertex -39.181461334228516 -53.84765625 -4
vertex -39.181461334228516 -53.84765625 -0.5
endloop
endfacet
facet normal 0 0 1
outer loop
vertex -45.081459045410156 -51.84765625 -5
vertex -45.581459045410156 -55.03776931762695 -5
vertex -34.081459045410156 -51.84765625 -5
endloop
endfacet
facet normal -1 0 0
outer loop
vertex -33.581459045410156 -53.34765625 -4
vertex -33.581459045410156 -53.34765625 -0.5
vertex -33.581459045410156 -52.34765625 -0.5
endloop
endfacet
facet normal -0.8314684509117725 -0.5555719711597926 0
outer loop
vertex -33.69355010986328 -52.04552459716797 -0.5
vertex -33.69355010986328 -52.04552459716797 -4.099999904632568
vertex -33.61952209472656 -52.156314849853516 -0.5
endloop
endfacet
facet normal -1 0 0
outer loop
vertex -39.181461334228516 -55.041343688964844 -4
vertex -39.181461334228516 -53.84765625 -0.5
vertex -39.181461334228516 -53.84765625 -4
endloop
endfacet
facet normal -0.007192549263254353 0.9999741332830042 0
outer loop
vertex -33.89011764526367 -53.80959701538086 -0.5
vertex -33.89011764526367 -53.80959701538086 -4
vertex -39.181461334228516 -53.84765625 -4
endloop
endfacet
facet normal 0.831469252991977 0.5555707707654927 0
outer loop
vertex -45.543399810791016 -53.538997650146484 -4
vertex -45.543399810791016 -53.538997650146484 -0.5
vertex -45.43501281738281 -53.701210021972656 -0.5
endloop
endfacet
facet normal 0.9807861986664705 0.19508570553829574 0
outer loop
vertex -45.581459045410156 -53.34765625 -4
vertex -45.581459045410156 -53.34765625 -0.5
vertex -45.543399810791016 -53.538997650146484 -0.5
endloop
endfacet
facet normal 0.5555798033776967 0.8314632175140401 0
outer loop
vertex -45.43501281738281 -53.701210021972656 -4
vertex -45.43501281738281 -53.701210021972656 -0.5
vertex -45.272804260253906 -53.80959701538086 -0.5
endloop
endfacet
facet normal 0.9807861986664705 -0.19508570553829577 0
outer loop
vertex -45.543399810791016 -52.156314849853516 -5
vertex -45.543399810791016 -52.156314849853516 -0.5
vertex -45.581459045410156 -52.34765625 -0.5
endloop
endfacet
facet normal 1 0 0
outer loop
vertex -45.581459045410156 -53.34765625 -0.5
vertex -45.581459045410156 -53.34765625 -4
vertex -45.581459045410156 -52.34765625 -0.5
endloop
endfacet
facet normal 0.8314755323883648 -0.5555613728828573 0
outer loop
vertex -45.543399810791016 -52.156314849853516 -0.5
vertex -45.466758728027344 -52.04161071777344 -4.099999904632568
vertex -45.466758728027344 -52.04161071777344 -0.5
endloop
endfacet
facet normal -0.980782457176804 -0.19510451479714808 0
outer loop
vertex -33.581459045410156 -52.34765625 -5
vertex -33.581459045410156 -52.34765625 -0.5
vertex -33.61952209472656 -52.156314849853516 -0.5
endloop
endfacet
facet normal 1 0 0
outer loop
vertex -39.98146057128906 -56.51266098022461 -0.5
vertex -39.98146057128906 -55.716217041015625 -1.5949000120162964
vertex -39.98146057128906 -55.040897369384766 -1.6668299436569214
endloop
endfacet
facet normal 0 0 1
outer loop
vertex -33.581459045410156 -55.044471740722656 -5
vertex -33.581459045410156 -52.34765625 -5
vertex -45.581459045410156 -55.03776931762695 -5
endloop
endfacet
facet normal 0 0 1
outer loop
vertex -45.581459045410156 -55.03776931762695 -5
vertex -33.581459045410156 -52.34765625 -5
vertex -33.61952209472656 -52.156314849853516 -5
endloop
endfacet
facet normal 0 0 1
outer loop
vertex -45.581459045410156 -55.03776931762695 -5
vertex -33.61952209472656 -52.156314849853516 -5
vertex -33.727909088134766 -51.994102478027344 -5
endloop
endfacet
facet normal 0 0 1
outer loop
vertex -34.081459045410156 -51.84765625 -5
vertex -45.581459045410156 -55.03776931762695 -5
vertex -33.89011764526367 -51.88571548461914 -5
endloop
endfacet
facet normal 0 0 1
outer loop
vertex -33.89011764526367 -51.88571548461914 -5
vertex -45.581459045410156 -55.03776931762695 -5
vertex -33.727909088134766 -51.994102478027344 -5
endloop
endfacet
facet normal -0.980782457176804 0.19510451479714808 0
outer loop
vertex -33.61952209472656 -53.538997650146484 -4
vertex -33.61952209472656 -53.538997650146484 -0.5
vertex -33.581459045410156 -53.34765625 -0.5
endloop
endfacet
facet normal -0.831469252991977 0.5555707707654927 0
outer loop
vertex -33.727909088134766 -53.701210021972656 -4
vertex -33.727909088134766 -53.701210021972656 -0.5
vertex -33.61952209472656 -53.538997650146484 -0.5
endloop
endfacet
facet normal -0.5555798033776967 0.8314632175140401 0
outer loop
vertex -33.89011764526367 -53.80959701538086 -4
vertex -33.89011764526367 -53.80959701538086 -0.5
vertex -33.727909088134766 -53.701210021972656 -0.5
endloop
endfacet
facet normal 0 0 -1
outer loop
vertex -45.581459045410156 -55.03776931762695 -4
vertex -45.543399810791016 -53.538997650146484 -4
vertex -45.43501281738281 -53.701210021972656 -4
endloop
endfacet
facet normal 1 0 0
outer loop
vertex -39.98146057128906 -56.51266098022461 -0.5
vertex -39.98146057128906 -56.51266098022461 -1.5
vertex -39.98146057128906 -55.716217041015625 -1.5949000120162964
endloop
endfacet
facet normal 0.007192549263254353 0.9999741332830042 0
outer loop
vertex -45.272804260253906 -53.80959701538086 -4
vertex -45.272804260253906 -53.80959701538086 -0.5
vertex -39.98146057128906 -53.84765625 -0.5
endloop
endfacet
facet normal 1 0 0
outer loop
vertex -39.98146057128906 -55.040897369384766 -4
vertex -39.98146057128906 -53.84765625 -0.5
vertex -39.98146057128906 -55.040897369384766 -1.6668299436569214
endloop
endfacet
facet normal 1 0 0
outer loop
vertex -39.98146057128906 -56.51266098022461 -0.5
vertex -39.98146057128906 -55.040897369384766 -1.6668299436569214
vertex -39.98146057128906 -53.84765625 -0.5
endloop
endfacet
facet normal -1 0 0
outer loop
vertex -33.581459045410156 -52.34765625 -5
vertex -33.581459045410156 -55.044471740722656 -5
vertex -33.581459045410156 -53.34765625 -4
endloop
endfacet
facet normal -0.19508570553829574 -0.9807861986664705 0
outer loop
vertex -34.081459045410156 -51.84765625 -5
vertex -33.89011764526367 -51.88571548461914 -5
vertex -33.89011764526367 -51.88571548461914 -4.099999904632568
endloop
endfacet
facet normal -1 0 0
outer loop
vertex -39.181461334228516 -53.84765625 -0.5
vertex -39.181461334228516 -55.041343688964844 -1.666782259941101
vertex -39.181461334228516 -55.716217041015625 -1.5949000120162964
endloop
endfacet
facet normal -0.5555798033776966 -0.83146321751404 0
outer loop
vertex -33.89011764526367 -51.88571548461914 -5
vertex -33.727909088134766 -51.994102478027344 -5
vertex -33.727909088134766 -51.994102478027344 -4.099999904632568
endloop
endfacet
facet normal -0.8314692529919581 -0.55557077076548 -2.1374263661725664e-7
outer loop
vertex -33.727909088134766 -51.994102478027344 -5
vertex -33.61952209472656 -52.156314849853516 -5
vertex -33.69355010986328 -52.04552459716797 -4.099999904632568
endloop
endfacet
facet normal -1 0 0
outer loop
vertex -33.581459045410156 -53.34765625 -4
vertex -33.581459045410156 -55.044471740722656 -5
vertex -33.581459045410156 -55.044471740722656 -4
endloop
endfacet
facet normal -1 0 0
outer loop
vertex -39.181461334228516 -56.51266098022461 -1.5
vertex -39.181461334228516 -53.84765625 -0.5
vertex -39.181461334228516 -55.716217041015625 -1.5949000120162964
endloop
endfacet
facet normal 0 0 -1
outer loop
vertex -33.581459045410156 -55.044471740722656 -4
vertex -39.181461334228516 -53.84765625 -4
vertex -33.89011764526367 -53.80959701538086 -4
endloop
endfacet
facet normal 0 -1 0
outer loop
vertex -34.081459045410156 -51.84765625 -4.099999904632568
vertex -45.081459045410156 -51.84765625 -5
vertex -34.081459045410156 -51.84765625 -5
endloop
endfacet
facet normal -1 0 0
outer loop
vertex -33.581459045410156 -52.34765625 -0.5
vertex -33.581459045410156 -52.34765625 -5
vertex -33.581459045410156 -53.34765625 -4
endloop
endfacet
facet normal -0.8314684509117725 -0.5555719711597926 0
outer loop
vertex -33.61952209472656 -52.156314849853516 -5
vertex -33.61952209472656 -52.156314849853516 -0.5
vertex -33.69355010986328 -52.04552459716797 -4.099999904632568
endloop
endfacet
facet normal -0.980782457176804 -0.19510451479714808 0
outer loop
vertex -33.61952209472656 -52.156314849853516 -0.5
vertex -33.61952209472656 -52.156314849853516 -5
vertex -33.581459045410156 -52.34765625 -5
endloop
endfacet
facet normal -0.8314709810933778 -0.5555681844738912 0
outer loop
vertex -33.727909088134766 -51.994102478027344 -4.099999904632568
vertex -33.727909088134766 -51.994102478027344 -5
vertex -33.69355010986328 -52.04552459716797 -4.099999904632568
endloop
endfacet
facet normal -0.5555798033776966 -0.83146321751404 0
outer loop
vertex -33.89011764526367 -51.88571548461914 -4.099999904632568
vertex -33.89011764526367 -51.88571548461914 -5
vertex -33.727909088134766 -51.994102478027344 -4.099999904632568
endloop
endfacet
facet normal -0.19508570553829574 -0.9807861986664705 0
outer loop
vertex -34.081459045410156 -51.84765625 -4.099999904632568
vertex -34.081459045410156 -51.84765625 -5
vertex -33.89011764526367 -51.88571548461914 -4.099999904632568
endloop
endfacet
facet normal 0 0 -1
outer loop
vertex -33.581459045410156 -53.34765625 -4
vertex -33.581459045410156 -55.044471740722656 -4
vertex -33.61952209472656 -53.538997650146484 -4
endloop
endfacet
facet normal 0 0 -1
outer loop
vertex -33.581459045410156 -55.044471740722656 -4
vertex -33.727909088134766 -53.701210021972656 -4
vertex -33.61952209472656 -53.538997650146484 -4
endloop
endfacet
facet normal -1 0 0
outer loop
vertex -39.181461334228516 -53.84765625 -0.5
vertex -39.181461334228516 -56.51266098022461 -1.5
vertex -39.181461334228516 -56.51266098022461 -0.5
endloop
endfacet
facet normal 0 0 -1
outer loop
vertex -45.272804260253906 -53.80959701538086 -4
vertex -39.98146057128906 -55.040897369384766 -4
vertex -45.581459045410156 -55.03776931762695 -4
endloop
endfacet
facet normal 0 0 -1
outer loop
vertex -33.581459045410156 -55.044471740722656 -4
vertex -33.89011764526367 -53.80959701538086 -4
vertex -33.727909088134766 -53.701210021972656 -4
endloop
endfacet
facet normal 0 0 -1
outer loop
vertex -39.98146057128906 -55.040897369384766 -4
vertex -45.272804260253906 -53.80959701538086 -4
vertex -39.98146057128906 -53.84765625 -4
endloop
endfacet
facet normal 0 0 -1
outer loop
vertex -39.181461334228516 -55.041343688964844 -4
vertex -39.181461334228516 -53.84765625 -4
vertex -33.581459045410156 -55.044471740722656 -4
endloop
endfacet
facet normal 0.9569423709767578 -0.2902779678676651 0
outer loop
vertex -40.505340576171875 48.063209533691406 -3.5
vertex -40.5622444152832 47.87561798095703 -5.475564956665039
vertex -40.505340576171875 48.063209533691406 -5.251674652099609
endloop
endfacet
facet normal -0.09801812595133513 0.9951846295964324 0
outer loop
vertex -39.38637161254883 46.69974136352539 -6.193577289581299
vertex -39.581459045410156 46.68052673339844 -6.194988250732422
vertex -39.581459045410156 46.68052673339844 -3.5
endloop
endfacet
facet normal 0 0 -1
outer loop
vertex -38.6616096496582 47.290306091308594 -3.5
vertex -38.74999237060547 47.12495803833008 -3.5
vertex -40.505340576171875 48.063209533691406 -3.5
endloop
endfacet
facet normal 0 0 -1
outer loop
vertex -38.74999237060547 47.12495803833008 -3.5
vertex -38.87435531616211 46.973419189453125 -3.5
vertex -40.505340576171875 48.063209533691406 -3.5
endloop
endfacet
facet normal 0 0 -1
outer loop
vertex -38.87435531616211 46.973419189453125 -3.5
vertex -39.0258903503418 46.849056243896484 -3.5
vertex -40.505340576171875 48.063209533691406 -3.5
endloop
endfacet
facet normal 0 0 -1
outer loop
vertex -39.0258903503418 46.849056243896484 -3.5
vertex -39.19877624511719 46.756649017333984 -3.5
vertex -40.505340576171875 48.063209533691406 -3.5
endloop
endfacet
facet normal 0.9951848165503704 -0.09801622777686081 0
outer loop
vertex -40.581459045410156 47.68052673339844 -5.691617488861084
vertex -40.5622444152832 47.87561798095703 -5.475564956665039
vertex -40.5622444152832 47.87561798095703 -3.5
endloop
endfacet
facet normal 0.09801622777686082 0.9951848165503705 0
outer loop
vertex -39.581459045410156 46.68052673339844 -6.194988250732422
vertex -39.77655029296875 46.69974136352539 -6.193577289581299
vertex -39.77655029296875 46.69974136352539 -3.5
endloop
endfacet
facet normal 0.9951848165503705 0.09801622777686082 0
outer loop
vertex -40.5622444152832 47.485435485839844 -5.891529083251953
vertex -40.581459045410156 47.68052673339844 -5.691617488861084
vertex -40.581459045410156 47.68052673339844 -3.5
endloop
endfacet
facet normal -0.29028955529531436 0.9569388559811168 0
outer loop
vertex -39.32856369018555 46.71727752685547 -6.192289352416992
vertex -39.38637161254883 46.69974136352539 -6.193577289581299
vertex -39.38637161254883 46.69974136352539 -3.5
endloop
endfacet
facet normal 0.9569423709767578 0.290277967867665 0
outer loop
vertex -40.505340576171875 47.29784393310547 -6.067617893218994
vertex -40.5622444152832 47.485435485839844 -5.891529083251953
vertex -40.5622444152832 47.485435485839844 -3.5
endloop
endfacet
facet normal -0.29029073135782046 0.9569384992191196 -2.7575775476639064e-8
outer loop
vertex -39.19877624511719 46.756649017333984 -6.095807075500488
vertex -39.32856369018555 46.71727752685547 -6.192289352416992
vertex -39.38637161254883 46.69974136352539 -3.5
endloop
endfacet
facet normal 0.8819174439168229 0.4714038842810035 0
outer loop
vertex -40.505340576171875 47.29784393310547 -3.5
vertex -40.4482536315918 47.191043853759766 -6.157497882843018
vertex -40.505340576171875 47.29784393310547 -6.067617893218994
endloop
endfacet
facet normal 0 0 -1
outer loop
vertex -40.505340576171875 48.063209533691406 -3.5
vertex -40.28856658935547 46.973419189453125 -3.5
vertex -40.41292953491211 47.12495803833008 -3.5
endloop
endfacet
facet normal 0.8819185356967206 0.47140184173859667 1.0553915073370657e-7
outer loop
vertex -40.41292953491211 47.12495803833008 -6.162351131439209
vertex -40.4482536315918 47.191043853759766 -6.157497882843018
vertex -40.505340576171875 47.29784393310547 -3.5
endloop
endfacet
facet normal 0 0 -1
outer loop
vertex -40.41292953491211 47.12495803833008 -3.5
vertex -40.505340576171875 47.29784393310547 -3.5
vertex -40.505340576171875 48.063209533691406 -3.5
endloop
endfacet
facet normal 0.47138797052671205 0.8819259499769285 0
outer loop
vertex -39.96414566040039 46.756649017333984 -6.189398288726807
vertex -40.13703155517578 46.849056243896484 -6.18261194229126
vertex -40.13703155517578 46.849056243896484 -3.5
endloop
endfacet
facet normal -0.47138474518595636 0.8819276739086778 0
outer loop
vertex -39.05390167236328 46.834083557128906 -5.954794883728027
vertex -39.19877624511719 46.756649017333984 -6.095807075500488
vertex -39.19877624511719 46.756649017333984 -3.5
endloop
endfacet
facet normal -0.4714034831811351 0.8819176583120851 -0.00000142179380519802
outer loop
vertex -39.0258903503418 46.849056243896484 -5.925196170806885
vertex -39.05390167236328 46.834083557128906 -5.954794883728027
vertex -39.19877624511719 46.756649017333984 -3.5
endloop
endfacet
facet normal -0.6343974203505326 0.7730070588633648 0
outer loop
vertex -38.87435531616211 46.973419189453125 -5.738106727600098
vertex -39.0258903503418 46.849056243896484 -5.925196170806885
vertex -39.0258903503418 46.849056243896484 -3.5
endloop
endfacet
facet normal -0.7730148903372509 0.634387877656003 0
outer loop
vertex -38.74999237060547 47.12495803833008 -5.53021240234375
vertex -38.87435531616211 46.973419189453125 -5.738106727600098
vertex -38.87435531616211 46.973419189453125 -3.5
endloop
endfacet
facet normal -0.8819160637705314 0.4714064662936773 0
outer loop
vertex -38.6616096496582 47.290306091308594 -5.318258285522461
vertex -38.74999237060547 47.12495803833008 -5.53021240234375
vertex -38.74999237060547 47.12495803833008 -3.5
endloop
endfacet
facet normal 0 0 -1
outer loop
vertex -39.77655029296875 46.69974136352539 -3.5
vertex -39.96414566040039 46.756649017333984 -3.5
vertex -40.505340576171875 48.063209533691406 -3.5
endloop
endfacet
facet normal 0.6343974203505326 0.7730070588633648 0
outer loop
vertex -40.13703155517578 46.849056243896484 -6.18261194229126
vertex -40.28856658935547 46.973419189453125 -6.1734795570373535
vertex -40.28856658935547 46.973419189453125 -3.5
endloop
endfacet
facet normal 0.7730148903372509 0.634387877656003 0
outer loop
vertex -40.28856658935547 46.973419189453125 -3.5
vertex -40.28856658935547 46.973419189453125 -6.1734795570373535
vertex -40.41292953491211 47.12495803833008 -3.5
endloop
endfacet
facet normal 0.7730148903372509 0.6343878776560029 0
outer loop
vertex -40.28856658935547 46.973419189453125 -6.1734795570373535
vertex -40.41292953491211 47.12495803833008 -6.162351131439209
vertex -40.41292953491211 47.12495803833008 -3.5
endloop
endfacet
facet normal 0 0 -1
outer loop
vertex -39.96414566040039 46.756649017333984 -3.5
vertex -40.13703155517578 46.849056243896484 -3.5
vertex -40.505340576171875 48.063209533691406 -3.5
endloop
endfacet
facet normal 0.6343974203505326 0.7730070588633648 0
outer loop
vertex -40.13703155517578 46.849056243896484 -3.5
vertex -40.13703155517578 46.849056243896484 -6.18261194229126
vertex -40.28856658935547 46.973419189453125 -3.5
endloop
endfacet
facet normal 0 0 -1
outer loop
vertex -39.581459045410156 46.68052673339844 -3.5
vertex -39.77655029296875 46.69974136352539 -3.5
vertex -40.505340576171875 48.063209533691406 -3.5
endloop
endfacet
facet normal 0 0 -1
outer loop
vertex -40.505340576171875 47.29784393310547 -3.5
vertex -40.5622444152832 47.485435485839844 -3.5
vertex -40.505340576171875 48.063209533691406 -3.5
endloop
endfacet
facet normal 0 0 -1
outer loop
vertex -39.38637161254883 46.69974136352539 -3.5
vertex -39.581459045410156 46.68052673339844 -3.5
vertex -40.505340576171875 48.063209533691406 -3.5
endloop
endfacet
facet normal 0.47138797052671205 0.8819259499769285 0
outer loop
vertex -39.96414566040039 46.756649017333984 -3.5
vertex -39.96414566040039 46.756649017333984 -6.189398288726807
vertex -40.13703155517578 46.849056243896484 -3.5
endloop
endfacet
facet normal 0.881917860019375 0.4714031058222316 0
outer loop
vertex -40.41292953491211 47.12495803833008 -3.5
vertex -40.41292953491211 47.12495803833008 -6.162351131439209
vertex -40.505340576171875 47.29784393310547 -3.5
endloop
endfacet
facet normal 0.9569423709767578 0.290277967867665 0
outer loop
vertex -40.505340576171875 47.29784393310547 -3.5
vertex -40.505340576171875 47.29784393310547 -6.067617893218994
vertex -40.5622444152832 47.485435485839844 -3.5
endloop
endfacet
facet normal 0.9951848165503704 0.09801622777686082 0
outer loop
vertex -40.5622444152832 47.485435485839844 -3.5
vertex -40.5622444152832 47.485435485839844 -5.891529083251953
vertex -40.581459045410156 47.68052673339844 -3.5
endloop
endfacet
facet normal 0.9951848165503705 -0.09801622777686082 0
outer loop
vertex -40.581459045410156 47.68052673339844 -3.5
vertex -40.581459045410156 47.68052673339844 -5.691617488861084
vertex -40.5622444152832 47.87561798095703 -3.5
endloop
endfacet
facet normal 0 0 -1
outer loop
vertex -40.5622444152832 47.485435485839844 -3.5
vertex -40.581459045410156 47.68052673339844 -3.5
vertex -40.505340576171875 48.063209533691406 -3.5
endloop
endfacet
facet normal 0 0 -1
outer loop
vertex -40.505340576171875 48.063209533691406 -3.5
vertex -40.581459045410156 47.68052673339844 -3.5
vertex -40.5622444152832 47.87561798095703 -3.5
endloop
endfacet
facet normal 0.9569423709767578 -0.290277967867665 0
outer loop
vertex -40.5622444152832 47.87561798095703 -3.5
vertex -40.5622444152832 47.87561798095703 -5.475564956665039
vertex -40.505340576171875 48.063209533691406 -3.5
endloop
endfacet
facet normal 0.09801622777686082 0.9951848165503705 0
outer loop
vertex -39.581459045410156 46.68052673339844 -3.5
vertex -39.581459045410156 46.68052673339844 -6.194988250732422
vertex -39.77655029296875 46.69974136352539 -3.5
endloop
endfacet
facet normal 0.29029038193910456 0.956938605216473 0
outer loop
vertex -39.77655029296875 46.69974136352539 -3.5
vertex -39.77655029296875 46.69974136352539 -6.193577289581299
vertex -39.96414566040039 46.756649017333984 -3.5
endloop
endfacet
facet normal -0.09801812595133513 0.9951846295964324 0
outer loop
vertex -39.38637161254883 46.69974136352539 -3.5
vertex -39.38637161254883 46.69974136352539 -6.193577289581299
vertex -39.581459045410156 46.68052673339844 -3.5
endloop
endfacet
facet normal -0.2902903819391045 0.9569386052164729 0
outer loop
vertex -39.19877624511719 46.756649017333984 -3.5
vertex -39.19877624511719 46.756649017333984 -6.095807075500488
vertex -39.38637161254883 46.69974136352539 -3.5
endloop
endfacet
facet normal -0.47138797052671194 0.8819259499769284 0
outer loop
vertex -39.0258903503418 46.849056243896484 -3.5
vertex -39.0258903503418 46.849056243896484 -5.925196170806885
vertex -39.19877624511719 46.756649017333984 -3.5
endloop
endfacet
facet normal -0.6343974203505326 0.7730070588633648 0
outer loop
vertex -38.87435531616211 46.973419189453125 -3.5
vertex -38.87435531616211 46.973419189453125 -5.738106727600098
vertex -39.0258903503418 46.849056243896484 -3.5
endloop
endfacet
facet normal -0.773014890337251 0.634387877656003 0
outer loop
vertex -38.74999237060547 47.12495803833008 -3.5
vertex -38.74999237060547 47.12495803833008 -5.53021240234375
vertex -38.87435531616211 46.973419189453125 -3.5
endloop
endfacet
facet normal -0.8819160637705314 0.47140646629367733 0
outer loop
vertex -38.6616096496582 47.290306091308594 -3.5
vertex -38.6616096496582 47.290306091308594 -5.318258285522461
vertex -38.74999237060547 47.12495803833008 -3.5
endloop
endfacet
facet normal 0 0 -1
outer loop
vertex -39.19877624511719 46.756649017333984 -3.5
vertex -39.38637161254883 46.69974136352539 -3.5
vertex -40.505340576171875 48.063209533691406 -3.5
endloop
endfacet
facet normal 0 0 -1
outer loop
vertex -40.13703155517578 46.849056243896484 -3.5
vertex -40.28856658935547 46.973419189453125 -3.5
vertex -40.505340576171875 48.063209533691406 -3.5
endloop
endfacet
facet normal 0.29029038193910456 0.956938605216473 0
outer loop
vertex -39.77655029296875 46.69974136352539 -6.193577289581299
vertex -39.96414566040039 46.756649017333984 -6.189398288726807
vertex -39.96414566040039 46.756649017333984 -3.5
endloop
endfacet
facet normal 0.773014890337251 0.634387877656003 0
outer loop
vertex 55.689666748046875 42.65559768676758 -3.5
vertex 55.689666748046875 42.65559768676758 -6.296667575836182
vertex 55.565303802490234 42.80713653564453 -3.5
endloop
endfacet
facet normal -0.7730148903372509 0.634387877656003 0
outer loop
vertex 57.228240966796875 42.80713653564453 -6.117754936218262
vertex 57.103878021240234 42.65559768676758 -6.293582439422607
vertex 57.103878021240234 42.65559768676758 -3.5
endloop
endfacet
facet normal 0.6343974203505326 0.7730070588633648 0
outer loop
vertex 55.84120178222656 42.53123474121094 -6.440412521362305
vertex 55.689666748046875 42.65559768676758 -6.296667575836182
vertex 55.689666748046875 42.65559768676758 -3.5
endloop
endfacet
facet normal 0.6343974203505326 0.7730070588633648 0
outer loop
vertex 55.84120178222656 42.53123474121094 -3.5
vertex 55.84120178222656 42.53123474121094 -6.440412521362305
vertex 55.689666748046875 42.65559768676758 -3.5
endloop
endfacet
facet normal -0.09801812595133512 0.9951846295964323 0
outer loop
vertex 56.591861724853516 42.381919860839844 -3.5
vertex 56.591861724853516 42.381919860839844 -6.510658264160156
vertex 56.39677429199219 42.36270523071289 -3.5
endloop
endfacet
facet normal 0.29029038193910456 0.956938605216473 0
outer loop
vertex 56.201683044433594 42.381919860839844 -6.510658264160156
vertex 56.01408767700195 42.43882751464844 -6.506479263305664
vertex 56.01408767700195 42.43882751464844 -3.5
endloop
endfacet
facet normal 0.09801622777686082 0.9951848165503705 0
outer loop
vertex 56.39677429199219 42.36270523071289 -6.512069225311279
vertex 56.201683044433594 42.381919860839844 -6.510658264160156
vertex 56.201683044433594 42.381919860839844 -3.5
endloop
endfacet
facet normal -0.09801812595133512 0.9951846295964323 0
outer loop
vertex 56.591861724853516 42.381919860839844 -6.510658264160156
vertex 56.39677429199219 42.36270523071289 -6.512069225311279
vertex 56.39677429199219 42.36270523071289 -3.5
endloop
endfacet
facet normal -0.29029038193910456 0.956938605216473 0
outer loop
vertex 56.779457092285156 42.43882751464844 -6.506479263305664
vertex 56.591861724853516 42.381919860839844 -6.510658264160156
vertex 56.591861724853516 42.381919860839844 -3.5
endloop
endfacet
facet normal 0.47137946992989976 0.8819304934792803 0
outer loop
vertex 55.94379806518555 42.47639846801758 -6.503720283508301
vertex 55.84120178222656 42.53123474121094 -6.440412521362305
vertex 55.84120178222656 42.53123474121094 -3.5
endloop
endfacet
facet normal -0.29029038193910456 0.956938605216473 0
outer loop
vertex 56.779457092285156 42.43882751464844 -3.5
vertex 56.779457092285156 42.43882751464844 -6.506479263305664
vertex 56.591861724853516 42.381919860839844 -3.5
endloop
endfacet
facet normal -0.47138941105606424 0.8819251800148451 0
outer loop
vertex 56.846351623535156 42.47458267211914 -6.5038533210754395
vertex 56.779457092285156 42.43882751464844 -6.506479263305664
vertex 56.779457092285156 42.43882751464844 -3.5
endloop
endfacet
facet normal 0.09801622777686081 0.9951848165503704 0
outer loop
vertex 56.39677429199219 42.36270523071289 -3.5
vertex 56.39677429199219 42.36270523071289 -6.512069225311279
vertex 56.201683044433594 42.381919860839844 -3.5
endloop
endfacet
facet normal -0.4713879705267116 0.8819259499769277 4.124490714621648e-8
outer loop
vertex 56.95234298706055 42.53123474121094 -3.5
vertex 56.846351623535156 42.47458267211914 -6.5038533210754395
vertex 56.779457092285156 42.43882751464844 -3.5
endloop
endfacet
facet normal -0.6343974203505326 0.7730070588633648 0
outer loop
vertex 57.103878021240234 42.65559768676758 -3.5
vertex 57.103878021240234 42.65559768676758 -6.293582439422607
vertex 56.95234298706055 42.53123474121094 -3.5
endloop
endfacet
facet normal -0.7730148903372509 0.634387877656003 0
outer loop
vertex 57.228240966796875 42.80713653564453 -3.5
vertex 57.228240966796875 42.80713653564453 -6.117754936218262
vertex 57.103878021240234 42.65559768676758 -3.5
endloop
endfacet
facet normal -0.881917860019375 0.4714031058222316 0
outer loop
vertex 57.32065200805664 42.98002243041992 -3.5
vertex 57.32065200805664 42.98002243041992 -5.917262077331543
vertex 57.228240966796875 42.80713653564453 -3.5
endloop
endfacet
facet normal -0.9569369653840532 0.2902957875711588 0
outer loop
vertex 57.377559661865234 43.1676139831543 -3.5
vertex 57.377559661865234 43.1676139831543 -5.699810028076172
vertex 57.32065200805664 42.98002243041992 -3.5
endloop
endfacet
facet normal -0.9951862406171469 0.09800176777135339 0
outer loop
vertex 57.396759033203125 43.362579345703125 -3.5
vertex 57.396759033203125 43.362579345703125 -5.473900318145752
vertex 57.377559661865234 43.1676139831543 -3.5
endloop
endfacet
facet normal -0.4713870613607346 0.8819264359240463 0
outer loop
vertex 56.95234298706055 42.53123474121094 -6.43798828125
vertex 56.846351623535156 42.47458267211914 -6.5038533210754395
vertex 56.95234298706055 42.53123474121094 -3.5
endloop
endfacet
facet normal -0.6343974203505326 0.7730070588633648 0
outer loop
vertex 57.103878021240234 42.65559768676758 -6.293582439422607
vertex 56.95234298706055 42.53123474121094 -6.43798828125
vertex 56.95234298706055 42.53123474121094 -3.5
endloop
endfacet
facet normal 0.29029038193910456 0.956938605216473 0
outer loop
vertex 56.201683044433594 42.381919860839844 -3.5
vertex 56.201683044433594 42.381919860839844 -6.510658264160156
vertex 56.01408767700195 42.43882751464844 -3.5
endloop
endfacet
facet normal 0.4713879705266792 0.881925949976867 3.7329653438278834e-7
outer loop
vertex 56.01408767700195 42.43882751464844 -3.5
vertex 55.94379806518555 42.47639846801758 -6.503720283508301
vertex 55.84120178222656 42.53123474121094 -3.5
endloop
endfacet
facet normal 0.9951848165503705 0.09801622777686082 0
outer loop
vertex 55.41598892211914 43.1676139831543 -3.5
vertex 55.41598892211914 43.1676139831543 -5.704089164733887
vertex 55.39677429199219 43.36270523071289 -3.5
endloop
endfacet
facet normal 0.9569423709767578 0.2902779678676651 0
outer loop
vertex 55.47289276123047 42.98002243041992 -3.5
vertex 55.47289276123047 42.98002243041992 -5.921293258666992
vertex 55.41598892211914 43.1676139831543 -3.5
endloop
endfacet
facet normal 0 0 -1
outer loop
vertex 57.396759033203125 43.362579345703125 -3.5
vertex 57.377559661865234 43.1676139831543 -3.5
vertex 55.39677429199219 43.36270523071289 -3.5
endloop
endfacet
facet normal 0.8819178600193749 0.4714031058222316 0
outer loop
vertex 55.565303802490234 42.80713653564453 -6.121382236480713
vertex 55.47289276123047 42.98002243041992 -5.921293258666992
vertex 55.47289276123047 42.98002243041992 -3.5
endloop
endfacet
facet normal 0 0 -1
outer loop
vertex 57.377559661865234 43.1676139831543 -3.5
vertex 57.32065200805664 42.98002243041992 -3.5
vertex 55.39677429199219 43.36270523071289 -3.5
endloop
endfacet
facet normal 0 0 -1
outer loop
vertex 57.32065200805664 42.98002243041992 -3.5
vertex 57.228240966796875 42.80713653564453 -3.5
vertex 55.39677429199219 43.36270523071289 -3.5
endloop
endfacet
facet normal 0 0 -1
outer loop
vertex 57.228240966796875 42.80713653564453 -3.5
vertex 57.103878021240234 42.65559768676758 -3.5
vertex 55.39677429199219 43.36270523071289 -3.5
endloop
endfacet
facet normal 0 0 -1
outer loop
vertex 57.103878021240234 42.65559768676758 -3.5
vertex 56.95234298706055 42.53123474121094 -3.5
vertex 55.39677429199219 43.36270523071289 -3.5
endloop
endfacet
facet normal 0 0 -1
outer loop
vertex 56.95234298706055 42.53123474121094 -3.5
vertex 56.779457092285156 42.43882751464844 -3.5
vertex 55.39677429199219 43.36270523071289 -3.5
endloop
endfacet
facet normal 0 0 -1
outer loop
vertex 56.01408767700195 42.43882751464844 -3.5
vertex 55.84120178222656 42.53123474121094 -3.5
vertex 55.39677429199219 43.36270523071289 -3.5
endloop
endfacet
facet normal 0 0 -1
outer loop
vertex 55.689666748046875 42.65559768676758 -3.5
vertex 55.39677429199219 43.36270523071289 -3.5
vertex 55.84120178222656 42.53123474121094 -3.5
endloop
endfacet
facet normal 0 0 -1
outer loop
vertex 56.779457092285156 42.43882751464844 -3.5
vertex 56.591861724853516 42.381919860839844 -3.5
vertex 55.39677429199219 43.36270523071289 -3.5
endloop
endfacet
facet normal 0.8819178600193751 0.47140310582223166 0
outer loop
vertex 55.565303802490234 42.80713653564453 -3.5
vertex 55.565303802490234 42.80713653564453 -6.121382236480713
vertex 55.47289276123047 42.98002243041992 -3.5
endloop
endfacet
facet normal 0 0 -1
outer loop
vertex 56.591861724853516 42.381919860839844 -3.5
vertex 56.39677429199219 42.36270523071289 -3.5
vertex 55.39677429199219 43.36270523071289 -3.5
endloop
endfacet
facet normal -0.9951862406171469 0.09800176777135339 0
outer loop
vertex 57.396759033203125 43.362579345703125 -5.473900318145752
vertex 57.377559661865234 43.1676139831543 -5.699810028076172
vertex 57.377559661865234 43.1676139831543 -3.5
endloop
endfacet
facet normal 0 0 -1
outer loop
vertex 56.39677429199219 42.36270523071289 -3.5
vertex 56.201683044433594 42.381919860839844 -3.5
vertex 55.39677429199219 43.36270523071289 -3.5
endloop
endfacet
facet normal 0 0 -1
outer loop
vertex 56.201683044433594 42.381919860839844 -3.5
vertex 56.01408767700195 42.43882751464844 -3.5
vertex 55.39677429199219 43.36270523071289 -3.5
endloop
endfacet
facet normal 0 0 -1
outer loop
vertex 55.39677429199219 43.36270523071289 -3.5
vertex 55.565303802490234 42.80713653564453 -3.5
vertex 55.41598892211914 43.1676139831543 -3.5
endloop
endfacet
facet normal 0 0 -1
outer loop
vertex 55.47289276123047 42.98002243041992 -3.5
vertex 55.41598892211914 43.1676139831543 -3.5
vertex 55.565303802490234 42.80713653564453 -3.5
endloop
endfacet
facet normal 0 0 -1
outer loop
vertex 55.689666748046875 42.65559768676758 -3.5
vertex 55.565303802490234 42.80713653564453 -3.5
vertex 55.39677429199219 43.36270523071289 -3.5
endloop
endfacet
facet normal 0.9951980180692099 0.09788209584707101 0.000011987549435160958
outer loop
vertex 55.41598892211914 43.1676139831543 -5.704089164733887
vertex 55.396785736083984 43.362831115722656 -5.477971076965332
vertex 55.39677429199219 43.36270523071289 -3.5
endloop
endfacet
facet normal -0.9569369653840532 0.2902957875711588 0
outer loop
vertex 57.377559661865234 43.1676139831543 -5.699810028076172
vertex 57.32065200805664 42.98002243041992 -5.917262077331543
vertex 57.32065200805664 42.98002243041992 -3.5
endloop
endfacet
facet normal -0.881917860019375 0.4714031058222316 0
outer loop
vertex 57.228240966796875 42.80713653564453 -6.117754936218262
vertex 57.228240966796875 42.80713653564453 -3.5
vertex 57.32065200805664 42.98002243041992 -5.917262077331543
endloop
endfacet
facet normal 0.9569423709767577 0.290277967867665 0
outer loop
vertex 55.47289276123047 42.98002243041992 -5.921293258666992
vertex 55.41598892211914 43.1676139831543 -5.704089164733887
vertex 55.41598892211914 43.1676139831543 -3.5
endloop
endfacet
facet normal 0.773014890337251 0.634387877656003 0
outer loop
vertex 55.689666748046875 42.65559768676758 -6.296667575836182
vertex 55.565303802490234 42.80713653564453 -6.121382236480713
vertex 55.565303802490234 42.80713653564453 -3.5
endloop
endfacet
facet normal 0.47140037795131795 0.88191931811666 0
outer loop
vertex 56.01408767700195 42.43882751464844 -6.506479263305664
vertex 55.94379806518555 42.47639846801758 -6.503720283508301
vertex 56.01408767700195 42.43882751464844 -3.5
endloop
endfacet
facet normal 0.048439504446654374 0.11418472622786427 -0.9922779160624459
outer loop
vertex -40.6861686706543 48.149166107177734 -2.5
vertex -38.348445892333984 48.026466369628906 -2.4000000953674316
vertex -38.5800666809082 47.255714416503906 -2.5
endloop
endfacet
facet normal 0.04844001390333244 0.11418457220251635 -0.9922779089166368
outer loop
vertex -38.474365234375 47.227054595947266 -2.498137950897217
vertex -38.5800666809082 47.255714416503906 -2.5
vertex -38.348445892333984 48.026466369628906 -2.4000000953674316
endloop
endfacet
facet normal 0.04843948384536096 0.11418429219941686 -0.9922779670131315
outer loop
vertex -38.348445892333984 48.026466369628906 -2.4000000953674316
vertex -40.6861686706543 48.149166107177734 -2.5
vertex -40.18962097167969 48.807533264160156 -2.4000000953674316
endloop
endfacet
facet normal 0.9878206856989121 -0.15559657099477187 0
outer loop
vertex -38.474365234375 47.227054595947266 -2.498137950897217
vertex -38.348445892333984 48.026466369628906 -2.4000000953674316
vertex -38.348445892333984 48.026466369628906 -1.2000000476837158
endloop
endfacet
facet normal 0.987820685698912 -0.15559657099477187 0
outer loop
vertex -38.474365234375 47.227054595947266 -2.498137950897217
vertex -38.348445892333984 48.026466369628906 -1.2000000476837158
vertex -38.474365234375 47.227054595947266 -1.1018620729446411
endloop
endfacet
facet normal 0.048440051505248806 0.1141847120484733 0.9922778909884953
outer loop
vertex -38.5800666809082 47.255714416503906 -1.100000023841858
vertex -38.474365234375 47.227054595947266 -1.1018620729446411
vertex -38.348445892333984 48.026466369628906 -1.2000000476837158
endloop
endfacet
facet normal 0.04843970623727954 0.11418481643423108 0.9922778958313679
outer loop
vertex -38.348445892333984 48.026466369628906 -1.2000000476837158
vertex -40.18962097167969 48.807533264160156 -1.2000000476837158
vertex -38.5800666809082 47.255714416503906 -1.100000023841858
endloop
endfacet
facet normal 0.04843941658995839 0.1141845191263901 0.9922779441831303
outer loop
vertex -40.6861686706543 48.149166107177734 -1.100000023841858
vertex -38.5800666809082 47.255714416503906 -1.100000023841858
vertex -40.18962097167969 48.807533264160156 -1.2000000476837158
endloop
endfacet
facet normal 0.39053387848671567 0.9205885561716065 0
outer loop
vertex -38.348445892333984 48.026466369628906 -1.2000000476837158
vertex -40.18962097167969 48.807533264160156 -2.4000000953674316
vertex -40.18962097167969 48.807533264160156 -1.2000000476837158
endloop
endfacet
facet normal 0.39053387848671567 0.9205885561716065 0
outer loop
vertex -38.348445892333984 48.026466369628906 -1.2000000476837158
vertex -38.348445892333984 48.026466369628906 -2.4000000953674316
vertex -40.18962097167969 48.807533264160156 -2.4000000953674316
endloop
endfacet
facet normal -0.7983833809476887 0.6021494640257828 0
outer loop
vertex -40.6861686706543 48.149166107177734 -2.5
vertex -40.6861686706543 48.149166107177734 -1.100000023841858
vertex -40.18962097167969 48.807533264160156 -2.4000000953674316
endloop
endfacet
facet normal -0.7983833809476888 0.602149464025783 0
outer loop
vertex -40.18962097167969 48.807533264160156 -2.4000000953674316
vertex -40.6861686706543 48.149166107177734 -1.100000023841858
vertex -40.18962097167969 48.807533264160156 -1.2000000476837158
endloop
endfacet
facet normal 0.000015614175838227808 0.12403522760413303 0.9922778149638277
outer loop
vertex 57.396873474121094 44.16257858276367 -1.2000000476837158
vertex 55.396873474121094 44.1628303527832 -1.2000000476837158
vertex 57.596771240234375 43.36255645751953 -1.100000023841858
endloop
endfacet
facet normal 0.000015574747554146868 0.12403512088549026 0.9922778283043259
outer loop
vertex 55.396873474121094 44.1628303527832 -1.2000000476837158
vertex 55.196773529052734 43.362857818603516 -1.100000023841858
vertex 57.596771240234375 43.36255645751953 -1.100000023841858
endloop
endfacet
facet normal 0.000015614142854813048 0.12403496559188218 -0.9922778477154568
outer loop
vertex 55.196773529052734 43.362857818603516 -2.5
vertex 55.396873474121094 44.1628303527832 -2.4000000953674316
vertex 57.396873474121094 44.16257858276367 -2.4000000953674316
endloop
endfacet
facet normal 0.000015574741455956003 0.12403507232034734 -0.9922778343749866
outer loop
vertex 57.596771240234375 43.36255645751953 -2.5
vertex 55.196773529052734 43.362857818603516 -2.5
vertex 57.396873474121094 44.16257858276367 -2.4000000953674316
endloop
endfacet
facet normal 0.9701732417659122 0.24241262541670758 0
outer loop
vertex 57.596771240234375 43.36255645751953 -2.5
vertex 57.396873474121094 44.16257858276367 -1.2000000476837158
vertex 57.596771240234375 43.36255645751953 -1.100000023841858
endloop
endfacet
facet normal 0.00012588500876817288 0.9999999920764823 0
outer loop
vertex 57.396873474121094 44.16257858276367 -1.2000000476837158
vertex 55.396873474121094 44.1628303527832 -2.4000000953674316
vertex 55.396873474121094 44.1628303527832 -1.2000000476837158
endloop
endfacet
facet normal -0.9701120152210632 0.2426575321800831 0
outer loop
vertex 55.396873474121094 44.1628303527832 -1.2000000476837158
vertex 55.196773529052734 43.362857818603516 -2.5
vertex 55.196773529052734 43.362857818603516 -1.100000023841858
endloop
endfacet
facet normal 0.00012588500876817288 0.9999999920764823 0
outer loop
vertex 57.396873474121094 44.16257858276367 -2.4000000953674316
vertex 55.396873474121094 44.1628303527832 -2.4000000953674316
vertex 57.396873474121094 44.16257858276367 -1.2000000476837158
endloop
endfacet
facet normal 0.9701732417659121 0.24241262541670755 0
outer loop
vertex 57.596771240234375 43.36255645751953 -2.5
vertex 57.396873474121094 44.16257858276367 -2.4000000953674316
vertex 57.396873474121094 44.16257858276367 -1.2000000476837158
endloop
endfacet
facet normal -0.9701120152210629 0.24265753218008307 0
outer loop
vertex 55.396873474121094 44.1628303527832 -2.4000000953674316
vertex 55.196773529052734 43.362857818603516 -2.5
vertex 55.396873474121094 44.1628303527832 -1.2000000476837158
endloop
endfacet
facet normal 0 0 1
outer loop
vertex -27.275890350341797 -52.04765701293945 -0.5
vertex -33.69355010986328 -52.04552459716797 -0.5
vertex -33.61952209472656 -52.156314849853516 -0.5
endloop
endfacet
facet normal 0 0 1
outer loop
vertex 66.1141128540039 40.28146743774414 -0.5
vertex 66.59352111816406 40.10316848754883 -0.5
vertex 70.21743774414062 39.665855407714844 -0.5
endloop
endfacet
facet normal 0 0 1
outer loop
vertex 69.09989166259766 -29.9574031829834 -0.5
vertex 70.59989166259766 -29.957780838012695 -0.5
vertex 69.10047149658203 -27.66697120666504 -0.5
endloop
endfacet
facet normal 0 0 1
outer loop
vertex 52.39677429199219 -55.475860595703125 -0.5
vertex 53.66061019897461 -56.0651969909668 -0.5
vertex 55.99677276611328 -56.51266098022461 -0.5
endloop
endfacet
facet normal 0 0 1
outer loop
vertex -20.082956314086914 42.87348937988281 -0.5
vertex -20.48775291442871 42.90092468261719 -0.5
vertex -21.57587432861328 40.51811599731445 -0.5
endloop
endfacet
facet normal 0 0 1
outer loop
vertex -20.48775291442871 42.90092468261719 -0.5
vertex -20.55694007873535 42.91170883178711 -0.5
vertex -21.57587432861328 40.51811599731445 -0.5
endloop
endfacet
facet normal 0 0 1
outer loop
vertex -20.082956314086914 42.87348937988281 -0.5
vertex -21.57587432861328 40.51811599731445 -0.5
vertex -20.759815216064453 40.372344970703125 -0.5
endloop
endfacet
facet normal 0 0 1
outer loop
vertex 65.74053192138672 42.86152648925781 -0.5
vertex 69.35971069335938 41.05997848510742 -0.5
vertex 68.7472915649414 41.664344787597656 -0.5
endloop
endfacet
facet normal 0 0 1
outer loop
vertex 69.09471893310547 -50.457401275634766 -0.5
vertex 70.46900939941406 -50.52570724487305 -0.5
vertex 70.4790267944336 -50.4577522277832 -0.5
endloop
endfacet
facet normal 0 0 1
outer loop
vertex 69.85160827636719 -52.04165267944336 -0.5
vertex 70.23554229736328 -51.271644592285156 -0.5
vertex 70.46900939941406 -50.52570724487305 -0.5
endloop
endfacet
facet normal 0 0 1
outer loop
vertex 69.85160827636719 -52.04165267944336 -0.5
vertex 70.46900939941406 -50.52570724487305 -0.5
vertex 69.09471893310547 -50.457401275634766 -0.5
endloop
endfacet
facet normal 0 0 1
outer loop
vertex 69.85160827636719 -52.04165267944336 -0.5
vertex 69.09471893310547 -50.457401275634766 -0.5
vertex 67.83655548095703 -50.52422332763672 -0.5
endloop
endfacet
facet normal 0 0 1
outer loop
vertex 65.74053192138672 42.86152648925781 -0.5
vertex 69.8233413696289 40.43070983886719 -0.5
vertex 69.35971069335938 41.05997848510742 -0.5
endloop
endfacet
facet normal 0 0 1
outer loop
vertex 65.74053192138672 42.86152648925781 -0.5
vertex 68.7472915649414 41.664344787597656 -0.5
vertex 68.11094665527344 42.118221282958984 -0.5
endloop
endfacet
facet normal 0 0 1
outer loop
vertex 67.57103729248047 -50.961402893066406 -0.5
vertex 69.3977279663086 -52.67799377441406 -0.5
vertex 69.85160827636719 -52.04165267944336 -0.5
endloop
endfacet
facet normal 0 0 1
outer loop
vertex 69.09471893310547 -50.457401275634766 -0.5
vertex 68.09953308105469 -49.54037857055664 -0.5
vertex 68.01485443115234 -50.04481506347656 -0.5
endloop
endfacet
facet normal 0 0 1
outer loop
vertex 69.09471893310547 -50.457401275634766 -0.5
vertex 68.01485443115234 -50.04481506347656 -0.5
vertex 67.83655548095703 -50.52422332763672 -0.5
endloop
endfacet
facet normal 0 0 1
outer loop
vertex 67.57103729248047 -50.961402893066406 -0.5
vertex 69.85160827636719 -52.04165267944336 -0.5
vertex 67.83655548095703 -50.52422332763672 -0.5
endloop
endfacet
facet normal 0 0 1
outer loop
vertex 68.79336547851562 -53.2904167175293 -0.5
vertex 67.57103729248047 -50.961402893066406 -0.5
vertex 67.22782135009766 -51.34065246582031 -0.5
endloop
endfacet
facet normal 0 0 1
outer loop
vertex 67.57103729248047 -50.961402893066406 -0.5
vertex 68.79336547851562 -53.2904167175293 -0.5
vertex 69.3977279663086 -52.67799377441406 -0.5
endloop
endfacet
facet normal 0 0 1
outer loop
vertex 68.16409301757812 -53.75404739379883 -0.5
vertex 68.79336547851562 -53.2904167175293 -0.5
vertex 67.22782135009766 -51.34065246582031 -0.5
endloop
endfacet
facet normal 0 0 1
outer loop
vertex 68.16409301757812 -53.75404739379883 -0.5
vertex 67.22782135009766 -51.34065246582031 -0.5
vertex 66.81924438476562 -51.64836502075195 -0.5
endloop
endfacet
facet normal 0 0 1
outer loop
vertex 66.81924438476562 -51.64836502075195 -0.5
vertex 66.35995483398438 -51.87349319458008 -0.5
vertex 67.39923858642578 -54.14814376831055 -0.5
endloop
endfacet
facet normal 0 0 1
outer loop
vertex 65.74053192138672 42.86152648925781 -0.5
vertex 68.11094665527344 42.118221282958984 -0.5
vertex 67.3409423828125 42.50215530395508 -0.5
endloop
endfacet
facet normal 0 0 1
outer loop
vertex -20.55694007873535 42.91170883178711 -0.5
vertex -39.36130142211914 44.32387161254883 -0.5
vertex -21.57587432861328 40.51811599731445 -0.5
endloop
endfacet
facet normal 0 0 1
outer loop
vertex -20.55694007873535 42.91170883178711 -0.5
vertex -38.170806884765625 46.628753662109375 -0.5
vertex -39.36130142211914 44.32387161254883 -0.5
endloop
endfacet
facet normal 0 0 1
outer loop
vertex -39.181461334228516 -53.84765625 -0.5
vertex -39.181461334228516 -56.51266098022461 -0.5
vertex -38.19227600097656 -56.426116943359375 -0.5
endloop
endfacet
facet normal 0 0 1
outer loop
vertex 70.60047149658203 -27.667348861694336 -0.5
vertex 69.10047149658203 -27.66697120666504 -0.5
vertex 70.59989166259766 -29.957780838012695 -0.5
endloop
endfacet
facet normal 0 0 1
outer loop
vertex -49.551761627197266 22.142282485961914 -0.5
vertex -59.496543884277344 23.569913864135742 -0.5
vertex -59.131771087646484 23.282651901245117 -0.5
endloop
endfacet
facet normal 0 0 1
outer loop
vertex -39.181461334228516 -53.84765625 -0.5
vertex -38.19227600097656 -56.426116943359375 -0.5
vertex -36.845298767089844 -56.0651969909668 -0.5
endloop
endfacet
facet normal 0 0 1
outer loop
vertex -39.181461334228516 -53.84765625 -0.5
vertex -36.845298767089844 -56.0651969909668 -0.5
vertex -35.581459045410156 -55.475860595703125 -0.5
endloop
endfacet
facet normal 0 0 1
outer loop
vertex 69.09471893310547 -50.457401275634766 -0.5
vertex 68.11695098876953 37.67329406738281 -0.5
vertex 68.09953308105469 -49.54037857055664 -0.5
endloop
endfacet
facet normal 0 0 1
outer loop
vertex -39.181461334228516 -53.84765625 -0.5
vertex -35.581459045410156 -55.475860595703125 -0.5
vertex -35.081459045410156 -54.54363250732422 -0.5
endloop
endfacet
facet normal 0 0 1
outer loop
vertex -60.1057243347168 23.904491424560547 -0.5
vertex -60.0638542175293 23.884967803955078 -0.5
vertex -49.551761627197266 22.142282485961914 -0.5
endloop
endfacet
facet normal 0 0 1
outer loop
vertex 68.16409301757812 -53.75404739379883 -0.5
vertex 66.81924438476562 -51.64836502075195 -0.5
vertex 67.39923858642578 -54.14814376831055 -0.5
endloop
endfacet
facet normal 0 0 1
outer loop
vertex -33.89011764526367 -53.80959701538086 -0.5
vertex -39.181461334228516 -53.84765625 -0.5
vertex -35.081459045410156 -54.54363250732422 -0.5
endloop
endfacet
facet normal 0 0 1
outer loop
vertex 69.09471893310547 -50.457401275634766 -0.5
vertex 69.09989166259766 -29.9574031829834 -0.5
vertex 68.11695098876953 37.67329406738281 -0.5
endloop
endfacet
facet normal 0 0 1
outer loop
vertex -39.98146057128906 -56.51266098022461 -0.5
vertex -39.98146057128906 -53.84765625 -0.5
vertex -42.317623138427734 -56.0651969909668 -0.5
endloop
endfacet
facet normal 0 0 1
outer loop
vertex 69.09989166259766 -29.9574031829834 -0.5
vertex 69.10047149658203 -27.66697120666504 -0.5
vertex 68.11695098876953 37.67329406738281 -0.5
endloop
endfacet
facet normal 0 0 1
outer loop
vertex -56.476192474365234 1.0894736051559448 -0.5
vertex -57.976192474365234 1.0893880128860474 -0.5
vertex -56.47590255737305 -3.977792263031006 -0.5
endloop
endfacet
facet normal 0 0 1
outer loop
vertex -49.551761627197266 22.142282485961914 -0.5
vertex -60.0638542175293 23.884967803955078 -0.5
vertex -59.56794357299805 23.616928100585938 -0.5
endloop
endfacet
facet normal 0 0 1
outer loop
vertex 69.10564422607422 -7.166971206665039 -0.5
vertex 70.60564422607422 -7.167349338531494 -0.5
vertex 69.10621643066406 -4.8765387535095215 -0.5
endloop
endfacet
facet normal 0 0 1
outer loop
vertex 65.74053192138672 42.86152648925781 -0.5
vertex 67.3409423828125 42.50215530395508 -0.5
vertex 66.59500122070312 42.735626220703125 -0.5
endloop
endfacet
facet normal 0 0 1
outer loop
vertex 66.1141128540039 40.28146743774414 -0.5
vertex 65.74053192138672 42.86152648925781 -0.5
vertex 65.60967254638672 40.366146087646484 -0.5
endloop
endfacet
facet normal 0 0 1
outer loop
vertex -57.97444534301758 -29.545143127441406 -0.5
vertex -56.47444534301758 -29.54505729675293 -0.5
vertex -57.974735260009766 -24.47787857055664 -0.5
endloop
endfacet
facet normal 0 0 1
outer loop
vertex -68.3955078125 27.574745178222656 -0.5
vertex -66.56256103515625 29.370742797851562 -0.5
vertex -66.99378967285156 29.645816802978516 -0.5
endloop
endfacet
facet normal 0 0 1
outer loop
vertex 70.60621643066406 -4.876917362213135 -0.5
vertex 69.10621643066406 -4.8765387535095215 -0.5
vertex 70.60564422607422 -7.167349338531494 -0.5
endloop
endfacet
facet normal 0 0 1
outer loop
vertex -57.29275131225586 51.89223098754883 -0.5
vertex -55.85847473144531 54.042457580566406 -0.5
vertex -56.242347717285156 54.187744140625 -0.5
endloop
endfacet
facet normal 0 0 1
outer loop
vertex -39.98146057128906 -53.84765625 -0.5
vertex -43.581459045410156 -55.475860595703125 -0.5
vertex -42.317623138427734 -56.0651969909668 -0.5
endloop
endfacet
facet normal 0 0 1
outer loop
vertex -57.974735260009766 -24.47787857055664 -0.5
vertex -56.47444534301758 -29.54505729675293 -0.5
vertex -56.474735260009766 -24.477792739868164 -0.5
endloop
endfacet
facet normal 0 0 1
outer loop
vertex -57.799564361572266 51.96126937866211 -0.5
vertex -56.242347717285156 54.187744140625 -0.5
vertex -57.08860397338867 54.396644592285156 -0.5
endloop
endfacet
facet normal 0 0 1
outer loop
vertex -49.551761627197266 22.142282485961914 -0.5
vertex -59.56794357299805 23.616928100585938 -0.5
vertex -59.496543884277344 23.569913864135742 -0.5
endloop
endfacet
facet normal 0 0 1
outer loop
vertex -57.799564361572266 51.96126937866211 -0.5
vertex -57.08860397338867 54.396644592285156 -0.5
vertex -57.86751937866211 54.46117401123047 -0.5
endloop
endfacet
facet normal 0 0 1
outer loop
vertex -70.53024291992188 31.816022872924805 -0.5
vertex -70.46638488769531 30.957979202270508 -0.5
vertex -68.89173126220703 32.85993194580078 -0.5
endloop
endfacet
facet normal 0 0 1
outer loop
vertex -70.46638488769531 30.957979202270508 -0.5
vertex -70.28553771972656 30.197566986083984 -0.5
vertex -67.96125030517578 32.39055252075195 -0.5
endloop
endfacet
facet normal 0 0 1
outer loop
vertex -67.96125030517578 32.39055252075195 -0.5
vertex -68.89173126220703 32.85993194580078 -0.5
vertex -70.46638488769531 30.957979202270508 -0.5
endloop
endfacet
facet normal 0 0 1
outer loop
vertex -40.970645904541016 -56.426116943359375 -0.5
vertex -39.98146057128906 -56.51266098022461 -0.5
vertex -42.317623138427734 -56.0651969909668 -0.5
endloop
endfacet
facet normal 0 0 1
outer loop
vertex -58.75809097290039 22.890981674194336 -0.5
vertex -58.71147155761719 22.829364776611328 -0.5
vertex -49.551761627197266 22.142282485961914 -0.5
endloop
endfacet
facet normal 0 0 1
outer loop
vertex -58.71147155761719 22.829364776611328 -0.5
vertex -58.45014190673828 22.44558334350586 -0.5
vertex -49.551761627197266 22.142282485961914 -0.5
endloop
endfacet
facet normal 0 0 1
outer loop
vertex -56.47736358642578 21.589473724365234 -0.5
vertex -58.21460723876953 21.95800018310547 -0.5
vertex -58.18894577026367 21.88511848449707 -0.5
endloop
endfacet
facet normal 0 0 1
outer loop
vertex -58.18894577026367 21.88511848449707 -0.5
vertex -58.10076141357422 21.589380264282227 -0.5
vertex -56.47736358642578 21.589473724365234 -0.5
endloop
endfacet
facet normal 0 0 1
outer loop
vertex -39.98146057128906 -53.84765625 -0.5
vertex -45.272804260253906 -53.80959701538086 -0.5
vertex -44.081459045410156 -54.538604736328125 -0.5
endloop
endfacet
facet normal 0 0 1
outer loop
vertex -70.46564483642578 32.594932556152344 -0.5
vertex -70.53024291992188 31.816022872924805 -0.5
vertex -68.89173126220703 32.85993194580078 -0.5
endloop
endfacet
facet normal 0 0 1
outer loop
vertex -39.98146057128906 -53.84765625 -0.5
vertex -44.081459045410156 -54.538604736328125 -0.5
vertex -44.081459045410156 -55.125755310058594 -0.5
endloop
endfacet
facet normal 0 0 1
outer loop
vertex -57.799564361572266 51.96126937866211 -0.5
vertex -57.29275131225586 51.89223098754883 -0.5
vertex -56.242347717285156 54.187744140625 -0.5
endloop
endfacet
facet normal 0 0 1
outer loop
vertex -49.551761627197266 22.142282485961914 -0.5
vertex -59.131771087646484 23.282651901245117 -0.5
vertex -59.075321197509766 23.23002052307129 -0.5
endloop
endfacet
facet normal 0 0 1
outer loop
vertex -20.759815216064453 40.372344970703125 -0.5
vertex 65.74053192138672 42.86152648925781 -0.5
vertex -20.049209594726562 42.87234878540039 -0.5
endloop
endfacet
facet normal 0 0 1
outer loop
vertex -67.65792083740234 27.124773025512695 -0.5
vertex -60.1057243347168 23.904491424560547 -0.5
vertex -49.551761627197266 22.142282485961914 -0.5
endloop
endfacet
facet normal 0 0 1
outer loop
vertex -68.3955078125 27.574745178222656 -0.5
vertex -49.551761627197266 22.142282485961914 -0.5
vertex -66.56256103515625 29.370742797851562 -0.5
endloop
endfacet
facet normal 0 0 1
outer loop
vertex -59.075321197509766 23.23002052307129 -0.5
vertex -58.75809097290039 22.890981674194336 -0.5
vertex -49.551761627197266 22.142282485961914 -0.5
endloop
endfacet
facet normal 0 0 1
outer loop
vertex -39.98146057128906 -53.84765625 -0.5
vertex -44.081459045410156 -55.125755310058594 -0.5
vertex -43.581459045410156 -55.475860595703125 -0.5
endloop
endfacet
facet normal 0 0 1
outer loop
vertex -58.41365432739258 22.37748146057129 -0.5
vertex -58.21460723876953 21.95800018310547 -0.5
vertex -49.551761627197266 22.142282485961914 -0.5
endloop
endfacet
facet normal 0 0 1
outer loop
vertex -58.45014190673828 22.44558334350586 -0.5
vertex -58.41365432739258 22.37748146057129 -0.5
vertex -49.551761627197266 22.142282485961914 -0.5
endloop
endfacet
facet normal 0 0 1
outer loop
vertex -56.47736358642578 21.589473724365234 -0.5
vertex -49.551761627197266 22.142282485961914 -0.5
vertex -58.21460723876953 21.95800018310547 -0.5
endloop
endfacet
facet normal 0 0 1
outer loop
vertex 26.00667953491211 -52.407657623291016 -0.5
vertex -26.99332046508789 -52.407657623291016 -0.5
vertex -27.317541122436523 -54.59103012084961 -0.5
endloop
endfacet
facet normal 0 0 1
outer loop
vertex 67.39923858642578 -54.14814376831055 -0.5
vertex 66.35995483398438 -51.87349319458008 -0.5
vertex 65.866455078125 -52.007957458496094 -0.5
endloop
endfacet
facet normal 0 0 1
outer loop
vertex 65.866455078125 -52.007957458496094 -0.5
vertex 65.40667724609375 -52.04765701293945 -0.5
vertex 65.3868408203125 -54.54765701293945 -0.5
endloop
endfacet
facet normal 0 0 1
outer loop
vertex 65.40667724609375 -52.04765701293945 -0.5
vertex 62.28643798828125 -52.04814910888672 -0.5
vertex 62.35871124267578 -52.156314849853516 -0.5
endloop
endfacet
facet normal 0 0 1
outer loop
vertex 65.40667724609375 -52.04765701293945 -0.5
vertex 62.39677429199219 -52.34765625 -0.5
vertex 65.3868408203125 -54.54765701293945 -0.5
endloop
endfacet
facet normal 0 0 1
outer loop
vertex 65.40667724609375 -52.04765701293945 -0.5
vertex 62.35871124267578 -52.156314849853516 -0.5
vertex 62.39677429199219 -52.34765625 -0.5
endloop
endfacet
facet normal 0 0 1
outer loop
vertex 67.39923858642578 -54.14814376831055 -0.5
vertex 65.866455078125 -52.007957458496094 -0.5
vertex 66.65702819824219 -54.393070220947266 -0.5
endloop
endfacet
facet normal 0 0 1
outer loop
vertex 65.866455078125 -52.007957458496094 -0.5
vertex 65.79638671875 -54.53141784667969 -0.5
vertex 66.65702819824219 -54.393070220947266 -0.5
endloop
endfacet
facet normal 0 0 1
outer loop
vertex -56.474735260009766 -24.477792739868164 -0.5
vertex -51.25362014770508 -49.807430267333984 -0.5
vertex -56.47590255737305 -3.977792263031006 -0.5
endloop
endfacet
facet normal 0 0 1
outer loop
vertex 69.10047149658203 -27.66697120666504 -0.5
vertex 69.10564422607422 -7.166971206665039 -0.5
vertex 68.11695098876953 37.67329406738281 -0.5
endloop
endfacet
facet normal 0 0 1
outer loop
vertex -67.96125030517578 32.39055252075195 -0.5
vertex -60.312435150146484 50.493263244628906 -0.5
vertex -60.87026596069336 51.725406646728516 -0.5
endloop
endfacet
facet normal 0 0 1
outer loop
vertex -56.47590255737305 -3.977792263031006 -0.5
vertex -51.25362014770508 -49.807430267333984 -0.5
vertex -56.476192474365234 1.0894736051559448 -0.5
endloop
endfacet
facet normal 0 0 1
outer loop
vertex 69.10564422607422 -7.166971206665039 -0.5
vertex 69.10621643066406 -4.8765387535095215 -0.5
vertex 68.11695098876953 37.67329406738281 -0.5
endloop
endfacet
facet normal 0 0 1
outer loop
vertex 65.866455078125 -52.007957458496094 -0.5
vertex 65.3868408203125 -54.54765701293945 -0.5
vertex 65.79638671875 -54.53141784667969 -0.5
endloop
endfacet
facet normal 0 0 1
outer loop
vertex -51.25362014770508 -49.807430267333984 -0.5
vertex -51.28617477416992 17.345067977905273 -0.5
vertex -56.47736358642578 21.589473724365234 -0.5
endloop
endfacet
facet normal 0 0 1
outer loop
vertex 62.39677429199219 -52.34765625 -0.5
vertex 62.39677429199219 -53.34765625 -0.5
vertex 65.3868408203125 -54.54765701293945 -0.5
endloop
endfacet
facet normal 0 0 1
outer loop
vertex 68.11695098876953 37.67329406738281 -0.5
vertex 69.10621643066406 -4.8765387535095215 -0.5
vertex 69.11138916015625 15.62346076965332 -0.5
endloop
endfacet
facet normal 0 0 1
outer loop
vertex -45.543399810791016 -52.156314849853516 -0.5
vertex -45.466758728027344 -52.04161071777344 -0.5
vertex -48.786041259765625 -52.04050827026367 -0.5
endloop
endfacet
facet normal 0 0 1
outer loop
vertex 62.39677429199219 -53.34765625 -0.5
vertex 62.35871124267578 -53.538997650146484 -0.5
vertex 65.3868408203125 -54.54765701293945 -0.5
endloop
endfacet
facet normal 0 0 1
outer loop
vertex 69.11138916015625 15.62346076965332 -0.5
vertex 70.61138916015625 15.623082160949707 -0.5
vertex 69.11196899414062 17.91389274597168 -0.5
endloop
endfacet
facet normal 0 0 1
outer loop
vertex -45.581459045410156 -52.34765625 -0.5
vertex -45.543399810791016 -52.156314849853516 -0.5
vertex -48.786041259765625 -52.04050827026367 -0.5
endloop
endfacet
facet normal 0 0 1
outer loop
vertex -51.28617477416992 17.345067977905273 -0.5
vertex -51.20149230957031 17.849502563476562 -0.5
vertex -56.47736358642578 21.589473724365234 -0.5
endloop
endfacet
facet normal 0 0 1
outer loop
vertex -45.581459045410156 -53.34765625 -0.5
vertex -45.581459045410156 -52.34765625 -0.5
vertex -48.786041259765625 -52.04050827026367 -0.5
endloop
endfacet
facet normal 0 0 1
outer loop
vertex -45.272804260253906 -53.80959701538086 -0.5
vertex -48.93927764892578 -54.535892486572266 -0.5
vertex -44.081459045410156 -54.538604736328125 -0.5
endloop
endfacet
facet normal 0 0 1
outer loop
vertex -45.272804260253906 -53.80959701538086 -0.5
vertex -45.43501281738281 -53.701210021972656 -0.5
vertex -48.93927764892578 -54.535892486572266 -0.5
endloop
endfacet
facet normal 0 0 1
outer loop
vertex 62.35871124267578 -53.538997650146484 -0.5
vertex 62.25032424926758 -53.701210021972656 -0.5
vertex 65.3868408203125 -54.54765701293945 -0.5
endloop
endfacet
facet normal 0 0 1
outer loop
vertex 70.61196899414062 17.91351318359375 -0.5
vertex 69.11196899414062 17.91389274597168 -0.5
vertex 70.61138916015625 15.623082160949707 -0.5
endloop
endfacet
facet normal 0 0 1
outer loop
vertex -45.543399810791016 -53.538997650146484 -0.5
vertex -45.581459045410156 -53.34765625 -0.5
vertex -48.93927764892578 -54.535892486572266 -0.5
endloop
endfacet
facet normal 0 0 1
outer loop
vertex 69.11138916015625 15.62346076965332 -0.5
vertex 69.11196899414062 17.91389274597168 -0.5
vertex 68.11695098876953 37.67329406738281 -0.5
endloop
endfacet
facet normal 0 0 1
outer loop
vertex -45.43501281738281 -53.701210021972656 -0.5
vertex -45.543399810791016 -53.538997650146484 -0.5
vertex -48.93927764892578 -54.535892486572266 -0.5
endloop
endfacet
facet normal 0 0 1
outer loop
vertex 62.25032424926758 -53.701210021972656 -0.5
vertex 62.08811569213867 -53.80959701538086 -0.5
vertex 65.3868408203125 -54.54765701293945 -0.5
endloop
endfacet
facet normal 0 0 1
outer loop
vertex 62.08811569213867 -53.80959701538086 -0.5
vertex 60.89677429199219 -54.54812240600586 -0.5
vertex 65.3868408203125 -54.54765701293945 -0.5
endloop
endfacet
facet normal 0 0 1
outer loop
vertex -51.20149230957031 17.849502563476562 -0.5
vertex -51.023193359375 18.32891273498535 -0.5
vertex -56.47736358642578 21.589473724365234 -0.5
endloop
endfacet
facet normal 0 0 1
outer loop
vertex -67.65792083740234 27.124773025512695 -0.5
vertex -49.551761627197266 22.142282485961914 -0.5
vertex -68.3955078125 27.574745178222656 -0.5
endloop
endfacet
facet normal 0 0 1
outer loop
vertex -38.170806884765625 46.628753662109375 -0.5
vertex -38.710411071777344 46.77497100830078 -0.5
vertex -39.36130142211914 44.32387161254883 -0.5
endloop
endfacet
facet normal 0 0 1
outer loop
vertex -38.710411071777344 46.77497100830078 -0.5
vertex -38.775333404541016 46.7954216003418 -0.5
vertex -39.36130142211914 44.32387161254883 -0.5
endloop
endfacet
facet normal 0 0 1
outer loop
vertex -69.95799255371094 29.401931762695312 -0.5
vertex -69.54962921142578 28.735471725463867 -0.5
vertex -67.36540222167969 29.99728775024414 -0.5
endloop
endfacet
facet normal 0 0 1
outer loop
vertex -45.581459045410156 -53.34765625 -0.5
vertex -48.786041259765625 -52.04050827026367 -0.5
vertex -48.93927764892578 -54.535892486572266 -0.5
endloop
endfacet
facet normal 0 0 1
outer loop
vertex -51.25362014770508 -49.807430267333984 -0.5
vertex -56.47736358642578 21.589473724365234 -0.5
vertex -56.476192474365234 1.0894736051559448 -0.5
endloop
endfacet
facet normal 0 0 1
outer loop
vertex -70.28553771972656 30.197566986083984 -0.5
vertex -69.95799255371094 29.401931762695312 -0.5
vertex -67.66404724121094 30.412538528442383 -0.5
endloop
endfacet
facet normal 0 0 1
outer loop
vertex -51.023193359375 18.32891273498535 -0.5
vertex -50.75767135620117 18.766090393066406 -0.5
vertex -56.47736358642578 21.589473724365234 -0.5
endloop
endfacet
facet normal 0 0 1
outer loop
vertex -50.75767135620117 18.766090393066406 -0.5
vertex -50.41446304321289 19.145341873168945 -0.5
vertex -56.47736358642578 21.589473724365234 -0.5
endloop
endfacet
facet normal 0 0 1
outer loop
vertex -50.41446304321289 19.145341873168945 -0.5
vertex -49.551761627197266 22.142282485961914 -0.5
vertex -56.47736358642578 21.589473724365234 -0.5
endloop
endfacet
facet normal 0 0 1
outer loop
vertex -50.41446304321289 19.145341873168945 -0.5
vertex -50.0284309387207 19.438955307006836 -0.5
vertex -49.551761627197266 22.142282485961914 -0.5
endloop
endfacet
facet normal 0 0 1
outer loop
vertex -26.99332046508789 -52.407657623291016 -0.5
vertex -26.99332046508789 -52.1076545715332 -0.5
vertex -27.841157913208008 -54.551124572753906 -0.5
endloop
endfacet
facet normal 0 0 1
outer loop
vertex -26.99332046508789 -52.1076545715332 -0.5
vertex -27.21401596069336 -52.071956634521484 -0.5
vertex -27.841157913208008 -54.551124572753906 -0.5
endloop
endfacet
facet normal 0 0 1
outer loop
vertex -27.21401596069336 -52.071956634521484 -0.5
vertex -27.275890350341797 -52.04765701293945 -0.5
vertex -27.880517959594727 -54.54767990112305 -0.5
endloop
endfacet
facet normal 0 0 1
outer loop
vertex -26.99332046508789 -52.407657623291016 -0.5
vertex -27.841157913208008 -54.551124572753906 -0.5
vertex -27.317541122436523 -54.59103012084961 -0.5
endloop
endfacet
facet normal 0 0 1
outer loop
vertex -27.21401596069336 -52.071956634521484 -0.5
vertex -27.880517959594727 -54.54767990112305 -0.5
vertex -27.841157913208008 -54.551124572753906 -0.5
endloop
endfacet
facet normal 0 0 1
outer loop
vertex -69.54962921142578 28.735471725463867 -0.5
vertex -68.99089050292969 28.08115577697754 -0.5
vertex -66.99378967285156 29.645816802978516 -0.5
endloop
endfacet
facet normal -0.0017259212907987488 0.010250781902649239 0.9999459698734138
outer loop
vertex -68.89173126220703 32.85993194580078 -0.5
vertex -70.2646484375 33.443687438964844 -0.5083539485931396
vertex -70.46564483642578 32.594932556152344 -0.5
endloop
endfacet
facet normal 0 0 1
outer loop
vertex -27.275890350341797 -52.04765701293945 -0.5
vertex -33.61952209472656 -53.538997650146484 -0.5
vertex -27.880517959594727 -54.54767990112305 -0.5
endloop
endfacet
facet normal 0 0 1
outer loop
vertex -20.759815216064453 40.372344970703125 -0.5
vertex -20.049209594726562 42.87234878540039 -0.5
vertex -20.082956314086914 42.87348937988281 -0.5
endloop
endfacet
facet normal 0 0 1
outer loop
vertex -27.275890350341797 -52.04765701293945 -0.5
vertex -33.61952209472656 -52.156314849853516 -0.5
vertex -33.581459045410156 -52.34765625 -0.5
endloop
endfacet
facet normal 0 0 1
outer loop
vertex 62.08811569213867 -53.80959701538086 -0.5
vertex 61.89677429199219 -53.84765625 -0.5
vertex 60.89677429199219 -54.54812240600586 -0.5
endloop
endfacet
facet normal 0 0 1
outer loop
vertex 60.39677429199219 -55.475860595703125 -0.5
vertex 60.89677429199219 -55.125755310058594 -0.5
vertex 60.89677429199219 -54.54812240600586 -0.5
endloop
endfacet
facet normal 0 0 1
outer loop
vertex 60.89677429199219 -54.54812240600586 -0.5
vertex 61.89677429199219 -53.84765625 -0.5
vertex 56.79677200317383 -53.84765625 -0.5
endloop
endfacet
facet normal 0 0 1
outer loop
vertex 60.89677429199219 -54.54812240600586 -0.5
vertex 56.79677200317383 -53.84765625 -0.5
vertex 60.39677429199219 -55.475860595703125 -0.5
endloop
endfacet
facet normal 0 0 1
outer loop
vertex 56.79677200317383 -53.84765625 -0.5
vertex 59.1329345703125 -56.0651969909668 -0.5
vertex 60.39677429199219 -55.475860595703125 -0.5
endloop
endfacet
facet normal 0 0 1
outer loop
vertex 56.79677200317383 -53.84765625 -0.5
vertex 57.78595733642578 -56.426116943359375 -0.5
vertex 59.1329345703125 -56.0651969909668 -0.5
endloop
endfacet
facet normal 0 0 1
outer loop
vertex 56.79677200317383 -53.84765625 -0.5
vertex 56.79677200317383 -56.51266098022461 -0.5
vertex 57.78595733642578 -56.426116943359375 -0.5
endloop
endfacet
facet normal 0 0 1
outer loop
vertex -70.28553771972656 30.197566986083984 -0.5
vertex -67.87902069091797 30.876665115356445 -0.5
vertex -68.00259399414062 31.37300682067871 -0.5
endloop
endfacet
facet normal 0 0 1
outer loop
vertex -70.28553771972656 30.197566986083984 -0.5
vertex -68.00259399414062 31.37300682067871 -0.5
vertex -68.03033447265625 31.883747100830078 -0.5
endloop
endfacet
facet normal 0 0 1
outer loop
vertex -60.87026596069336 51.725406646728516 -0.5
vertex -57.86751937866211 54.46117401123047 -0.5
vertex -58.72555923461914 54.39723587036133 -0.5
endloop
endfacet
facet normal 0 0 1
outer loop
vertex -60.87026596069336 51.725406646728516 -0.5
vertex -58.72555923461914 54.39723587036133 -0.5
vertex -59.48595428466797 54.21631622314453 -0.5
endloop
endfacet
facet normal 0 0 1
outer loop
vertex 51.89677429199219 -54.54905319213867 -0.5
vertex 52.39677429199219 -55.475860595703125 -0.5
vertex 55.99677276611328 -53.84765625 -0.5
endloop
endfacet
facet normal 0 0 1
outer loop
vertex -68.03033447265625 31.883747100830078 -0.5
vertex -67.96125030517578 32.39055252075195 -0.5
vertex -70.28553771972656 30.197566986083984 -0.5
endloop
endfacet
facet normal 0 0 1
outer loop
vertex -68.99089050292969 28.08115577697754 -0.5
vertex -68.3955078125 27.574745178222656 -0.5
vertex -66.99378967285156 29.645816802978516 -0.5
endloop
endfacet
facet normal 0 0 1
outer loop
vertex -69.54962921142578 28.735471725463867 -0.5
vertex -66.99378967285156 29.645816802978516 -0.5
vertex -67.36540222167969 29.99728775024414 -0.5
endloop
endfacet
facet normal 0 0 1
outer loop
vertex -60.87026596069336 51.725406646728516 -0.5
vertex -68.89173126220703 32.85993194580078 -0.5
vertex -67.96125030517578 32.39055252075195 -0.5
endloop
endfacet
facet normal 0 0 1
outer loop
vertex -58.310302734375 51.93347930908203 -0.5
vertex -57.799564361572266 51.96126937866211 -0.5
vertex -57.86751937866211 54.46117401123047 -0.5
endloop
endfacet
facet normal 0 0 1
outer loop
vertex -58.80663299560547 51.80986022949219 -0.5
vertex -58.310302734375 51.93347930908203 -0.5
vertex -57.86751937866211 54.46117401123047 -0.5
endloop
endfacet
facet normal 0 0 1
outer loop
vertex -57.86751937866211 54.46117401123047 -0.5
vertex -60.87026596069336 51.725406646728516 -0.5
vertex -58.80663299560547 51.80986022949219 -0.5
endloop
endfacet
facet normal 0 0 1
outer loop
vertex -59.2707405090332 51.5948486328125 -0.5
vertex -58.80663299560547 51.80986022949219 -0.5
vertex -60.87026596069336 51.725406646728516 -0.5
endloop
endfacet
facet normal 0 0 1
outer loop
vertex -59.48595428466797 54.21631622314453 -0.5
vertex -60.281558990478516 53.88869857788086 -0.5
vertex -60.87026596069336 51.725406646728516 -0.5
endloop
endfacet
facet normal 0 0 1
outer loop
vertex 55.99677276611328 -56.51266098022461 -0.5
vertex 55.99677276611328 -53.84765625 -0.5
vertex 52.39677429199219 -55.475860595703125 -0.5
endloop
endfacet
facet normal 0 0 1
outer loop
vertex 53.66061019897461 -56.0651969909668 -0.5
vertex 55.00758743286133 -56.426116943359375 -0.5
vertex 55.99677276611328 -56.51266098022461 -0.5
endloop
endfacet
facet normal 0 0 1
outer loop
vertex -51.25362014770508 -49.807430267333984 -0.5
vertex -56.48435592651367 -52.952857971191406 -0.5
vertex -56.06686019897461 -53.334529876708984 -0.5
endloop
endfacet
facet normal 0 0 1
outer loop
vertex -27.275890350341797 -52.04765701293945 -0.5
vertex -33.581459045410156 -52.34765625 -0.5
vertex -33.581459045410156 -53.34765625 -0.5
endloop
endfacet
facet normal 0 0 1
outer loop
vertex -27.275890350341797 -52.04765701293945 -0.5
vertex -33.581459045410156 -53.34765625 -0.5
vertex -33.61952209472656 -53.538997650146484 -0.5
endloop
endfacet
facet normal 0 0 1
outer loop
vertex -33.61952209472656 -53.538997650146484 -0.5
vertex -33.727909088134766 -53.701210021972656 -0.5
vertex -27.880517959594727 -54.54767990112305 -0.5
endloop
endfacet
facet normal 0 0 1
outer loop
vertex -33.727909088134766 -53.701210021972656 -0.5
vertex -33.89011764526367 -53.80959701538086 -0.5
vertex -27.880517959594727 -54.54767990112305 -0.5
endloop
endfacet
facet normal 0 0 1
outer loop
vertex -33.89011764526367 -53.80959701538086 -0.5
vertex -35.081459045410156 -54.54363250732422 -0.5
vertex -27.880517959594727 -54.54767990112305 -0.5
endloop
endfacet
facet normal 0 0 1
outer loop
vertex -35.581459045410156 -55.475860595703125 -0.5
vertex -35.081459045410156 -55.125755310058594 -0.5
vertex -35.081459045410156 -54.54363250732422 -0.5
endloop
endfacet
facet normal 0 0 1
outer loop
vertex -57.29275131225586 51.89223098754883 -0.5
vertex -38.775333404541016 46.7954216003418 -0.5
vertex -55.85847473144531 54.042457580566406 -0.5
endloop
endfacet
facet normal 0 0 1
outer loop
vertex -57.6735954284668 -51.04763412475586 -0.5
vertex -57.45606994628906 -51.569801330566406 -0.5
vertex -56.4732780456543 -50.04505920410156 -0.5
endloop
endfacet
facet normal 0 0 1
outer loop
vertex -57.6735954284668 -51.04763412475586 -0.5
vertex -56.4732780456543 -50.04505920410156 -0.5
vertex -57.833099365234375 -50.50492477416992 -0.5
endloop
endfacet
facet normal 0 0 1
outer loop
vertex -57.45606994628906 -51.569801330566406 -0.5
vertex -57.18309783935547 -52.06523895263672 -0.5
vertex -56.4732780456543 -50.04505920410156 -0.5
endloop
endfacet
facet normal 0 0 1
outer loop
vertex -48.786041259765625 -52.04050827026367 -0.5
vertex -49.29047775268555 -51.95582962036133 -0.5
vertex -52.93891143798828 -54.50868225097656 -0.5
endloop
endfacet
facet normal 0 0 1
outer loop
vertex -56.4732780456543 -50.04505920410156 -0.5
vertex -57.91533279418945 -50.04513931274414 -0.5
vertex -57.833099365234375 -50.50492477416992 -0.5
endloop
endfacet
facet normal 0 0 1
outer loop
vertex -56.85791015625 -52.5280876159668 -0.5
vertex -51.25362014770508 -49.807430267333984 -0.5
vertex -57.18309783935547 -52.06523895263672 -0.5
endloop
endfacet
facet normal 0 0 1
outer loop
vertex -56.85791015625 -52.5280876159668 -0.5
vertex -56.48435592651367 -52.952857971191406 -0.5
vertex -51.25362014770508 -49.807430267333984 -0.5
endloop
endfacet
facet normal 0 0 1
outer loop
vertex 26.739673614501953 -54.55165481567383 -0.5
vertex 51.89677429199219 -54.54905319213867 -0.5
vertex 55.99677276611328 -53.84765625 -0.5
endloop
endfacet
facet normal 0 0 1
outer loop
vertex 26.739673614501953 -54.55165481567383 -0.5
vertex 55.99677276611328 -53.84765625 -0.5
vertex 50.70542907714844 -53.80959701538086 -0.5
endloop
endfacet
facet normal 0 0 1
outer loop
vertex -51.25362014770508 -49.807430267333984 -0.5
vertex -56.06686019897461 -53.334529876708984 -0.5
vertex -55.61036682128906 -53.668575286865234 -0.5
endloop
endfacet
facet normal 0 0 1
outer loop
vertex -51.25362014770508 -49.807430267333984 -0.5
vertex -55.61036682128906 -53.668575286865234 -0.5
vertex -55.120277404785156 -53.951045989990234 -0.5
endloop
endfacet
facet normal 0 0 1
outer loop
vertex 26.739673614501953 -54.55165481567383 -0.5
vertex 50.43483352661133 -52.156314849853516 -0.5
vertex 50.505863189697266 -52.05000686645508 -0.5
endloop
endfacet
facet normal 0 0 1
outer loop
vertex 26.739673614501953 -54.55165481567383 -0.5
vertex 50.39677429199219 -52.34765625 -0.5
vertex 50.43483352661133 -52.156314849853516 -0.5
endloop
endfacet
facet normal 0 0 1
outer loop
vertex -54.60240173339844 -54.178592681884766 -0.5
vertex -51.25362014770508 -49.807430267333984 -0.5
vertex -55.120277404785156 -53.951045989990234 -0.5
endloop
endfacet
facet normal 0 0 1
outer loop
vertex 26.739673614501953 -54.55165481567383 -0.5
vertex 50.39677429199219 -53.34765625 -0.5
vertex 50.39677429199219 -52.34765625 -0.5
endloop
endfacet
facet normal 0 0 1
outer loop
vertex 26.739673614501953 -54.55165481567383 -0.5
vertex 50.43483352661133 -53.538997650146484 -0.5
vertex 50.39677429199219 -53.34765625 -0.5
endloop
endfacet
facet normal 0 0 1
outer loop
vertex 26.739673614501953 -54.55165481567383 -0.5
vertex 50.70542907714844 -53.80959701538086 -0.5
vertex 50.54322052001953 -53.701210021972656 -0.5
endloop
endfacet
facet normal 0 0 1
outer loop
vertex 26.739673614501953 -54.55165481567383 -0.5
vertex 50.54322052001953 -53.701210021972656 -0.5
vertex 50.43483352661133 -53.538997650146484 -0.5
endloop
endfacet
facet normal 0 0 1
outer loop
vertex -54.60240173339844 -54.178592681884766 -0.5
vertex -54.0628662109375 -54.3485221862793 -0.5
vertex -51.25362014770508 -49.807430267333984 -0.5
endloop
endfacet
facet normal 0 0 1
outer loop
vertex -56.4732780456543 -50.04505920410156 -0.5
vertex -57.18309783935547 -52.06523895263672 -0.5
vertex -51.25362014770508 -49.807430267333984 -0.5
endloop
endfacet
facet normal 0 0 1
outer loop
vertex -60.281558990478516 53.88869857788086 -0.5
vertex -60.94797897338867 53.48027038574219 -0.5
vertex -60.87026596069336 51.725406646728516 -0.5
endloop
endfacet
facet normal 0 0 1
outer loop
vertex -59.68596267700195 51.29616165161133 -0.5
vertex -59.2707405090332 51.5948486328125 -0.5
vertex -60.87026596069336 51.725406646728516 -0.5
endloop
endfacet
facet normal 0 0 1
outer loop
vertex -60.94797897338867 53.48027038574219 -0.5
vertex -61.60224533081055 52.921470642089844 -0.5
vertex -60.87026596069336 51.725406646728516 -0.5
endloop
endfacet
facet normal 0 0 1
outer loop
vertex -49.29047775268555 -51.95582962036133 -0.5
vertex -49.76988983154297 -51.777530670166016 -0.5
vertex -52.93891143798828 -54.50868225097656 -0.5
endloop
endfacet
facet normal 0 0 1
outer loop
vertex -61.60224533081055 52.921470642089844 -0.5
vertex -62.10860061645508 52.32604217529297 -0.5
vertex -60.87026596069336 51.725406646728516 -0.5
endloop
endfacet
facet normal 0 0 1
outer loop
vertex -62.10860061645508 52.32604217529297 -0.5
vertex -62.144493103027344 52.26719665527344 -0.5
vertex -60.87026596069336 51.725406646728516 -0.5
endloop
endfacet
facet normal 0 0 1
outer loop
vertex -38.775333404541016 46.7954216003418 -0.5
vertex -57.29275131225586 51.89223098754883 -0.5
vertex -39.36130142211914 44.32387161254883 -0.5
endloop
endfacet
facet normal 0 0 1
outer loop
vertex 65.74053192138672 42.86152648925781 -0.5
vertex -20.759815216064453 40.372344970703125 -0.5
vertex 65.60967254638672 40.366146087646484 -0.5
endloop
endfacet
facet normal 0 0 1
outer loop
vertex -69.95799255371094 29.401931762695312 -0.5
vertex -67.36540222167969 29.99728775024414 -0.5
vertex -67.66404724121094 30.412538528442383 -0.5
endloop
endfacet
facet normal 0 0 1
outer loop
vertex -70.28553771972656 30.197566986083984 -0.5
vertex -67.66404724121094 30.412538528442383 -0.5
vertex -67.87902069091797 30.876665115356445 -0.5
endloop
endfacet
facet normal 0 0 1
outer loop
vertex -56.4732780456543 -50.04505920410156 -0.5
vertex -51.25362014770508 -49.807430267333984 -0.5
vertex -56.47444534301758 -29.54505729675293 -0.5
endloop
endfacet
facet normal 0 0 1
outer loop
vertex -60.312435150146484 50.493263244628906 -0.5
vertex -60.03739929199219 50.92451858520508 -0.5
vertex -60.87026596069336 51.725406646728516 -0.5
endloop
endfacet
facet normal 0 0 1
outer loop
vertex -60.03739929199219 50.92451858520508 -0.5
vertex -59.68596267700195 51.29616165161133 -0.5
vertex -60.87026596069336 51.725406646728516 -0.5
endloop
endfacet
facet normal 0 0 1
outer loop
vertex 69.11714172363281 38.41389083862305 -0.5
vertex 70.54436492919922 38.41353225708008 -0.5
vertex 70.46236419677734 38.923641204833984 -0.5
endloop
endfacet
facet normal 0 0 1
outer loop
vertex 69.11714172363281 38.41389083862305 -0.5
vertex 70.46236419677734 38.923641204833984 -0.5
vertex 70.21743774414062 39.665855407714844 -0.5
endloop
endfacet
facet normal 0 0 1
outer loop
vertex -56.47444534301758 -29.54505729675293 -0.5
vertex -51.25362014770508 -49.807430267333984 -0.5
vertex -56.474735260009766 -24.477792739868164 -0.5
endloop
endfacet
facet normal 0 0 1
outer loop
vertex 67.71765899658203 39.08585739135742 -0.5
vertex 69.11714172363281 38.41389083862305 -0.5
vertex 70.21743774414062 39.665855407714844 -0.5
endloop
endfacet
facet normal 0 0 1
outer loop
vertex -57.97590255737305 -3.9778778553009033 -0.5
vertex -56.47590255737305 -3.977792263031006 -0.5
vertex -57.976192474365234 1.0893880128860474 -0.5
endloop
endfacet
facet normal 0 0 1
outer loop
vertex 50.505863189697266 -52.05000686645508 -0.5
vertex 26.275856018066406 -52.0538330078125 -0.5
vertex 26.00667953491211 -52.1076545715332 -0.5
endloop
endfacet
facet normal 0 0 1
outer loop
vertex 65.74053192138672 42.86152648925781 -0.5
vertex 70.21743774414062 39.665855407714844 -0.5
vertex 69.8233413696289 40.43070983886719 -0.5
endloop
endfacet
facet normal 0 0 1
outer loop
vertex 50.505863189697266 -52.05000686645508 -0.5
vertex 26.00667953491211 -52.1076545715332 -0.5
vertex 26.00667953491211 -52.407657623291016 -0.5
endloop
endfacet
facet normal 0 0 1
outer loop
vertex 26.739673614501953 -54.55165481567383 -0.5
vertex 50.505863189697266 -52.05000686645508 -0.5
vertex 26.00667953491211 -52.407657623291016 -0.5
endloop
endfacet
facet normal 0 0 1
outer loop
vertex 26.69611167907715 -54.55546951293945 -0.5
vertex 26.739673614501953 -54.55165481567383 -0.5
vertex 26.00667953491211 -52.407657623291016 -0.5
endloop
endfacet
facet normal 0 0 1
outer loop
vertex 67.40995025634766 39.49443817138672 -0.5
vertex 67.71765899658203 39.08585739135742 -0.5
vertex 70.21743774414062 39.665855407714844 -0.5
endloop
endfacet
facet normal 0 0 1
outer loop
vertex 68.11695098876953 37.67329406738281 -0.5
vertex 69.11196899414062 17.91389274597168 -0.5
vertex 69.11714172363281 38.41389083862305 -0.5
endloop
endfacet
facet normal 0 0 1
outer loop
vertex 66.59352111816406 40.10316848754883 -0.5
vertex 67.03070068359375 39.837646484375 -0.5
vertex 70.21743774414062 39.665855407714844 -0.5
endloop
endfacet
facet normal 0 0 1
outer loop
vertex 26.113693237304688 -54.60475540161133 -0.5
vertex 26.69611167907715 -54.55546951293945 -0.5
vertex 26.00667953491211 -52.407657623291016 -0.5
endloop
endfacet
facet normal 0 0 1
outer loop
vertex -53.508060455322266 -54.45882034301758 -0.5
vertex -52.93891143798828 -54.50868225097656 -0.5
vertex -51.11915969848633 -50.300933837890625 -0.5
endloop
endfacet
facet normal 0 0 1
outer loop
vertex -27.317541122436523 -54.59103012084961 -0.5
vertex 26.113693237304688 -54.60475540161133 -0.5
vertex 26.00667953491211 -52.407657623291016 -0.5
endloop
endfacet
facet normal 0 0 1
outer loop
vertex -48.786041259765625 -52.04050827026367 -0.5
vertex -52.93891143798828 -54.50868225097656 -0.5
vertex -49.36302185058594 -54.51270294189453 -0.5
endloop
endfacet
facet normal 0 0 1
outer loop
vertex -48.786041259765625 -52.04050827026367 -0.5
vertex -49.36302185058594 -54.51270294189453 -0.5
vertex -48.93927764892578 -54.535892486572266 -0.5
endloop
endfacet
facet normal 0 0 1
outer loop
vertex -54.0628662109375 -54.3485221862793 -0.5
vertex -53.508060455322266 -54.45882034301758 -0.5
vertex -51.25362014770508 -49.807430267333984 -0.5
endloop
endfacet
facet normal 0 0 1
outer loop
vertex -50.20706558227539 -51.51200866699219 -0.5
vertex -50.5863151550293 -51.168800354003906 -0.5
vertex -52.93891143798828 -54.50868225097656 -0.5
endloop
endfacet
facet normal 0 0 1
outer loop
vertex 67.03070068359375 39.837646484375 -0.5
vertex 67.40995025634766 39.49443817138672 -0.5
vertex 70.21743774414062 39.665855407714844 -0.5
endloop
endfacet
facet normal 0 0 1
outer loop
vertex 70.21743774414062 39.665855407714844 -0.5
vertex 65.74053192138672 42.86152648925781 -0.5
vertex 66.1141128540039 40.28146743774414 -0.5
endloop
endfacet
facet normal 0 0 1
outer loop
vertex -50.8940315246582 -50.76021957397461 -0.5
vertex -51.11915969848633 -50.300933837890625 -0.5
vertex -52.93891143798828 -54.50868225097656 -0.5
endloop
endfacet
facet normal 0 0 1
outer loop
vertex -51.11915969848633 -50.300933837890625 -0.5
vertex -51.25362014770508 -49.807430267333984 -0.5
vertex -53.508060455322266 -54.45882034301758 -0.5
endloop
endfacet
facet normal 0 0 1
outer loop
vertex -50.5863151550293 -51.168800354003906 -0.5
vertex -50.8940315246582 -50.76021957397461 -0.5
vertex -52.93891143798828 -54.50868225097656 -0.5
endloop
endfacet
facet normal 0 0 1
outer loop
vertex -49.76988983154297 -51.777530670166016 -0.5
vertex -50.20706558227539 -51.51200866699219 -0.5
vertex -52.93891143798828 -54.50868225097656 -0.5
endloop
endfacet
facet normal 0 0 1
outer loop
vertex 68.11695098876953 37.67329406738281 -0.5
vertex 69.11714172363281 38.41389083862305 -0.5
vertex 68.07725524902344 38.13307189941406 -0.5
endloop
endfacet
facet normal 0 0 1
outer loop
vertex 67.94278717041016 38.62657165527344 -0.5
vertex 68.07725524902344 38.13307189941406 -0.5
vertex 69.11714172363281 38.41389083862305 -0.5
endloop
endfacet
facet normal 0 0 1
outer loop
vertex 67.71765899658203 39.08585739135742 -0.5
vertex 67.94278717041016 38.62657165527344 -0.5
vertex 69.11714172363281 38.41389083862305 -0.5
endloop
endfacet
facet normal 0 0 1
outer loop
vertex 51.89677429199219 -54.54905319213867 -0.5
vertex 51.89677429199219 -55.125755310058594 -0.5
vertex 52.39677429199219 -55.475860595703125 -0.5
endloop
endfacet
facet normal -0.0002517700115516334 -0.9999999683059301 0
outer loop
vertex 69.09989166259766 -29.9574031829834 -1
vertex 71.09989166259766 -29.95790672302246 -1
vertex 69.09989166259766 -29.9574031829834 -0.5
endloop
endfacet
facet normal -0.0002517700115516334 -0.9999999683059301 0
outer loop
vertex 69.09989166259766 -29.9574031829834 -0.5
vertex 71.09989166259766 -29.95790672302246 -1
vertex 70.59989166259766 -29.957780838012695 -0.5
endloop
endfacet
facet normal 0.9999999681652183 -0.00025232828335574594 0
outer loop
vertex 69.09471893310547 -50.457401275634766 -0.5
vertex 69.09989166259766 -29.9574031829834 -1
vertex 69.09989166259766 -29.9574031829834 -0.5
endloop
endfacet
facet normal 0 0 1
outer loop
vertex 69.09471893310547 -50.457401275634766 -1
vertex 71.09989166259766 -29.95790672302246 -1
vertex 69.09989166259766 -29.9574031829834 -1
endloop
endfacet
facet normal 0.9999999681652183 -0.00025232828335574594 0
outer loop
vertex 69.09471893310547 -50.457401275634766 -0.5
vertex 69.09471893310547 -50.457401275634766 -1
vertex 69.09989166259766 -29.9574031829834 -1
endloop
endfacet
facet normal 0 0 1
outer loop
vertex 71.09989166259766 -29.95790672302246 -1
vertex 69.09471893310547 -50.457401275634766 -1
vertex 71.09490966796875 -49.70790481567383 -1
endloop
endfacet
facet normal 0.00025352173960954737 0.9999999678633633 0
outer loop
vertex 69.09471893310547 -50.457401275634766 -0.5
vertex 70.4790267944336 -50.4577522277832 -0.5
vertex 69.09471893310547 -50.457401275634766 -1
endloop
endfacet
facet normal 0.0002523366292260657 0.9999999681577294 0.0000032811154474072903
outer loop
vertex 70.4790267944336 -50.4577522277832 -0.5
vertex 70.98440551757812 -50.45787811279297 -1
vertex 69.09471893310547 -50.457401275634766 -1
endloop
endfacet
facet normal 0 0 1
outer loop
vertex 69.09471893310547 -50.457401275634766 -1
vertex 70.98440551757812 -50.45787811279297 -1
vertex 71.09490966796875 -49.70790481567383 -1
endloop
endfacet
facet normal 0.0002530415771853268 0.9999999679849796 0
outer loop
vertex 69.11196899414062 17.91389274597168 -0.5
vertex 70.61196899414062 17.91351318359375 -0.5
vertex 69.11196899414062 17.91389274597168 -1
endloop
endfacet
facet normal -0.00025251627727683647 -0.9999999681177644 0
outer loop
vertex 71.0508041381836 38.41340255737305 -1
vertex 69.11714172363281 38.41389083862305 -0.5
vertex 69.11714172363281 38.41389083862305 -1
endloop
endfacet
facet normal 0 0 1
outer loop
vertex 71.11196899414062 17.913387298583984 -1
vertex 71.09913635253906 38.11275863647461 -1
vertex 69.11714172363281 38.41389083862305 -1
endloop
endfacet
facet normal 0 0 1
outer loop
vertex 71.09913635253906 38.11275863647461 -1
vertex 71.0508041381836 38.41340255737305 -1
vertex 69.11714172363281 38.41389083862305 -1
endloop
endfacet
facet normal 0.9999999681652183 -0.00025232828335574594 0
outer loop
vertex 69.11196899414062 17.91389274597168 -0.5
vertex 69.11714172363281 38.41389083862305 -1
vertex 69.11714172363281 38.41389083862305 -0.5
endloop
endfacet
facet normal -0.00025124418538627813 -0.9999999684260779 0.000004919592854342389
outer loop
vertex 70.54436492919922 38.41353225708008 -0.5
vertex 69.11714172363281 38.41389083862305 -0.5
vertex 71.0508041381836 38.41340255737305 -1
endloop
endfacet
facet normal 0.00025272368577690336 0.999999968064914 9.536742859505787e-7
outer loop
vertex 71.11196899414062 17.913387298583984 -1
vertex 69.11196899414062 17.91389274597168 -1
vertex 70.61196899414062 17.91351318359375 -0.5
endloop
endfacet
facet normal 0.9999999681652183 -0.00025232828335574594 0
outer loop
vertex 69.11196899414062 17.91389274597168 -0.5
vertex 69.11196899414062 17.91389274597168 -1
vertex 69.11714172363281 38.41389083862305 -1
endloop
endfacet
facet normal 0 0 1
outer loop
vertex 69.11714172363281 38.41389083862305 -1
vertex 69.11196899414062 17.91389274597168 -1
vertex 71.11196899414062 17.913387298583984 -1
endloop
endfacet
facet normal 0 0 1
outer loop
vertex -70.69731903076172 33.689430236816406 -1
vertex -70.71746063232422 33.6362190246582 -1
vertex -68.89173126220703 32.85993194580078 -1
endloop
endfacet
facet normal 0 0 1
outer loop
vertex -70.57568359375 34.010772705078125 -1
vertex -70.69731903076172 33.689430236816406 -1
vertex -68.89173126220703 32.85993194580078 -1
endloop
endfacet
facet normal 0.3912909587589772 0.92026701863833 0
outer loop
vertex -68.89173126220703 32.85993194580078 -1
vertex -70.71746063232422 33.6362190246582 -1
vertex -68.89173126220703 32.85993194580078 -0.5
endloop
endfacet
facet normal -0.3912895734604748 -0.9202676076561208 0
outer loop
vertex -60.87026596069336 51.725406646728516 -0.5
vertex -62.144493103027344 52.26719665527344 -0.5
vertex -60.87026596069336 51.725406646728516 -1
endloop
endfacet
facet normal -0.3912914634065481 -0.920266804048053 -0.000005687214811973734
outer loop
vertex -62.60955047607422 52.46493911743164 -1
vertex -60.87026596069336 51.725406646728516 -1
vertex -62.144493103027344 52.26719665527344 -0.5
endloop
endfacet
facet normal -0.9202670133899625 0.3912909711024758 0
outer loop
vertex -68.89173126220703 32.85993194580078 -1
vertex -68.89173126220703 32.85993194580078 -0.5
vertex -60.87026596069336 51.725406646728516 -0.5
endloop
endfacet
facet normal 0 0 1
outer loop
vertex -70.57568359375 34.010772705078125 -1
vertex -68.89173126220703 32.85993194580078 -1
vertex -60.87026596069336 51.725406646728516 -1
endloop
endfacet
facet normal 0 0 1
outer loop
vertex -70.57568359375 34.010772705078125 -1
vertex -62.60955047607422 52.46493911743164 -1
vertex -63.004268646240234 51.817787170410156 -1
endloop
endfacet
facet normal 0 0 1
outer loop
vertex -70.57568359375 34.010772705078125 -1
vertex -60.87026596069336 51.725406646728516 -1
vertex -62.60955047607422 52.46493911743164 -1
endloop
endfacet
facet normal 0.3912914946780418 0.9202667907662889 -0.0000023106745948592697
outer loop
vertex -68.89173126220703 32.85993194580078 -0.5
vertex -70.71746063232422 33.6362190246582 -1
vertex -70.2646484375 33.443687438964844 -0.5083539485931396
endloop
endfacet
facet normal -0.9202670133899625 0.3912909711024758 0
outer loop
vertex -68.89173126220703 32.85993194580078 -1
vertex -60.87026596069336 51.725406646728516 -0.5
vertex -60.87026596069336 51.725406646728516 -1
endloop
endfacet
facet normal -0.000056731927855242775 0.9999999983907442 0
outer loop
vertex -58.42325973510742 -50.045169830322266 -1
vertex -56.4732780456543 -50.04505920410156 -0.5
vertex -56.4732780456543 -50.04505920410156 -1
endloop
endfacet
facet normal 0.00005722045889069993 -0.9999999983629095 0
outer loop
vertex -57.97444534301758 -29.545143127441406 -0.5
vertex -58.47444534301758 -29.5451717376709 -1
vertex -56.47444534301758 -29.54505729675293 -1
endloop
endfacet
facet normal 0 0 1
outer loop
vertex -58.47444534301758 -29.5451717376709 -1
vertex -56.4732780456543 -50.04505920410156 -1
vertex -56.47444534301758 -29.54505729675293 -1
endloop
endfacet
facet normal -0.9999999983788425 -0.000056941329403995626 0
outer loop
vertex -56.4732780456543 -50.04505920410156 -1
vertex -56.4732780456543 -50.04505920410156 -0.5
vertex -56.47444534301758 -29.54505729675293 -0.5
endloop
endfacet
facet normal 0 0 1
outer loop
vertex -58.42325973510742 -50.045169830322266 -1
vertex -56.4732780456543 -50.04505920410156 -1
vertex -58.42967224121094 -50.009307861328125 -1
endloop
endfacet
facet normal -0.9999999983788425 -0.000056941329403995626 0
outer loop
vertex -56.47444534301758 -29.54505729675293 -1
vertex -56.4732780456543 -50.04505920410156 -1
vertex -56.47444534301758 -29.54505729675293 -0.5
endloop
endfacet
facet normal 0.00005722045889069993 -0.9999999983629095 0
outer loop
vertex -56.47444534301758 -29.54505729675293 -0.5
vertex -57.97444534301758 -29.545143127441406 -0.5
vertex -56.47444534301758 -29.54505729675293 -1
endloop
endfacet
facet normal 0 0 1
outer loop
vertex -56.4732780456543 -50.04505920410156 -1
vertex -58.47444534301758 -29.5451717376709 -1
vertex -58.42967224121094 -50.009307861328125 -1
endloop
endfacet
facet normal -0.000055551734450473275 0.99999999844641 -0.000004602711070943936
outer loop
vertex -56.4732780456543 -50.04505920410156 -0.5
vertex -58.42325973510742 -50.045169830322266 -1
vertex -57.91533279418945 -50.04513931274414 -0.5
endloop
endfacet
facet normal -0.0002522468486644119 -0.9999999681857631 0
outer loop
vertex 69.10564422607422 -7.166971206665039 -1
vertex 71.10564422607422 -7.167475700378418 -1
vertex 69.10564422607422 -7.166971206665039 -0.5
endloop
endfacet
facet normal 0.9999999681652242 -0.0002523282598787715 0
outer loop
vertex 69.10047149658203 -27.66697120666504 -0.5
vertex 69.10047149658203 -27.66697120666504 -1
vertex 69.10564422607422 -7.166971206665039 -1
endloop
endfacet
facet normal 0 0 1
outer loop
vertex 69.10564422607422 -7.166971206665039 -1
vertex 69.10047149658203 -27.66697120666504 -1
vertex 71.10047149658203 -27.6674747467041 -1
endloop
endfacet
facet normal 0.0002517700115516334 0.9999999683059301 0
outer loop
vertex 69.10047149658203 -27.66697120666504 -0.5
vertex 70.60047149658203 -27.667348861694336 -0.5
vertex 69.10047149658203 -27.66697120666504 -1
endloop
endfacet
facet normal 0.0002517700115516334 0.9999999683059301 0
outer loop
vertex 70.60047149658203 -27.667348861694336 -0.5
vertex 71.10047149658203 -27.6674747467041 -1
vertex 69.10047149658203 -27.66697120666504 -1
endloop
endfacet
facet normal 0 0 1
outer loop
vertex 69.10564422607422 -7.166971206665039 -1
vertex 71.10047149658203 -27.6674747467041 -1
vertex 71.10564422607422 -7.167475700378418 -1
endloop
endfacet
facet normal -0.00025208790296012053 -0.999999968225642 6.357828574025739e-7
outer loop
vertex 69.10564422607422 -7.166971206665039 -0.5
vertex 71.10564422607422 -7.167475700378418 -1
vertex 70.60564422607422 -7.167349338531494 -0.5
endloop
endfacet
facet normal 0.9999999681652242 -0.0002523282598787715 0
outer loop
vertex 69.10047149658203 -27.66697120666504 -0.5
vertex 69.10564422607422 -7.166971206665039 -1
vertex 69.10564422607422 -7.166971206665039 -0.5
endloop
endfacet
facet normal 0.9999999681652227 -0.0002523282657480147 0
outer loop
vertex 69.10621643066406 -4.8765387535095215 -0.5
vertex 69.10621643066406 -4.8765387535095215 -1
vertex 69.11138916015625 15.62346076965332 -1
endloop
endfacet
facet normal 0 0 1
outer loop
vertex 69.10621643066406 -4.8765387535095215 -1
vertex 71.10621643066406 -4.8770432472229 -1
vertex 69.11138916015625 15.62346076965332 -1
endloop
endfacet
facet normal 0.9999999681652227 -0.0002523282657480147 0
outer loop
vertex 69.10621643066406 -4.8765387535095215 -0.5
vertex 69.11138916015625 15.62346076965332 -1
vertex 69.11138916015625 15.62346076965332 -0.5
endloop
endfacet
facet normal 0 0 1
outer loop
vertex 71.11138916015625 15.622956275939941 -1
vertex 69.11138916015625 15.62346076965332 -1
vertex 71.10621643066406 -4.8770432472229 -1
endloop
endfacet
facet normal -0.0002522468486644119 -0.9999999681857631 0
outer loop
vertex 69.11138916015625 15.62346076965332 -1
vertex 71.11138916015625 15.622956275939941 -1
vertex 69.11138916015625 15.62346076965332 -0.5
endloop
endfacet
facet normal -0.0002524057943685822 -0.9999999681454549 -6.357828573515923e-7
outer loop
vertex 69.11138916015625 15.62346076965332 -0.5
vertex 71.11138916015625 15.622956275939941 -1
vertex 70.61138916015625 15.623082160949707 -0.5
endloop
endfacet
facet normal 0.00025240579436863314 0.999999968145657 0
outer loop
vertex 69.10621643066406 -4.8765387535095215 -0.5
vertex 70.60621643066406 -4.876917362213135 -0.5
vertex 69.10621643066406 -4.8765387535095215 -1
endloop
endfacet
facet normal 0.0002522468486643832 0.9999999681856494 4.7683714303286047e-7
outer loop
vertex 69.10621643066406 -4.8765387535095215 -1
vertex 70.60621643066406 -4.876917362213135 -0.5
vertex 71.10621643066406 -4.8770432472229 -1
endloop
endfacet
facet normal 0 0 1
outer loop
vertex -58.476192474365234 1.0893595218658447 -1
vertex -56.476192474365234 1.0894736051559448 -1
vertex -58.477317810058594 20.839359283447266 -1
endloop
endfacet
facet normal -0.00005704164495724922 0.9999999983731254 0
outer loop
vertex -58.476192474365234 1.0893595218658447 -1
vertex -56.476192474365234 1.0894736051559448 -0.5
vertex -56.476192474365234 1.0894736051559448 -1
endloop
endfacet
facet normal -0.00005706151317207717 0.9999999983719886 7.947285957113812e-8
outer loop
vertex -57.976192474365234 1.0893880128860474 -0.5
vertex -56.476192474365234 1.0894736051559448 -0.5
vertex -58.476192474365234 1.0893595218658447 -1
endloop
endfacet
facet normal 0.00005757065907689287 -0.9999999983428096 0
outer loop
vertex -56.47736358642578 21.589473724365234 -0.5
vertex -58.10076141357422 21.589380264282227 -0.5
vertex -56.47736358642578 21.589473724365234 -1
endloop
endfacet
facet normal 0 0 1
outer loop
vertex -56.47736358642578 21.589473724365234 -1
vertex -58.477317810058594 20.839359283447266 -1
vertex -56.476192474365234 1.0894736051559448 -1
endloop
endfacet
facet normal -0.9999999983682291 -0.000057127417162232665 0
outer loop
vertex -56.476192474365234 1.0894736051559448 -1
vertex -56.476192474365234 1.0894736051559448 -0.5
vertex -56.47736358642578 21.589473724365234 -0.5
endloop
endfacet
facet normal -0.9999999983682291 -0.000057127417162232665 0
outer loop
vertex -56.47736358642578 21.589473724365234 -0.5
vertex -56.47736358642578 21.589473724365234 -1
vertex -56.476192474365234 1.0894736051559448 -1
endloop
endfacet
facet normal 0 0 1
outer loop
vertex -56.47736358642578 21.589473724365234 -1
vertex -58.5370979309082 21.299800872802734 -1
vertex -58.477317810058594 20.839359283447266 -1
endloop
endfacet
facet normal 0 0 1
outer loop
vertex -56.47736358642578 21.589473724365234 -1
vertex -58.621620178222656 21.589351654052734 -1
vertex -58.5370979309082 21.299800872802734 -1
endloop
endfacet
facet normal 0.00005692896678919921 -0.9999999983773761 -0.0000020834437375407407
outer loop
vertex -56.47736358642578 21.589473724365234 -1
vertex -58.10076141357422 21.589380264282227 -0.5
vertex -58.621620178222656 21.589351654052734 -1
endloop
endfacet
facet normal 0 0 1
outer loop
vertex -58.474735260009766 -24.477907180786133 -1
vertex -56.474735260009766 -24.477792739868164 -1
vertex -58.47590255737305 -3.9779062271118164 -1
endloop
endfacet
facet normal 0.00005706151317207735 -0.9999999983719919 0
outer loop
vertex -56.47590255737305 -3.977792263031006 -1
vertex -56.47590255737305 -3.977792263031006 -0.5
vertex -57.97590255737305 -3.9778778553009033 -0.5
endloop
endfacet
facet normal 0.000056982040312762816 -0.9999999983764951 -2.3841857871448877e-7
outer loop
vertex -57.97590255737305 -3.9778778553009033 -0.5
vertex -58.47590255737305 -3.9779062271118164 -1
vertex -56.47590255737305 -3.977792263031006 -1
endloop
endfacet
facet normal -0.00005722045889069993 0.9999999983629095 0
outer loop
vertex -56.474735260009766 -24.477792739868164 -1
vertex -58.474735260009766 -24.477907180786133 -1
vertex -56.474735260009766 -24.477792739868164 -0.5
endloop
endfacet
facet normal -0.00005722045889069993 0.9999999983629095 0
outer loop
vertex -56.474735260009766 -24.477792739868164 -0.5
vertex -58.474735260009766 -24.477907180786133 -1
vertex -57.974735260009766 -24.47787857055664 -0.5
endloop
endfacet
facet normal -0.9999999983788422 -0.00005694133337742113 0
outer loop
vertex -56.474735260009766 -24.477792739868164 -1
vertex -56.474735260009766 -24.477792739868164 -0.5
vertex -56.47590255737305 -3.977792263031006 -0.5
endloop
endfacet
facet normal 0 0 1
outer loop
vertex -58.47590255737305 -3.9779062271118164 -1
vertex -56.474735260009766 -24.477792739868164 -1
vertex -56.47590255737305 -3.977792263031006 -1
endloop
endfacet
facet normal -0.9999999983788422 -0.00005694133337742113 0
outer loop
vertex -56.474735260009766 -24.477792739868164 -1
vertex -56.47590255737305 -3.977792263031006 -0.5
vertex -56.47590255737305 -3.977792263031006 -1
endloop
endfacet
endsolid auto-kdk-case
