solid auto-kdk-case
facet normal 0 0 1
outer loop
vertex -11.020851135253906 -50.46773147583008 11.5
vertex -27.61117172241211 -56.718727111816406 11.5
vertex -10.8511323928833 -50.497772216796875 11.5
endloop
endfacet
facet normal -0.788764296910514 -0.6146957653337645 0
outer loop
vertex -9.979557991027832 12.73893928527832 5.300000190734863
vertex -10.116982460021973 12.915279388427734 10.5
vertex -10.116982460021973 12.915279388427734 5.300000190734863
endloop
endfacet
facet normal 0 0 -1
outer loop
vertex -58.0561408996582 -54.41154479980469 -5.699999809265137
vertex -56.579132080078125 -53.94990921020508 -5.699999809265137
vertex -57.47084426879883 -54.955360412597656 -5.699999809265137
endloop
endfacet
facet normal 0 0 -1
outer loop
vertex -56.82992935180664 -55.4323616027832 -5.699999809265137
vertex -57.47084426879883 -54.955360412597656 -5.699999809265137
vertex -56.05274200439453 -54.335975646972656 -5.699999809265137
endloop
endfacet
facet normal 0 0 -1
outer loop
vertex -56.05274200439453 -54.335975646972656 -5.699999809265137
vertex -57.47084426879883 -54.955360412597656 -5.699999809265137
vertex -56.579132080078125 -53.94990921020508 -5.699999809265137
endloop
endfacet
facet normal 0 0 -1
outer loop
vertex -56.82992935180664 -55.4323616027832 -5.699999809265137
vertex -56.05274200439453 -54.335975646972656 -5.699999809265137
vertex -56.14097595214844 -55.83689880371094 -5.699999809265137
endloop
endfacet
facet normal 0 0 -1
outer loop
vertex -56.14097595214844 -55.83689880371094 -5.699999809265137
vertex -55.487518310546875 -54.662559509277344 -5.699999809265137
vertex -55.41215133666992 -56.1641845703125 -5.699999809265137
endloop
endfacet
facet normal 0 0 -1
outer loop
vertex -55.487518310546875 -54.662559509277344 -5.699999809265137
vertex -56.14097595214844 -55.83689880371094 -5.699999809265137
vertex -56.05274200439453 -54.335975646972656 -5.699999809265137
endloop
endfacet
facet normal 0.00010382997310287825 -0.9999999946096683 0
outer loop
vertex 26.891347885131836 -57.851654052734375 -3.700000047683716
vertex 65.39470672607422 -57.84765625 -3.700000047683716
vertex 26.891347885131836 -57.851654052734375 9.5
endloop
endfacet
facet normal 0 0 1
outer loop
vertex 71.79776000976562 41.29930877685547 11.5
vertex 72.69055938720703 38.662662506103516 11.5
vertex 72.36713409423828 40.030757904052734 11.5
endloop
endfacet
facet normal 0.06870382763688672 -0.9976371003867293 0
outer loop
vertex 65.39470672607422 -57.84765625 9.5
vertex 65.39470672607422 -57.84765625 -3.700000047683716
vertex 66.56969451904297 -57.76673889160156 -3.700000047683716
endloop
endfacet
facet normal 0 0 -1
outer loop
vertex -59.412757873535156 -52.44709396362305 -5.699999809265137
vertex -58.18012619018555 -51.91164779663086 -5.699999809265137
vertex -59.03287887573242 -53.149940490722656 -5.699999809265137
endloop
endfacet
facet normal 0 0 -1
outer loop
vertex -58.0561408996582 -54.41154479980469 -5.699999809265137
vertex -58.578880310058594 -53.80735397338867 -5.699999809265137
vertex -57.06045913696289 -53.50893783569336 -5.699999809265137
endloop
endfacet
facet normal 0 0 -1
outer loop
vertex -57.06045913696289 -53.50893783569336 -5.699999809265137
vertex -58.578880310058594 -53.80735397338867 -5.699999809265137
vertex -57.491024017333984 -53.01827621459961 -5.699999809265137
endloop
endfacet
facet normal 0 0 -1
outer loop
vertex -59.03287887573242 -53.149940490722656 -5.699999809265137
vertex -57.86572265625 -52.48373794555664 -5.699999809265137
vertex -58.578880310058594 -53.80735397338867 -5.699999809265137
endloop
endfacet
facet normal 0 0 -1
outer loop
vertex -57.86572265625 -52.48373794555664 -5.699999809265137
vertex -59.03287887573242 -53.149940490722656 -5.699999809265137
vertex -58.18012619018555 -51.91164779663086 -5.699999809265137
endloop
endfacet
facet normal 0 0 -1
outer loop
vertex -57.491024017333984 -53.01827621459961 -5.699999809265137
vertex -58.578880310058594 -53.80735397338867 -5.699999809265137
vertex -57.86572265625 -52.48373794555664 -5.699999809265137
endloop
endfacet
facet normal 0 0 -1
outer loop
vertex -59.412757873535156 -52.44709396362305 -5.699999809265137
vertex -59.714019775390625 -51.707130432128906 -5.699999809265137
vertex -58.43050765991211 -51.30878829956055 -5.699999809265137
endloop
endfacet
facet normal 0 0 -1
outer loop
vertex -59.714019775390625 -51.707130432128906 -5.699999809265137
vertex -59.933101654052734 -50.93881607055664 -5.699999809265137
vertex -58.72814178466797 -50.039573669433594 -5.699999809265137
endloop
endfacet
facet normal 0 0 -1
outer loop
vertex -58.43050765991211 -51.30878829956055 -5.699999809265137
vertex -59.714019775390625 -51.707130432128906 -5.699999809265137
vertex -58.61390686035156 -50.682289123535156 -5.699999809265137
endloop
endfacet
facet normal 0 0 -1
outer loop
vertex -58.61390686035156 -50.682289123535156 -5.699999809265137
vertex -59.714019775390625 -51.707130432128906 -5.699999809265137
vertex -58.72814178466797 -50.039573669433594 -5.699999809265137
endloop
endfacet
facet normal 0 0 -1
outer loop
vertex -58.18012619018555 -51.91164779663086 -5.699999809265137
vertex -59.412757873535156 -52.44709396362305 -5.699999809265137
vertex -58.43050765991211 -51.30878829956055 -5.699999809265137
endloop
endfacet
facet normal 0 0 -1
outer loop
vertex -56.579132080078125 -53.94990921020508 -5.699999809265137
vertex -58.0561408996582 -54.41154479980469 -5.699999809265137
vertex -57.06045913696289 -53.50893783569336 -5.699999809265137
endloop
endfacet
facet normal 0.23006268125615773 -0.9731758128381673 0
outer loop
vertex 66.56969451904297 -57.76673889160156 -3.700000047683716
vertex 67.77687072753906 -57.48135757446289 -3.700000047683716
vertex 66.56969451904297 -57.76673889160156 9.5
endloop
endfacet
facet normal 0.2300586725732425 -0.9731767604981573 -3.8709326366080295e-7
outer loop
vertex 66.56969451904297 -57.76673889160156 9.5
vertex 67.77687072753906 -57.48135757446289 -3.700000047683716
vertex 68.13673400878906 -57.39628601074219 -3.700000047683716
endloop
endfacet
facet normal 0.409487746537254 -0.9123156172267586 0
outer loop
vertex 68.13673400878906 -57.39628601074219 9.5
vertex 68.13673400878906 -57.39628601074219 -3.700000047683716
vertex 68.645751953125 -57.167816162109375 -3.700000047683716
endloop
endfacet
facet normal 0.409484497413814 -0.9123170755706227 -1.5053407038162324e-7
outer loop
vertex 68.13673400878906 -57.39628601074219 9.5
vertex 68.645751953125 -57.167816162109375 -3.700000047683716
vertex 69.60576629638672 -56.73692321777344 -3.700000047683716
endloop
endfacet
facet normal 0.5742052552204671 -0.8187113806935864 0
outer loop
vertex 70.92407989501953 -55.812320709228516 -3.700000047683716
vertex 69.60576629638672 -56.73692321777344 9.5
vertex 69.60576629638672 -56.73692321777344 -3.700000047683716
endloop
endfacet
facet normal 0.7183117336555871 -0.6957213905671613 0
outer loop
vertex 70.92407989501953 -55.812320709228516 9.5
vertex 70.92407989501953 -55.812320709228516 -3.700000047683716
vertex 71.21907806396484 -55.50774383544922 -3.700000047683716
endloop
endfacet
facet normal 0.7183170591826401 -0.6957158920760276 2.4588893617984573e-7
outer loop
vertex 70.92407989501953 -55.812320709228516 9.5
vertex 71.21907806396484 -55.50774383544922 -3.700000047683716
vertex 72.04434204101562 -54.655670166015625 -3.700000047683716
endloop
endfacet
facet normal 0.8366408373623254 -0.5477518683287781 0
outer loop
vertex 72.04434204101562 -54.655670166015625 -3.700000047683716
vertex 72.68359375 -53.67927169799805 -3.700000047683716
vertex 72.04434204101562 -54.655670166015625 9.5
endloop
endfacet
facet normal 0.8366429944815493 -0.54774857351236 3.481815027892341e-7
outer loop
vertex 72.04434204101562 -54.655670166015625 9.5
vertex 72.68359375 -53.67927169799805 -3.700000047683716
vertex 72.92634582519531 -53.30848693847656 -3.700000047683716
endloop
endfacet
facet normal 0.9249308876301052 -0.38013530894641423 0
outer loop
vertex 72.92634582519531 -53.30848693847656 9.5
vertex 72.92634582519531 -53.30848693847656 -3.700000047683716
vertex 73.05419158935547 -52.99741744995117 -3.700000047683716
endloop
endfacet
facet normal 0.9249354380783384 -0.3801242367790199 0
outer loop
vertex 73.05419158935547 -52.99741744995117 -3.700000047683716
vertex 73.53843688964844 -51.819129943847656 -3.700000047683716
vertex 73.53843688964844 -51.819129943847656 9.5
endloop
endfacet
facet normal 0 0 1
outer loop
vertex 47.471073150634766 36.70229721069336 11.5
vertex 47.50790786743164 36.62330627441406 11.5
vertex 72.76222229003906 37.62199401855469 11.5
endloop
endfacet
facet normal 0 0 1
outer loop
vertex 47.42108154296875 36.77368927001953 11.5
vertex 47.471073150634766 36.70229721069336 11.5
vertex 72.76222229003906 37.62199401855469 11.5
endloop
endfacet
facet normal 0 0 1
outer loop
vertex 47.37833023071289 36.816444396972656 11.5
vertex 47.42108154296875 36.77368927001953 11.5
vertex 72.76222229003906 37.62199401855469 11.5
endloop
endfacet
facet normal 0 0 1
outer loop
vertex 72.76222229003906 37.62199401855469 11.5
vertex 47.004573822021484 37.167903900146484 11.5
vertex 47.37833023071289 36.816444396972656 11.5
endloop
endfacet
facet normal 0 0 1
outer loop
vertex 46.83420944213867 37.27241897583008 11.5
vertex 47.004573822021484 37.167903900146484 11.5
vertex 72.76222229003906 37.62199401855469 11.5
endloop
endfacet
facet normal 0 0 1
outer loop
vertex 47.50790786743164 36.62330627441406 11.5
vertex 47.52546691894531 36.56380081176758 11.5
vertex 72.76222229003906 37.62199401855469 11.5
endloop
endfacet
facet normal 0 0 1
outer loop
vertex 47.52546691894531 36.56380081176758 11.5
vertex 47.59256362915039 36.26350021362305 11.5
vertex 72.76222229003906 37.62199401855469 11.5
endloop
endfacet
facet normal 0.980030461926696 -0.19884741309795 0
outer loop
vertex 73.53843688964844 -51.819129943847656 9.5
vertex 73.53843688964844 -51.819129943847656 -3.700000047683716
vertex 73.84160614013672 -50.32494354248047 -3.700000047683716
endloop
endfacet
facet normal 0 0 1
outer loop
vertex 47.59256362915039 36.26350021362305 11.5
vertex 47.60668182373047 36.15245819091797 11.5
vertex 72.76222229003906 37.62199401855469 11.5
endloop
endfacet
facet normal 0 0 1
outer loop
vertex 47.60668182373047 36.15245819091797 11.5
vertex 47.64259338378906 18.67882537841797 11.5
vertex 72.76222229003906 37.62199401855469 11.5
endloop
endfacet
facet normal 0.9800283233986984 -0.19885795266052717 0
outer loop
vertex 73.84160614013672 -50.32494354248047 -3.700000047683716
vertex 73.85862731933594 -50.241058349609375 -3.700000047683716
vertex 73.84160614013672 -50.32494354248047 9.5
endloop
endfacet
facet normal 0.9999997799217251 -0.0006634429150016043 0
outer loop
vertex 73.85862731933594 -50.241058349609375 9.5
vertex 73.85862731933594 -50.241058349609375 -3.700000047683716
vertex 73.87926483154297 -19.134376525878906 -3.700000047683716
endloop
endfacet
facet normal 0 0 -1
outer loop
vertex 71.90009307861328 -52.76792907714844 -5.699999809265137
vertex 72.7040023803711 -50.12471389770508 -5.699999809265137
vertex 72.42864227294922 -51.48183059692383 -5.699999809265137
endloop
endfacet
facet normal 0 0 -1
outer loop
vertex 71.39397430419922 -49.731597900390625 -5.699999809265137
vertex 72.7040023803711 -50.12471389770508 -5.699999809265137
vertex 71.90009307861328 -52.76792907714844 -5.699999809265137
endloop
endfacet
facet normal 0 0 -1
outer loop
vertex 71.90009307861328 -52.76792907714844 -5.699999809265137
vertex 71.2495346069336 -50.70800018310547 -5.699999809265137
vertex 71.39397430419922 -49.731597900390625 -5.699999809265137
endloop
endfacet
facet normal 0 0 -1
outer loop
vertex 71.90009307861328 -52.76792907714844 -5.699999809265137
vertex 70.9776611328125 -51.5745849609375 -5.699999809265137
vertex 71.2495346069336 -50.70800018310547 -5.699999809265137
endloop
endfacet
facet normal 0 0 1
outer loop
vertex 46.664493560791016 37.302574157714844 11.5
vertex 46.83420944213867 37.27241897583008 11.5
vertex 72.76222229003906 37.62199401855469 11.5
endloop
endfacet
facet normal 0 0 -1
outer loop
vertex -58.72814178466797 -50.039573669433594 -5.699999809265137
vertex -59.933101654052734 -50.93881607055664 -5.699999809265137
vertex -60.06715393066406 -50.1526985168457 -5.699999809265137
endloop
endfacet
facet normal 0 0 -1
outer loop
vertex -58.72814178466797 -50.039573669433594 -5.699999809265137
vertex -60.06715393066406 -50.1526985168457 -5.699999809265137
vertex -58.773319244384766 -49.29517364501953 -5.699999809265137
endloop
endfacet
facet normal 0 0 -1
outer loop
vertex -58.773319244384766 -49.29517364501953 -5.699999809265137
vertex -60.06715393066406 -50.1526985168457 -5.699999809265137
vertex -60.118621826171875 -49.25830078125 -5.699999809265137
endloop
endfacet
facet normal 0 0 1
outer loop
vertex 70.00054931640625 43.40507507324219 11.5
vertex -1.0474356412887573 37.78350067138672 11.5
vertex 70.99934387207031 42.43770217895508 11.5
endloop
endfacet
facet normal 0 0 1
outer loop
vertex -1.0474356412887573 37.78350067138672 11.5
vertex 71.79776000976562 41.29930877685547 11.5
vertex 70.99934387207031 42.43770217895508 11.5
endloop
endfacet
facet normal 0 0 1
outer loop
vertex 71.79776000976562 41.29930877685547 11.5
vertex -1.0474356412887573 37.78350067138672 11.5
vertex 72.69055938720703 38.662662506103516 11.5
endloop
endfacet
facet normal 0 0 1
outer loop
vertex -1.0474356412887573 37.78350067138672 11.5
vertex 72.76222229003906 37.62199401855469 11.5
vertex 72.69055938720703 38.662662506103516 11.5
endloop
endfacet
facet normal 0 0 -1
outer loop
vertex 70.9776611328125 -51.5745849609375 -5.699999809265137
vertex 71.90009307861328 -52.76792907714844 -5.699999809265137
vertex 71.13845825195312 -53.931251525878906 -5.699999809265137
endloop
endfacet
facet normal 0 0 -1
outer loop
vertex 71.13845825195312 -53.931251525878906 -5.699999809265137
vertex 70.53673553466797 -52.45764923095703 -5.699999809265137
vertex 70.9776611328125 -51.5745849609375 -5.699999809265137
endloop
endfacet
facet normal 0 0 -1
outer loop
vertex 71.13845825195312 -53.931251525878906 -5.699999809265137
vertex 70.00884246826172 -53.19670867919922 -5.699999809265137
vertex 70.53673553466797 -52.45764923095703 -5.699999809265137
endloop
endfacet
facet normal 0 0 -1
outer loop
vertex 71.13845825195312 -53.931251525878906 -5.699999809265137
vertex 70.17108917236328 -54.93004608154297 -5.699999809265137
vertex 70.00884246826172 -53.19670867919922 -5.699999809265137
endloop
endfacet
facet normal 0 0 -1
outer loop
vertex 70.17108917236328 -54.93004608154297 -5.699999809265137
vertex 69.31514739990234 -53.89885330200195 -5.699999809265137
vertex 70.00884246826172 -53.19670867919922 -5.699999809265137
endloop
endfacet
facet normal 0 0 -1
outer loop
vertex 72.7040023803711 -50.12471389770508 -5.699999809265137
vertex 71.39397430419922 -49.731597900390625 -5.699999809265137
vertex 71.41695404052734 37.663387298583984 -5.699999809265137
endloop
endfacet
facet normal 0 0 -1
outer loop
vertex 69.0326919555664 -55.72846221923828 -5.699999809265137
vertex 69.31514739990234 -53.89885330200195 -5.699999809265137
vertex 70.17108917236328 -54.93004608154297 -5.699999809265137
endloop
endfacet
facet normal 0 0 -1
outer loop
vertex 69.0326919555664 -55.72846221923828 -5.699999809265137
vertex 68.58358001708984 -54.43709182739258 -5.699999809265137
vertex 69.31514739990234 -53.89885330200195 -5.699999809265137
endloop
endfacet
facet normal 0 0 -1
outer loop
vertex 67.76414489746094 -56.29783630371094 -5.699999809265137
vertex 68.58358001708984 -54.43709182739258 -5.699999809265137
vertex 69.0326919555664 -55.72846221923828 -5.699999809265137
endloop
endfacet
facet normal 0 0 -1
outer loop
vertex 67.70592498779297 -54.8886833190918 -5.699999809265137
vertex 68.58358001708984 -54.43709182739258 -5.699999809265137
vertex 67.76414489746094 -56.29783630371094 -5.699999809265137
endloop
endfacet
facet normal 0 0 -1
outer loop
vertex 67.76414489746094 -56.29783630371094 -5.699999809265137
vertex 66.84324645996094 -55.1727180480957 -5.699999809265137
vertex 67.70592498779297 -54.8886833190918 -5.699999809265137
endloop
endfacet
facet normal 0 0 -1
outer loop
vertex 66.84324645996094 -55.1727180480957 -5.699999809265137
vertex 67.76414489746094 -56.29783630371094 -5.699999809265137
vertex 66.39604949951172 -56.62126541137695 -5.699999809265137
endloop
endfacet
facet normal 0 0 -1
outer loop
vertex 65.86711120605469 -55.329105377197266 -5.699999809265137
vertex 66.84324645996094 -55.1727180480957 -5.699999809265137
vertex 66.39604949951172 -56.62126541137695 -5.699999809265137
endloop
endfacet
facet normal 0 0 -1
outer loop
vertex 65.86711120605469 -55.329105377197266 -5.699999809265137
vertex 65.35493469238281 -56.69295883178711 -5.699999809265137
vertex 65.39677429199219 -55.34765625 -5.699999809265137
endloop
endfacet
facet normal 0 0 -1
outer loop
vertex 65.35493469238281 -56.69295883178711 -5.699999809265137
vertex 65.86711120605469 -55.329105377197266 -5.699999809265137
vertex 66.39604949951172 -56.62126541137695 -5.699999809265137
endloop
endfacet
facet normal -0.0004580041117372924 -0.9999998951161113 0
outer loop
vertex 26.32863998413086 -57.89813232421875 9.5
vertex -27.651334762573242 -57.873409271240234 9.5
vertex 26.32863998413086 -57.89813232421875 -3.700000047683716
endloop
endfacet
facet normal 0 0 -1
outer loop
vertex -53.86975860595703 -56.572452545166016 -5.699999809265137
vertex -52.97737121582031 -55.30821228027344 -5.699999809265137
vertex -53.06572723388672 -56.64944076538086 -5.699999809265137
endloop
endfacet
facet normal 0 0 -1
outer loop
vertex -55.41215133666992 -56.1641845703125 -5.699999809265137
vertex -54.267730712890625 -55.12256622314453 -5.699999809265137
vertex -54.652076721191406 -56.41033935546875 -5.699999809265137
endloop
endfacet
facet normal 0 0 -1
outer loop
vertex -55.487518310546875 -54.662559509277344 -5.699999809265137
vertex -54.89015579223633 -54.92579650878906 -5.699999809265137
vertex -55.41215133666992 -56.1641845703125 -5.699999809265137
endloop
endfacet
facet normal 0 0 -1
outer loop
vertex -54.267730712890625 -55.12256622314453 -5.699999809265137
vertex -55.41215133666992 -56.1641845703125 -5.699999809265137
vertex -54.89015579223633 -54.92579650878906 -5.699999809265137
endloop
endfacet
facet normal 0 0 -1
outer loop
vertex -54.652076721191406 -56.41033935546875 -5.699999809265137
vertex -53.62760925292969 -55.250545501708984 -5.699999809265137
vertex -53.86975860595703 -56.572452545166016 -5.699999809265137
endloop
endfacet
facet normal 0 0 -1
outer loop
vertex -53.62760925292969 -55.250545501708984 -5.699999809265137
vertex -54.652076721191406 -56.41033935546875 -5.699999809265137
vertex -54.267730712890625 -55.12256622314453 -5.699999809265137
endloop
endfacet
facet normal 0 0 -1
outer loop
vertex -52.97737121582031 -55.30821228027344 -5.699999809265137
vertex -53.86975860595703 -56.572452545166016 -5.699999809265137
vertex -53.62760925292969 -55.250545501708984 -5.699999809265137
endloop
endfacet
facet normal 0.002584588795006447 0.9999966599448024 0
outer loop
vertex 8.4066801071167 -50.04765701293945 5.300000190734863
vertex -10.849841117858887 -49.997886657714844 5.300000190734863
vertex 8.4066801071167 -50.04765701293945 10.5
endloop
endfacet
facet normal -0.22301700992529375 0.9748145532787154 0
outer loop
vertex 8.4066801071167 -50.04765701293945 5.300000190734863
vertex 8.706631660461426 -49.979034423828125 10.5
vertex 8.706631660461426 -49.979034423828125 5.300000190734863
endloop
endfacet
facet normal -0.7306559443360258 0.6827458465684214 0
outer loop
vertex 8.706631660461426 -49.979034423828125 5.300000190734863
vertex 9.056910514831543 -49.60417556762695 10.5
vertex 9.056910514831543 -49.60417556762695 5.300000190734863
endloop
endfacet
facet normal 0 0 -1
outer loop
vertex 26.89122772216797 -56.696964263916016 -5.699999809265137
vertex 65.39677429199219 -55.34765625 -5.699999809265137
vertex 65.35493469238281 -56.69295883178711 -5.699999809265137
endloop
endfacet
facet normal -0.9998509553029203 0.017264622203732066 0
outer loop
vertex 9.11640739440918 -46.15851593017578 5.300000190734863
vertex 9.056910514831543 -49.60417556762695 5.300000190734863
vertex 9.11640739440918 -46.15851593017578 10.5
endloop
endfacet
facet normal -0.9627590952182947 0.2703607304592338 0
outer loop
vertex 9.188741683959961 -45.90093231201172 5.300000190734863
vertex 9.11640739440918 -46.15851593017578 5.300000190734863
vertex 9.188741683959961 -45.90093231201172 10.5
endloop
endfacet
facet normal 0 0 -1
outer loop
vertex 26.75702667236328 -55.3513069152832 -5.699999809265137
vertex 65.39677429199219 -55.34765625 -5.699999809265137
vertex 26.89122772216797 -56.696964263916016 -5.699999809265137
endloop
endfacet
facet normal -0.8566151197657289 0.5159559444262136 0
outer loop
vertex 9.326783180236816 -45.671749114990234 5.300000190734863
vertex 9.188741683959961 -45.90093231201172 5.300000190734863
vertex 9.326783180236816 -45.671749114990234 10.5
endloop
endfacet
facet normal -0.6891619152291804 0.7246073796185409 0
outer loop
vertex 9.520649909973145 -45.48736572265625 5.300000190734863
vertex 9.326783180236816 -45.671749114990234 5.300000190734863
vertex 9.520649909973145 -45.48736572265625 10.5
endloop
endfacet
facet normal 0.08231332969778696 -0.9966064999557428 -1.6564313521461936e-7
outer loop
vertex 26.32863998413086 -57.89813232421875 9.5
vertex 26.398216247558594 -57.89238357543945 -3.700000047683716
vertex 26.891347885131836 -57.851654052734375 -3.700000047683716
endloop
endfacet
facet normal 0.08234454244670364 -0.9966039214899984 0
outer loop
vertex 26.398216247558594 -57.89238357543945 -3.700000047683716
vertex 26.32863998413086 -57.89813232421875 9.5
vertex 26.32863998413086 -57.89813232421875 -3.700000047683716
endloop
endfacet
facet normal 0 0 -1
outer loop
vertex -53.06572723388672 -56.64944076538086 -5.699999809265137
vertex -52.97737121582031 -55.30821228027344 -5.699999809265137
vertex -27.883808135986328 -55.34765625 -5.699999809265137
endloop
endfacet
facet normal -0.00045799856034698966 -0.9999998951186536 2.2701815918478533e-8
outer loop
vertex 6.080705165863037 -57.888858795166016 -3.564180612564087
vertex 26.32863998413086 -57.89813232421875 -3.700000047683716
vertex -27.651334762573242 -57.873409271240234 9.5
endloop
endfacet
facet normal -0.472370769552202 0.8813999410441667 0
outer loop
vertex 9.756464958190918 -45.360984802246094 5.300000190734863
vertex 9.520649909973145 -45.48736572265625 5.300000190734863
vertex 9.756464958190918 -45.360984802246094 10.5
endloop
endfacet
facet normal -0.22175652557071088 0.9751020681789198 0
outer loop
vertex 10.017349243164062 -45.30165481567383 5.300000190734863
vertex 9.756464958190918 -45.360984802246094 5.300000190734863
vertex 10.017349243164062 -45.30165481567383 10.5
endloop
endfacet
facet normal 0.08234454244664688 -0.9966039214893115 0.000001174016182540536
outer loop
vertex 26.32863998413086 -57.89813232421875 9.5
vertex 26.891347885131836 -57.851654052734375 -3.700000047683716
vertex 26.398216247558594 -57.89238357543945 9.5
endloop
endfacet
facet normal 0.08231332969778808 -0.9966064999557565 0
outer loop
vertex 26.398216247558594 -57.89238357543945 9.5
vertex 26.891347885131836 -57.851654052734375 -3.700000047683716
vertex 26.891347885131836 -57.851654052734375 9.5
endloop
endfacet
facet normal -0.0002298997264905179 0.9999999735730575 0
outer loop
vertex 27.406681060791016 -45.29765701293945 5.300000190734863
vertex 10.017349243164062 -45.30165481567383 5.300000190734863
vertex 27.406681060791016 -45.29765701293945 10.5
endloop
endfacet
facet normal -0.22301700992529375 0.9748145532787154 0
outer loop
vertex 27.706632614135742 -45.229034423828125 5.300000190734863
vertex 27.406681060791016 -45.29765701293945 5.300000190734863
vertex 27.706632614135742 -45.229034423828125 10.5
endloop
endfacet
facet normal -0.7306577989250637 0.6827438618325188 0
outer loop
vertex 28.056909561157227 -44.85417556762695 5.300000190734863
vertex 27.706632614135742 -45.229034423828125 5.300000190734863
vertex 28.056909561157227 -44.85417556762695 10.5
endloop
endfacet
facet normal 0 0 -1
outer loop
vertex 26.75702667236328 -55.3513069152832 -5.699999809265137
vertex 26.281299591064453 -56.743408203125 -5.699999809265137
vertex 26.15472984313965 -55.40414810180664 -5.699999809265137
endloop
endfacet
facet normal -0.9261824983063007 -0.37707556249517893 -2.0857903198218794e-7
outer loop
vertex -60.673828125 -52.4118766784668 -3.700000047683716
vertex -60.45849609375 -52.94078063964844 -3.700000047683716
vertex -60.80720901489258 -52.08427047729492 9.5
endloop
endfacet
facet normal -0.8797262866970866 -0.47548045227344027 0
outer loop
vertex -60.45849609375 -52.94078063964844 -3.700000047683716
vertex -60.01878356933594 -53.754329681396484 -3.700000047683716
vertex -60.45849609375 -52.94078063964844 9.5
endloop
endfacet
facet normal -0.9261795632245888 -0.37708277163655973 0
outer loop
vertex -60.80720901489258 -52.08427047729492 -3.700000047683716
vertex -60.673828125 -52.4118766784668 -3.700000047683716
vertex -60.80720901489258 -52.08427047729492 9.5
endloop
endfacet
facet normal -0.9616688889497718 -0.27421332576319435 0
outer loop
vertex -61.060794830322266 -51.194942474365234 -3.700000047683716
vertex -60.80720901489258 -52.08427047729492 -3.700000047683716
vertex -61.060794830322266 -51.194942474365234 9.5
endloop
endfacet
facet normal -0.5970410825955853 -0.8022106616675518 0
outer loop
vertex -58.210723876953125 -55.84410858154297 -3.700000047683716
vertex -57.4688606262207 -56.396236419677734 -3.700000047683716
vertex -57.4688606262207 -56.396236419677734 9.5
endloop
endfacet
facet normal -0.6806804195868157 -0.7325804845824906 0
outer loop
vertex -58.88820266723633 -55.214637756347656 -3.700000047683716
vertex -58.803611755371094 -55.293235778808594 -3.700000047683716
vertex -58.88820266723633 -55.214637756347656 9.5
endloop
endfacet
facet normal -0.7562415063855095 -0.6542925828861088 0
outer loop
vertex -59.49327850341797 -54.51528549194336 -3.700000047683716
vertex -59.21151351928711 -54.8409538269043 -3.700000047683716
vertex -59.49327850341797 -54.51528549194336 9.5
endloop
endfacet
facet normal -0.7562382458620655 -0.6542963514306341 1.625755264773525e-7
outer loop
vertex -59.21151351928711 -54.8409538269043 -3.700000047683716
vertex -58.88820266723633 -55.214637756347656 -3.700000047683716
vertex -59.49327850341797 -54.51528549194336 9.5
endloop
endfacet
facet normal -0.6806727207904454 -0.7325876378780442 0
outer loop
vertex -58.210723876953125 -55.84410858154297 -3.700000047683716
vertex -58.803611755371094 -55.293235778808594 9.5
vertex -58.803611755371094 -55.293235778808594 -3.700000047683716
endloop
endfacet
facet normal -0.5063416167503072 -0.8623329792758044 0
outer loop
vertex -57.4688606262207 -56.396236419677734 9.5
vertex -57.4688606262207 -56.396236419677734 -3.700000047683716
vertex -57.05031204223633 -56.641998291015625 -3.700000047683716
endloop
endfacet
facet normal -0.506342753784117 -0.8623323116353214 0
outer loop
vertex -57.05031204223633 -56.641998291015625 -3.700000047683716
vertex -56.67139434814453 -56.8644905090332 -3.700000047683716
vertex -56.67139434814453 -56.8644905090332 9.5
endloop
endfacet
facet normal -0.3081074083128369 -0.9513515779893083 0
outer loop
vertex -55.82777404785156 -57.243324279785156 9.5
vertex -55.82777404785156 -57.243324279785156 -3.700000047683716
vertex -55.40107727050781 -57.38151550292969 -3.700000047683716
endloop
endfacet
facet normal -0.3081015589769437 -0.9513534723518559 2.089149274840126e-7
outer loop
vertex -55.82777404785156 -57.243324279785156 9.5
vertex -55.40107727050781 -57.38151550292969 -3.700000047683716
vertex -54.9479866027832 -57.52825164794922 -3.700000047683716
endloop
endfacet
facet normal -0.4096493229499549 -0.9122430773684411 0
outer loop
vertex -56.67139434814453 -56.8644905090332 9.5
vertex -56.67139434814453 -56.8644905090332 -3.700000047683716
vertex -55.82777404785156 -57.243324279785156 -3.700000047683716
endloop
endfacet
facet normal -0.8228539626430366 -0.5682528980679648 1.074822214404445e-7
outer loop
vertex -59.701236724853516 -54.21415328979492 -3.700000047683716
vertex -59.49327850341797 -54.51528549194336 -3.700000047683716
vertex -60.01878356933594 -53.754329681396484 9.5
endloop
endfacet
facet normal -0.8228554053684775 -0.5682508089355249 0
outer loop
vertex -60.01878356933594 -53.754329681396484 9.5
vertex -60.01878356933594 -53.754329681396484 -3.700000047683716
vertex -59.701236724853516 -54.21415328979492 -3.700000047683716
endloop
endfacet
facet normal 0 0 -1
outer loop
vertex 26.796659469604492 -56.705238342285156 -5.699999809265137
vertex 26.75702667236328 -55.3513069152832 -5.699999809265137
vertex 26.89122772216797 -56.696964263916016 -5.699999809265137
endloop
endfacet
facet normal 0 0 -1
outer loop
vertex 26.281299591064453 -56.743408203125 -5.699999809265137
vertex 26.75702667236328 -55.3513069152832 -5.699999809265137
vertex 26.796659469604492 -56.705238342285156 -5.699999809265137
endloop
endfacet
facet normal -0.985770354390993 -0.16809761569949727 0
outer loop
vertex -61.21624755859375 -50.2833251953125 -3.700000047683716
vertex -61.060794830322266 -51.194942474365234 -3.700000047683716
vertex -61.21624755859375 -50.2833251953125 9.5
endloop
endfacet
facet normal -0.9983484527045482 -0.05744882054867918 0
outer loop
vertex -61.273319244384766 -49.29153060913086 -3.700000047683716
vertex -61.21624755859375 -50.2833251953125 -3.700000047683716
vertex -61.273319244384766 -49.29153060913086 9.5
endloop
endfacet
facet normal -0.9999999982920588 -0.00005844554117975045 3.4299572233712006e-8
outer loop
vertex -61.273319244384766 -49.29153060913086 -3.700000047683716
vertex -61.27364730834961 -43.67062759399414 9.5
vertex -61.27366638183594 -43.352027893066406 -3.700000047683716
endloop
endfacet
facet normal -0.9998509505258812 0.017264898855535532 0
outer loop
vertex 28.11640739440918 -41.40851593017578 5.300000190734863
vertex 28.056909561157227 -44.85417556762695 5.300000190734863
vertex 28.11640739440918 -41.40851593017578 10.5
endloop
endfacet
facet normal 0 0 -1
outer loop
vertex 26.281299591064453 -56.743408203125 -5.699999809265137
vertex 7.006680011749268 -56.734580993652344 -5.699999809265137
vertex 26.15472984313965 -55.40414810180664 -5.699999809265137
endloop
endfacet
facet normal -0.9627590952182947 0.2703607304592338 0
outer loop
vertex 28.18874168395996 -41.15093231201172 5.300000190734863
vertex 28.11640739440918 -41.40851593017578 5.300000190734863
vertex 28.18874168395996 -41.15093231201172 10.5
endloop
endfacet
facet normal -0.8566166952029542 0.5159533287997754 0
outer loop
vertex 28.3267822265625 -40.921749114990234 5.300000190734863
vertex 28.18874168395996 -41.15093231201172 5.300000190734863
vertex 28.3267822265625 -40.921749114990234 10.5
endloop
endfacet
facet normal -0.6891619152291804 0.7246073796185409 0
outer loop
vertex 28.520648956298828 -40.73736572265625 5.300000190734863
vertex 28.3267822265625 -40.921749114990234 5.300000190734863
vertex 28.520648956298828 -40.73736572265625 10.5
endloop
endfacet
facet normal -0.0004580757296236487 -0.999999895017393 -0.000011481685766263924
outer loop
vertex 6.080705165863037 -57.888858795166016 -3.564180612564087
vertex 6.283973217010498 -57.88895034790039 -3.700000047683716
vertex 26.32863998413086 -57.89813232421875 -3.700000047683716
endloop
endfacet
facet normal -0.47236780140606555 0.8814015317633613 0
outer loop
vertex 28.756465911865234 -40.610984802246094 5.300000190734863
vertex 28.520648956298828 -40.73736572265625 5.300000190734863
vertex 28.756465911865234 -40.610984802246094 10.5
endloop
endfacet
facet normal -0.2217572963502932 0.9751018928888447 0
outer loop
vertex 29.017349243164062 -40.55165481567383 5.300000190734863
vertex 28.756465911865234 -40.610984802246094 5.300000190734863
vertex 29.017349243164062 -40.55165481567383 10.5
endloop
endfacet
facet normal 0 0 -1
outer loop
vertex 7.006680011749268 -56.734580993652344 -5.699999809265137
vertex 7.006680011749268 -55.398826599121094 -5.699999809265137
vertex 26.15472984313965 -55.40414810180664 -5.699999809265137
endloop
endfacet
facet normal -0.2230110428485283 0.9748159184007412 -3.6221388878484393e-7
outer loop
vertex 8.4066801071167 -50.04765701293945 5.300000190734863
vertex 8.559711456298828 -50.01264572143555 10.5
vertex 8.706631660461426 -49.979034423828125 10.5
endloop
endfacet
facet normal -0.22302273868956052 0.9748132426405625 0
outer loop
vertex 8.559711456298828 -50.01264572143555 10.5
vertex 8.4066801071167 -50.04765701293945 5.300000190734863
vertex 8.4066801071167 -50.04765701293945 10.5
endloop
endfacet
facet normal 0 0 1
outer loop
vertex 68.83722686767578 44.16670608520508 11.5
vertex -1.0474356412887573 37.78350067138672 11.5
vertex 70.00054931640625 43.40507507324219 11.5
endloop
endfacet
facet normal 0 0 1
outer loop
vertex 66.19407653808594 44.97060775756836 11.5
vertex -1.2616708278656006 38.33644104003906 11.5
vertex 68.83722686767578 44.16670608520508 11.5
endloop
endfacet
facet normal 0 0 1
outer loop
vertex -1.0474356412887573 37.78350067138672 11.5
vertex 46.664493560791016 37.302574157714844 11.5
vertex 72.76222229003906 37.62199401855469 11.5
endloop
endfacet
facet normal -0.730651347632585 0.6827507658016119 0
outer loop
vertex 8.706631660461426 -49.979034423828125 5.300000190734863
vertex 8.706631660461426 -49.979034423828125 10.5
vertex 8.822296142578125 -49.855255126953125 10.5
endloop
endfacet
facet normal -0.20291556945347106 -0.9791962375710874 0
outer loop
vertex -54.9479866027832 -57.52825164794922 9.5
vertex -54.9479866027832 -57.52825164794922 -3.700000047683716
vertex -54.46224594116211 -57.628910064697266 -3.700000047683716
endloop
endfacet
facet normal -0.20290983053587466 -0.97919742681027 2.2025246613799085e-7
outer loop
vertex -54.9479866027832 -57.52825164794922 9.5
vertex -54.46224594116211 -57.628910064697266 -3.700000047683716
vertex -54.042449951171875 -57.71590042114258 -3.700000047683716
endloop
endfacet
facet normal -0.09531617617989016 -0.9954470485959784 0
outer loop
vertex -53.121883392333984 -57.804046630859375 -3.700000047683716
vertex -54.042449951171875 -57.71590042114258 9.5
vertex -54.042449951171875 -57.71590042114258 -3.700000047683716
endloop
endfacet
facet normal -0.7306582104663133 0.6827434214095786 3.2747497179917753e-7
outer loop
vertex 9.056910514831543 -49.60417556762695 10.5
vertex 8.706631660461426 -49.979034423828125 5.300000190734863
vertex 8.822296142578125 -49.855255126953125 10.5
endloop
endfacet
facet normal -0.6827433484494596 -0.7306582786419484 6.93230702664042e-8
outer loop
vertex 46.66320037841797 36.802574157714844 10.5
vertex 47.03805923461914 36.45229721069336 5.300000190734863
vertex 46.91426467895508 36.56797409057617 10.5
endloop
endfacet
facet normal -0.9748124922399216 -0.22302601860095317 0
outer loop
vertex 47.0716667175293 36.305389404296875 10.5
vertex 47.10668182373047 36.15234375 5.300000190734863
vertex 47.10668182373047 36.15234375 10.5
endloop
endfacet
facet normal -0.6827449030073358 -0.7306568260253945 0
outer loop
vertex 47.03805923461914 36.45229721069336 5.300000190734863
vertex 47.03805923461914 36.45229721069336 10.5
vertex 46.91426467895508 36.56797409057617 10.5
endloop
endfacet
facet normal -0.974817329803407 -0.22300487329770755 -6.549201335846335e-7
outer loop
vertex 47.10668182373047 36.15234375 5.300000190734863
vertex 47.0716667175293 36.305389404296875 10.5
vertex 47.03805923461914 36.45229721069336 10.5
endloop
endfacet
facet normal -0.0017375481721917077 -0.9999984904620354 0
outer loop
vertex -53.121883392333984 -57.804046630859375 9.5
vertex -53.121883392333984 -57.804046630859375 -3.700000047683716
vertex -28.023555755615234 -57.84765625 -3.700000047683716
endloop
endfacet
facet normal -0.0025845890510069677 -0.9999966599441407 0
outer loop
vertex 27.406681060791016 36.85234451293945 10.5
vertex 46.66320037841797 36.802574157714844 5.300000190734863
vertex 46.66320037841797 36.802574157714844 10.5
endloop
endfacet
facet normal 0.5477629980784388 0.8366335505680609 0
outer loop
vertex 69.47051239013672 45.13225173950195 9.5
vertex 69.3777847290039 45.192962646484375 -3.700000047683716
vertex 69.3777847290039 45.192962646484375 9.5
endloop
endfacet
facet normal 0.6957185239054442 0.7183145101519458 0
outer loop
vertex 71.8816146850586 43.190696716308594 9.5
vertex 71.8816146850586 43.190696716308594 -3.700000047683716
vertex 70.72496795654297 44.31095886230469 9.5
endloop
endfacet
facet normal 0.547750071759073 0.8366420135804383 0
outer loop
vertex 70.72496795654297 44.31095886230469 9.5
vertex 69.47051239013672 45.13225173950195 -3.700000047683716
vertex 69.47051239013672 45.13225173950195 9.5
endloop
endfacet
facet normal 0.3801251885190311 0.9249350469375476 -8.782368455808866e-8
outer loop
vertex 69.3777847290039 45.192962646484375 9.5
vertex 67.888427734375 45.805049896240234 -3.700000047683716
vertex 68.91376495361328 45.383663177490234 9.5
endloop
endfacet
facet normal 0.3801242212626249 0.9249354444551701 0
outer loop
vertex 67.888427734375 45.805049896240234 9.5
vertex 68.91376495361328 45.383663177490234 9.5
vertex 67.888427734375 45.805049896240234 -3.700000047683716
endloop
endfacet
facet normal 0.19884904285020025 0.9800301312498186 1.5009745904607827e-7
outer loop
vertex 67.888427734375 45.805049896240234 9.5
vertex 66.31035614013672 46.125244140625 -3.700000047683716
vertex 66.94295501708984 45.99688720703125 9.5
endloop
endfacet
facet normal 0.19885205098509687 0.9800295208916008 0
outer loop
vertex 66.94295501708984 45.99688720703125 9.5
vertex 66.31035614013672 46.125244140625 -3.700000047683716
vertex 66.31035614013672 46.125244140625 9.5
endloop
endfacet
facet normal 0 0 -1
outer loop
vertex -58.773319244384766 -49.29517364501953 -5.699999809265137
vertex -60.118621826171875 -49.25830078125 -5.699999809265137
vertex -60.12261962890625 19.3035945892334 -5.699999809265137
endloop
endfacet
facet normal 0 0 -1
outer loop
vertex -58.77701950073242 20.823869705200195 -5.699999809265137
vertex -58.773319244384766 -49.29517364501953 -5.699999809265137
vertex -60.12261962890625 19.3035945892334 -5.699999809265137
endloop
endfacet
facet normal 0.9123201078486514 0.40947774153795596 0
outer loop
vertex 72.9244384765625 41.60899353027344 9.5
vertex 72.80622100830078 41.87238311767578 -3.700000047683716
vertex 72.80622100830078 41.87238311767578 9.5
endloop
endfacet
facet normal -0.9998509553029203 0.017264622203732066 0
outer loop
vertex 9.11640739440918 -46.15851593017578 10.5
vertex 9.056910514831543 -49.60417556762695 5.300000190734863
vertex 9.056910514831543 -49.60417556762695 10.5
endloop
endfacet
facet normal 0.8187084421203606 0.5742094450639957 3.876829547079185e-7
outer loop
vertex 72.80622100830078 41.87238311767578 9.5
vertex 71.8816146850586 43.190696716308594 -3.700000047683716
vertex 72.37621307373047 42.48548889160156 9.5
endloop
endfacet
facet normal 0.8187118535238995 0.5742045810505703 0
outer loop
vertex 71.8816146850586 43.190696716308594 -3.700000047683716
vertex 71.8816146850586 43.190696716308594 9.5
vertex 72.37621307373047 42.48548889160156 9.5
endloop
endfacet
facet normal 0.9123167654569347 0.40948518833550546 1.7852560698540194e-7
outer loop
vertex 73.46558380126953 40.403343200683594 9.5
vertex 72.80622100830078 41.87238311767578 -3.700000047683716
vertex 72.9244384765625 41.60899353027344 9.5
endloop
endfacet
facet normal -0.999999998299009 -0.00005832651122410608 0
outer loop
vertex -61.277320861816406 19.30352783203125 -3.700000047683716
vertex -61.27366638183594 -43.352027893066406 -3.700000047683716
vertex -61.277320861816406 19.30352783203125 9.5
endloop
endfacet
facet normal 0.9731763005660214 0.23006061813494472 0
outer loop
vertex 73.66241455078125 39.57073211669922 9.5
vertex 73.66241455078125 39.57073211669922 -3.700000047683716
vertex 73.46558380126953 40.403343200683594 9.5
endloop
endfacet
facet normal 0.9731751891577698 0.23006531943719605 0
outer loop
vertex 73.8360366821289 38.83631134033203 9.5
vertex 73.66241455078125 39.57073211669922 -3.700000047683716
vertex 73.66241455078125 39.57073211669922 9.5
endloop
endfacet
facet normal 0 0 -1
outer loop
vertex -53.06572723388672 -56.64944076538086 -5.699999809265137
vertex -27.883808135986328 -55.34765625 -5.699999809265137
vertex -28.021549224853516 -56.69313049316406 -5.699999809265137
endloop
endfacet
facet normal 0.9976369008828051 0.06870672453953988 0
outer loop
vertex 73.88206481933594 38.167972564697266 9.5
vertex 73.8360366821289 38.83631134033203 -3.700000047683716
vertex 73.8360366821289 38.83631134033203 9.5
endloop
endfacet
facet normal 0 0 -1
outer loop
vertex -27.944143295288086 -56.69990158081055 -5.699999809265137
vertex -28.021549224853516 -56.69313049316406 -5.699999809265137
vertex -27.883808135986328 -55.34765625 -5.699999809265137
endloop
endfacet
facet normal 0 0 -1
outer loop
vertex -27.61117172241211 -56.718727111816406 -5.699999809265137
vertex -27.944143295288086 -56.69990158081055 -5.699999809265137
vertex -27.883808135986328 -55.34765625 -5.699999809265137
endloop
endfacet
facet normal 0.9976373635466627 0.06870000622668958 -3.417730699938651e-7
outer loop
vertex 73.91695404052734 37.66132354736328 9.5
vertex 73.8360366821289 38.83631134033203 -3.700000047683716
vertex 73.88206481933594 38.167972564697266 9.5
endloop
endfacet
facet normal 0.0005465707913480758 0.9999998506301738 -2.5272752675080367e-9
outer loop
vertex 66.31035614013672 46.125244140625 9.5
vertex 43.9345703125 46.137474060058594 -3.700000047683716
vertex 43.93463134765625 46.137474060058594 9.5
endloop
endfacet
facet normal -0.9748148615783517 -0.2230156623333414 0
outer loop
vertex 47.03805923461914 36.45229721069336 5.300000190734863
vertex 47.10668182373047 36.15234375 5.300000190734863
vertex 47.03805923461914 36.45229721069336 10.5
endloop
endfacet
facet normal -0.6827438618325188 -0.7306577989250637 0
outer loop
vertex 46.66320037841797 36.802574157714844 5.300000190734863
vertex 47.03805923461914 36.45229721069336 5.300000190734863
vertex 46.66320037841797 36.802574157714844 10.5
endloop
endfacet
facet normal -0.9999999735730518 -0.00022989975170706784 0
outer loop
vertex 47.10668182373047 36.15234375 5.300000190734863
vertex 47.110679626464844 18.76301383972168 5.300000190734863
vertex 47.10668182373047 36.15234375 10.5
endloop
endfacet
facet normal 0 0 -1
outer loop
vertex -27.61117172241211 -56.718727111816406 -5.699999809265137
vertex -27.883808135986328 -55.34765625 -5.699999809265137
vertex -26.99332046508789 -56.71900939941406 -5.699999809265137
endloop
endfacet
facet normal 0 0 1
outer loop
vertex 66.4710693359375 17.702295303344727 11.5
vertex 66.50790405273438 17.623306274414062 11.5
vertex 72.76222229003906 37.62199401855469 11.5
endloop
endfacet
facet normal 0 0 1
outer loop
vertex 66.42108154296875 17.77368927001953 11.5
vertex 66.4710693359375 17.702295303344727 11.5
vertex 72.76222229003906 37.62199401855469 11.5
endloop
endfacet
facet normal 0 0 -1
outer loop
vertex -27.883808135986328 -55.34765625 -5.699999809265137
vertex -26.99332046508789 -55.389373779296875 -5.699999809265137
vertex -26.99332046508789 -56.71900939941406 -5.699999809265137
endloop
endfacet
facet normal 0 0 1
outer loop
vertex 72.76222229003906 37.62199401855469 11.5
vertex 66.37832641601562 17.816442489624023 11.5
vertex 66.42108154296875 17.77368927001953 11.5
endloop
endfacet
facet normal 0 0 1
outer loop
vertex 66.00347137451172 18.16672134399414 11.5
vertex 72.76222229003906 37.62199401855469 11.5
vertex 65.83421325683594 18.27242088317871 11.5
endloop
endfacet
facet normal 0 0 1
outer loop
vertex 66.00347137451172 18.16672134399414 11.5
vertex 66.37832641601562 17.816442489624023 11.5
vertex 72.76222229003906 37.62199401855469 11.5
endloop
endfacet
facet normal 0 0 1
outer loop
vertex 66.50790405273438 17.623306274414062 11.5
vertex 66.52546691894531 17.563800811767578 11.5
vertex 72.76222229003906 37.62199401855469 11.5
endloop
endfacet
facet normal 0 0 1
outer loop
vertex 66.52546691894531 17.563800811767578 11.5
vertex 66.59256744384766 17.263500213623047 11.5
vertex 72.76222229003906 37.62199401855469 11.5
endloop
endfacet
facet normal 0 0 1
outer loop
vertex 66.59256744384766 17.263500213623047 11.5
vertex 66.60668182373047 17.15190887451172 11.5
vertex 72.76222229003906 37.62199401855469 11.5
endloop
endfacet
facet normal 0 0 1
outer loop
vertex 65.66487884521484 18.30257225036621 11.5
vertex 65.83421325683594 18.27242088317871 11.5
vertex 72.76222229003906 37.62199401855469 11.5
endloop
endfacet
facet normal 0 0 1
outer loop
vertex -19.849536895751953 45.0177001953125 11.5
vertex -1.975486159324646 38.82257080078125 11.5
vertex -1.88997483253479 38.814979553222656 11.5
endloop
endfacet
facet normal 0 0 1
outer loop
vertex -19.849536895751953 45.0177001953125 11.5
vertex -20.910459518432617 38.87228775024414 11.5
vertex -1.975486159324646 38.82257080078125 11.5
endloop
endfacet
facet normal -0.6827332044932313 -0.7306677572483978 0
outer loop
vertex -1.7183856964111328 38.08110427856445 10.5
vertex -1.6019397974014282 37.97229766845703 5.300000190734863
vertex -1.6019397974014282 37.97229766845703 10.5
endloop
endfacet
facet normal -0.682748327807731 -0.7306536257867641 -6.343547134918955e-7
outer loop
vertex -1.9767988920211792 38.322574615478516 10.5
vertex -1.6019397974014282 37.97229766845703 5.300000190734863
vertex -1.7183856964111328 38.08110427856445 10.5
endloop
endfacet
facet normal -0.9748167144762582 -0.2230075630504789 0
outer loop
vertex -1.6019397974014282 37.97229766845703 10.5
vertex -1.5333198308944702 37.67234420776367 5.300000190734863
vertex -1.5333198308944702 37.67234420776367 10.5
endloop
endfacet
facet normal -0.002625598810732594 -0.999996553109502 0
outer loop
vertex -20.932544708251953 38.372344970703125 10.5
vertex -1.9767988920211792 38.322574615478516 5.300000190734863
vertex -1.9767988920211792 38.322574615478516 10.5
endloop
endfacet
facet normal 0 0 -1
outer loop
vertex -11.993319511413574 -55.3935432434082 -5.699999809265137
vertex -7.993319988250732 -56.72771072387695 -5.699999809265137
vertex -11.993319511413574 -56.72587966918945 -5.699999809265137
endloop
endfacet
facet normal -0.9627590952182947 0.2703607304592338 0
outer loop
vertex 9.188741683959961 -45.90093231201172 10.5
vertex 9.11640739440918 -46.15851593017578 5.300000190734863
vertex 9.11640739440918 -46.15851593017578 10.5
endloop
endfacet
facet normal 0 0 -1
outer loop
vertex -7.993319988250732 -56.72771072387695 -5.699999809265137
vertex -11.993319511413574 -55.3935432434082 -5.699999809265137
vertex -7.993319988250732 -55.394657135009766 -5.699999809265137
endloop
endfacet
facet normal -0.8566151197657289 0.5159559444262136 0
outer loop
vertex 9.188741683959961 -45.90093231201172 5.300000190734863
vertex 9.188741683959961 -45.90093231201172 10.5
vertex 9.326783180236816 -45.671749114990234 10.5
endloop
endfacet
facet normal -0.6891652136840621 0.7246042424991734 0
outer loop
vertex 9.326783180236816 -45.671749114990234 5.300000190734863
vertex 9.326783180236816 -45.671749114990234 10.5
vertex 9.433034896850586 -45.57069396972656 10.5
endloop
endfacet
facet normal -0.689157915098159 0.7246111840549232 -2.8403216536133817e-7
outer loop
vertex 9.520649909973145 -45.48736572265625 10.5
vertex 9.326783180236816 -45.671749114990234 5.300000190734863
vertex 9.433034896850586 -45.57069396972656 10.5
endloop
endfacet
facet normal 0 0 1
outer loop
vertex -20.37298011779785 45.061683654785156 11.5
vertex -37.6141357421875 48.70259094238281 11.5
vertex -21.27580451965332 38.958831787109375 11.5
endloop
endfacet
facet normal -0.472370769552202 0.8813999410441667 0
outer loop
vertex 9.756464958190918 -45.360984802246094 10.5
vertex 9.520649909973145 -45.48736572265625 5.300000190734863
vertex 9.520649909973145 -45.48736572265625 10.5
endloop
endfacet
facet normal -0.22176146138529748 0.9751009456688354 0
outer loop
vertex 9.756464958190918 -45.360984802246094 5.300000190734863
vertex 9.756464958190918 -45.360984802246094 10.5
vertex 9.875590324401855 -45.333892822265625 10.5
endloop
endfacet
facet normal -0.22175237780636173 0.9751030114491374 -2.1885592068322285e-7
outer loop
vertex 10.017349243164062 -45.30165481567383 10.5
vertex 9.756464958190918 -45.360984802246094 5.300000190734863
vertex 9.875590324401855 -45.333892822265625 10.5
endloop
endfacet
facet normal -0.00023056256313005246 0.9999999734204519 0
outer loop
vertex 10.017349243164062 -45.30165481567383 5.300000190734863
vertex 10.017349243164062 -45.30165481567383 10.5
vertex 12.813483238220215 -45.30101013183594 10.5
endloop
endfacet
facet normal 0 0 1
outer loop
vertex -37.6141357421875 48.70259094238281 11.5
vertex -39.731048583984375 42.86887741088867 11.5
vertex -21.27580451965332 38.958831787109375 11.5
endloop
endfacet
facet normal -0.00022977272347964167 0.9999999736021573 -4.2471109525126406e-7
outer loop
vertex 27.406681060791016 -45.29765701293945 10.5
vertex 10.017349243164062 -45.30165481567383 5.300000190734863
vertex 12.813483238220215 -45.30101013183594 10.5
endloop
endfacet
facet normal 0 0 1
outer loop
vertex -10.8511323928833 -50.497772216796875 11.5
vertex 26.281299591064453 -56.743408203125 11.5
vertex 8.405387878417969 -50.54765319824219 11.5
endloop
endfacet
facet normal -0.00045761114828026347 -0.9999998952378398 -0.000010786390837605653
outer loop
vertex -12.919294357299805 -57.880157470703125 -3.564180612564087
vertex -12.716026306152344 -57.8802490234375 -3.700000047683716
vertex -7.067345142364502 -57.882835388183594 -3.564180612564087
endloop
endfacet
facet normal 0 0 1
outer loop
vertex -19.915037155151367 45.01953887939453 11.5
vertex -21.007949829101562 38.88066101074219 11.5
vertex -19.849536895751953 45.0177001953125 11.5
endloop
endfacet
facet normal 0 0 1
outer loop
vertex -20.200918197631836 45.03593826293945 11.5
vertex -21.007949829101562 38.88066101074219 11.5
vertex -19.915037155151367 45.01953887939453 11.5
endloop
endfacet
facet normal 0 0 1
outer loop
vertex -21.27580451965332 38.958831787109375 11.5
vertex -20.200918197631836 45.03593826293945 11.5
vertex -20.37298011779785 45.061683654785156 11.5
endloop
endfacet
facet normal 0 0 1
outer loop
vertex -21.007949829101562 38.88066101074219 11.5
vertex -20.910459518432617 38.87228775024414 11.5
vertex -19.849536895751953 45.0177001953125 11.5
endloop
endfacet
facet normal 0 0 1
outer loop
vertex -20.200918197631836 45.03593826293945 11.5
vertex -21.234310150146484 38.947715759277344 11.5
vertex -21.007949829101562 38.88066101074219 11.5
endloop
endfacet
facet normal 0 0 1
outer loop
vertex -21.27580451965332 38.958831787109375 11.5
vertex -21.234310150146484 38.947715759277344 11.5
vertex -20.200918197631836 45.03593826293945 11.5
endloop
endfacet
facet normal -0.08555889545777404 -0.996333114680048 0
outer loop
vertex -21.103036880493164 38.386985778808594 10.5
vertex -20.932544708251953 38.372344970703125 5.300000190734863
vertex -20.932544708251953 38.372344970703125 10.5
endloop
endfacet
facet normal -0.29063397599645296 -0.9568343074934621 0
outer loop
vertex -21.3791561126709 38.470855712890625 10.5
vertex -21.103036880493164 38.386985778808594 5.300000190734863
vertex -21.103036880493164 38.386985778808594 10.5
endloop
endfacet
facet normal -0.000458149176132494 -0.9999998949824966 0.000011589997727267692
outer loop
vertex -7.067345142364502 -57.882835388183594 -3.564180612564087
vertex -12.716026306152344 -57.8802490234375 -3.700000047683716
vertex -7.270612716674805 -57.88274383544922 -3.700000047683716
endloop
endfacet
facet normal -0.20720351041563237 -0.9782978612219486 0
outer loop
vertex -26.225622177124023 39.497337341308594 10.5
vertex -21.3791561126709 38.470855712890625 5.300000190734863
vertex -21.3791561126709 38.470855712890625 10.5
endloop
endfacet
facet normal 0 0 1
outer loop
vertex 72.76222229003906 37.62199401855469 11.5
vertex 48.037235260009766 18.361839294433594 11.5
vertex 65.66487884521484 18.30257225036621 11.5
endloop
endfacet
facet normal 0 0 1
outer loop
vertex 72.76222229003906 37.62199401855469 11.5
vertex 47.910118103027344 18.397537231445312 11.5
vertex 48.037235260009766 18.361839294433594 11.5
endloop
endfacet
facet normal 0 0 1
outer loop
vertex 47.7052116394043 18.561986923217773 11.5
vertex 47.796566009521484 18.465932846069336 11.5
vertex 72.76222229003906 37.62199401855469 11.5
endloop
endfacet
facet normal 0 0 1
outer loop
vertex 47.7052116394043 18.561986923217773 11.5
vertex 72.76222229003906 37.62199401855469 11.5
vertex 47.64259338378906 18.67882537841797 11.5
endloop
endfacet
facet normal -0.20720346465583447 -0.9782978709138727 4.45619034461508e-8
outer loop
vertex -39.881717681884766 42.38969802856445 10.5
vertex -21.3791561126709 38.470855712890625 5.300000190734863
vertex -26.225622177124023 39.497337341308594 10.5
endloop
endfacet
facet normal -0.9748167144762582 -0.2230075630504789 0
outer loop
vertex -1.5333198308944702 37.67234420776367 5.300000190734863
vertex -1.6019397974014282 37.97229766845703 10.5
vertex -1.6019397974014282 37.97229766845703 5.300000190734863
endloop
endfacet
facet normal -0.00045761114830188387 -0.9999998952850861 -0.000004674822182508173
outer loop
vertex -12.919294357299805 -57.880157470703125 -3.564180612564087
vertex -7.067345142364502 -57.882835388183594 -3.564180612564087
vertex -6.493319988250732 -57.88309860229492 -3.450000047683716
endloop
endfacet
facet normal 0 0 1
outer loop
vertex 47.796566009521484 18.465932846069336 11.5
vertex 47.910118103027344 18.397537231445312 11.5
vertex 72.76222229003906 37.62199401855469 11.5
endloop
endfacet
facet normal -0.6827436300086819 -0.7306580155466497 0
outer loop
vertex -1.6019397974014282 37.97229766845703 5.300000190734863
vertex -1.9767988920211792 38.322574615478516 10.5
vertex -1.9767988920211792 38.322574615478516 5.300000190734863
endloop
endfacet
facet normal -0.9999999780445729 0.00020954916807187644 0
outer loop
vertex -1.537316918373108 18.597644805908203 5.300000190734863
vertex -1.5333198308944702 37.67234420776367 10.5
vertex -1.5333198308944702 37.67234420776367 5.300000190734863
endloop
endfacet
facet normal -0.6827420461675168 -0.7306594955209933 0
outer loop
vertex 65.91425323486328 17.56798553466797 10.5
vertex 66.0380630493164 17.452295303344727 5.300000190734863
vertex 66.0380630493164 17.452295303344727 10.5
endloop
endfacet
facet normal -0.002625598810732594 -0.999996553109502 0
outer loop
vertex -1.9767988920211792 38.322574615478516 5.300000190734863
vertex -20.932544708251953 38.372344970703125 10.5
vertex -20.932544708251953 38.372344970703125 5.300000190734863
endloop
endfacet
facet normal -0.9748147533818725 -0.2230161352661264 0
outer loop
vertex 66.07167053222656 17.30537986755371 10.5
vertex 66.10668182373047 17.15234375 5.300000190734863
vertex 66.10668182373047 17.15234375 10.5
endloop
endfacet
facet normal -0.9748198472774217 -0.22299386842141833 -6.896106649589283e-7
outer loop
vertex 66.10668182373047 17.15234375 5.300000190734863
vertex 66.07167053222656 17.30537986755371 10.5
vertex 66.0380630493164 17.452295303344727 10.5
endloop
endfacet
facet normal -0.06902244506646946 -0.9976151071816457 0
outer loop
vertex -27.651334762573242 -57.873409271240234 -3.700000047683716
vertex -28.023555755615234 -57.84765625 9.5
vertex -28.023555755615234 -57.84765625 -3.700000047683716
endloop
endfacet
facet normal -0.0004586293681459895 -0.9999998948295459 0
outer loop
vertex -27.651334762573242 -57.873409271240234 9.5
vertex -27.651334762573242 -57.873409271240234 -3.700000047683716
vertex -26.270612716674805 -57.87404251098633 -3.700000047683716
endloop
endfacet
facet normal -0.0004509412457167878 -0.9999998983256679 8.041789625077466e-7
outer loop
vertex -27.651334762573242 -57.873409271240234 9.5
vertex -26.270612716674805 -57.87404251098633 -3.700000047683716
vertex -26.067344665527344 -57.8741340637207 -3.564180612564087
endloop
endfacet
facet normal -0.00045851899360508476 -0.9999998948801542 -1.1459891313733579e-7
outer loop
vertex -27.651334762573242 -57.873409271240234 9.5
vertex -26.067344665527344 -57.8741340637207 -3.564180612564087
vertex -25.49332046508789 -57.87439727783203 -3.450000047683716
endloop
endfacet
facet normal -0.0004580814788471476 -0.9999998950806729 -4.1690550386254e-8
outer loop
vertex -27.651334762573242 -57.873409271240234 9.5
vertex -25.49332046508789 -57.87439727783203 -3.450000047683716
vertex -13.493319511413574 -57.8798942565918 -3.450000047683716
endloop
endfacet
facet normal 0.05727257784825657 0.9983585787814977 -5.971596762996223e-8
outer loop
vertex -19.848905563354492 46.17234420776367 9.5
vertex -20.134788513183594 46.188743591308594 -3.700000047683716
vertex -20.006635665893555 46.181392669677734 9.5
endloop
endfacet
facet normal -0.0004586793335037837 -0.9999998948063873 -6.953150364249952e-7
outer loop
vertex -13.493319511413574 -57.8798942565918 -3.450000047683716
vertex -12.919294357299805 -57.880157470703125 -3.564180612564087
vertex -27.651334762573242 -57.873409271240234 9.5
endloop
endfacet
facet normal -0.00045770145241926224 -0.9999998952546018 4.0740905325181207e-7
outer loop
vertex -27.651334762573242 -57.873409271240234 9.5
vertex -12.919294357299805 -57.880157470703125 -3.564180612564087
vertex -6.493319988250732 -57.88309860229492 -3.450000047683716
endloop
endfacet
facet normal -0.00045808151525217507 -0.9999998950806344 -2.135466757024572e-7
outer loop
vertex -27.651334762573242 -57.873409271240234 9.5
vertex -6.493319988250732 -57.88309860229492 -3.450000047683716
vertex 5.506680011749268 -57.88859558105469 -3.450000047683716
endloop
endfacet
facet normal -0.00045910453604830275 -0.9999998946074942 -0.000002832955612597593
outer loop
vertex -27.651334762573242 -57.873409271240234 9.5
vertex 5.506680011749268 -57.88859558105469 -3.450000047683716
vertex 6.080705165863037 -57.888858795166016 -3.564180612564087
endloop
endfacet
facet normal -0.6827421824009584 -0.7306593682218661 0
outer loop
vertex 65.66320037841797 17.802574157714844 5.300000190734863
vertex 65.91425323486328 17.56798553466797 10.5
vertex 65.66320037841797 17.802574157714844 10.5
endloop
endfacet
facet normal -0.0033622649939965515 -0.9999943475710802 0
outer loop
vertex 47.9675407409668 17.862071990966797 10.5
vertex 65.66320037841797 17.802574157714844 5.300000190734863
vertex 65.66320037841797 17.802574157714844 10.5
endloop
endfacet
facet normal 0 0 1
outer loop
vertex 66.60668182373047 17.15190887451172 11.5
vertex 66.55686950683594 -40.104610443115234 11.5
vertex 72.76222229003906 37.62199401855469 11.5
endloop
endfacet
facet normal 0.05726644715644625 0.9983589304604221 0
outer loop
vertex -20.134788513183594 46.188743591308594 -3.700000047683716
vertex -20.134788513183594 46.188743591308594 9.5
vertex -20.006635665893555 46.181392669677734 9.5
endloop
endfacet
facet normal 0 0 1
outer loop
vertex 47.61066436767578 18.819210052490234 11.5
vertex 47.64259338378906 18.67882537841797 11.5
vertex 47.60668182373047 36.15245819091797 11.5
endloop
endfacet
facet normal 0.20677096343270954 0.978389374779298 2.8858264948628424e-7
outer loop
vertex -20.134788513183594 46.188743591308594 9.5
vertex -37.37537384033203 49.832340240478516 -3.700000047683716
vertex -34.858741760253906 49.30047607421875 9.5
endloop
endfacet
facet normal 0.2067724123636111 0.9783890685638983 0
outer loop
vertex -34.858741760253906 49.30047607421875 9.5
vertex -37.37537384033203 49.832340240478516 -3.700000047683716
vertex -37.37537384033203 49.832340240478516 9.5
endloop
endfacet
facet normal -0.08555889545777404 -0.996333114680048 0
outer loop
vertex -20.932544708251953 38.372344970703125 5.300000190734863
vertex -21.103036880493164 38.386985778808594 10.5
vertex -21.103036880493164 38.386985778808594 5.300000190734863
endloop
endfacet
facet normal -0.8797262866970866 -0.47548045227344027 0
outer loop
vertex -60.45849609375 -52.94078063964844 9.5
vertex -60.01878356933594 -53.754329681396484 -3.700000047683716
vertex -60.01878356933594 -53.754329681396484 9.5
endloop
endfacet
facet normal -0.9261795632245363 -0.37708277163653836 3.3673943362626995e-7
outer loop
vertex -60.80720901489258 -52.08427047729492 9.5
vertex -60.45849609375 -52.94078063964844 -3.700000047683716
vertex -60.673828125 -52.4118766784668 9.5
endloop
endfacet
facet normal -0.9261824983063209 -0.37707556249518714 0
outer loop
vertex -60.673828125 -52.4118766784668 9.5
vertex -60.45849609375 -52.94078063964844 -3.700000047683716
vertex -60.45849609375 -52.94078063964844 9.5
endloop
endfacet
facet normal -0.9616688889497718 -0.27421332576319435 0
outer loop
vertex -61.060794830322266 -51.194942474365234 9.5
vertex -60.80720901489258 -52.08427047729492 -3.700000047683716
vertex -60.80720901489258 -52.08427047729492 9.5
endloop
endfacet
facet normal -0.985770354390993 -0.16809761569949727 0
outer loop
vertex -61.21624755859375 -50.2833251953125 9.5
vertex -61.060794830322266 -51.194942474365234 -3.700000047683716
vertex -61.060794830322266 -51.194942474365234 9.5
endloop
endfacet
facet normal -0.6806804195868157 -0.7325804845824906 0
outer loop
vertex -58.88820266723633 -55.214637756347656 9.5
vertex -58.803611755371094 -55.293235778808594 -3.700000047683716
vertex -58.803611755371094 -55.293235778808594 9.5
endloop
endfacet
facet normal -0.8228527809163212 -0.5682546092538773 0
outer loop
vertex -59.70113754272461 -54.214298248291016 9.5
vertex -59.49327850341797 -54.51528549194336 -3.700000047683716
vertex -59.49327850341797 -54.51528549194336 9.5
endloop
endfacet
facet normal -0.7562415063854963 -0.6542925828860975 -1.865459947295691e-7
outer loop
vertex -59.49327850341797 -54.51528549194336 9.5
vertex -58.88820266723633 -55.214637756347656 -3.700000047683716
vertex -59.21151351928711 -54.8409538269043 9.5
endloop
endfacet
facet normal -0.7562382458620754 -0.6542963514306428 0
outer loop
vertex -59.21151351928711 -54.8409538269043 9.5
vertex -58.88820266723633 -55.214637756347656 -3.700000047683716
vertex -58.88820266723633 -55.214637756347656 9.5
endloop
endfacet
facet normal -0.6806727207904454 -0.7325876378780442 0
outer loop
vertex -58.803611755371094 -55.293235778808594 9.5
vertex -58.210723876953125 -55.84410858154297 -3.700000047683716
vertex -58.210723876953125 -55.84410858154297 9.5
endloop
endfacet
facet normal -0.5970410825955853 -0.8022106616675518 0
outer loop
vertex -58.210723876953125 -55.84410858154297 9.5
vertex -58.210723876953125 -55.84410858154297 -3.700000047683716
vertex -57.4688606262207 -56.396236419677734 9.5
endloop
endfacet
facet normal -0.5063416167503072 -0.8623329792758044 0
outer loop
vertex -57.4688606262207 -56.396236419677734 9.5
vertex -57.05031204223633 -56.641998291015625 -3.700000047683716
vertex -57.05031204223633 -56.641998291015625 9.5
endloop
endfacet
facet normal -0.506342753784117 -0.8623323116353214 0
outer loop
vertex -57.05031204223633 -56.641998291015625 9.5
vertex -57.05031204223633 -56.641998291015625 -3.700000047683716
vertex -56.67139434814453 -56.8644905090332 9.5
endloop
endfacet
facet normal -0.4096493229499549 -0.9122430773684411 0
outer loop
vertex -56.67139434814453 -56.8644905090332 9.5
vertex -55.82777404785156 -57.243324279785156 -3.700000047683716
vertex -55.82777404785156 -57.243324279785156 9.5
endloop
endfacet
facet normal -0.3081074083128293 -0.9513515779892848 -2.2183719337198179e-7
outer loop
vertex -55.82777404785156 -57.243324279785156 9.5
vertex -54.9479866027832 -57.52825164794922 -3.700000047683716
vertex -55.40107727050781 -57.38151550292969 9.5
endloop
endfacet
facet normal -0.8228561781939532 -0.5682496898441862 -1.656692742613507e-7
outer loop
vertex -60.01878356933594 -53.754329681396484 9.5
vertex -59.49327850341797 -54.51528549194336 -3.700000047683716
vertex -59.70113754272461 -54.214298248291016 9.5
endloop
endfacet
facet normal -0.9983484527045482 -0.05744882054867918 0
outer loop
vertex -61.273319244384766 -49.29153060913086 9.5
vertex -61.21624755859375 -50.2833251953125 -3.700000047683716
vertex -61.21624755859375 -50.2833251953125 9.5
endloop
endfacet
facet normal -0.9999999982967638 -0.000058364992849285085 0
outer loop
vertex -61.27364730834961 -43.67062759399414 9.5
vertex -61.273319244384766 -49.29153060913086 -3.700000047683716
vertex -61.273319244384766 -49.29153060913086 9.5
endloop
endfacet
facet normal -0.29063397599645296 -0.9568343074934621 0
outer loop
vertex -21.103036880493164 38.386985778808594 5.300000190734863
vertex -21.3791561126709 38.470855712890625 10.5
vertex -21.3791561126709 38.470855712890625 5.300000190734863
endloop
endfacet
facet normal -0.2072034766419215 -0.9782978683752208 0
outer loop
vertex -39.881717681884766 42.38969802856445 10.5
vertex -39.881717681884766 42.38969802856445 5.300000190734863
vertex -21.3791561126709 38.470855712890625 5.300000190734863
endloop
endfacet
facet normal 0 0 1
outer loop
vertex -9.586162567138672 13.045517921447754 11.5
vertex -9.508389472961426 12.906270980834961 11.5
vertex -2.2333197593688965 17.47234344482422 11.5
endloop
endfacet
facet normal 0 0 1
outer loop
vertex -2.2333197593688965 17.47234344482422 11.5
vertex -9.840598106384277 13.329817771911621 11.5
vertex -9.723586082458496 13.221858024597168 11.5
endloop
endfacet
facet normal 0 0 1
outer loop
vertex -10.026610374450684 13.453837394714355 11.5
vertex -9.840598106384277 13.329817771911621 11.5
vertex -2.2333197593688965 17.47234344482422 11.5
endloop
endfacet
facet normal 0 0 1
outer loop
vertex -9.723586082458496 13.221858024597168 11.5
vertex -9.586162567138672 13.045517921447754 11.5
vertex -2.2333197593688965 17.47234344482422 11.5
endloop
endfacet
facet normal 0 0 1
outer loop
vertex -2.2333197593688965 17.47234344482422 11.5
vertex -10.38655948638916 13.580592155456543 11.5
vertex -10.170933723449707 13.521543502807617 11.5
endloop
endfacet
facet normal 0 0 1
outer loop
vertex -10.170933723449707 13.521543502807617 11.5
vertex -10.026610374450684 13.453837394714355 11.5
vertex -2.2333197593688965 17.47234344482422 11.5
endloop
endfacet
facet normal 0 0 1
outer loop
vertex -10.38655948638916 13.580592155456543 11.5
vertex -2.2333197593688965 17.47234344482422 11.5
vertex -21.233320236206055 17.47234344482422 11.5
endloop
endfacet
facet normal 0 0 1
outer loop
vertex -10.38655948638916 13.580592155456543 11.5
vertex -21.233320236206055 17.47234344482422 11.5
vertex -10.518511772155762 13.598337173461914 11.5
endloop
endfacet
facet normal 0 0 1
outer loop
vertex -21.233320236206055 17.47234344482422 11.5
vertex -21.31316375732422 17.478759765625 11.5
vertex -10.518511772155762 13.598337173461914 11.5
endloop
endfacet
facet normal 0 0 1
outer loop
vertex -21.31316375732422 17.478759765625 11.5
vertex -21.53386116027832 17.514461517333984 11.5
vertex -10.518511772155762 13.598337173461914 11.5
endloop
endfacet
facet normal -0.9999999736021332 -0.00022977282859019076 -4.244438749681537e-7
outer loop
vertex 47.110679626464844 18.76301383972168 5.300000190734863
vertex 47.11003494262695 21.559152603149414 10.5
vertex 47.10668182373047 36.15234375 10.5
endloop
endfacet
facet normal -0.3081015589769504 -0.9513534723518766 0
outer loop
vertex -55.40107727050781 -57.38151550292969 9.5
vertex -54.9479866027832 -57.52825164794922 -3.700000047683716
vertex -54.9479866027832 -57.52825164794922 9.5
endloop
endfacet
facet normal -0.20291556945346736 -0.9791962375710695 -1.9035052463434554e-7
outer loop
vertex -54.9479866027832 -57.52825164794922 9.5
vertex -54.042449951171875 -57.71590042114258 -3.700000047683716
vertex -54.46224594116211 -57.628910064697266 9.5
endloop
endfacet
facet normal -0.20290983053587955 -0.9791974268102936 0
outer loop
vertex -54.46224594116211 -57.628910064697266 9.5
vertex -54.042449951171875 -57.71590042114258 -3.700000047683716
vertex -54.042449951171875 -57.71590042114258 9.5
endloop
endfacet
facet normal -0.09531617617989016 -0.9954470485959784 0
outer loop
vertex -54.042449951171875 -57.71590042114258 9.5
vertex -53.121883392333984 -57.804046630859375 -3.700000047683716
vertex -53.121883392333984 -57.804046630859375 9.5
endloop
endfacet
facet normal -0.7246073314331779 -0.6891619658928435 0
outer loop
vertex 47.37971878051758 18.178699493408203 10.5
vertex 47.48077392578125 18.072446823120117 5.300000190734863
vertex 47.48077392578125 18.072446823120117 10.5
endloop
endfacet
facet normal -0.7246074380546395 -0.6891618537875495 -4.362718259803595e-9
outer loop
vertex 47.296390533447266 18.266313552856445 10.5
vertex 47.48077392578125 18.072446823120117 5.300000190734863
vertex 47.37971878051758 18.178699493408203 10.5
endloop
endfacet
facet normal -0.9999999734205426 -0.00023056216994215713 0
outer loop
vertex 47.110679626464844 18.76301383972168 5.300000190734863
vertex 47.110679626464844 18.76301383972168 10.5
vertex 47.11003494262695 21.559152603149414 10.5
endloop
endfacet
facet normal -0.9751033340255335 -0.22175095934905167 -2.530315911256114e-7
outer loop
vertex 47.110679626464844 18.76301383972168 10.5
vertex 47.17000961303711 18.50212860107422 5.300000190734863
vertex 47.14291763305664 18.621253967285156 10.5
endloop
endfacet
facet normal -0.9751009456688354 -0.22176146138529748 0
outer loop
vertex 47.17000961303711 18.50212860107422 5.300000190734863
vertex 47.17000961303711 18.50212860107422 10.5
vertex 47.14291763305664 18.621253967285156 10.5
endloop
endfacet
facet normal -0.8813999410441667 -0.472370769552202 0
outer loop
vertex 47.17000961303711 18.50212860107422 10.5
vertex 47.296390533447266 18.266313552856445 5.300000190734863
vertex 47.296390533447266 18.266313552856445 10.5
endloop
endfacet
facet normal -0.2703607304592338 -0.9627590952182947 0
outer loop
vertex 47.709957122802734 17.934406280517578 10.5
vertex 47.9675407409668 17.862071990966797 5.300000190734863
vertex 47.9675407409668 17.862071990966797 10.5
endloop
endfacet
facet normal -0.5159533287997754 -0.8566166952029542 0
outer loop
vertex 47.709957122802734 17.934406280517578 5.300000190734863
vertex 47.709957122802734 17.934406280517578 10.5
vertex 47.48077392578125 18.072446823120117 10.5
endloop
endfacet
facet normal -0.6827421374057229 -0.730659410266278 -4.069100746632393e-9
outer loop
vertex 66.0380630493164 17.452295303344727 5.300000190734863
vertex 65.91425323486328 17.56798553466797 10.5
vertex 65.66320037841797 17.802574157714844 5.300000190734863
endloop
endfacet
facet normal -0.9748172484147445 -0.2230052290712182 0
outer loop
vertex 66.10668182373047 17.15234375 5.300000190734863
vertex 66.0380630493164 17.452295303344727 10.5
vertex 66.0380630493164 17.452295303344727 5.300000190734863
endloop
endfacet
facet normal -0.0033622649939965515 -0.9999943475710802 0
outer loop
vertex 47.9675407409668 17.862071990966797 5.300000190734863
vertex 65.66320037841797 17.802574157714844 5.300000190734863
vertex 47.9675407409668 17.862071990966797 10.5
endloop
endfacet
facet normal -0.5159533287997754 -0.8566166952029542 0
outer loop
vertex 47.48077392578125 18.072446823120117 5.300000190734863
vertex 47.709957122802734 17.934406280517578 5.300000190734863
vertex 47.48077392578125 18.072446823120117 10.5
endloop
endfacet
facet normal -0.9751022434671669 -0.22175575479634807 0
outer loop
vertex 47.110679626464844 18.76301383972168 5.300000190734863
vertex 47.17000961303711 18.50212860107422 5.300000190734863
vertex 47.110679626464844 18.76301383972168 10.5
endloop
endfacet
facet normal 0.9748169401412384 0.22300657661529436 0
outer loop
vertex -49.224700927734375 -40.147605895996094 5.300000190734863
vertex -49.29331970214844 -39.84765625 5.300000190734863
vertex -49.224700927734375 -40.147605895996094 10.5
endloop
endfacet
facet normal 0.6827478312892108 0.7306540897510115 0
outer loop
vertex -48.8498420715332 -40.497886657714844 5.300000190734863
vertex -49.224700927734375 -40.147605895996094 5.300000190734863
vertex -48.8498420715332 -40.497886657714844 10.5
endloop
endfacet
facet normal 0.0033622642691930925 0.9999943475735171 0
outer loop
vertex -31.154178619384766 -40.5573844909668 5.300000190734863
vertex -48.8498420715332 -40.497886657714844 5.300000190734863
vertex -48.8498420715332 -40.497886657714844 10.5
endloop
endfacet
facet normal -0.8813999410441667 -0.472370769552202 0
outer loop
vertex 47.17000961303711 18.50212860107422 5.300000190734863
vertex 47.296390533447266 18.266313552856445 5.300000190734863
vertex 47.17000961303711 18.50212860107422 10.5
endloop
endfacet
facet normal -0.7246073796185409 -0.6891619152291804 0
outer loop
vertex 47.48077392578125 18.072446823120117 5.300000190734863
vertex 47.296390533447266 18.266313552856445 10.5
vertex 47.296390533447266 18.266313552856445 5.300000190734863
endloop
endfacet
facet normal -0.2703607304592338 -0.9627590952182947 0
outer loop
vertex 47.709957122802734 17.934406280517578 5.300000190734863
vertex 47.9675407409668 17.862071990966797 5.300000190734863
vertex 47.709957122802734 17.934406280517578 10.5
endloop
endfacet
facet normal -0.999999978044148 0.00020955119525842384 -7.436149449950814e-9
outer loop
vertex -1.537316918373108 18.597644805908203 5.300000190734863
vertex -1.535574197769165 26.91427230834961 10.5
vertex -1.5333198308944702 37.67234420776367 10.5
endloop
endfacet
facet normal -0.9999999780451224 0.00020954654578073448 0
outer loop
vertex -1.537316918373108 18.597644805908203 5.300000190734863
vertex -1.537316918373108 18.597644805908203 10.5
vertex -1.535574197769165 26.91427230834961 10.5
endloop
endfacet
facet normal -0.9644889939807143 0.2641230404377253 -3.5859056887618314e-8
outer loop
vertex -1.537316918373108 18.597644805908203 10.5
vertex -1.5963653326034546 18.38201904296875 5.300000190734863
vertex -1.5745470523834229 18.461692810058594 10.5
endloop
endfacet
facet normal -0.9644895901764734 0.2641208633205991 0
outer loop
vertex -1.5963653326034546 18.38201904296875 5.300000190734863
vertex -1.5963653326034546 18.38201904296875 10.5
vertex -1.5745470523834229 18.461692810058594 10.5
endloop
endfacet
facet normal -0.832026483758924 0.5547359104328434 -7.149148087086394e-8
outer loop
vertex -1.5963653326034546 18.38201904296875 10.5
vertex -1.7203845977783203 18.196006774902344 5.300000190734863
vertex -1.6608867645263672 18.285245895385742 10.5
endloop
endfacet
facet normal -0.8320284065214335 0.5547330265464679 0
outer loop
vertex -1.7203845977783203 18.196006774902344 5.300000190734863
vertex -1.7203845977783203 18.196006774902344 10.5
vertex -1.6608867645263672 18.285245895385742 10.5
endloop
endfacet
facet normal -0.6146988975319386 0.788761855931808 1.7072738156927835e-7
outer loop
vertex -1.7203845977783203 18.196006774902344 10.5
vertex -1.8967247009277344 18.058582305908203 5.300000190734863
vertex -1.7736239433288574 18.154516220092773 10.5
endloop
endfacet
facet normal -0.6146944106931147 0.7887653526002802 0
outer loop
vertex -1.8967247009277344 18.058582305908203 5.300000190734863
vertex -1.8967247009277344 18.058582305908203 10.5
vertex -1.7736239433288574 18.154516220092773 10.5
endloop
endfacet
facet normal -0.33466395363919077 0.9423375393852171 0
outer loop
vertex -1.9901567697525024 18.025400161743164 10.5
vertex -2.107398271560669 17.983762741088867 5.300000190734863
vertex -2.107398271560669 17.983762741088867 10.5
endloop
endfacet
facet normal -0.33466808354541705 0.9423360726704813 1.0485897052603283e-7
outer loop
vertex -1.8967247009277344 18.058582305908203 10.5
vertex -2.107398271560669 17.983762741088867 5.300000190734863
vertex -1.9901567697525024 18.025400161743164 10.5
endloop
endfacet
facet normal -0.09031523062866248 0.9959132287084511 0
outer loop
vertex -2.107398271560669 17.983762741088867 10.5
vertex -2.2333197593688965 17.97234344482422 5.300000190734863
vertex -2.2333197593688965 17.97234344482422 10.5
endloop
endfacet
facet normal 0 0 1
outer loop
vertex 27.40797233581543 37.352230072021484 11.5
vertex 46.664493560791016 37.302574157714844 11.5
vertex -1.0474356412887573 37.78350067138672 11.5
endloop
endfacet
facet normal 0 1 0
outer loop
vertex -2.2333197593688965 17.97234344482422 10.5
vertex -21.233320236206055 17.97234344482422 5.300000190734863
vertex -21.233320236206055 17.97234344482422 10.5
endloop
endfacet
facet normal 0 0 1
outer loop
vertex -2.2333197593688965 17.47234344482422 11.5
vertex -9.433877944946289 12.695487976074219 11.5
vertex 7.207746982574463 8.852344512939453 11.5
endloop
endfacet
facet normal 0 0 1
outer loop
vertex -9.433877944946289 12.695487976074219 11.5
vertex -9.408674240112305 12.573250770568848 11.5
vertex 7.207746982574463 8.852344512939453 11.5
endloop
endfacet
facet normal 0 0 1
outer loop
vertex -9.397255897521973 12.4473295211792 11.5
vertex -9.393320083618164 12.402344703674316 11.5
vertex 7.207746982574463 8.852344512939453 11.5
endloop
endfacet
facet normal 0 0 1
outer loop
vertex -9.408674240112305 12.573250770568848 11.5
vertex -9.397255897521973 12.4473295211792 11.5
vertex 7.207746982574463 8.852344512939453 11.5
endloop
endfacet
facet normal 0 0 1
outer loop
vertex -9.393320083618164 12.402344703674316 11.5
vertex -9.393320083618164 8.852344512939453 11.5
vertex 7.207746982574463 8.852344512939453 11.5
endloop
endfacet
facet normal 0 0 1
outer loop
vertex -9.508389472961426 12.906270980834961 11.5
vertex -9.433877944946289 12.695487976074219 11.5
vertex -2.2333197593688965 17.47234344482422 11.5
endloop
endfacet
facet normal 0 0 1
outer loop
vertex -1.2616708278656006 38.33644104003906 11.5
vertex -1.1160556077957153 38.08345031738281 11.5
vertex 68.83722686767578 44.16670608520508 11.5
endloop
endfacet
facet normal 0 0 1
outer loop
vertex -1.1160556077957153 38.08345031738281 11.5
vertex -1.0474356412887573 37.78350067138672 11.5
vertex 68.83722686767578 44.16670608520508 11.5
endloop
endfacet
facet normal 0 0 1
outer loop
vertex 66.19407653808594 44.97060775756836 11.5
vertex -1.7267988920211792 38.75558853149414 11.5
vertex -1.6554051637649536 38.705596923828125 11.5
endloop
endfacet
facet normal 0 0 1
outer loop
vertex -59.714019775390625 -51.707130432128906 11.5
vertex -59.412757873535156 -52.44709396362305 11.5
vertex -59.933101654052734 -50.93881607055664 11.5
endloop
endfacet
facet normal 0 0 1
outer loop
vertex -1.8057888746261597 38.79241943359375 11.5
vertex -1.7267988920211792 38.75558853149414 11.5
vertex 66.19407653808594 44.97060775756836 11.5
endloop
endfacet
facet normal 0 0 1
outer loop
vertex -1.8057888746261597 38.79241943359375 11.5
vertex 66.19407653808594 44.97060775756836 11.5
vertex -1.88997483253479 38.814979553222656 11.5
endloop
endfacet
facet normal 0 0 1
outer loop
vertex 66.19407653808594 44.97060775756836 11.5
vertex -1.6554051637649536 38.705596923828125 11.5
vertex -1.2616708278656006 38.33644104003906 11.5
endloop
endfacet
facet normal 0 0 1
outer loop
vertex 26.161487579345703 32.90578079223633 11.5
vertex 25.997037887573242 32.70087432861328 11.5
vertex 26.09309196472168 32.79222869873047 11.5
endloop
endfacet
facet normal 0 0 1
outer loop
vertex 25.880199432373047 32.63825607299805 11.5
vertex 25.997037887573242 32.70087432861328 11.5
vertex 26.161487579345703 32.90578079223633 11.5
endloop
endfacet
facet normal 0 0 1
outer loop
vertex -58.578880310058594 -53.80735397338867 11.5
vertex -58.0561408996582 -54.41154479980469 11.5
vertex -49.56607437133789 -40.512935638427734 11.5
endloop
endfacet
facet normal 0 0 1
outer loop
vertex -59.03287887573242 -53.149940490722656 11.5
vertex -58.578880310058594 -53.80735397338867 11.5
vertex -49.56607437133789 -40.512935638427734 11.5
endloop
endfacet
facet normal 0 0 1
outer loop
vertex -60.06715393066406 -50.1526985168457 11.5
vertex -59.933101654052734 -50.93881607055664 11.5
vertex -49.56607437133789 -40.512935638427734 11.5
endloop
endfacet
facet normal 0 0 1
outer loop
vertex -59.412757873535156 -52.44709396362305 11.5
vertex -59.03287887573242 -53.149940490722656 11.5
vertex -49.56607437133789 -40.512935638427734 11.5
endloop
endfacet
facet normal 0 0 1
outer loop
vertex -59.933101654052734 -50.93881607055664 11.5
vertex -59.412757873535156 -52.44709396362305 11.5
vertex -49.56607437133789 -40.512935638427734 11.5
endloop
endfacet
facet normal 0 0 1
outer loop
vertex -60.118621826171875 -49.25830078125 11.5
vertex -60.06715393066406 -50.1526985168457 11.5
vertex -49.56607437133789 -40.512935638427734 11.5
endloop
endfacet
facet normal -0.788764296910514 -0.6146957653337645 0
outer loop
vertex -10.116982460021973 12.915279388427734 10.5
vertex -9.979557991027832 12.73893928527832 5.300000190734863
vertex -9.979557991027832 12.73893928527832 10.5
endloop
endfacet
facet normal -0.9423367694677862 -0.3346661215435713 0
outer loop
vertex -9.979557991027832 12.73893928527832 10.5
vertex -9.904738426208496 12.528265953063965 5.300000190734863
vertex -9.904738426208496 12.528265953063965 10.5
endloop
endfacet
facet normal -0.5547356342887504 -0.8320266678720447 0
outer loop
vertex -10.302994728088379 13.039299011230469 10.5
vertex -10.116982460021973 12.915279388427734 5.300000190734863
vertex -10.116982460021973 12.915279388427734 10.5
endloop
endfacet
facet normal -0.2641219115931412 -0.9644893031114367 0
outer loop
vertex -10.403395652770996 13.066793441772461 10.5
vertex -10.302994728088379 13.039299011230469 5.300000190734863
vertex -10.302994728088379 13.039299011230469 10.5
endloop
endfacet
facet normal -0.26411694925943857 -0.964490662014867 1.0299715152867982e-7
outer loop
vertex -10.518620491027832 13.098346710205078 10.5
vertex -10.302994728088379 13.039299011230469 5.300000190734863
vertex -10.403395652770996 13.066793441772461 10.5
endloop
endfacet
facet normal -0.9959138917310792 -0.0903079191270408 0
outer loop
vertex -9.904738426208496 12.528265953063965 10.5
vertex -9.893320083618164 12.402344703674316 5.300000190734863
vertex -9.893320083618164 12.402344703674316 10.5
endloop
endfacet
facet normal 0 0 1
outer loop
vertex -56.82992935180664 -55.4323616027832 11.5
vertex -56.14097595214844 -55.83689880371094 11.5
vertex -49.020851135253906 -40.96773147583008 11.5
endloop
endfacet
facet normal 0 0 1
outer loop
vertex -56.14097595214844 -55.83689880371094 11.5
vertex -55.41215133666992 -56.1641845703125 11.5
vertex -49.020851135253906 -40.96773147583008 11.5
endloop
endfacet
facet normal 0 0 1
outer loop
vertex -55.41215133666992 -56.1641845703125 11.5
vertex -54.652076721191406 -56.41033935546875 11.5
vertex -49.020851135253906 -40.96773147583008 11.5
endloop
endfacet
facet normal 0 0 1
outer loop
vertex -49.020851135253906 -40.96773147583008 11.5
vertex -54.652076721191406 -56.41033935546875 11.5
vertex -53.86975860595703 -56.572452545166016 11.5
endloop
endfacet
facet normal 0 0 1
outer loop
vertex -53.06572723388672 -56.64944076538086 11.5
vertex -49.020851135253906 -40.96773147583008 11.5
vertex -53.86975860595703 -56.572452545166016 11.5
endloop
endfacet
facet normal 0 0 1
outer loop
vertex -49.56607437133789 -40.512935638427734 11.5
vertex -58.0561408996582 -54.41154479980469 11.5
vertex -57.47084426879883 -54.955360412597656 11.5
endloop
endfacet
facet normal 0 0 1
outer loop
vertex -57.47084426879883 -54.955360412597656 11.5
vertex -56.82992935180664 -55.4323616027832 11.5
vertex -49.020851135253906 -40.96773147583008 11.5
endloop
endfacet
facet normal 0 0 1
outer loop
vertex -57.47084426879883 -54.955360412597656 11.5
vertex -49.020851135253906 -40.96773147583008 11.5
vertex -49.19121170043945 -40.86321258544922 11.5
endloop
endfacet
facet normal 0 0 1
outer loop
vertex -49.56607437133789 -40.512935638427734 11.5
vertex -57.47084426879883 -54.955360412597656 11.5
vertex -49.19121170043945 -40.86321258544922 11.5
endloop
endfacet
facet normal 0 0 1
outer loop
vertex -49.020851135253906 -40.96773147583008 11.5
vertex -53.06572723388672 -56.64944076538086 11.5
vertex -48.85152053833008 -40.997737884521484 11.5
endloop
endfacet
facet normal -0.00021764091866424852 -0.9999999763162151 0
outer loop
vertex -15.934612274169922 13.099525451660156 10.5
vertex -10.518620491027832 13.098346710205078 5.300000190734863
vertex -10.518620491027832 13.098346710205078 10.5
endloop
endfacet
facet normal 0 0 1
outer loop
vertex -53.06572723388672 -56.64944076538086 11.5
vertex -28.021549224853516 -56.69313049316406 11.5
vertex -30.020851135253906 -45.71773147583008 11.5
endloop
endfacet
facet normal 0 0 1
outer loop
vertex -48.85152053833008 -40.997737884521484 11.5
vertex -53.06572723388672 -56.64944076538086 11.5
vertex -31.096757888793945 -41.09284973144531 11.5
endloop
endfacet
facet normal 0 0 1
outer loop
vertex -53.06572723388672 -56.64944076538086 11.5
vertex -30.56496810913086 -45.26175308227539 11.5
vertex -30.60772132873535 -45.21900177001953 11.5
endloop
endfacet
facet normal 0 0 1
outer loop
vertex -53.06572723388672 -56.64944076538086 11.5
vertex -30.60772132873535 -45.21900177001953 11.5
vertex -30.657712936401367 -45.147605895996094 11.5
endloop
endfacet
facet normal 0 0 1
outer loop
vertex -53.06572723388672 -56.64944076538086 11.5
vertex -30.657712936401367 -45.147605895996094 11.5
vertex -30.69454574584961 -45.06861877441406 11.5
endloop
endfacet
facet normal 0 0 1
outer loop
vertex -53.06572723388672 -56.64944076538086 11.5
vertex -30.69454574584961 -45.06861877441406 11.5
vertex -30.71058464050293 -45.00876235961914 11.5
endloop
endfacet
facet normal 0 0 1
outer loop
vertex -30.190109252929688 -45.61203384399414 11.5
vertex -53.06572723388672 -56.64944076538086 11.5
vertex -30.020851135253906 -45.71773147583008 11.5
endloop
endfacet
facet normal 0 0 1
outer loop
vertex -30.56496810913086 -45.26175308227539 11.5
vertex -53.06572723388672 -56.64944076538086 11.5
vertex -30.190109252929688 -45.61203384399414 11.5
endloop
endfacet
facet normal 0 0 1
outer loop
vertex -53.06572723388672 -56.64944076538086 11.5
vertex -30.71058464050293 -45.00876235961914 11.5
vertex -30.779203414916992 -44.70881271362305 11.5
endloop
endfacet
facet normal 0 0 1
outer loop
vertex -53.06572723388672 -56.64944076538086 11.5
vertex -30.779203414916992 -44.70881271362305 11.5
vertex -30.793264389038086 -44.59829330444336 11.5
endloop
endfacet
facet normal 0 0 1
outer loop
vertex -53.06572723388672 -56.64944076538086 11.5
vertex -30.793264389038086 -44.59829330444336 11.5
vertex -30.7972469329834 -41.51477813720703 11.5
endloop
endfacet
facet normal 0 0 1
outer loop
vertex -31.096757888793945 -41.09284973144531 11.5
vertex -53.06572723388672 -56.64944076538086 11.5
vertex -30.983203887939453 -41.1612434387207 11.5
endloop
endfacet
facet normal 0 0 1
outer loop
vertex -53.06572723388672 -56.64944076538086 11.5
vertex -30.7972469329834 -41.51477813720703 11.5
vertex -30.829233169555664 -41.37413787841797 11.5
endloop
endfacet
facet normal 0 0 1
outer loop
vertex -30.891849517822266 -41.25729751586914 11.5
vertex -53.06572723388672 -56.64944076538086 11.5
vertex -30.829233169555664 -41.37413787841797 11.5
endloop
endfacet
facet normal 0 0 1
outer loop
vertex -53.06572723388672 -56.64944076538086 11.5
vertex -30.891849517822266 -41.25729751586914 11.5
vertex -30.983203887939453 -41.1612434387207 11.5
endloop
endfacet
facet normal 0.6827517050190707 0.7306504699877214 -5.230837474541387e-7
outer loop
vertex -48.8498420715332 -40.497886657714844 10.5
vertex -49.224700927734375 -40.147605895996094 5.300000190734863
vertex -49.10087203979492 -40.26331329345703 10.5
endloop
endfacet
facet normal 0.6827399781605966 0.7306614279002744 0
outer loop
vertex -49.10087203979492 -40.26331329345703 10.5
vertex -49.224700927734375 -40.147605895996094 5.300000190734863
vertex -49.224700927734375 -40.147605895996094 10.5
endloop
endfacet
facet normal 0.974817329803611 0.22300487329775423 -1.0339378218265339e-7
outer loop
vertex -49.29331970214844 -39.84765625 5.300000190734863
vertex -49.25830841064453 -40.00069808959961 10.5
vertex -49.224700927734375 -40.147605895996094 10.5
endloop
endfacet
facet normal 0.9748165660943182 0.22300821166065088 0
outer loop
vertex -49.25830841064453 -40.00069808959961 10.5
vertex -49.29331970214844 -39.84765625 5.300000190734863
vertex -49.29331970214844 -39.84765625 10.5
endloop
endfacet
facet normal 0.0033622642691930925 0.9999943475735171 0
outer loop
vertex -31.154178619384766 -40.5573844909668 5.300000190734863
vertex -48.8498420715332 -40.497886657714844 10.5
vertex -31.154178619384766 -40.5573844909668 10.5
endloop
endfacet
facet normal 0 0 1
outer loop
vertex -60.118621826171875 -49.25830078125 11.5
vertex -49.56607437133789 -40.512935638427734 11.5
vertex -49.7105827331543 -40.25876235961914 11.5
endloop
endfacet
facet normal 0 0 1
outer loop
vertex -60.118621826171875 -49.25830078125 11.5
vertex -49.7105827331543 -40.25876235961914 11.5
vertex -49.779205322265625 -39.95881271362305 11.5
endloop
endfacet
facet normal 0 0 1
outer loop
vertex -60.118621826171875 -49.25830078125 11.5
vertex -49.779205322265625 -39.95881271362305 11.5
vertex -49.79328155517578 -39.84722137451172 11.5
endloop
endfacet
facet normal -1 0 0
outer loop
vertex -9.893320083618164 12.402344703674316 10.5
vertex -9.893320083618164 8.352344512939453 5.300000190734863
vertex -9.893320083618164 8.352344512939453 10.5
endloop
endfacet
facet normal -0.003955545624864045 -0.01321075854553939 0.9999049102376991
outer loop
vertex -22.433319091796875 25.912525177001953 11.5
vertex -22.664894104003906 25.981863021850586 11.5
vertex -22.917280197143555 25.948436737060547 11.498559951782227
endloop
endfacet
facet normal -0.00004613662070993152 -0.04269367538945288 0.9990882082945192
outer loop
vertex -22.791975021362305 25.98200035095215 11.5
vertex -22.917280197143555 25.948436737060547 11.498559951782227
vertex -22.664894104003906 25.981863021850586 11.5
endloop
endfacet
facet normal -0.002914559571315055 0.0008216892688193739 0.9999954150741147
outer loop
vertex -22.917280197143555 25.948436737060547 11.498559951782227
vertex -24.407833099365234 18.908857345581055 11.5
vertex -22.433319091796875 25.912525177001953 11.5
endloop
endfacet
facet normal 0 0 1
outer loop
vertex -22.166990280151367 17.924495697021484 11.5
vertex -24.81073570251465 18.30132484436035 11.5
vertex -22.01021385192871 17.765104293823242 11.5
endloop
endfacet
facet normal 0 0 1
outer loop
vertex -21.53386116027832 17.514461517333984 11.5
vertex -24.81073570251465 18.30132484436035 11.5
vertex -10.518511772155762 13.598337173461914 11.5
endloop
endfacet
facet normal 0 0 1
outer loop
vertex -24.81073570251465 18.30132484436035 11.5
vertex -24.939931869506836 18.20796012878418 11.5
vertex -10.518511772155762 13.598337173461914 11.5
endloop
endfacet
facet normal 0 0 1
outer loop
vertex -24.939931869506836 18.20796012878418 11.5
vertex -25.141672134399414 18.11159896850586 11.5
vertex -10.518511772155762 13.598337173461914 11.5
endloop
endfacet
facet normal 0 0 1
outer loop
vertex -25.141672134399414 18.11159896850586 11.5
vertex -25.189044952392578 18.089508056640625 11.5
vertex -10.518511772155762 13.598337173461914 11.5
endloop
endfacet
facet normal 0 0 1
outer loop
vertex -25.189044952392578 18.089508056640625 11.5
vertex -25.29391860961914 18.065141677856445 11.5
vertex -10.518511772155762 13.598337173461914 11.5
endloop
endfacet
facet normal 0 0 1
outer loop
vertex -25.29391860961914 18.065141677856445 11.5
vertex -25.5155086517334 18.03548812866211 11.5
vertex -10.518511772155762 13.598337173461914 11.5
endloop
endfacet
facet normal 0 0 1
outer loop
vertex -25.5155086517334 18.03548812866211 11.5
vertex -25.581645965576172 18.029701232910156 11.5
vertex -10.518511772155762 13.598337173461914 11.5
endloop
endfacet
facet normal 0 0 1
outer loop
vertex -25.581645965576172 18.029701232910156 11.5
vertex -25.64020347595215 18.03482437133789 11.5
vertex -10.518511772155762 13.598337173461914 11.5
endloop
endfacet
facet normal 0 0 1
outer loop
vertex -25.64020347595215 18.03482437133789 11.5
vertex -25.765766143798828 18.0496826171875 11.5
vertex -10.518511772155762 13.598337173461914 11.5
endloop
endfacet
facet normal 0 0 1
outer loop
vertex -25.765766143798828 18.0496826171875 11.5
vertex -25.81158447265625 18.05685806274414 11.5
vertex -10.518511772155762 13.598337173461914 11.5
endloop
endfacet
facet normal 0 0 1
outer loop
vertex -25.81158447265625 18.05685806274414 11.5
vertex -28.433570861816406 17.44559669494629 11.5
vertex -10.518511772155762 13.598337173461914 11.5
endloop
endfacet
facet normal 0 0 1
outer loop
vertex -21.684757232666016 17.566051483154297 11.5
vertex -24.81073570251465 18.30132484436035 11.5
vertex -21.53386116027832 17.514461517333984 11.5
endloop
endfacet
facet normal 0 0 1
outer loop
vertex -21.8829402923584 17.669511795043945 11.5
vertex -24.81073570251465 18.30132484436035 11.5
vertex -21.684757232666016 17.566051483154297 11.5
endloop
endfacet
facet normal 0 0 1
outer loop
vertex -21.8829402923584 17.669511795043945 11.5
vertex -22.01021385192871 17.765104293823242 11.5
vertex -24.81073570251465 18.30132484436035 11.5
endloop
endfacet
facet normal 0 0 1
outer loop
vertex -31.223876953125 -41.057151794433594 11.5
vertex -48.85152053833008 -40.997737884521484 11.5
vertex -31.096757888793945 -41.09284973144531 11.5
endloop
endfacet
facet normal 0 0 1
outer loop
vertex -28.395362854003906 17.197500228881836 11.5
vertex -28.393320083618164 17.15234375 11.5
vertex -10.518511772155762 13.598337173461914 11.5
endloop
endfacet
facet normal 0 0 1
outer loop
vertex -28.406782150268555 17.323421478271484 11.5
vertex -28.395362854003906 17.197500228881836 11.5
vertex -10.518511772155762 13.598337173461914 11.5
endloop
endfacet
facet normal 0 0 1
outer loop
vertex -28.433570861816406 17.44559669494629 11.5
vertex -28.406782150268555 17.323421478271484 11.5
vertex -10.518511772155762 13.598337173461914 11.5
endloop
endfacet
facet normal -0.9999999982985539 -0.00005833430294848145 3.698445611324944e-8
outer loop
vertex -61.277320861816406 19.30352783203125 9.5
vertex -61.27366638183594 -43.352027893066406 -3.700000047683716
vertex -61.27364730834961 -43.67062759399414 9.5
endloop
endfacet
facet normal 0 0 1
outer loop
vertex -28.393320083618164 17.15234375 11.5
vertex -28.393320083618164 13.602235794067383 11.5
vertex -10.518511772155762 13.598337173461914 11.5
endloop
endfacet
facet normal 0 0 1
outer loop
vertex -24.407833099365234 18.908857345581055 11.5
vertex -22.433319091796875 18.672344207763672 11.5
vertex -22.433319091796875 25.912525177001953 11.5
endloop
endfacet
facet normal 0 0 1
outer loop
vertex -24.407833099365234 18.908857345581055 11.5
vertex -22.427061080932617 18.60080337524414 11.5
vertex -22.433319091796875 18.672344207763672 11.5
endloop
endfacet
facet normal 0 0 1
outer loop
vertex -22.427061080932617 18.60080337524414 11.5
vertex -24.554794311523438 18.584819793701172 11.5
vertex -22.398271560668945 18.40212059020996 11.5
endloop
endfacet
facet normal 0 0 1
outer loop
vertex -22.398271560668945 18.40212059020996 11.5
vertex -24.554794311523438 18.584819793701172 11.5
vertex -22.353469848632812 18.257814407348633 11.5
endloop
endfacet
facet normal 0 0 1
outer loop
vertex -22.353469848632812 18.257814407348633 11.5
vertex -24.64963150024414 18.456342697143555 11.5
vertex -22.25827980041504 18.055517196655273 11.5
endloop
endfacet
facet normal 0 0 1
outer loop
vertex -22.25827980041504 18.055517196655273 11.5
vertex -24.81073570251465 18.30132484436035 11.5
vertex -22.166990280151367 17.924495697021484 11.5
endloop
endfacet
facet normal 0.22300096804650277 -0.9748182231833393 0
outer loop
vertex 27.253650665283203 36.81733703613281 10.5
vertex 27.406681060791016 36.85234451293945 5.300000190734863
vertex 27.406681060791016 36.85234451293945 10.5
endloop
endfacet
facet normal 0.2230096672631648 -0.9748162330958076 2.6940626171050565e-7
outer loop
vertex 27.406681060791016 36.85234451293945 5.300000190734863
vertex 27.253650665283203 36.81733703613281 10.5
vertex 27.10672950744629 36.78372573852539 10.5
endloop
endfacet
facet normal 0.7306548017695313 -0.6827470693098044 0
outer loop
vertex 26.99098777770996 36.65986251831055 10.5
vertex 27.10672950744629 36.78372573852539 5.300000190734863
vertex 27.10672950744629 36.78372573852539 10.5
endloop
endfacet
facet normal 0.7306565081789205 -0.6827452431586619 8.147995211359802e-8
outer loop
vertex 26.756450653076172 36.40886688232422 10.5
vertex 27.10672950744629 36.78372573852539 5.300000190734863
vertex 26.99098777770996 36.65986251831055 10.5
endloop
endfacet
facet normal 0.999999622200548 -0.0008692518399054669 0
outer loop
vertex -49.29331970214844 -39.84765625 10.5
vertex -49.29331970214844 -39.84765625 5.300000190734863
vertex -49.24354934692383 17.408864974975586 5.300000190734863
endloop
endfacet
facet normal 0.9998509508558329 -0.017264879747247112 0
outer loop
vertex 26.69695281982422 32.96320343017578 10.5
vertex 26.756450653076172 36.40886688232422 5.300000190734863
vertex 26.756450653076172 36.40886688232422 10.5
endloop
endfacet
facet normal 0 0 1
outer loop
vertex -60.122623443603516 19.3035945892334 11.5
vertex -60.118621826171875 -49.25830078125 11.5
vertex -49.74354934692383 17.409299850463867 11.5
endloop
endfacet
facet normal 0 0 1
outer loop
vertex -49.74354934692383 17.409299850463867 11.5
vertex -60.118621826171875 -49.25830078125 11.5
vertex -49.79328155517578 -39.84722137451172 11.5
endloop
endfacet
facet normal 0.999999622200548 -0.0008692518399054669 0
outer loop
vertex -49.29331970214844 -39.84765625 10.5
vertex -49.24354934692383 17.408864974975586 5.300000190734863
vertex -49.24354934692383 17.408864974975586 10.5
endloop
endfacet
facet normal 0 0 1
outer loop
vertex -24.407833099365234 18.908857345581055 11.5
vertex -24.42713165283203 18.841468811035156 11.5
vertex -22.427061080932617 18.60080337524414 11.5
endloop
endfacet
facet normal 0.9627590952182947 -0.2703607304592338 0
outer loop
vertex 26.624618530273438 32.70561981201172 10.5
vertex 26.69695281982422 32.96320343017578 5.300000190734863
vertex 26.69695281982422 32.96320343017578 10.5
endloop
endfacet
facet normal 0.8566166952029542 -0.5159533287997754 0
outer loop
vertex 26.4865779876709 32.476436614990234 10.5
vertex 26.624618530273438 32.70561981201172 5.300000190734863
vertex 26.624618530273438 32.70561981201172 10.5
endloop
endfacet
facet normal -0.0017375481721917077 -0.9999984904620354 0
outer loop
vertex -53.121883392333984 -57.804046630859375 9.5
vertex -28.023555755615234 -57.84765625 -3.700000047683716
vertex -28.023555755615234 -57.84765625 9.5
endloop
endfacet
facet normal 0.6891554703607057 -0.7246135091701745 0
outer loop
vertex 26.38032341003418 32.37538146972656 10.5
vertex 26.4865779876709 32.476436614990234 5.300000190734863
vertex 26.4865779876709 32.476436614990234 10.5
endloop
endfacet
facet normal 0.6891531657312117 -0.7246157010185752 -8.968750175369254e-8
outer loop
vertex 26.29271125793457 32.292057037353516 10.5
vertex 26.4865779876709 32.476436614990234 5.300000190734863
vertex 26.38032341003418 32.37538146972656 10.5
endloop
endfacet
facet normal -0.06902244506646946 -0.9976151071816457 0
outer loop
vertex -28.023555755615234 -57.84765625 9.5
vertex -27.651334762573242 -57.873409271240234 -3.700000047683716
vertex -27.651334762573242 -57.873409271240234 9.5
endloop
endfacet
facet normal 0.47236780140606555 -0.8814015317633613 0
outer loop
vertex 26.056894302368164 32.16567611694336 10.5
vertex 26.29271125793457 32.292057037353516 5.300000190734863
vertex 26.29271125793457 32.292057037353516 10.5
endloop
endfacet
facet normal 0.22176146138529748 -0.9751009456688354 0
outer loop
vertex 25.937768936157227 32.13858413696289 10.5
vertex 26.056894302368164 32.16567611694336 5.300000190734863
vertex 26.056894302368164 32.16567611694336 10.5
endloop
endfacet
facet normal 0.2217787456682994 -0.9750970146450157 4.1644150775992975e-7
outer loop
vertex 25.796010971069336 32.10634231567383 10.5
vertex 26.056894302368164 32.16567611694336 5.300000190734863
vertex 25.937768936157227 32.13858413696289 10.5
endloop
endfacet
facet normal 0.6827478312892108 0.7306540897510115 0
outer loop
vertex -29.84984016418457 -45.247886657714844 5.300000190734863
vertex -30.224699020385742 -44.897605895996094 5.300000190734863
vertex -29.84984016418457 -45.247886657714844 10.5
endloop
endfacet
facet normal 0.9748155925732984 0.22301246708641456 0
outer loop
vertex -30.224699020385742 -44.897605895996094 5.300000190734863
vertex -30.293319702148438 -44.59765625 5.300000190734863
vertex -30.224699020385742 -44.897605895996094 10.5
endloop
endfacet
facet normal 0.9999991891551662 0.0012734555392743656 0
outer loop
vertex -30.297317504882812 -41.45832443237305 5.300000190734863
vertex -30.293319702148438 -44.59765625 10.5
vertex -30.293319702148438 -44.59765625 5.300000190734863
endloop
endfacet
facet normal 0.0002305601253867187 -0.999999973421014 0
outer loop
vertex 22.999847412109375 32.10569763183594 10.5
vertex 25.796010971069336 32.10634231567383 5.300000190734863
vertex 25.796010971069336 32.10634231567383 10.5
endloop
endfacet
facet normal 0.00022977320398579395 -0.9999999736020474 -4.2314637354800533e-7
outer loop
vertex 8.4066801071167 32.10234451293945 10.5
vertex 25.796010971069336 32.10634231567383 5.300000190734863
vertex 22.999847412109375 32.10569763183594 10.5
endloop
endfacet
facet normal 0 0 1
outer loop
vertex -19.849536895751953 45.0177001953125 11.5
vertex -1.88997483253479 38.814979553222656 11.5
vertex 66.19407653808594 44.97060775756836 11.5
endloop
endfacet
facet normal 0 0 1
outer loop
vertex 27.29552459716797 37.33823013305664 11.5
vertex 27.40797233581543 37.352230072021484 11.5
vertex -1.0474356412887573 37.78350067138672 11.5
endloop
endfacet
facet normal 0.7246109396556658 0.6891581720703406 0
outer loop
vertex -30.483030319213867 -40.96162414550781 5.300000190734863
vertex -30.66741180419922 -40.767757415771484 5.300000190734863
vertex -30.483030319213867 -40.96162414550781 10.5
endloop
endfacet
facet normal 0.9750988096755828 0.22177085329064639 0
outer loop
vertex -30.297317504882812 -41.45832443237305 5.300000190734863
vertex -30.356651306152344 -41.19744110107422 5.300000190734863
vertex -30.297317504882812 -41.45832443237305 10.5
endloop
endfacet
facet normal 0.8814044998861208 0.4723622630783467 0
outer loop
vertex -30.483030319213867 -40.96162414550781 5.300000190734863
vertex -30.356651306152344 -41.19744110107422 10.5
vertex -30.356651306152344 -41.19744110107422 5.300000190734863
endloop
endfacet
facet normal 0.27036258609860236 0.9627585741181826 0
outer loop
vertex -30.896596908569336 -40.62971878051758 5.300000190734863
vertex -31.154178619384766 -40.5573844909668 5.300000190734863
vertex -30.896596908569336 -40.62971878051758 10.5
endloop
endfacet
facet normal 0.5159449466558647 0.8566217438404636 1.2284926310940374e-8
outer loop
vertex -30.66741180419922 -40.767757415771484 5.300000190734863
vertex -30.896596908569336 -40.62971878051758 5.300000190734863
vertex -30.69147300720215 -40.753265380859375 10.5
endloop
endfacet
facet normal 0 0 1
outer loop
vertex -1.0474356412887573 37.78350067138672 11.5
vertex 26.995573043823242 37.26960754394531 11.5
vertex 27.29552459716797 37.33823013305664 11.5
endloop
endfacet
facet normal 0 0 1
outer loop
vertex -1.0474356412887573 37.78350067138672 11.5
vertex 26.935718536376953 37.253570556640625 11.5
vertex 26.995573043823242 37.26960754394531 11.5
endloop
endfacet
facet normal 0 0 1
outer loop
vertex -1.0474356412887573 37.78350067138672 11.5
vertex 26.85672950744629 37.21673583984375 11.5
vertex 26.935718536376953 37.253570556640625 11.5
endloop
endfacet
facet normal 0 0 1
outer loop
vertex -1.0474356412887573 37.78350067138672 11.5
vertex 26.785335540771484 37.166748046875 11.5
vertex 26.85672950744629 37.21673583984375 11.5
endloop
endfacet
facet normal 0 0 1
outer loop
vertex 26.785335540771484 37.166748046875 11.5
vertex -1.0333198308944702 37.6722412109375 11.5
vertex 26.74139976501465 37.12509536743164 11.5
endloop
endfacet
facet normal 0 0 1
outer loop
vertex 26.373428344726562 36.73025894165039 11.5
vertex 26.74139976501465 37.12509536743164 11.5
vertex -1.0333198308944702 37.6722412109375 11.5
endloop
endfacet
facet normal 0 0 1
outer loop
vertex 26.323436737060547 36.65886688232422 11.5
vertex -1.0333198308944702 37.6722412109375 11.5
vertex 26.286603927612305 36.57987594604492 11.5
endloop
endfacet
facet normal 0.0028348530305190387 0.9999959817960747 0
outer loop
vertex -12.293319702148438 -45.29765701293945 5.300000190734863
vertex -29.84984016418457 -45.247886657714844 5.300000190734863
vertex -12.293319702148438 -45.29765701293945 10.5
endloop
endfacet
facet normal 0.6827478312892108 0.7306540897510115 0
outer loop
vertex -10.849841117858887 -49.997886657714844 5.300000190734863
vertex -11.224699974060059 -49.647605895996094 5.300000190734863
vertex -10.849841117858887 -49.997886657714844 10.5
endloop
endfacet
facet normal 0.9748162663612518 0.22300952185390804 0
outer loop
vertex -11.224699974060059 -49.647605895996094 5.300000190734863
vertex -11.293319702148438 -49.34765625 5.300000190734863
vertex -11.224699974060059 -49.647605895996094 10.5
endloop
endfacet
facet normal 1 0 0
outer loop
vertex -11.293319702148438 -46.29765701293945 5.300000190734863
vertex -11.293319702148438 -49.34765625 10.5
vertex -11.293319702148438 -49.34765625 5.300000190734863
endloop
endfacet
facet normal 0.1142691591700403 0.993449827249757 0
outer loop
vertex -12.06627368927002 -45.32377243041992 5.300000190734863
vertex -12.293319702148438 -45.29765701293945 5.300000190734863
vertex -12.06627368927002 -45.32377243041992 10.5
endloop
endfacet
facet normal 0.7832747140661765 0.621675737265457 0
outer loop
vertex -11.433919906616211 -45.78635025024414 5.300000190734863
vertex -11.600245475769043 -45.57678985595703 5.300000190734863
vertex -11.433919906616211 -45.78635025024414 10.5
endloop
endfacet
facet normal 0.3552837303116234 0.9347585094428708 0
outer loop
vertex -11.816183090209961 -45.418827056884766 5.300000190734863
vertex -12.06627368927002 -45.32377243041992 5.300000190734863
vertex -11.816183090209961 -45.418827056884766 10.5
endloop
endfacet
facet normal 0.5904118049915157 0.8071021623850728 0
outer loop
vertex -11.600245475769043 -45.57678985595703 5.300000190734863
vertex -11.816183090209961 -45.418827056884766 5.300000190734863
vertex -11.600245475769043 -45.57678985595703 10.5
endloop
endfacet
facet normal 0.9910121981434016 0.13377153333569664 0
outer loop
vertex -11.293319702148438 -46.29765701293945 5.300000190734863
vertex -11.329110145568848 -46.03251266479492 5.300000190734863
vertex -11.293319702148438 -46.29765701293945 10.5
endloop
endfacet
facet normal 0.9200740899712306 0.3917443923831095 0
outer loop
vertex -11.329110145568848 -46.03251266479492 5.300000190734863
vertex -11.433919906616211 -45.78635025024414 5.300000190734863
vertex -11.329110145568848 -46.03251266479492 10.5
endloop
endfacet
facet normal 0 0 1
outer loop
vertex 26.323436737060547 36.65886688232422 11.5
vertex 26.373428344726562 36.73025894165039 11.5
vertex -1.0333198308944702 37.6722412109375 11.5
endloop
endfacet
facet normal 0.6827448544359744 0.730656871411635 4.019734765379513e-7
outer loop
vertex -29.84984016418457 -45.247886657714844 10.5
vertex -30.224699020385742 -44.897605895996094 5.300000190734863
vertex -30.100948333740234 -45.01324462890625 10.5
endloop
endfacet
facet normal 0.6827538716534554 0.7306484453841102 0
outer loop
vertex -30.100948333740234 -45.01324462890625 10.5
vertex -30.224699020385742 -44.897605895996094 5.300000190734863
vertex -30.224699020385742 -44.897605895996094 10.5
endloop
endfacet
facet normal 0.9748143448382086 0.22301792102327672 3.310628705285412e-7
outer loop
vertex -30.293319702148438 -44.59765625 5.300000190734863
vertex -30.258310317993164 -44.75069046020508 10.5
vertex -30.224699020385742 -44.897605895996094 10.5
endloop
endfacet
facet normal 0.9748167903943796 0.22300723119486549 0
outer loop
vertex -30.258310317993164 -44.75069046020508 10.5
vertex -30.293319702148438 -44.59765625 5.300000190734863
vertex -30.293319702148438 -44.59765625 10.5
endloop
endfacet
facet normal 0.0028348530305190387 0.9999959817960747 0
outer loop
vertex -12.293319702148438 -45.29765701293945 10.5
vertex -29.84984016418457 -45.247886657714844 5.300000190734863
vertex -29.84984016418457 -45.247886657714844 10.5
endloop
endfacet
facet normal 0 0 1
outer loop
vertex 26.26404571533203 36.495689392089844 11.5
vertex 26.286603927612305 36.57987594604492 11.5
vertex -1.0333198308944702 37.6722412109375 11.5
endloop
endfacet
facet normal 0 0 1
outer loop
vertex 26.257204055786133 36.417484283447266 11.5
vertex 26.26404571533203 36.495689392089844 11.5
vertex -1.0333198308944702 37.6722412109375 11.5
endloop
endfacet
facet normal 0 0 1
outer loop
vertex 26.19814109802246 33.03630447387695 11.5
vertex 26.257204055786133 36.417484283447266 11.5
vertex -1.0333198308944702 37.6722412109375 11.5
endloop
endfacet
facet normal 0 0 1
outer loop
vertex 26.161487579345703 32.90578079223633 11.5
vertex 26.19814109802246 33.03630447387695 11.5
vertex -1.0333198308944702 37.6722412109375 11.5
endloop
endfacet
facet normal 0 0 1
outer loop
vertex 25.880199432373047 32.63825607299805 11.5
vertex 26.161487579345703 32.90578079223633 11.5
vertex -1.0333198308944702 37.6722412109375 11.5
endloop
endfacet
facet normal 0 0 1
outer loop
vertex 25.73981475830078 32.60633087158203 11.5
vertex 25.880199432373047 32.63825607299805 11.5
vertex -1.0333198308944702 37.6722412109375 11.5
endloop
endfacet
facet normal 0 0 1
outer loop
vertex -28.021549224853516 -56.69313049316406 11.5
vertex -27.944143295288086 -56.69990158081055 11.5
vertex -29.85125732421875 -45.74776077270508 11.5
endloop
endfacet
facet normal 0 0 1
outer loop
vertex -29.85125732421875 -45.74776077270508 11.5
vertex -27.944143295288086 -56.69990158081055 11.5
vertex -27.61117172241211 -56.718727111816406 11.5
endloop
endfacet
facet normal 0 0 1
outer loop
vertex -28.021549224853516 -56.69313049316406 11.5
vertex -29.85125732421875 -45.74776077270508 11.5
vertex -29.936664581298828 -45.740291595458984 11.5
endloop
endfacet
facet normal 0 0 1
outer loop
vertex -30.020851135253906 -45.71773147583008 11.5
vertex -28.021549224853516 -56.69313049316406 11.5
vertex -29.936664581298828 -45.740291595458984 11.5
endloop
endfacet
facet normal 0 0 1
outer loop
vertex -24.42713165283203 18.841468811035156 11.5
vertex -24.453800201416016 18.784278869628906 11.5
vertex -22.427061080932617 18.60080337524414 11.5
endloop
endfacet
facet normal 0 0 1
outer loop
vertex -24.453800201416016 18.784278869628906 11.5
vertex -24.554794311523438 18.584819793701172 11.5
vertex -22.427061080932617 18.60080337524414 11.5
endloop
endfacet
facet normal 0 0 1
outer loop
vertex -24.554794311523438 18.584819793701172 11.5
vertex -24.64963150024414 18.456342697143555 11.5
vertex -22.353469848632812 18.257814407348633 11.5
endloop
endfacet
facet normal 0 0 1
outer loop
vertex -24.64963150024414 18.456342697143555 11.5
vertex -24.81073570251465 18.30132484436035 11.5
vertex -22.25827980041504 18.055517196655273 11.5
endloop
endfacet
facet normal 0 0 1
outer loop
vertex -28.585176467895508 17.796287536621094 11.5
vertex -28.50838851928711 17.65627098083496 11.5
vertex -25.81158447265625 18.05685806274414 11.5
endloop
endfacet
facet normal 0 0 1
outer loop
vertex -28.50838851928711 17.65627098083496 11.5
vertex -28.433570861816406 17.44559669494629 11.5
vertex -25.81158447265625 18.05685806274414 11.5
endloop
endfacet
facet normal 0 0 1
outer loop
vertex -25.81158447265625 18.05685806274414 11.5
vertex -29.026609420776367 18.20383644104004 11.5
vertex -28.839614868164062 18.0812931060791 11.5
endloop
endfacet
facet normal 0 0 1
outer loop
vertex -28.839614868164062 18.0812931060791 11.5
vertex -28.72260093688965 17.972627639770508 11.5
vertex -25.81158447265625 18.05685806274414 11.5
endloop
endfacet
facet normal 0 0 1
outer loop
vertex -25.81158447265625 18.05685806274414 11.5
vertex -29.386558532714844 18.330591201782227 11.5
vertex -29.17093276977539 18.271543502807617 11.5
endloop
endfacet
facet normal 0 0 1
outer loop
vertex -29.17093276977539 18.271543502807617 11.5
vertex -29.026609420776367 18.20383644104004 11.5
vertex -25.81158447265625 18.05685806274414 11.5
endloop
endfacet
facet normal 0 0 1
outer loop
vertex -29.51851463317871 18.348346710205078 11.5
vertex -29.386558532714844 18.330591201782227 11.5
vertex -25.81158447265625 18.05685806274414 11.5
endloop
endfacet
facet normal 0 0 1
outer loop
vertex -28.585176467895508 17.796287536621094 11.5
vertex -25.81158447265625 18.05685806274414 11.5
vertex -28.72260093688965 17.972627639770508 11.5
endloop
endfacet
facet normal 0 0 1
outer loop
vertex -27.61117172241211 -56.718727111816406 11.5
vertex -12.322688102722168 -45.79757308959961 11.5
vertex -29.85125732421875 -45.74776077270508 11.5
endloop
endfacet
facet normal 0.999999189461376 0.001273215052416819 -1.4518640297618582e-7
outer loop
vertex -30.293319702148438 -44.59765625 10.5
vertex -30.297317504882812 -41.45832443237305 5.300000190734863
vertex -30.29667091369629 -41.965572357177734 10.5
endloop
endfacet
facet normal 0.7245999458610842 0.6891697312400192 8.20767452155595e-7
outer loop
vertex -30.483030319213867 -40.96162414550781 10.5
vertex -30.66741180419922 -40.767757415771484 5.300000190734863
vertex -30.56635856628418 -40.8740119934082 10.5
endloop
endfacet
facet normal 0.6944346386645658 0.7195547745528206 0.0012079077172249789
outer loop
vertex -30.56635856628418 -40.8740119934082 10.5
vertex -30.66741180419922 -40.767757415771484 5.300000190734863
vertex -30.69147300720215 -40.753265380859375 10.5
endloop
endfacet
facet normal 0.999999187565274 0.0012747034134427844 0
outer loop
vertex -30.29667091369629 -41.965572357177734 10.5
vertex -30.297317504882812 -41.45832443237305 5.300000190734863
vertex -30.297317504882812 -41.45832443237305 10.5
endloop
endfacet
facet normal 0.9750998518273462 0.22176627102927307 -2.4178278532484246e-7
outer loop
vertex -30.297317504882812 -41.45832443237305 10.5
vertex -30.356651306152344 -41.19744110107422 5.300000190734863
vertex -30.329557418823242 -41.316566467285156 10.5
endloop
endfacet
facet normal 0.975097569500474 0.22177630611557309 0
outer loop
vertex -30.329557418823242 -41.316566467285156 10.5
vertex -30.356651306152344 -41.19744110107422 5.300000190734863
vertex -30.356651306152344 -41.19744110107422 10.5
endloop
endfacet
facet normal 0.8814044998861208 0.4723622630783467 0
outer loop
vertex -30.356651306152344 -41.19744110107422 10.5
vertex -30.483030319213867 -40.96162414550781 5.300000190734863
vertex -30.483030319213867 -40.96162414550781 10.5
endloop
endfacet
facet normal 0.27036258609860236 0.9627585741181826 0
outer loop
vertex -30.896596908569336 -40.62971878051758 10.5
vertex -31.154178619384766 -40.5573844909668 5.300000190734863
vertex -31.154178619384766 -40.5573844909668 10.5
endloop
endfacet
facet normal 0.5159451751829596 0.8566216061981072 0
outer loop
vertex -30.896596908569336 -40.62971878051758 5.300000190734863
vertex -30.896596908569336 -40.62971878051758 10.5
vertex -30.69147300720215 -40.753265380859375 10.5
endloop
endfacet
facet normal 0 0 1
outer loop
vertex -44.64356231689453 22.08729362487793 11.5
vertex -29.51851463317871 18.348346710205078 11.5
vertex -25.81158447265625 18.05685806274414 11.5
endloop
endfacet
facet normal 0.27963492480647495 0.9601058923502874 0.000992120322955565
outer loop
vertex -21.933319091796875 26.284748077392578 10.5
vertex -22.591381072998047 26.48178482055664 5.300000190734863
vertex -22.609895706176758 26.48180389404297 10.5
endloop
endfacet
facet normal 0.0010875885850441247 0.99999940857536 0
outer loop
vertex -22.85892677307129 26.482074737548828 5.300000190734863
vertex -22.85892677307129 26.482074737548828 10.5
vertex -22.609895706176758 26.48180389404297 10.5
endloop
endfacet
facet normal 1 0 0
outer loop
vertex -21.933319091796875 18.672344207763672 10.5
vertex -21.933319091796875 26.284748077392578 5.300000190734863
vertex -21.933319091796875 26.284748077392578 10.5
endloop
endfacet
facet normal -0.26409570534976534 0.9644964792137968 0
outer loop
vertex -22.85892677307129 26.482074737548828 10.5
vertex -23.116973876953125 26.41141700744629 5.300000190734863
vertex -23.116973876953125 26.41141700744629 10.5
endloop
endfacet
facet normal -0.520270182532231 0.8540017196515937 0
outer loop
vertex -23.116973876953125 26.41141700744629 10.5
vertex -23.36106300354004 26.262714385986328 5.300000190734863
vertex -23.36106300354004 26.262714385986328 10.5
endloop
endfacet
facet normal -0.9782894092403271 0.207243411878118 0.0000011525197230306302
outer loop
vertex -23.36106300354004 26.262714385986328 10.5
vertex -24.8969783782959 19.01247787475586 5.300000190734863
vertex -23.59735679626465 25.147293090820312 10.5
endloop
endfacet
facet normal 0.15969324542794838 0.9871666867174405 0
outer loop
vertex -21.233320236206055 17.97234344482422 10.5
vertex -21.454015731811523 18.008045196533203 5.300000190734863
vertex -21.454015731811523 18.008045196533203 10.5
endloop
endfacet
facet normal 0.9012426049551475 0.4333148589809261 -1.105803891652842e-8
outer loop
vertex -21.80765724182129 18.272174835205078 10.5
vertex -21.904531478881836 18.473661422729492 5.300000190734863
vertex -21.841157913208008 18.34185218811035 10.5
endloop
endfacet
facet normal 0.7186629894880574 0.6953585460322526 0
outer loop
vertex -21.708574295043945 18.169771194458008 10.5
vertex -21.80765724182129 18.272174835205078 5.300000190734863
vertex -21.80765724182129 18.272174835205078 10.5
endloop
endfacet
facet normal 0.718679504634646 0.6953414769864344 -6.508272981636981e-7
outer loop
vertex -21.65220069885254 18.11150550842285 10.5
vertex -21.80765724182129 18.272174835205078 5.300000190734863
vertex -21.708574295043945 18.169771194458008 10.5
endloop
endfacet
facet normal 0.4627750476811932 0.8864757499467593 0
outer loop
vertex -21.454015731811523 18.008045196533203 10.5
vertex -21.65220069885254 18.11150550842285 5.300000190734863
vertex -21.65220069885254 18.11150550842285 10.5
endloop
endfacet
facet normal 0.9896655432630169 0.1433949527630508 0
outer loop
vertex -21.904531478881836 18.473661422729492 10.5
vertex -21.933319091796875 18.672344207763672 5.300000190734863
vertex -21.933319091796875 18.672344207763672 10.5
endloop
endfacet
facet normal 0.6827443928511572 0.7306573027282279 4.6430252907956393e-7
outer loop
vertex -10.849841117858887 -49.997886657714844 10.5
vertex -11.224699974060059 -49.647605895996094 5.300000190734863
vertex -11.100872039794922 -49.7633171081543 10.5
endloop
endfacet
facet normal 0.9748172129610518 0.22300538404887066 -2.5117088941359437e-7
outer loop
vertex -11.224699974060059 -49.647605895996094 10.5
vertex -11.293319702148438 -49.34765625 5.300000190734863
vertex -11.258308410644531 -49.500694274902344 10.5
endloop
endfacet
facet normal 0.9748153576408229 0.22301349400337686 0
outer loop
vertex -11.258308410644531 -49.500694274902344 10.5
vertex -11.293319702148438 -49.34765625 5.300000190734863
vertex -11.293319702148438 -49.34765625 10.5
endloop
endfacet
facet normal 0.6827548017440277 0.7306475762605891 0
outer loop
vertex -11.100872039794922 -49.7633171081543 10.5
vertex -11.224699974060059 -49.647605895996094 5.300000190734863
vertex -11.224699974060059 -49.647605895996094 10.5
endloop
endfacet
facet normal 1 0 0
outer loop
vertex -11.293319702148438 -49.34765625 10.5
vertex -11.293319702148438 -46.29765701293945 5.300000190734863
vertex -11.293319702148438 -46.29765701293945 10.5
endloop
endfacet
facet normal 0.1142691591700403 0.993449827249757 0
outer loop
vertex -12.06627368927002 -45.32377243041992 10.5
vertex -12.293319702148438 -45.29765701293945 5.300000190734863
vertex -12.293319702148438 -45.29765701293945 10.5
endloop
endfacet
facet normal 0.3552837303116234 0.9347585094428708 0
outer loop
vertex -11.816183090209961 -45.418827056884766 10.5
vertex -12.06627368927002 -45.32377243041992 5.300000190734863
vertex -12.06627368927002 -45.32377243041992 10.5
endloop
endfacet
facet normal 0.7832703021829238 0.621681295937185 3.6513201956507464e-7
outer loop
vertex -11.433919906616211 -45.78635025024414 10.5
vertex -11.600245475769043 -45.57678985595703 5.300000190734863
vertex -11.49132251739502 -45.714027404785156 10.5
endloop
endfacet
facet normal 0.783277039089581 0.6216728078620288 0
outer loop
vertex -11.49132251739502 -45.714027404785156 10.5
vertex -11.600245475769043 -45.57678985595703 5.300000190734863
vertex -11.600245475769043 -45.57678985595703 10.5
endloop
endfacet
facet normal 0.5904118049915157 0.8071021623850728 0
outer loop
vertex -11.600245475769043 -45.57678985595703 10.5
vertex -11.816183090209961 -45.418827056884766 5.300000190734863
vertex -11.816183090209961 -45.418827056884766 10.5
endloop
endfacet
facet normal 0.9910120059743373 0.13377295696333613 7.39124331921144e-8
outer loop
vertex -11.293319702148438 -46.29765701293945 10.5
vertex -11.329110145568848 -46.03251266479492 5.300000190734863
vertex -11.319275856018066 -46.105369567871094 10.5
endloop
endfacet
facet normal 0.9910127053157741 0.13376777602513565 0
outer loop
vertex -11.319275856018066 -46.105369567871094 10.5
vertex -11.329110145568848 -46.03251266479492 5.300000190734863
vertex -11.329110145568848 -46.03251266479492 10.5
endloop
endfacet
facet normal 0.9200745171202191 0.3917433891541663 -5.61012794463761e-8
outer loop
vertex -11.329110145568848 -46.03251266479492 10.5
vertex -11.433919906616211 -45.78635025024414 5.300000190734863
vertex -11.408163070678711 -45.84684371948242 10.5
endloop
endfacet
facet normal 0.9200727789443243 0.39174747152428285 0
outer loop
vertex -11.408163070678711 -45.84684371948242 10.5
vertex -11.433919906616211 -45.78635025024414 5.300000190734863
vertex -11.433919906616211 -45.78635025024414 10.5
endloop
endfacet
facet normal 0.002584588795006447 0.9999966599448024 0
outer loop
vertex -10.849841117858887 -49.997886657714844 5.300000190734863
vertex -10.849841117858887 -49.997886657714844 10.5
vertex 8.4066801071167 -50.04765701293945 10.5
endloop
endfacet
facet normal 0 0 1
outer loop
vertex 8.40656566619873 32.602333068847656 11.5
vertex 25.73981475830078 32.60633087158203 11.5
vertex -1.0333198308944702 37.6722412109375 11.5
endloop
endfacet
facet normal 0 0 1
outer loop
vertex -27.61117172241211 -56.718727111816406 11.5
vertex -11.020851135253906 -50.46773147583008 11.5
vertex -11.191213607788086 -50.36321258544922 11.5
endloop
endfacet
facet normal 0 0 1
outer loop
vertex -27.61117172241211 -56.718727111816406 11.5
vertex -11.191213607788086 -50.36321258544922 11.5
vertex -11.566072463989258 -50.012935638427734 11.5
endloop
endfacet
facet normal 0 0 1
outer loop
vertex -27.61117172241211 -56.718727111816406 11.5
vertex -11.566072463989258 -50.012935638427734 11.5
vertex -11.710583686828613 -49.75876235961914 11.5
endloop
endfacet
facet normal 0 0 1
outer loop
vertex -27.61117172241211 -56.718727111816406 11.5
vertex -11.710583686828613 -49.75876235961914 11.5
vertex -11.779204368591309 -49.45881271362305 11.5
endloop
endfacet
facet normal 0 0 1
outer loop
vertex -27.61117172241211 -56.718727111816406 11.5
vertex -11.779204368591309 -49.45881271362305 11.5
vertex -11.793319702148438 -49.34765625 11.5
endloop
endfacet
facet normal 0 0 1
outer loop
vertex -27.61117172241211 -56.718727111816406 11.5
vertex -11.793319702148438 -49.34765625 11.5
vertex -11.793319702148438 -46.33124923706055 11.5
endloop
endfacet
facet normal 0 0 1
outer loop
vertex -12.322688102722168 -45.79757308959961 11.5
vertex -27.61117172241211 -56.718727111816406 11.5
vertex -12.18549633026123 -45.8133544921875 11.5
endloop
endfacet
facet normal 0 0 1
outer loop
vertex -12.18549633026123 -45.8133544921875 11.5
vertex -27.61117172241211 -56.718727111816406 11.5
vertex -12.056915283203125 -45.86222839355469 11.5
endloop
endfacet
facet normal 0 0 1
outer loop
vertex -27.61117172241211 -56.718727111816406 11.5
vertex -11.86751651763916 -46.0443229675293 11.5
vertex -11.949925422668457 -45.94049072265625 11.5
endloop
endfacet
facet normal 0 0 1
outer loop
vertex -27.61117172241211 -56.718727111816406 11.5
vertex -11.793319702148438 -46.33124923706055 11.5
vertex -11.815587043762207 -46.16628646850586 11.5
endloop
endfacet
facet normal 0 0 1
outer loop
vertex -11.86751651763916 -46.0443229675293 11.5
vertex -27.61117172241211 -56.718727111816406 11.5
vertex -11.815587043762207 -46.16628646850586 11.5
endloop
endfacet
facet normal 0 0 1
outer loop
vertex -12.056915283203125 -45.86222839355469 11.5
vertex -27.61117172241211 -56.718727111816406 11.5
vertex -11.949925422668457 -45.94049072265625 11.5
endloop
endfacet
facet normal 0.9012424345899053 0.43331521331988815 0
outer loop
vertex -21.904531478881836 18.473661422729492 5.300000190734863
vertex -21.904531478881836 18.473661422729492 10.5
vertex -21.841157913208008 18.34185218811035 10.5
endloop
endfacet
facet normal -0.9782892111798777 0.2072443468204925 0
outer loop
vertex -24.8969783782959 19.01247787475586 5.300000190734863
vertex -24.8969783782959 19.01247787475586 10.5
vertex -23.59735679626465 25.147293090820312 10.5
endloop
endfacet
facet normal -0.8890575852903515 0.45779538009648946 0
outer loop
vertex -24.8969783782959 19.01247787475586 10.5
vertex -24.999324798583984 18.813716888427734 5.300000190734863
vertex -24.999324798583984 18.813716888427734 10.5
endloop
endfacet
facet normal -0.6993867413999643 0.7147434406512169 0
outer loop
vertex -24.999324798583984 18.813716888427734 10.5
vertex -25.159116744995117 18.657358169555664 5.300000190734863
vertex -25.159116744995117 18.657358169555664 10.5
endloop
endfacet
facet normal -0.4383668171746111 0.8987961579803294 0
outer loop
vertex -25.159116744995117 18.657358169555664 10.5
vertex -25.360055923461914 18.559354782104492 5.300000190734863
vertex -25.360055923461914 18.559354782104492 10.5
endloop
endfacet
facet normal -0.1326392709530339 0.9911643777906103 0
outer loop
vertex -25.360055923461914 18.559354782104492 10.5
vertex -25.581645965576172 18.529701232910156 5.300000190734863
vertex -25.581645965576172 18.529701232910156 10.5
endloop
endfacet
facet normal 0.11751517195487403 0.9930710872643591 0
outer loop
vertex -25.581645965576172 18.529701232910156 10.5
vertex -25.70720672607422 18.544559478759766 5.300000190734863
vertex -25.70720672607422 18.544559478759766 10.5
endloop
endfacet
facet normal -0.788764296910514 -0.6146957653337645 0
outer loop
vertex -29.116981506347656 17.665279388427734 10.5
vertex -28.979557037353516 17.48893928527832 5.300000190734863
vertex -28.979557037353516 17.48893928527832 10.5
endloop
endfacet
facet normal -0.2641219115931412 -0.9644893031114367 0
outer loop
vertex -29.40339469909668 17.81679344177246 10.5
vertex -29.302993774414062 17.78929901123047 5.300000190734863
vertex -29.302993774414062 17.78929901123047 10.5
endloop
endfacet
facet normal -0.5547356342887504 -0.8320266678720447 0
outer loop
vertex -29.302993774414062 17.78929901123047 10.5
vertex -29.116981506347656 17.665279388427734 5.300000190734863
vertex -29.116981506347656 17.665279388427734 10.5
endloop
endfacet
facet normal -0.9423399377648155 -0.33465720027126816 0
outer loop
vertex -28.979557037353516 17.48893928527832 10.5
vertex -28.904739379882812 17.27826499938965 5.300000190734863
vertex -28.904739379882812 17.27826499938965 10.5
endloop
endfacet
facet normal -0.9959132133274371 -0.09031540023616483 0
outer loop
vertex -28.893320083618164 17.15234375 5.300000190734863
vertex -28.893320083618164 17.15234375 10.5
vertex -28.904739379882812 17.27826499938965 10.5
endloop
endfacet
facet normal -0.26411694925943857 -0.964490662014867 1.0299715152867982e-7
outer loop
vertex -29.518619537353516 17.848346710205078 10.5
vertex -29.302993774414062 17.78929901123047 5.300000190734863
vertex -29.40339469909668 17.81679344177246 10.5
endloop
endfacet
facet normal -1 0 0
outer loop
vertex -28.893320083618164 17.15234375 10.5
vertex -28.893320083618164 13.102344512939453 5.300000190734863
vertex -28.893320083618164 13.102344512939453 10.5
endloop
endfacet
facet normal -0.00020962226826972682 -0.9999999780292521 0
outer loop
vertex -35.141788482666016 17.849525451660156 10.5
vertex -29.518619537353516 17.848346710205078 5.300000190734863
vertex -29.518619537353516 17.848346710205078 10.5
endloop
endfacet
facet normal -0.0002175418455331019 -0.9999999763377672 1.0318832871274696e-7
outer loop
vertex -28.893320083618164 13.102344512939453 10.5
vertex -10.518620491027832 13.098346710205078 5.300000190734863
vertex -15.934612274169922 13.099525451660156 10.5
endloop
endfacet
facet normal -0.9644892142756661 0.2641222359929361 0
outer loop
vertex -1.5963653326034546 18.38201904296875 5.300000190734863
vertex -1.537316918373108 18.597644805908203 10.5
vertex -1.537316918373108 18.597644805908203 5.300000190734863
endloop
endfacet
facet normal -0.832027406201637 0.5547345268949609 0
outer loop
vertex -1.7203845977783203 18.196006774902344 5.300000190734863
vertex -1.5963653326034546 18.38201904296875 10.5
vertex -1.5963653326034546 18.38201904296875 5.300000190734863
endloop
endfacet
facet normal -0.6146957653337645 0.788764296910514 0
outer loop
vertex -1.8967247009277344 18.058582305908203 5.300000190734863
vertex -1.7203845977783203 18.196006774902344 10.5
vertex -1.7203845977783203 18.196006774902344 5.300000190734863
endloop
endfacet
facet normal -0.334665785222446 0.9423368889104594 0
outer loop
vertex -2.107398271560669 17.983762741088867 5.300000190734863
vertex -1.8967247009277344 18.058582305908203 10.5
vertex -1.8967247009277344 18.058582305908203 5.300000190734863
endloop
endfacet
facet normal -0.09031523062866248 0.9959132287084511 0
outer loop
vertex -2.2333197593688965 17.97234344482422 5.300000190734863
vertex -2.107398271560669 17.983762741088867 10.5
vertex -2.107398271560669 17.983762741088867 5.300000190734863
endloop
endfacet
facet normal 0 1 0
outer loop
vertex -2.2333197593688965 17.97234344482422 5.300000190734863
vertex -21.233320236206055 17.97234344482422 5.300000190734863
vertex -2.2333197593688965 17.97234344482422 10.5
endloop
endfacet
facet normal 0 -1 0
outer loop
vertex -9.893320083618164 8.352344512939453 5.300000190734863
vertex 7.7066802978515625 8.352344512939453 5.300000190734863
vertex -9.893320083618164 8.352344512939453 10.5
endloop
endfacet
facet normal 0 0 1
outer loop
vertex 8.51783561706543 -50.533538818359375 11.5
vertex 8.405387878417969 -50.54765319824219 11.5
vertex 26.281299591064453 -56.743408203125 11.5
endloop
endfacet
facet normal -0.9423367694677862 -0.3346661215435713 0
outer loop
vertex -9.904738426208496 12.528265953063965 5.300000190734863
vertex -9.979557991027832 12.73893928527832 10.5
vertex -9.979557991027832 12.73893928527832 5.300000190734863
endloop
endfacet
facet normal 0 0 1
outer loop
vertex 67.5511245727539 44.695255279541016 11.5
vertex 66.19407653808594 44.97060775756836 11.5
vertex 68.83722686767578 44.16670608520508 11.5
endloop
endfacet
facet normal -0.5547356342887504 -0.8320266678720447 0
outer loop
vertex -10.116982460021973 12.915279388427734 5.300000190734863
vertex -10.302994728088379 13.039299011230469 10.5
vertex -10.302994728088379 13.039299011230469 5.300000190734863
endloop
endfacet
facet normal -0.2641192598527943 -0.9644900292770332 0
outer loop
vertex -10.302994728088379 13.039299011230469 5.300000190734863
vertex -10.518620491027832 13.098346710205078 10.5
vertex -10.518620491027832 13.098346710205078 5.300000190734863
endloop
endfacet
facet normal -0.9959138917310792 -0.0903079191270408 0
outer loop
vertex -9.904738426208496 12.528265953063965 5.300000190734863
vertex -9.893320083618164 12.402344703674316 5.300000190734863
vertex -9.904738426208496 12.528265953063965 10.5
endloop
endfacet
facet normal -1 0 0
outer loop
vertex -9.893320083618164 8.352344512939453 5.300000190734863
vertex -9.893320083618164 12.402344703674316 10.5
vertex -9.893320083618164 12.402344703674316 5.300000190734863
endloop
endfacet
facet normal 0 0 1
outer loop
vertex -10.8511323928833 -50.497772216796875 11.5
vertex -27.61117172241211 -56.718727111816406 11.5
vertex 26.281299591064453 -56.743408203125 11.5
endloop
endfacet
facet normal 0.2868378604125664 0.9579791447802718 0
outer loop
vertex -21.933319091796875 26.284748077392578 5.300000190734863
vertex -22.591381072998047 26.48178482055664 5.300000190734863
vertex -21.933319091796875 26.284748077392578 10.5
endloop
endfacet
facet normal 0 0 -1
outer loop
vertex -71.0186767578125 27.133705139160156 -5.699999809265137
vertex -69.55975341796875 27.516433715820312 -5.699999809265137
vertex -70.0414047241211 26.144590377807617 -5.699999809265137
endloop
endfacet
facet normal 0 0 -1
outer loop
vertex -70.0414047241211 26.144590377807617 -5.699999809265137
vertex -68.86832427978516 26.927526473999023 -5.699999809265137
vertex -68.8963623046875 25.3584041595459 -5.699999809265137
endloop
endfacet
facet normal 0 0 -1
outer loop
vertex -68.86832427978516 26.927526473999023 -5.699999809265137
vertex -70.0414047241211 26.144590377807617 -5.699999809265137
vertex -69.55975341796875 27.516433715820312 -5.699999809265137
endloop
endfacet
facet normal 0 0 -1
outer loop
vertex -71.79185485839844 28.289386749267578 -5.699999809265137
vertex -70.20028686523438 28.267393112182617 -5.699999809265137
vertex -71.0186767578125 27.133705139160156 -5.699999809265137
endloop
endfacet
facet normal 0 0 -1
outer loop
vertex -70.20028686523438 28.267393112182617 -5.699999809265137
vertex -71.79185485839844 28.289386749267578 -5.699999809265137
vertex -70.67427825927734 29.04212760925293 -5.699999809265137
endloop
endfacet
facet normal 0 0 -1
outer loop
vertex -69.55975341796875 27.516433715820312 -5.699999809265137
vertex -71.0186767578125 27.133705139160156 -5.699999809265137
vertex -70.20028686523438 28.267393112182617 -5.699999809265137
endloop
endfacet
facet normal 0 0 1
outer loop
vertex -1.0474356412887573 37.78350067138672 11.5
vertex -1.0333198308944702 37.6722412109375 11.5
vertex 26.785335540771484 37.166748046875 11.5
endloop
endfacet
facet normal 0 0 1
outer loop
vertex -1.0333198308944702 37.6722412109375 11.5
vertex 8.295524597167969 32.58823013305664 11.5
vertex 8.40656566619873 32.602333068847656 11.5
endloop
endfacet
facet normal 0 0 -1
outer loop
vertex -68.02601623535156 26.413007736206055 -5.699999809265137
vertex -60.42062759399414 23.17083740234375 -5.699999809265137
vertex -68.8963623046875 25.3584041595459 -5.699999809265137
endloop
endfacet
facet normal 0 0 -1
outer loop
vertex -68.02601623535156 26.413007736206055 -5.699999809265137
vertex -68.8963623046875 25.3584041595459 -5.699999809265137
vertex -68.86832427978516 26.927526473999023 -5.699999809265137
endloop
endfacet
facet normal 0 0 1
outer loop
vertex -1.0333198308944702 37.6722412109375 11.5
vertex 7.995572566986084 32.51960754394531 11.5
vertex 8.295524597167969 32.58823013305664 11.5
endloop
endfacet
facet normal 0 0 1
outer loop
vertex -1.0333198308944702 37.6722412109375 11.5
vertex 7.935718536376953 32.503570556640625 11.5
vertex 7.995572566986084 32.51960754394531 11.5
endloop
endfacet
facet normal 0 0 1
outer loop
vertex -1.0333198308944702 37.6722412109375 11.5
vertex 7.856728553771973 32.46673583984375 11.5
vertex 7.935718536376953 32.503570556640625 11.5
endloop
endfacet
facet normal 0 0 1
outer loop
vertex 7.785335063934326 32.416748046875 11.5
vertex -1.0333198308944702 37.6722412109375 11.5
vertex 7.741400241851807 32.37509536743164 11.5
endloop
endfacet
facet normal 0 0 1
outer loop
vertex 7.785335063934326 32.416748046875 11.5
vertex 7.856728553771973 32.46673583984375 11.5
vertex -1.0333198308944702 37.6722412109375 11.5
endloop
endfacet
facet normal 0 0 1
outer loop
vertex 7.392302989959717 31.999134063720703 11.5
vertex 7.741400241851807 32.37509536743164 11.5
vertex -1.0333198308944702 37.6722412109375 11.5
endloop
endfacet
facet normal 0.0010836160771575168 0.9999994128879082 1.9024597722329791e-7
outer loop
vertex -22.591381072998047 26.48178482055664 5.300000190734863
vertex -22.85892677307129 26.482074737548828 5.300000190734863
vertex -22.609895706176758 26.48180389404297 10.5
endloop
endfacet
facet normal -0.26409570534976534 0.9644964792137968 0
outer loop
vertex -22.85892677307129 26.482074737548828 5.300000190734863
vertex -23.116973876953125 26.41141700744629 5.300000190734863
vertex -22.85892677307129 26.482074737548828 10.5
endloop
endfacet
facet normal -0.520270182532231 0.8540017196515937 0
outer loop
vertex -23.116973876953125 26.41141700744629 5.300000190734863
vertex -23.36106300354004 26.262714385986328 5.300000190734863
vertex -23.116973876953125 26.41141700744629 10.5
endloop
endfacet
facet normal -0.9782892416508769 0.20724420298322443 0
outer loop
vertex -23.36106300354004 26.262714385986328 5.300000190734863
vertex -24.8969783782959 19.01247787475586 5.300000190734863
vertex -23.36106300354004 26.262714385986328 10.5
endloop
endfacet
facet normal 0 0 1
outer loop
vertex 8.818136215209961 -50.4664421081543 11.5
vertex 8.51783561706543 -50.533538818359375 11.5
vertex 26.281299591064453 -56.743408203125 11.5
endloop
endfacet
facet normal 0 0 1
outer loop
vertex 8.877641677856445 -50.448883056640625 11.5
vertex 8.818136215209961 -50.4664421081543 11.5
vertex 26.281299591064453 -56.743408203125 11.5
endloop
endfacet
facet normal 0 0 1
outer loop
vertex 8.956631660461426 -50.41204833984375 11.5
vertex 8.877641677856445 -50.448883056640625 11.5
vertex 26.281299591064453 -56.743408203125 11.5
endloop
endfacet
facet normal 1 0 0
outer loop
vertex -21.933319091796875 26.284748077392578 5.300000190734863
vertex -21.933319091796875 18.672344207763672 10.5
vertex -21.933319091796875 18.672344207763672 5.300000190734863
endloop
endfacet
facet normal 0.4627750476811932 0.8864757499467593 0
outer loop
vertex -21.454015731811523 18.008045196533203 5.300000190734863
vertex -21.65220069885254 18.11150550842285 5.300000190734863
vertex -21.454015731811523 18.008045196533203 10.5
endloop
endfacet
facet normal 0.9012424935049973 0.43331509078371033 0
outer loop
vertex -21.80765724182129 18.272174835205078 5.300000190734863
vertex -21.904531478881836 18.473661422729492 5.300000190734863
vertex -21.80765724182129 18.272174835205078 10.5
endloop
endfacet
facet normal 0.7186689785577061 0.6953523561898842 0
outer loop
vertex -21.80765724182129 18.272174835205078 5.300000190734863
vertex -21.65220069885254 18.11150550842285 10.5
vertex -21.65220069885254 18.11150550842285 5.300000190734863
endloop
endfacet
facet normal 0 0 -1
outer loop
vertex -60.63903045654297 21.03628921508789 -5.699999809265137
vertex -60.74671936035156 21.19941520690918 -5.699999809265137
vertex -58.77701950073242 20.823869705200195 -5.699999809265137
endloop
endfacet
facet normal 0 0 -1
outer loop
vertex -58.83081817626953 21.238250732421875 -5.699999809265137
vertex -60.74671936035156 21.19941520690918 -5.699999809265137
vertex -61.00336837768555 21.5366268157959 -5.699999809265137
endloop
endfacet
facet normal 0.9896655432630169 0.1433949527630508 0
outer loop
vertex -21.933319091796875 18.672344207763672 5.300000190734863
vertex -21.904531478881836 18.473661422729492 10.5
vertex -21.904531478881836 18.473661422729492 5.300000190734863
endloop
endfacet
facet normal 0.15969324542794838 0.9871666867174405 0
outer loop
vertex -21.233320236206055 17.97234344482422 5.300000190734863
vertex -21.454015731811523 18.008045196533203 5.300000190734863
vertex -21.233320236206055 17.97234344482422 10.5
endloop
endfacet
facet normal -0.8890575852903515 0.45779538009648946 0
outer loop
vertex -24.8969783782959 19.01247787475586 5.300000190734863
vertex -24.999324798583984 18.813716888427734 5.300000190734863
vertex -24.8969783782959 19.01247787475586 10.5
endloop
endfacet
facet normal -0.6993867413999643 0.7147434406512169 0
outer loop
vertex -24.999324798583984 18.813716888427734 5.300000190734863
vertex -25.159116744995117 18.657358169555664 5.300000190734863
vertex -24.999324798583984 18.813716888427734 10.5
endloop
endfacet
facet normal -0.4383668171746111 0.8987961579803294 0
outer loop
vertex -25.159116744995117 18.657358169555664 5.300000190734863
vertex -25.360055923461914 18.559354782104492 5.300000190734863
vertex -25.159116744995117 18.657358169555664 10.5
endloop
endfacet
facet normal -0.1326392709530339 0.9911643777906103 0
outer loop
vertex -25.360055923461914 18.559354782104492 5.300000190734863
vertex -25.581645965576172 18.529701232910156 5.300000190734863
vertex -25.360055923461914 18.559354782104492 10.5
endloop
endfacet
facet normal 0.11751517195487403 0.9930710872643591 0
outer loop
vertex -25.581645965576172 18.529701232910156 5.300000190734863
vertex -25.70720672607422 18.544559478759766 5.300000190734863
vertex -25.581645965576172 18.529701232910156 10.5
endloop
endfacet
facet normal 0 0 1
outer loop
vertex 9.02802562713623 -50.362056732177734 11.5
vertex 8.956631660461426 -50.41204833984375 11.5
vertex 26.281299591064453 -56.743408203125 11.5
endloop
endfacet
facet normal 0 0 1
outer loop
vertex 9.070778846740723 -50.319305419921875 11.5
vertex 9.02802562713623 -50.362056732177734 11.5
vertex 26.281299591064453 -56.743408203125 11.5
endloop
endfacet
facet normal 0 0 1
outer loop
vertex 9.42223834991455 -49.94554901123047 11.5
vertex 9.070778846740723 -50.319305419921875 11.5
vertex 26.281299591064453 -56.743408203125 11.5
endloop
endfacet
facet normal 0 0 1
outer loop
vertex 9.42223834991455 -49.94554901123047 11.5
vertex 26.281299591064453 -56.743408203125 11.5
vertex 9.489922523498535 -49.85417556762695 11.5
endloop
endfacet
facet normal 0 0 1
outer loop
vertex 9.489922523498535 -49.85417556762695 11.5
vertex 26.281299591064453 -56.743408203125 11.5
vertex 9.526756286621094 -49.77518844604492 11.5
endloop
endfacet
facet normal 0 0 1
outer loop
vertex 9.526756286621094 -49.77518844604492 11.5
vertex 26.281299591064453 -56.743408203125 11.5
vertex 9.549314498901367 -49.691001892089844 11.5
endloop
endfacet
facet normal 0 0 1
outer loop
vertex 9.549314498901367 -49.691001892089844 11.5
vertex 26.281299591064453 -56.743408203125 11.5
vertex 9.556156158447266 -49.612796783447266 11.5
endloop
endfacet
facet normal 0 0 1
outer loop
vertex 9.556156158447266 -49.612796783447266 11.5
vertex 26.281299591064453 -56.743408203125 11.5
vertex 9.615220069885254 -46.23161697387695 11.5
endloop
endfacet
facet normal 0.20928143667088087 0.9778554495757398 0
outer loop
vertex -25.70720672607422 18.544559478759766 5.300000190734863
vertex -44.5391845703125 22.574995040893555 5.300000190734863
vertex -25.70720672607422 18.544559478759766 10.5
endloop
endfacet
facet normal 0 0 -1
outer loop
vertex -58.77701950073242 20.823869705200195 -5.699999809265137
vertex -60.12261962890625 19.3035945892334 -5.699999809265137
vertex -60.13414764404297 19.46628761291504 -5.699999809265137
endloop
endfacet
facet normal 0 0 -1
outer loop
vertex -58.77701950073242 20.823869705200195 -5.699999809265137
vertex -60.13414764404297 19.46628761291504 -5.699999809265137
vertex -60.193878173828125 19.885826110839844 -5.699999809265137
endloop
endfacet
facet normal 0 0 -1
outer loop
vertex -58.77701950073242 20.823869705200195 -5.699999809265137
vertex -60.193878173828125 19.885826110839844 -5.699999809265137
vertex -60.24064254760742 20.075651168823242 -5.699999809265137
endloop
endfacet
facet normal 0 0 -1
outer loop
vertex -58.77701950073242 20.823869705200195 -5.699999809265137
vertex -60.24064254760742 20.075651168823242 -5.699999809265137
vertex -60.36752700805664 20.479990005493164 -5.699999809265137
endloop
endfacet
facet normal 0 0 -1
outer loop
vertex -60.36752700805664 20.479990005493164 -5.699999809265137
vertex -60.44590759277344 20.659069061279297 -5.699999809265137
vertex -58.77701950073242 20.823869705200195 -5.699999809265137
endloop
endfacet
facet normal 0 0 -1
outer loop
vertex -58.77701950073242 20.823869705200195 -5.699999809265137
vertex -60.44590759277344 20.659069061279297 -5.699999809265137
vertex -60.63903045654297 21.03628921508789 -5.699999809265137
endloop
endfacet
facet normal 0 0 -1
outer loop
vertex -58.77701950073242 20.823869705200195 -5.699999809265137
vertex -60.74671936035156 21.19941520690918 -5.699999809265137
vertex -58.83081817626953 21.238250732421875 -5.699999809265137
endloop
endfacet
facet normal 0 0 -1
outer loop
vertex -58.83081817626953 21.238250732421875 -5.699999809265137
vertex -61.00336837768555 21.5366268157959 -5.699999809265137
vertex -58.94791030883789 21.63936996459961 -5.699999809265137
endloop
endfacet
facet normal -0.788764296910514 -0.6146957653337645 0
outer loop
vertex -29.116981506347656 17.665279388427734 5.300000190734863
vertex -28.979557037353516 17.48893928527832 5.300000190734863
vertex -29.116981506347656 17.665279388427734 10.5
endloop
endfacet
facet normal -0.5547356342887504 -0.8320266678720447 0
outer loop
vertex -29.302993774414062 17.78929901123047 5.300000190734863
vertex -29.116981506347656 17.665279388427734 5.300000190734863
vertex -29.302993774414062 17.78929901123047 10.5
endloop
endfacet
facet normal -0.9423399377648155 -0.33465720027126816 0
outer loop
vertex -28.979557037353516 17.48893928527832 5.300000190734863
vertex -28.904739379882812 17.27826499938965 5.300000190734863
vertex -28.979557037353516 17.48893928527832 10.5
endloop
endfacet
facet normal 0 0 1
outer loop
vertex 7.286603927612305 31.829875946044922 11.5
vertex 7.392302989959717 31.999134063720703 11.5
vertex -1.0333198308944702 37.6722412109375 11.5
endloop
endfacet
facet normal 0 0 1
outer loop
vertex 7.25645112991333 31.65993309020996 11.5
vertex 7.286603927612305 31.829875946044922 11.5
vertex -1.0333198308944702 37.6722412109375 11.5
endloop
endfacet
facet normal 0 0 1
outer loop
vertex -1.0333198308944702 37.6722412109375 11.5
vertex -1.0373260974884033 18.5975399017334 11.5
vertex 7.25645112991333 31.65993309020996 11.5
endloop
endfacet
facet normal 0.22300757131475374 -0.9748167125856507 0
outer loop
vertex 8.253654479980469 32.06733703613281 10.5
vertex 8.4066801071167 32.10234451293945 5.300000190734863
vertex 8.4066801071167 32.10234451293945 10.5
endloop
endfacet
facet normal 0.2230027895842002 -0.9748178064836748 -1.4808114513464866e-7
outer loop
vertex 8.106728553771973 32.03372573852539 10.5
vertex 8.4066801071167 32.10234451293945 5.300000190734863
vertex 8.253654479980469 32.06733703613281 10.5
endloop
endfacet
facet normal 0.7306635953778803 -0.6827376585405769 0
outer loop
vertex 7.991100311279297 31.90998077392578 10.5
vertex 8.106728553771973 32.03372573852539 5.300000190734863
vertex 8.106728553771973 32.03372573852539 10.5
endloop
endfacet
facet normal 0.7306554531326294 -0.6827463722403813 -3.8841347234958486e-7
outer loop
vertex 7.756450176239014 31.658864974975586 10.5
vertex 8.106728553771973 32.03372573852539 5.300000190734863
vertex 7.991100311279297 31.90998077392578 10.5
endloop
endfacet
facet normal -0.0025845890510069677 -0.9999966599441407 0
outer loop
vertex 27.406681060791016 36.85234451293945 5.300000190734863
vertex 46.66320037841797 36.802574157714844 5.300000190734863
vertex 27.406681060791016 36.85234451293945 10.5
endloop
endfacet
facet normal -0.9959132133274371 -0.09031540023616483 0
outer loop
vertex -28.904739379882812 17.27826499938965 5.300000190734863
vertex -28.893320083618164 17.15234375 5.300000190734863
vertex -28.904739379882812 17.27826499938965 10.5
endloop
endfacet
facet normal -0.2641192598527943 -0.9644900292770332 0
outer loop
vertex -29.302993774414062 17.78929901123047 5.300000190734863
vertex -29.518619537353516 17.848346710205078 10.5
vertex -29.518619537353516 17.848346710205078 5.300000190734863
endloop
endfacet
facet normal 0 0 -1
outer loop
vertex -68.8963623046875 25.3584041595459 -5.699999809265137
vertex -60.42062759399414 23.17083740234375 -5.699999809265137
vertex -62.125640869140625 22.416616439819336 -5.699999809265137
endloop
endfacet
facet normal 0 0 -1
outer loop
vertex -62.006282806396484 22.360960006713867 -5.699999809265137
vertex -62.125640869140625 22.416616439819336 -5.699999809265137
vertex -60.42062759399414 23.17083740234375 -5.699999809265137
endloop
endfacet
facet normal 0 0 -1
outer loop
vertex -61.952171325683594 22.323068618774414 -5.699999809265137
vertex -62.006282806396484 22.360960006713867 -5.699999809265137
vertex -60.42062759399414 23.17083740234375 -5.699999809265137
endloop
endfacet
facet normal 0 0 -1
outer loop
vertex -60.42062759399414 23.17083740234375 -5.699999809265137
vertex -61.59789276123047 22.090543746948242 -5.699999809265137
vertex -61.952171325683594 22.323068618774414 -5.699999809265137
endloop
endfacet
facet normal 0 0 -1
outer loop
vertex -61.13442611694336 21.681180953979492 -5.699999809265137
vertex -61.44434356689453 21.97020149230957 -5.699999809265137
vertex -59.35932159423828 22.363929748535156 -5.699999809265137
endloop
endfacet
facet normal 0 0 -1
outer loop
vertex -61.44434356689453 21.97020149230957 -5.699999809265137
vertex -61.59789276123047 22.090543746948242 -5.699999809265137
vertex -59.972068786621094 22.928543090820312 -5.699999809265137
endloop
endfacet
facet normal 0 0 -1
outer loop
vertex -61.00336837768555 21.5366268157959 -5.699999809265137
vertex -61.13442611694336 21.681180953979492 -5.699999809265137
vertex -59.12549591064453 22.017616271972656 -5.699999809265137
endloop
endfacet
facet normal 0 0 -1
outer loop
vertex -59.35932159423828 22.363929748535156 -5.699999809265137
vertex -61.44434356689453 21.97020149230957 -5.699999809265137
vertex -59.64378356933594 22.670015335083008 -5.699999809265137
endloop
endfacet
facet normal 0 0 -1
outer loop
vertex -59.972068786621094 22.928543090820312 -5.699999809265137
vertex -61.59789276123047 22.090543746948242 -5.699999809265137
vertex -60.42062759399414 23.17083740234375 -5.699999809265137
endloop
endfacet
facet normal 0 0 -1
outer loop
vertex -59.64378356933594 22.670015335083008 -5.699999809265137
vertex -61.44434356689453 21.97020149230957 -5.699999809265137
vertex -59.972068786621094 22.928543090820312 -5.699999809265137
endloop
endfacet
facet normal 0.2230052290712182 -0.9748172484147445 0
outer loop
vertex 27.10672950744629 36.78372573852539 5.300000190734863
vertex 27.406681060791016 36.85234451293945 5.300000190734863
vertex 27.10672950744629 36.78372573852539 10.5
endloop
endfacet
facet normal 0.7306559443360258 -0.6827458465684214 0
outer loop
vertex 26.756450653076172 36.40886688232422 5.300000190734863
vertex 27.10672950744629 36.78372573852539 5.300000190734863
vertex 26.756450653076172 36.40886688232422 10.5
endloop
endfacet
facet normal 0.9998509508558329 -0.017264879747247112 0
outer loop
vertex 26.756450653076172 36.40886688232422 5.300000190734863
vertex 26.69695281982422 32.96320343017578 10.5
vertex 26.69695281982422 32.96320343017578 5.300000190734863
endloop
endfacet
facet normal 0.9627590952182947 -0.2703607304592338 0
outer loop
vertex 26.69695281982422 32.96320343017578 5.300000190734863
vertex 26.624618530273438 32.70561981201172 10.5
vertex 26.624618530273438 32.70561981201172 5.300000190734863
endloop
endfacet
facet normal 0.8566166952029542 -0.5159533287997754 0
outer loop
vertex 26.4865779876709 32.476436614990234 5.300000190734863
vertex 26.624618530273438 32.70561981201172 5.300000190734863
vertex 26.4865779876709 32.476436614990234 10.5
endloop
endfacet
facet normal 0.6891544288563295 -0.7246144997084355 0
outer loop
vertex 26.4865779876709 32.476436614990234 5.300000190734863
vertex 26.29271125793457 32.292057037353516 10.5
vertex 26.29271125793457 32.292057037353516 5.300000190734863
endloop
endfacet
facet normal 0.47236780140606555 -0.8814015317633613 0
outer loop
vertex 26.29271125793457 32.292057037353516 5.300000190734863
vertex 26.056894302368164 32.16567611694336 10.5
vertex 26.056894302368164 32.16567611694336 5.300000190734863
endloop
endfacet
facet normal 0 0 -1
outer loop
vertex -58.94791030883789 21.63936996459961 -5.699999809265137
vertex -61.00336837768555 21.5366268157959 -5.699999809265137
vertex -59.12549591064453 22.017616271972656 -5.699999809265137
endloop
endfacet
facet normal 0 0 -1
outer loop
vertex -59.12549591064453 22.017616271972656 -5.699999809265137
vertex -61.13442611694336 21.681180953979492 -5.699999809265137
vertex -59.35932159423828 22.363929748535156 -5.699999809265137
endloop
endfacet
facet normal 0.22177085329064639 -0.9750988096755828 0
outer loop
vertex 25.796010971069336 32.10634231567383 5.300000190734863
vertex 26.056894302368164 32.16567611694336 5.300000190734863
vertex 25.796010971069336 32.10634231567383 10.5
endloop
endfacet
facet normal 0.0005466950279476053 0.999999850562262 0
outer loop
vertex 43.93463134765625 46.137474060058594 9.5
vertex -19.848905563354492 46.17234420776367 -3.700000047683716
vertex -19.848905563354492 46.17234420776367 9.5
endloop
endfacet
facet normal -1 0 0
outer loop
vertex -28.893320083618164 13.102344512939453 5.300000190734863
vertex -28.893320083618164 17.15234375 10.5
vertex -28.893320083618164 17.15234375 5.300000190734863
endloop
endfacet
facet normal -0.00021757104760312994 -0.9999999763314193 0
outer loop
vertex -28.893320083618164 13.102344512939453 5.300000190734863
vertex -10.518620491027832 13.098346710205078 5.300000190734863
vertex -28.893320083618164 13.102344512939453 10.5
endloop
endfacet
facet normal 0 0 1
outer loop
vertex -37.69062423706055 48.72150421142578 11.5
vertex -39.731048583984375 42.86887741088867 11.5
vertex -37.6141357421875 48.70259094238281 11.5
endloop
endfacet
facet normal 0 0 1
outer loop
vertex -38.01891326904297 48.81467056274414 11.5
vertex -39.731048583984375 42.86887741088867 11.5
vertex -37.69062423706055 48.72150421142578 11.5
endloop
endfacet
facet normal 0 0 1
outer loop
vertex -38.15317153930664 48.86589050292969 11.5
vertex -39.731048583984375 42.86887741088867 11.5
vertex -38.01891326904297 48.81467056274414 11.5
endloop
endfacet
facet normal 0 0 1
outer loop
vertex -54.99066925048828 56.00467300415039 11.5
vertex -39.731048583984375 42.86887741088867 11.5
vertex -38.15317153930664 48.86589050292969 11.5
endloop
endfacet
facet normal 0 0 1
outer loop
vertex -54.99066925048828 56.00467300415039 11.5
vertex -57.426204681396484 50.36247634887695 11.5
vertex -39.731048583984375 42.86887741088867 11.5
endloop
endfacet
facet normal -0.3899570508868602 -0.9208330459228875 0
outer loop
vertex -57.62118148803711 49.90205764770508 10.5
vertex -39.881717681884766 42.38969802856445 5.300000190734863
vertex -39.881717681884766 42.38969802856445 10.5
endloop
endfacet
facet normal 0 0 1
outer loop
vertex -55.97782897949219 56.345767974853516 11.5
vertex -57.426204681396484 50.36247634887695 11.5
vertex -54.99066925048828 56.00467300415039 11.5
endloop
endfacet
facet normal 0 0 1
outer loop
vertex -57.36351776123047 56.58256912231445 11.5
vertex -57.83915710449219 50.45264434814453 11.5
vertex -55.97782897949219 56.345767974853516 11.5
endloop
endfacet
facet normal 0 0 1
outer loop
vertex -58.75369644165039 56.554080963134766 11.5
vertex -57.93368911743164 50.46230697631836 11.5
vertex -57.36351776123047 56.58256912231445 11.5
endloop
endfacet
facet normal 0 0 1
outer loop
vertex -60.11355209350586 56.2639045715332 11.5
vertex -58.020511627197266 50.4547119140625 11.5
vertex -58.75369644165039 56.554080963134766 11.5
endloop
endfacet
facet normal 0 0 1
outer loop
vertex -60.11355209350586 56.2639045715332 11.5
vertex -61.39427185058594 55.72245788574219 11.5
vertex -58.14142990112305 50.41502380371094 11.5
endloop
endfacet
facet normal 0.00022989973909879217 -0.9999999735730546 0
outer loop
vertex 8.4066801071167 32.10234451293945 5.300000190734863
vertex 25.796010971069336 32.10634231567383 5.300000190734863
vertex 8.4066801071167 32.10234451293945 10.5
endloop
endfacet
facet normal 0.2230052290712182 -0.9748172484147445 0
outer loop
vertex 8.106728553771973 32.03372573852539 5.300000190734863
vertex 8.4066801071167 32.10234451293945 5.300000190734863
vertex 8.106728553771973 32.03372573852539 10.5
endloop
endfacet
facet normal 0.730658140953676 -0.6827434958006691 0
outer loop
vertex 7.756450176239014 31.658864974975586 5.300000190734863
vertex 8.106728553771973 32.03372573852539 5.300000190734863
vertex 7.756450176239014 31.658864974975586 10.5
endloop
endfacet
facet normal -0.5660258172578151 -0.8243875145813541 0
outer loop
vertex -70.78557586669922 25.254863739013672 -3.700000047683716
vertex -69.70542907714844 24.513233184814453 -3.700000047683716
vertex -70.78557586669922 25.254863739013672 9.5
endloop
endfacet
facet normal -0.5660181763402425 -0.8243927607952534 9.200049290130162e-7
outer loop
vertex -70.78557586669922 25.254863739013672 9.5
vertex -69.70542907714844 24.513233184814453 -3.700000047683716
vertex -69.45812225341797 24.343435287475586 -3.700000047683716
endloop
endfacet
facet normal -0.7113511276817065 -0.7028368040633363 0
outer loop
vertex -70.78557586669922 25.254863739013672 -3.700000047683716
vertex -71.91730499267578 26.40030288696289 9.5
vertex -71.91730499267578 26.40030288696289 -3.700000047683716
endloop
endfacet
facet normal -0.8311482673203474 -0.5560508589422233 0
outer loop
vertex -72.81267547607422 27.738636016845703 -3.700000047683716
vertex -72.4942855834961 27.262727737426758 -3.700000047683716
vertex -72.81267547607422 27.738636016845703 9.5
endloop
endfacet
facet normal -0.9211050110891057 -0.389314215700555 0
outer loop
vertex -72.81267547607422 27.738636016845703 -3.700000047683716
vertex -73.43955993652344 29.221824645996094 9.5
vertex -73.43955993652344 29.221824645996094 -3.700000047683716
endloop
endfacet
facet normal -0.8311459418649475 -0.5560543348643157 1.8141072641537328e-7
outer loop
vertex -72.4942855834961 27.262727737426758 -3.700000047683716
vertex -71.91730499267578 26.40030288696289 -3.700000047683716
vertex -72.81267547607422 27.738636016845703 9.5
endloop
endfacet
facet normal -0.398004385596432 -0.9173835125213482 0
outer loop
vertex -69.45812225341797 24.343435287475586 9.5
vertex -69.45812225341797 24.343435287475586 -3.700000047683716
vertex -64.9793930053711 22.40035057067871 -3.700000047683716
endloop
endfacet
facet normal 0 0 1
outer loop
vertex -57.526649475097656 50.39239501953125 11.5
vertex -57.426204681396484 50.36247634887695 11.5
vertex -55.97782897949219 56.345767974853516 11.5
endloop
endfacet
facet normal 0 0 1
outer loop
vertex -57.83915710449219 50.45264434814453 11.5
vertex -57.526649475097656 50.39239501953125 11.5
vertex -55.97782897949219 56.345767974853516 11.5
endloop
endfacet
facet normal 0 0 1
outer loop
vertex 7.207746982574463 8.852344512939453 11.5
vertex 7.25645112991333 31.65993309020996 11.5
vertex -1.0373260974884033 18.5975399017334 11.5
endloop
endfacet
facet normal 0 0 1
outer loop
vertex -57.93368911743164 50.46230697631836 11.5
vertex -57.83915710449219 50.45264434814453 11.5
vertex -57.36351776123047 56.58256912231445 11.5
endloop
endfacet
facet normal -0.5487052039310075 -0.8360159084485363 0
outer loop
vertex -62.58363342285156 21.360960006713867 9.5
vertex -62.58363342285156 21.360960006713867 -3.700000047683716
vertex -62.22935485839844 21.128435134887695 -3.700000047683716
endloop
endfacet
facet normal -0.9900165359947092 -0.140951262701108 0
outer loop
vertex -61.33705139160156 19.723064422607422 -3.700000047683716
vertex -61.277320861816406 19.30352783203125 -3.700000047683716
vertex -61.33705139160156 19.723064422607422 9.5
endloop
endfacet
facet normal -0.951986699167752 -0.30613938754704206 -9.962196274907463e-8
outer loop
vertex -61.41950225830078 19.97945785522461 -3.700000047683716
vertex -61.33705139160156 19.723064422607422 -3.700000047683716
vertex -61.4667854309082 20.126487731933594 9.5
endloop
endfacet
facet normal -0.9519840925455942 -0.3061474931142527 0
outer loop
vertex -61.4667854309082 20.126487731933594 -3.700000047683716
vertex -61.41950225830078 19.97945785522461 -3.700000047683716
vertex -61.4667854309082 20.126487731933594 9.5
endloop
endfacet
facet normal -0.886602822385975 -0.4625315506397625 0
outer loop
vertex -61.66279220581055 20.5022029876709 -3.700000047683716
vertex -61.4667854309082 20.126487731933594 -3.700000047683716
vertex -61.66279220581055 20.5022029876709 9.5
endloop
endfacet
facet normal -0.6820252814779393 -0.7313285960667323 0
outer loop
vertex -62.22935485839844 21.128435134887695 -3.700000047683716
vertex -62.11024475097656 21.01735496520996 -3.700000047683716
vertex -62.22935485839844 21.128435134887695 9.5
endloop
endfacet
facet normal -0.6820254222313749 -0.7313284648023176 -2.374699255087897e-9
outer loop
vertex -62.22935485839844 21.128435134887695 9.5
vertex -62.11024475097656 21.01735496520996 -3.700000047683716
vertex -61.91944122314453 20.839414596557617 -3.700000047683716
endloop
endfacet
facet normal -0.795743436972393 -0.6056338683688051 0
outer loop
vertex -61.91944122314453 20.839414596557617 -3.700000047683716
vertex -61.66279220581055 20.5022029876709 -3.700000047683716
vertex -61.91944122314453 20.839414596557617 9.5
endloop
endfacet
facet normal -0.3980033126943093 -0.9173839779963219 0
outer loop
vertex -64.9793930053711 22.40035057067871 -3.700000047683716
vertex -62.58363342285156 21.360960006713867 -3.700000047683716
vertex -62.58363342285156 21.360960006713867 9.5
endloop
endfacet
facet normal 0 0 1
outer loop
vertex -1.0373260974884033 18.5975399017334 11.5
vertex -1.05507230758667 18.46558380126953 11.5
vertex 7.207746982574463 8.852344512939453 11.5
endloop
endfacet
facet normal 0 0 1
outer loop
vertex -1.05507230758667 18.46558380126953 11.5
vertex -1.1159484386444092 18.250457763671875 11.5
vertex 7.207746982574463 8.852344512939453 11.5
endloop
endfacet
facet normal 0 0 1
outer loop
vertex -1.1159484386444092 18.250457763671875 11.5
vertex -1.1803518533706665 18.104650497436523 11.5
vertex 7.207746982574463 8.852344512939453 11.5
endloop
endfacet
facet normal 0 0 1
outer loop
vertex -1.1803518533706665 18.104650497436523 11.5
vertex -1.3058463335037231 17.91962242126465 11.5
vertex 7.207746982574463 8.852344512939453 11.5
endloop
endfacet
facet normal 0 0 1
outer loop
vertex -1.3058463335037231 17.91962242126465 11.5
vertex -1.4138057231903076 17.802610397338867 11.5
vertex 7.207746982574463 8.852344512939453 11.5
endloop
endfacet
facet normal 0 0 1
outer loop
vertex -1.4138057231903076 17.802610397338867 11.5
vertex -1.5901458263397217 17.665185928344727 11.5
vertex 7.207746982574463 8.852344512939453 11.5
endloop
endfacet
facet normal 0 0 1
outer loop
vertex -1.5901458263397217 17.665185928344727 11.5
vertex -1.6467247009277344 17.62557029724121 11.5
vertex 7.207746982574463 8.852344512939453 11.5
endloop
endfacet
facet normal 0 0 1
outer loop
vertex -1.6467247009277344 17.62557029724121 11.5
vertex -1.7295022010803223 17.58772087097168 11.5
vertex 7.207746982574463 8.852344512939453 11.5
endloop
endfacet
facet normal 0 0 1
outer loop
vertex -1.7295022010803223 17.58772087097168 11.5
vertex -1.9401758909225464 17.512901306152344 11.5
vertex 7.207746982574463 8.852344512939453 11.5
endloop
endfacet
facet normal 0 0 1
outer loop
vertex -1.9401758909225464 17.512901306152344 11.5
vertex -2.062413454055786 17.487699508666992 11.5
vertex 7.207746982574463 8.852344512939453 11.5
endloop
endfacet
facet normal 0 0 -1
outer loop
vertex -70.67427825927734 29.04212760925293 -5.699999809265137
vertex -71.79185485839844 28.289386749267578 -5.699999809265137
vertex -72.33318328857422 29.57015609741211 -5.699999809265137
endloop
endfacet
facet normal 0 0 -1
outer loop
vertex -72.33318328857422 29.57015609741211 -5.699999809265137
vertex -71.25904846191406 30.838777542114258 -5.699999809265137
vertex -71.04949951171875 29.95505142211914 -5.699999809265137
endloop
endfacet
facet normal 0 0 -1
outer loop
vertex -71.25904846191406 30.838777542114258 -5.699999809265137
vertex -72.33318328857422 29.57015609741211 -5.699999809265137
vertex -72.62323760986328 30.930038452148438 -5.699999809265137
endloop
endfacet
facet normal 0 0 -1
outer loop
vertex -71.25904846191406 30.838777542114258 -5.699999809265137
vertex -72.62323760986328 30.930038452148438 -5.699999809265137
vertex -71.33174896240234 31.823123931884766 -5.699999809265137
endloop
endfacet
facet normal 0 0 -1
outer loop
vertex -71.33174896240234 31.823123931884766 -5.699999809265137
vertex -72.62323760986328 30.930038452148438 -5.699999809265137
vertex -72.65159606933594 32.32021713256836 -5.699999809265137
endloop
endfacet
facet normal 0 0 -1
outer loop
vertex -71.33174896240234 31.823123931884766 -5.699999809265137
vertex -72.65159606933594 32.32021713256836 -5.699999809265137
vertex -71.25606536865234 32.72819519042969 -5.699999809265137
endloop
endfacet
facet normal 0 0 -1
outer loop
vertex -70.67427825927734 29.04212760925293 -5.699999809265137
vertex -72.33318328857422 29.57015609741211 -5.699999809265137
vertex -71.04949951171875 29.95505142211914 -5.699999809265137
endloop
endfacet
facet normal 0 0 1
outer loop
vertex -2.062413454055786 17.487699508666992 11.5
vertex -2.1881632804870605 17.474388122558594 11.5
vertex 7.207746982574463 8.852344512939453 11.5
endloop
endfacet
facet normal 0 0 -1
outer loop
vertex -71.25606536865234 32.72819519042969 -5.699999809265137
vertex -72.65159606933594 32.32021713256836 -5.699999809265137
vertex -72.41466522216797 33.70591354370117 -5.699999809265137
endloop
endfacet
facet normal 0 0 -1
outer loop
vertex -71.25606536865234 32.72819519042969 -5.699999809265137
vertex -72.41466522216797 33.70591354370117 -5.699999809265137
vertex -71.0185546875 33.68782043457031 -5.699999809265137
endloop
endfacet
facet normal 0 0 -1
outer loop
vertex -71.0185546875 33.68782043457031 -5.699999809265137
vertex -72.41466522216797 33.70591354370117 -5.699999809265137
vertex -72.07426452636719 34.69091033935547 -5.699999809265137
endloop
endfacet
facet normal 0 0 -1
outer loop
vertex -71.0185546875 33.68782043457031 -5.699999809265137
vertex -72.07426452636719 34.69091033935547 -5.699999809265137
vertex -70.85182189941406 34.12800979614258 -5.699999809265137
endloop
endfacet
facet normal 0 0 1
outer loop
vertex -2.1881632804870605 17.474388122558594 11.5
vertex -2.2333197593688965 17.47234344482422 11.5
vertex 7.207746982574463 8.852344512939453 11.5
endloop
endfacet
facet normal 0.9999977199372628 -0.002135443812390431 0
outer loop
vertex 7.7066802978515625 8.352344512939453 10.5
vertex 7.7066802978515625 8.352344512939453 5.300000190734863
vertex 7.756450176239014 31.658864974975586 10.5
endloop
endfacet
facet normal 0 -1 0
outer loop
vertex -9.893320083618164 8.352344512939453 10.5
vertex 7.7066802978515625 8.352344512939453 5.300000190734863
vertex 7.7066802978515625 8.352344512939453 10.5
endloop
endfacet
facet normal 0.9999977199372628 -0.002135443812390431 0
outer loop
vertex 7.756450176239014 31.658864974975586 5.300000190734863
vertex 7.756450176239014 31.658864974975586 10.5
vertex 7.7066802978515625 8.352344512939453 5.300000190734863
endloop
endfacet
facet normal 0.5477629980784388 0.8366335505680609 0
outer loop
vertex 69.47051239013672 45.13225173950195 -3.700000047683716
vertex 69.3777847290039 45.192962646484375 -3.700000047683716
vertex 69.47051239013672 45.13225173950195 9.5
endloop
endfacet
facet normal 0 0 1
outer loop
vertex -57.93368911743164 50.46230697631836 11.5
vertex -58.75369644165039 56.554080963134766 11.5
vertex -58.020511627197266 50.4547119140625 11.5
endloop
endfacet
facet normal 0 0 1
outer loop
vertex -58.14142990112305 50.41502380371094 11.5
vertex -58.104698181152344 50.432151794433594 11.5
vertex -60.11355209350586 56.2639045715332 11.5
endloop
endfacet
facet normal 0 0 1
outer loop
vertex -58.020511627197266 50.4547119140625 11.5
vertex -60.11355209350586 56.2639045715332 11.5
vertex -58.104698181152344 50.432151794433594 11.5
endloop
endfacet
facet normal 0 0 1
outer loop
vertex -61.39427185058594 55.72245788574219 11.5
vertex -58.63106918334961 50.19034194946289 11.5
vertex -58.14142990112305 50.41502380371094 11.5
endloop
endfacet
facet normal 0.6957185239054442 0.7183145101519458 0
outer loop
vertex 71.8816146850586 43.190696716308594 -3.700000047683716
vertex 70.72496795654297 44.31095886230469 -3.700000047683716
vertex 70.72496795654297 44.31095886230469 9.5
endloop
endfacet
facet normal 0.547750071759073 0.8366420135804383 0
outer loop
vertex 70.72496795654297 44.31095886230469 -3.700000047683716
vertex 69.47051239013672 45.13225173950195 -3.700000047683716
vertex 70.72496795654297 44.31095886230469 9.5
endloop
endfacet
facet normal 0.38012518851903254 0.9249350469375511 0
outer loop
vertex 69.3777847290039 45.192962646484375 -3.700000047683716
vertex 68.91376495361328 45.383663177490234 -3.700000047683716
vertex 69.3777847290039 45.192962646484375 9.5
endloop
endfacet
facet normal 0.38012422126262463 0.9249354444551693 3.9744918191125795e-8
outer loop
vertex 68.91376495361328 45.383663177490234 -3.700000047683716
vertex 67.888427734375 45.805049896240234 -3.700000047683716
vertex 69.3777847290039 45.192962646484375 9.5
endloop
endfacet
facet normal 0.1988490428502025 0.9800301312498297 0
outer loop
vertex 67.888427734375 45.805049896240234 -3.700000047683716
vertex 66.94295501708984 45.99688720703125 -3.700000047683716
vertex 67.888427734375 45.805049896240234 9.5
endloop
endfacet
facet normal 0 0 1
outer loop
vertex -61.39427185058594 55.72245788574219 11.5
vertex -58.6733283996582 50.17063522338867 11.5
vertex -58.63106918334961 50.19034194946289 11.5
endloop
endfacet
facet normal 0 0 1
outer loop
vertex 9.651873588562012 -46.10109329223633 11.5
vertex 9.615220069885254 -46.23161697387695 11.5
vertex 26.281299591064453 -56.743408203125 11.5
endloop
endfacet
facet normal 0.19885205098509184 0.9800295208915761 -2.243332532656624e-7
outer loop
vertex 66.94295501708984 45.99688720703125 -3.700000047683716
vertex 66.31035614013672 46.125244140625 -3.700000047683716
vertex 67.888427734375 45.805049896240234 9.5
endloop
endfacet
facet normal 0 0 -1
outer loop
vertex -70.85182189941406 34.12800979614258 -5.699999809265137
vertex -72.07426452636719 34.69091033935547 -5.699999809265137
vertex -64.32320404052734 52.82929611206055 -5.699999809265137
endloop
endfacet
facet normal 0.0005465693004496581 0.9999998506309887 0
outer loop
vertex 66.31035614013672 46.125244140625 -3.700000047683716
vertex 43.9345703125 46.137474060058594 -3.700000047683716
vertex 66.31035614013672 46.125244140625 9.5
endloop
endfacet
facet normal 0 0 1
outer loop
vertex 9.651873588562012 -46.10109329223633 11.5
vertex 26.281299591064453 -56.743408203125 11.5
vertex 9.720268249511719 -45.98754119873047 11.5
endloop
endfacet
facet normal 0 0 1
outer loop
vertex -62.54988098144531 54.94917297363281 11.5
vertex -58.6733283996582 50.17063522338867 11.5
vertex -61.39427185058594 55.72245788574219 11.5
endloop
endfacet
facet normal 0 0 1
outer loop
vertex -63.53890609741211 53.9718132019043 11.5
vertex -58.744720458984375 50.12064743041992 11.5
vertex -62.54988098144531 54.94917297363281 11.5
endloop
endfacet
facet normal 0 0 1
outer loop
vertex -58.6733283996582 50.17063522338867 11.5
vertex -62.54988098144531 54.94917297363281 11.5
vertex -58.744720458984375 50.12064743041992 11.5
endloop
endfacet
facet normal 0 0 1
outer loop
vertex -63.53890609741211 53.9718132019043 11.5
vertex -58.80635070800781 50.059017181396484 11.5
vertex -58.744720458984375 50.12064743041992 11.5
endloop
endfacet
facet normal 0 0 1
outer loop
vertex -63.53890609741211 53.9718132019043 11.5
vertex -58.85633850097656 49.98762512207031 11.5
vertex -58.80635070800781 50.059017181396484 11.5
endloop
endfacet
facet normal 0 0 1
outer loop
vertex -64.32320404052734 52.82929611206055 11.5
vertex -58.88165283203125 49.93333435058594 11.5
vertex -58.85633850097656 49.98762512207031 11.5
endloop
endfacet
facet normal 0 0 1
outer loop
vertex -63.53890609741211 53.9718132019043 11.5
vertex -64.32320404052734 52.82929611206055 11.5
vertex -58.85633850097656 49.98762512207031 11.5
endloop
endfacet
facet normal 0 0 -1
outer loop
vertex -63.27030563354492 51.956443786621094 -5.699999809265137
vertex -70.85182189941406 34.12800979614258 -5.699999809265137
vertex -64.32320404052734 52.82929611206055 -5.699999809265137
endloop
endfacet
facet normal 0 0 1
outer loop
vertex 9.816322326660156 -45.89618682861328 11.5
vertex 9.720268249511719 -45.98754119873047 11.5
vertex 26.281299591064453 -56.743408203125 11.5
endloop
endfacet
facet normal 0 0 1
outer loop
vertex 9.816322326660156 -45.89618682861328 11.5
vertex 26.281299591064453 -56.743408203125 11.5
vertex 9.933160781860352 -45.83356857299805 11.5
endloop
endfacet
facet normal 0 0 -1
outer loop
vertex -63.27030563354492 51.956443786621094 -5.699999809265137
vertex -64.32320404052734 52.82929611206055 -5.699999809265137
vertex -62.755863189697266 52.798805236816406 -5.699999809265137
endloop
endfacet
facet normal 0 0 -1
outer loop
vertex -62.755863189697266 52.798805236816406 -5.699999809265137
vertex -64.32320404052734 52.82929611206055 -5.699999809265137
vertex -63.53890609741211 53.9718132019043 -5.699999809265137
endloop
endfacet
facet normal 0 0 -1
outer loop
vertex -62.755863189697266 52.798805236816406 -5.699999809265137
vertex -63.53890609741211 53.9718132019043 -5.699999809265137
vertex -62.16701889038086 53.49028778076172 -5.699999809265137
endloop
endfacet
facet normal 0 0 -1
outer loop
vertex -62.16701889038086 53.49028778076172 -5.699999809265137
vertex -63.53890609741211 53.9718132019043 -5.699999809265137
vertex -62.54988098144531 54.94917297363281 -5.699999809265137
endloop
endfacet
facet normal 0 0 -1
outer loop
vertex -62.16701889038086 53.49028778076172 -5.699999809265137
vertex -62.54988098144531 54.94917297363281 -5.699999809265137
vertex -61.41611862182617 54.13088607788086 -5.699999809265137
endloop
endfacet
facet normal 0 0 -1
outer loop
vertex -61.41611862182617 54.13088607788086 -5.699999809265137
vertex -62.54988098144531 54.94917297363281 -5.699999809265137
vertex -61.39427185058594 55.72245788574219 -5.699999809265137
endloop
endfacet
facet normal 0 0 -1
outer loop
vertex -61.41611862182617 54.13088607788086 -5.699999809265137
vertex -61.39427185058594 55.72245788574219 -5.699999809265137
vertex -60.64142608642578 54.604949951171875 -5.699999809265137
endloop
endfacet
facet normal 0 0 -1
outer loop
vertex -60.64142608642578 54.604949951171875 -5.699999809265137
vertex -61.39427185058594 55.72245788574219 -5.699999809265137
vertex -60.11355209350586 56.2639045715332 -5.699999809265137
endloop
endfacet
facet normal 0 0 -1
outer loop
vertex -60.64142608642578 54.604949951171875 -5.699999809265137
vertex -60.11355209350586 56.2639045715332 -5.699999809265137
vertex -59.728538513183594 54.980255126953125 -5.699999809265137
endloop
endfacet
facet normal 0.8187118535238531 0.5742045810505376 -3.3705191585880303e-7
outer loop
vertex 72.37621307373047 42.48548889160156 -3.700000047683716
vertex 71.8816146850586 43.190696716308594 -3.700000047683716
vertex 72.80622100830078 41.87238311767578 9.5
endloop
endfacet
facet normal 0.8187084421204222 0.5742094450640389 0
outer loop
vertex 72.80622100830078 41.87238311767578 -3.700000047683716
vertex 72.37621307373047 42.48548889160156 -3.700000047683716
vertex 72.80622100830078 41.87238311767578 9.5
endloop
endfacet
facet normal 0 0 -1
outer loop
vertex -59.728538513183594 54.980255126953125 -5.699999809265137
vertex -60.11355209350586 56.2639045715332 -5.699999809265137
vertex -58.84483337402344 55.189884185791016 -5.699999809265137
endloop
endfacet
facet normal 0 0 -1
outer loop
vertex -58.84483337402344 55.189884185791016 -5.699999809265137
vertex -58.75369644165039 56.554080963134766 -5.699999809265137
vertex -57.86049270629883 55.26267623901367 -5.699999809265137
endloop
endfacet
facet normal 0 0 -1
outer loop
vertex -58.84483337402344 55.189884185791016 -5.699999809265137
vertex -60.11355209350586 56.2639045715332 -5.699999809265137
vertex -58.75369644165039 56.554080963134766 -5.699999809265137
endloop
endfacet
facet normal 0 0 -1
outer loop
vertex -57.86049270629883 55.26267623901367 -5.699999809265137
vertex -58.75369644165039 56.554080963134766 -5.699999809265137
vertex -57.36351776123047 56.58256912231445 -5.699999809265137
endloop
endfacet
facet normal 0 0 -1
outer loop
vertex -57.86049270629883 55.26267623901367 -5.699999809265137
vertex -57.36351776123047 56.58256912231445 -5.699999809265137
vertex -56.955413818359375 55.18708038330078 -5.699999809265137
endloop
endfacet
facet normal 0 0 -1
outer loop
vertex -56.955413818359375 55.18708038330078 -5.699999809265137
vertex -55.97782897949219 56.345767974853516 -5.699999809265137
vertex -55.99577713012695 54.94965744018555 -5.699999809265137
endloop
endfacet
facet normal 0 0 -1
outer loop
vertex -55.99577713012695 54.94965744018555 -5.699999809265137
vertex -54.99066925048828 56.00467300415039 -5.699999809265137
vertex -55.55503845214844 54.78274154663086 -5.699999809265137
endloop
endfacet
facet normal 0 0 -1
outer loop
vertex -54.99066925048828 56.00467300415039 -5.699999809265137
vertex -55.99577713012695 54.94965744018555 -5.699999809265137
vertex -55.97782897949219 56.345767974853516 -5.699999809265137
endloop
endfacet
facet normal 0 0 -1
outer loop
vertex -55.97782897949219 56.345767974853516 -5.699999809265137
vertex -56.955413818359375 55.18708038330078 -5.699999809265137
vertex -57.36351776123047 56.58256912231445 -5.699999809265137
endloop
endfacet
facet normal 0.9123201078483468 0.40947774153781924 -8.171934493795913e-7
outer loop
vertex 73.46558380126953 40.403343200683594 9.5
vertex 72.9244384765625 41.60899353027344 -3.700000047683716
vertex 72.80622100830078 41.87238311767578 -3.700000047683716
endloop
endfacet
facet normal 0.9123167654569494 0.40948518833551206 0
outer loop
vertex 73.46558380126953 40.403343200683594 9.5
vertex 73.46558380126953 40.403343200683594 -3.700000047683716
vertex 72.9244384765625 41.60899353027344 -3.700000047683716
endloop
endfacet
facet normal 0.9731763005660214 0.23006061813494472 0
outer loop
vertex 73.66241455078125 39.57073211669922 -3.700000047683716
vertex 73.46558380126953 40.403343200683594 -3.700000047683716
vertex 73.46558380126953 40.403343200683594 9.5
endloop
endfacet
facet normal 0 0 1
outer loop
vertex 10.073546409606934 -45.801639556884766 11.5
vertex 9.933160781860352 -45.83356857299805 11.5
vertex 26.281299591064453 -56.743408203125 11.5
endloop
endfacet
facet normal -0.2230161352661264 0.9748147533818725 0
outer loop
vertex 27.406681060791016 -45.29765701293945 5.300000190734863
vertex 27.406681060791016 -45.29765701293945 10.5
vertex 27.559717178344727 -45.26264572143555 10.5
endloop
endfacet
facet normal 0.9731751891577698 0.23006531943719605 0
outer loop
vertex 73.8360366821289 38.83631134033203 9.5
vertex 73.8360366821289 38.83631134033203 -3.700000047683716
vertex 73.66241455078125 39.57073211669922 -3.700000047683716
endloop
endfacet
facet normal 0.9976375201982014 0.06869773134890322 -5.452298463922233e-7
outer loop
vertex 73.91695404052734 37.66132354736328 9.5
vertex 73.8820571899414 38.16799545288086 -3.700000047683716
vertex 73.8360366821289 38.83631134033203 -3.700000047683716
endloop
endfacet
facet normal 0.9976365465858047 0.06871186881718208 0
outer loop
vertex 73.91695404052734 37.66132354736328 9.5
vertex 73.91695404052734 37.66132354736328 -3.700000047683716
vertex 73.8820571899414 38.16799545288086 -3.700000047683716
endloop
endfacet
facet normal -0.2230179210232886 0.9748143448382606 5.5305575583685036e-8
outer loop
vertex 27.706632614135742 -45.229034423828125 10.5
vertex 27.406681060791016 -45.29765701293945 5.300000190734863
vertex 27.559717178344727 -45.26264572143555 10.5
endloop
endfacet
facet normal -0.7306495501824946 0.6827526893525344 0
outer loop
vertex 27.706632614135742 -45.229034423828125 5.300000190734863
vertex 27.706632614135742 -45.229034423828125 10.5
vertex 27.822265625 -45.105289459228516 10.5
endloop
endfacet
facet normal -0.7306618638044325 0.6827395116598187 5.874104634592465e-7
outer loop
vertex 28.056909561157227 -44.85417556762695 10.5
vertex 27.706632614135742 -45.229034423828125 5.300000190734863
vertex 27.822265625 -45.105289459228516 10.5
endloop
endfacet
facet normal 0 0 -1
outer loop
vertex 70.00054931640625 43.40507507324219 -5.699999809265137
vertex 65.80089569091797 43.660587310791016 -5.699999809265137
vertex 68.83722686767578 44.16670608520508 -5.699999809265137
endloop
endfacet
facet normal 0 0 -1
outer loop
vertex 70.00054931640625 43.40507507324219 -5.699999809265137
vertex 67.64388275146484 43.24427795410156 -5.699999809265137
vertex 66.77729797363281 43.516151428222656 -5.699999809265137
endloop
endfacet
facet normal 0 0 -1
outer loop
vertex 65.80089569091797 43.660587310791016 -5.699999809265137
vertex 70.00054931640625 43.40507507324219 -5.699999809265137
vertex 66.77729797363281 43.516151428222656 -5.699999809265137
endloop
endfacet
facet normal -0.9998509505258812 0.017264898855535532 0
outer loop
vertex 28.11640739440918 -41.40851593017578 10.5
vertex 28.056909561157227 -44.85417556762695 5.300000190734863
vertex 28.056909561157227 -44.85417556762695 10.5
endloop
endfacet
facet normal 0 0 1
outer loop
vertex 26.281299591064453 -56.743408203125 11.5
vertex 26.79629898071289 -56.70087432861328 11.5
vertex 27.406795501708984 -45.79765701293945 11.5
endloop
endfacet
facet normal 0 0 1
outer loop
vertex 27.406795501708984 -45.79765701293945 11.5
vertex 26.79629898071289 -56.70087432861328 11.5
vertex 26.89122772216797 -56.696964263916016 11.5
endloop
endfacet
facet normal 0 0 1
outer loop
vertex 10.073546409606934 -45.801639556884766 11.5
vertex 26.281299591064453 -56.743408203125 11.5
vertex 27.406795501708984 -45.79765701293945 11.5
endloop
endfacet
facet normal 0 0 1
outer loop
vertex -72.07426452636719 34.69091033935547 11.5
vertex -58.88165283203125 49.93333435058594 11.5
vertex -64.32320404052734 52.82929611206055 11.5
endloop
endfacet
facet normal -0.18930704757162722 -0.9819179404307234 0
outer loop
vertex -57.93368911743164 49.96230697631836 10.5
vertex -57.62118148803711 49.90205764770508 5.300000190734863
vertex -57.62118148803711 49.90205764770508 10.5
endloop
endfacet
facet normal 0.41705940959507537 -0.9088792267777975 0
outer loop
vertex -58.4233283996582 49.73762512207031 10.5
vertex -57.93368911743164 49.96230697631836 5.300000190734863
vertex -57.93368911743164 49.96230697631836 10.5
endloop
endfacet
facet normal 0.919662544107676 -0.39270956821218 0
outer loop
vertex -62.84114456176758 39.39181137084961 10.5
vertex -58.4233283996582 49.73762512207031 5.300000190734863
vertex -58.4233283996582 49.73762512207031 10.5
endloop
endfacet
facet normal 0 0 1
outer loop
vertex -58.88165283203125 49.93333435058594 11.5
vertex -72.41466522216797 33.70591354370117 11.5
vertex -66.42947387695312 32.257572174072266 11.5
endloop
endfacet
facet normal 0 0 1
outer loop
vertex -72.07426452636719 34.69091033935547 11.5
vertex -72.41466522216797 33.70591354370117 11.5
vertex -58.88165283203125 49.93333435058594 11.5
endloop
endfacet
facet normal 0 0 1
outer loop
vertex -72.41466522216797 33.70591354370117 11.5
vertex -66.46224212646484 32.155792236328125 11.5
vertex -66.42947387695312 32.257572174072266 11.5
endloop
endfacet
facet normal 0 0 -1
outer loop
vertex -54.99066925048828 56.00467300415039 -5.699999809265137
vertex -38.15317153930664 48.86589050292969 -5.699999809265137
vertex -55.55503845214844 54.78274154663086 -5.699999809265137
endloop
endfacet
facet normal 0 0 1
outer loop
vertex -66.46224212646484 32.155792236328125 11.5
vertex -72.65159606933594 32.32021713256836 11.5
vertex -66.52183532714844 31.841140747070312 11.5
endloop
endfacet
facet normal 0 0 1
outer loop
vertex -72.65159606933594 32.32021713256836 11.5
vertex -66.48835754394531 31.544580459594727 11.5
vertex -66.52183532714844 31.841140747070312 11.5
endloop
endfacet
facet normal 0 0 1
outer loop
vertex -71.79185485839844 28.289386749267578 11.5
vertex -66.01740264892578 30.816104888916016 11.5
vertex -66.27690124511719 31.07234764099121 11.5
endloop
endfacet
facet normal 0 0 -1
outer loop
vertex -55.55503845214844 54.78274154663086 -5.699999809265137
vertex -38.15317153930664 48.86589050292969 -5.699999809265137
vertex -38.477230072021484 47.53764343261719 -5.699999809265137
endloop
endfacet
facet normal 0 0 -1
outer loop
vertex -38.477230072021484 47.53764343261719 -5.699999809265137
vertex -37.68946075439453 48.72561264038086 -5.699999809265137
vertex -38.00579071044922 47.410343170166016 -5.699999809265137
endloop
endfacet
facet normal 0 0 -1
outer loop
vertex -38.15317153930664 48.86589050292969 -5.699999809265137
vertex -38.01774978637695 48.81877899169922 -5.699999809265137
vertex -38.477230072021484 47.53764343261719 -5.699999809265137
endloop
endfacet
facet normal 0 0 -1
outer loop
vertex -37.68946075439453 48.72561264038086 -5.699999809265137
vertex -38.477230072021484 47.53764343261719 -5.699999809265137
vertex -38.01774978637695 48.81877899169922 -5.699999809265137
endloop
endfacet
facet normal 0 0 -1
outer loop
vertex -37.68946075439453 48.72561264038086 -5.699999809265137
vertex -37.6141357421875 48.70259094238281 -5.699999809265137
vertex -38.00579071044922 47.410343170166016 -5.699999809265137
endloop
endfacet
facet normal 0 0 1
outer loop
vertex -66.48835754394531 31.544580459594727 11.5
vertex -71.79185485839844 28.289386749267578 11.5
vertex -66.27690124511719 31.07234764099121 11.5
endloop
endfacet
facet normal 0 0 1
outer loop
vertex -72.41466522216797 33.70591354370117 11.5
vertex -72.65159606933594 32.32021713256836 11.5
vertex -66.46224212646484 32.155792236328125 11.5
endloop
endfacet
facet normal 0 0 1
outer loop
vertex -72.65159606933594 32.32021713256836 11.5
vertex -72.62323760986328 30.930038452148438 11.5
vertex -66.48835754394531 31.544580459594727 11.5
endloop
endfacet
facet normal 0 0 1
outer loop
vertex -72.62323760986328 30.930038452148438 11.5
vertex -72.33318328857422 29.57015609741211 11.5
vertex -66.48835754394531 31.544580459594727 11.5
endloop
endfacet
facet normal 0 0 1
outer loop
vertex -72.33318328857422 29.57015609741211 11.5
vertex -71.79185485839844 28.289386749267578 11.5
vertex -66.48835754394531 31.544580459594727 11.5
endloop
endfacet
facet normal 0.9196624275213967 -0.39270984123782726 -6.422556474120989e-7
outer loop
vertex -65.97114562988281 32.061859130859375 10.5
vertex -58.4233283996582 49.73762512207031 5.300000190734863
vertex -62.84114456176758 39.39181137084961 10.5
endloop
endfacet
facet normal 0 0 -1
outer loop
vertex 71.79776000976562 41.29930877685547 -5.699999809265137
vertex 69.26600646972656 42.275455474853516 -5.699999809265137
vertex 70.99934387207031 42.43770217895508 -5.699999809265137
endloop
endfacet
facet normal 0 0 -1
outer loop
vertex 70.99934387207031 42.43770217895508 -5.699999809265137
vertex 67.64388275146484 43.24427795410156 -5.699999809265137
vertex 70.00054931640625 43.40507507324219 -5.699999809265137
endloop
endfacet
facet normal 0 0 -1
outer loop
vertex 69.26600646972656 42.275455474853516 -5.699999809265137
vertex 68.52694702148438 42.803348541259766 -5.699999809265137
vertex 70.99934387207031 42.43770217895508 -5.699999809265137
endloop
endfacet
facet normal 0 0 -1
outer loop
vertex 71.79776000976562 41.29930877685547 -5.699999809265137
vertex 69.96814727783203 41.58176040649414 -5.699999809265137
vertex 69.26600646972656 42.275455474853516 -5.699999809265137
endloop
endfacet
facet normal 0 0 -1
outer loop
vertex 72.36713409423828 40.030757904052734 -5.699999809265137
vertex 70.50638580322266 40.850196838378906 -5.699999809265137
vertex 71.79776000976562 41.29930877685547 -5.699999809265137
endloop
endfacet
facet normal 0 0 -1
outer loop
vertex 69.96814727783203 41.58176040649414 -5.699999809265137
vertex 71.79776000976562 41.29930877685547 -5.699999809265137
vertex 70.50638580322266 40.850196838378906 -5.699999809265137
endloop
endfacet
facet normal 0 0 -1
outer loop
vertex 72.36713409423828 40.030757904052734 -5.699999809265137
vertex 70.95797729492188 39.972537994384766 -5.699999809265137
vertex 70.50638580322266 40.850196838378906 -5.699999809265137
endloop
endfacet
facet normal 0 0 -1
outer loop
vertex 72.36713409423828 40.030757904052734 -5.699999809265137
vertex 71.24201202392578 39.10986328125 -5.699999809265137
vertex 70.95797729492188 39.972537994384766 -5.699999809265137
endloop
endfacet
facet normal 0 0 -1
outer loop
vertex 72.69055938720703 38.662662506103516 -5.699999809265137
vertex 71.24201202392578 39.10986328125 -5.699999809265137
vertex 72.36713409423828 40.030757904052734 -5.699999809265137
endloop
endfacet
facet normal 0 0 -1
outer loop
vertex 72.76222229003906 37.62199401855469 -5.699999809265137
vertex 71.39839935302734 38.13372802734375 -5.699999809265137
vertex 72.69055938720703 38.662662506103516 -5.699999809265137
endloop
endfacet
facet normal 0.9821968486924312 -0.1878545991416163 0
outer loop
vertex -66.0154037475586 31.830455780029297 10.5
vertex -65.97114562988281 32.061859130859375 5.300000190734863
vertex -65.97114562988281 32.061859130859375 10.5
endloop
endfacet
facet normal 0 0 -1
outer loop
vertex 71.39839935302734 38.13372802734375 -5.699999809265137
vertex 71.24201202392578 39.10986328125 -5.699999809265137
vertex 72.69055938720703 38.662662506103516 -5.699999809265137
endloop
endfacet
facet normal 0 0 -1
outer loop
vertex 72.76222229003906 37.62199401855469 -5.699999809265137
vertex 71.41695404052734 37.663387298583984 -5.699999809265137
vertex 71.39839935302734 38.13372802734375 -5.699999809265137
endloop
endfacet
facet normal 0 0 -1
outer loop
vertex 67.64388275146484 43.24427795410156 -5.699999809265137
vertex 70.99934387207031 42.43770217895508 -5.699999809265137
vertex 68.52694702148438 42.803348541259766 -5.699999809265137
endloop
endfacet
facet normal 0 0 -1
outer loop
vertex 68.83722686767578 44.16670608520508 -5.699999809265137
vertex -20.046741485595703 43.67234420776367 -5.699999809265137
vertex 67.5511245727539 44.695255279541016 -5.699999809265137
endloop
endfacet
facet normal 0 0 -1
outer loop
vertex 65.80089569091797 43.660587310791016 -5.699999809265137
vertex -20.046741485595703 43.67234420776367 -5.699999809265137
vertex 68.83722686767578 44.16670608520508 -5.699999809265137
endloop
endfacet
facet normal 0 0 -1
outer loop
vertex -20.046741485595703 43.67234420776367 -5.699999809265137
vertex 66.19407653808594 44.97060775756836 -5.699999809265137
vertex 67.5511245727539 44.695255279541016 -5.699999809265137
endloop
endfacet
facet normal 0.9821994448903154 -0.1878410244242835 6.261803900549446e-7
outer loop
vertex -66.03130340576172 31.747318267822266 10.5
vertex -65.97114562988281 32.061859130859375 5.300000190734863
vertex -66.0154037475586 31.830455780029297 10.5
endloop
endfacet
facet normal 0.9999997798224718 -0.0006635925015002044 0
outer loop
vertex 73.91695404052734 37.66132354736328 9.5
vertex 73.87926483154297 -19.134376525878906 -3.700000047683716
vertex 73.91695404052734 37.66132354736328 -3.700000047683716
endloop
endfacet
facet normal 0.9141092502491155 0.4054679748253864 0
outer loop
vertex -65.8215103149414 31.274349212646484 10.5
vertex -66.03130340576172 31.747318267822266 5.300000190734863
vertex -66.03130340576172 31.747318267822266 10.5
endloop
endfacet
facet normal -0.978001317593129 -0.20859871233088564 0
outer loop
vertex -73.77545166015625 30.796630859375 -3.700000047683716
vertex -73.43955993652344 29.221824645996094 -3.700000047683716
vertex -73.77545166015625 30.796630859375 9.5
endloop
endfacet
facet normal -0.999791950603767 -0.020397438758692477 0
outer loop
vertex -73.80829620361328 32.406524658203125 -3.700000047683716
vertex -73.77545166015625 30.796630859375 -3.700000047683716
vertex -73.80829620361328 32.406524658203125 9.5
endloop
endfacet
facet normal -0.9856958040577792 0.16853421570294647 5.300585717464032e-7
outer loop
vertex -73.77157592773438 32.62128829956055 -3.700000047683716
vertex -73.80829620361328 32.406524658203125 -3.700000047683716
vertex -73.53691101074219 33.993717193603516 9.5
endloop
endfacet
facet normal -0.9856949571329366 0.16853916898661306 0
outer loop
vertex -73.53691101074219 33.993717193603516 -3.700000047683716
vertex -73.77157592773438 32.62128829956055 -3.700000047683716
vertex -73.53691101074219 33.993717193603516 9.5
endloop
endfacet
facet normal -0.9451527597934601 0.3266286280391143 3.0304804874249274e-7
outer loop
vertex -73.23008728027344 34.881561279296875 -3.700000047683716
vertex -73.53691101074219 33.993717193603516 -3.700000047683716
vertex -73.15221405029297 35.10688781738281 9.5
endloop
endfacet
facet normal -0.9451472790767409 0.32664448694847614 0
outer loop
vertex -73.15221405029297 35.10688781738281 -3.700000047683716
vertex -73.23008728027344 34.881561279296875 -3.700000047683716
vertex -73.15221405029297 35.10688781738281 9.5
endloop
endfacet
facet normal -0.9195585124804125 0.392953104229731 0.0000010144630837880818
outer loop
vertex -71.6249008178711 38.68098831176758 -3.700000047683716
vertex -73.15221405029297 35.10688781738281 -3.700000047683716
vertex -65.34001159667969 53.38836669921875 9.5
endloop
endfacet
facet normal 0.3905311952220743 0.9205896944667684 0
outer loop
vertex -37.70366287231445 49.925506591796875 9.5
vertex -48.34612274169922 54.44023513793945 -3.700000047683716
vertex -48.34612274169922 54.44023513793945 9.5
endloop
endfacet
facet normal 0.2730124930948177 0.9620104877880241 0
outer loop
vertex -37.37537384033203 49.832340240478516 9.5
vertex -37.70366287231445 49.925506591796875 -3.700000047683716
vertex -37.70366287231445 49.925506591796875 9.5
endloop
endfacet
facet normal 0 0 -1
outer loop
vertex 72.76222229003906 37.62199401855469 -5.699999809265137
vertex 72.7040023803711 -50.12471389770508 -5.699999809265137
vertex 71.41695404052734 37.663387298583984 -5.699999809265137
endloop
endfacet
facet normal 0.0005466955510863339 0.999999850561976 -2.5278521409997625e-9
outer loop
vertex 43.9345703125 46.137474060058594 -3.700000047683716
vertex -19.848905563354492 46.17234420776367 -3.700000047683716
vertex 43.93463134765625 46.137474060058594 9.5
endloop
endfacet
facet normal 0.39053154920157107 0.9205895443020309 0
outer loop
vertex -48.34612274169922 54.44023513793945 9.5
vertex -54.57615661621094 57.083133697509766 -3.700000047683716
vertex -54.57615661621094 57.083133697509766 9.5
endloop
endfacet
facet normal -0.9195581834813557 0.39295387412833765 0
outer loop
vertex -65.34001159667969 53.38836669921875 -3.700000047683716
vertex -71.6249008178711 38.68098831176758 -3.700000047683716
vertex -65.34001159667969 53.38836669921875 9.5
endloop
endfacet
facet normal -0.8244400082762425 0.5659493552902671 0
outer loop
vertex -64.42870330810547 54.715904235839844 -3.700000047683716
vertex -65.34001159667969 53.38836669921875 -3.700000047683716
vertex -64.42870330810547 54.715904235839844 9.5
endloop
endfacet
facet normal 0.3265875650752756 0.945166949452954 0
outer loop
vertex -54.57615661621094 57.083133697509766 9.5
vertex -54.96332931518555 57.216915130615234 -3.700000047683716
vertex -54.96332931518555 57.216915130615234 9.5
endloop
endfacet
facet normal -0.3899570508868602 -0.9208330459228875 0
outer loop
vertex -57.62118148803711 49.90205764770508 5.300000190734863
vertex -39.881717681884766 42.38969802856445 5.300000190734863
vertex -57.62118148803711 49.90205764770508 10.5
endloop
endfacet
facet normal 0.3265882643847557 0.9451667078172786 0
outer loop
vertex -54.96332931518555 57.216915130615234 9.5
vertex -55.690101623535156 57.468040466308594 -3.700000047683716
vertex -55.690101623535156 57.468040466308594 9.5
endloop
endfacet
facet normal -0.7028999494576587 0.7112887325498845 0
outer loop
vertex -63.28336715698242 55.84773254394531 -3.700000047683716
vertex -64.42870330810547 54.715904235839844 -3.700000047683716
vertex -63.28336715698242 55.84773254394531 9.5
endloop
endfacet
facet normal -0.5561324092018708 0.8310937031618081 3.396845207154492e-7
outer loop
vertex -62.7809944152832 56.18389892578125 -3.700000047683716
vertex -63.28336715698242 55.84773254394531 -3.700000047683716
vertex -61.94511413574219 56.743228912353516 9.5
endloop
endfacet
facet normal -0.5561287040370363 0.8310961824879757 0
outer loop
vertex -61.94511413574219 56.743228912353516 -3.700000047683716
vertex -62.7809944152832 56.18389892578125 -3.700000047683716
vertex -61.94511413574219 56.743228912353516 9.5
endloop
endfacet
facet normal -0.38940016592087356 0.9210686786449729 0
outer loop
vertex -60.46198654174805 57.3702507019043 -3.700000047683716
vertex -61.94511413574219 56.743228912353516 -3.700000047683716
vertex -60.46198654174805 57.3702507019043 9.5
endloop
endfacet
facet normal -0.20868868417467376 0.9779821230970652 0
outer loop
vertex -58.887210845947266 57.7062873840332 -3.700000047683716
vertex -60.46198654174805 57.3702507019043 -3.700000047683716
vertex -58.887210845947266 57.7062873840332 9.5
endloop
endfacet
facet normal -0.020487393589052577 0.9997901113253357 0
outer loop
vertex -57.44913864135742 57.735755920410156 -3.700000047683716
vertex -58.887210845947266 57.7062873840332 -3.700000047683716
vertex -57.44913864135742 57.735755920410156 9.5
endloop
endfacet
facet normal -0.02048813877708456 0.9997900960548924 0
outer loop
vertex -57.277320861816406 57.73927688598633 -3.700000047683716
vertex -57.44913864135742 57.735755920410156 -3.700000047683716
vertex -57.277320861816406 57.73927688598633 9.5
endloop
endfacet
facet normal 0.1684473253254588 0.9857106566283389 -1.6712511525910942e-7
outer loop
vertex -56.81658172607422 57.66054153442383 -3.700000047683716
vertex -57.277320861816406 57.73927688598633 -3.700000047683716
vertex -55.690101623535156 57.468040466308594 9.5
endloop
endfacet
facet normal 0.16844542253377143 0.9857109817930504 0
outer loop
vertex -55.690101623535156 57.468040466308594 -3.700000047683716
vertex -56.81658172607422 57.66054153442383 -3.700000047683716
vertex -55.690101623535156 57.468040466308594 9.5
endloop
endfacet
facet normal 0 0 -1
outer loop
vertex -19.849536895751953 45.0177001953125 -5.699999809265137
vertex 66.19407653808594 44.97060775756836 -5.699999809265137
vertex -20.046741485595703 43.67234420776367 -5.699999809265137
endloop
endfacet
facet normal 0.16844542253377104 0.9857109817930481 6.8355496375599e-8
outer loop
vertex -55.690101623535156 57.468040466308594 9.5
vertex -57.277320861816406 57.73927688598633 -3.700000047683716
vertex -56.81658172607422 57.66054153442383 9.5
endloop
endfacet
facet normal 0.16844732532546117 0.9857106566283527 0
outer loop
vertex -56.81658172607422 57.66054153442383 9.5
vertex -57.277320861816406 57.73927688598633 -3.700000047683716
vertex -57.277320861816406 57.73927688598633 9.5
endloop
endfacet
facet normal 0 0 1
outer loop
vertex 66.55686950683594 -40.104610443115234 11.5
vertex 72.7040023803711 -50.12471389770508 11.5
vertex 72.76222229003906 37.62199401855469 11.5
endloop
endfacet
facet normal -0.9999996221426071 0.0008693184934665332 0
outer loop
vertex 66.10668182373047 17.15234375 10.5
vertex 66.0569076538086 -40.10417556762695 5.300000190734863
vertex 66.0569076538086 -40.10417556762695 10.5
endloop
endfacet
facet normal -0.9999996221426071 0.0008693184934665332 0
outer loop
vertex 66.0569076538086 -40.10417556762695 5.300000190734863
vertex 66.10668182373047 17.15234375 10.5
vertex 66.10668182373047 17.15234375 5.300000190734863
endloop
endfacet
facet normal 0.9999997799000492 -0.0006634753944878728 -5.038770945959588e-7
outer loop
vertex 73.8792724609375 -19.132902145385742 9.5
vertex 73.87926483154297 -19.134376525878906 -3.700000047683716
vertex 73.91695404052734 37.66132354736328 9.5
endloop
endfacet
facet normal 0.3265882643847557 0.9451667078172786 0
outer loop
vertex -54.96332931518555 57.216915130615234 -3.700000047683716
vertex -55.690101623535156 57.468040466308594 -3.700000047683716
vertex -54.96332931518555 57.216915130615234 9.5
endloop
endfacet
facet normal 0.3265875650752756 0.945166949452954 0
outer loop
vertex -54.57615661621094 57.083133697509766 -3.700000047683716
vertex -54.96332931518555 57.216915130615234 -3.700000047683716
vertex -54.57615661621094 57.083133697509766 9.5
endloop
endfacet
facet normal 0.39053154920157107 0.9205895443020309 0
outer loop
vertex -48.34612274169922 54.44023513793945 -3.700000047683716
vertex -54.57615661621094 57.083133697509766 -3.700000047683716
vertex -48.34612274169922 54.44023513793945 9.5
endloop
endfacet
facet normal -0.02048813877708456 0.9997900960548924 0
outer loop
vertex -57.277320861816406 57.73927688598633 9.5
vertex -57.44913864135742 57.735755920410156 -3.700000047683716
vertex -57.44913864135742 57.735755920410156 9.5
endloop
endfacet
facet normal -0.020487393589052577 0.9997901113253357 0
outer loop
vertex -57.44913864135742 57.735755920410156 9.5
vertex -58.887210845947266 57.7062873840332 -3.700000047683716
vertex -58.887210845947266 57.7062873840332 9.5
endloop
endfacet
facet normal -0.20868868417467376 0.9779821230970652 0
outer loop
vertex -58.887210845947266 57.7062873840332 9.5
vertex -60.46198654174805 57.3702507019043 -3.700000047683716
vertex -60.46198654174805 57.3702507019043 9.5
endloop
endfacet
facet normal -0.9627590952182947 0.2703607304592338 0
outer loop
vertex 28.18874168395996 -41.15093231201172 10.5
vertex 28.11640739440918 -41.40851593017578 5.300000190734863
vertex 28.11640739440918 -41.40851593017578 10.5
endloop
endfacet
facet normal -0.8566166952029542 0.5159533287997754 0
outer loop
vertex 28.18874168395996 -41.15093231201172 5.300000190734863
vertex 28.18874168395996 -41.15093231201172 10.5
vertex 28.3267822265625 -40.921749114990234 10.5
endloop
endfacet
facet normal 0.2730124930948177 0.9620104877880241 0
outer loop
vertex -37.37537384033203 49.832340240478516 -3.700000047683716
vertex -37.70366287231445 49.925506591796875 -3.700000047683716
vertex -37.37537384033203 49.832340240478516 9.5
endloop
endfacet
facet normal 0.3905311952220743 0.9205896944667684 0
outer loop
vertex -37.70366287231445 49.925506591796875 -3.700000047683716
vertex -48.34612274169922 54.44023513793945 -3.700000047683716
vertex -37.70366287231445 49.925506591796875 9.5
endloop
endfacet
facet normal -0.38940016592087356 0.9210686786449729 0
outer loop
vertex -60.46198654174805 57.3702507019043 9.5
vertex -61.94511413574219 56.743228912353516 -3.700000047683716
vertex -61.94511413574219 56.743228912353516 9.5
endloop
endfacet
facet normal 0 0 -1
outer loop
vertex -37.6141357421875 48.70259094238281 -5.699999809265137
vertex -20.37298011779785 45.061683654785156 -5.699999809265137
vertex -38.00579071044922 47.410343170166016 -5.699999809265137
endloop
endfacet
facet normal -0.556129570794255 0.8310956024960016 -7.693323839700146e-8
outer loop
vertex -61.94511413574219 56.743228912353516 9.5
vertex -63.28336715698242 55.84773254394531 -3.700000047683716
vertex -62.78099822998047 56.183895111083984 9.5
endloop
endfacet
facet normal -0.5561309670546337 0.8310946681834014 0
outer loop
vertex -62.78099822998047 56.183895111083984 9.5
vertex -63.28336715698242 55.84773254394531 -3.700000047683716
vertex -63.28336715698242 55.84773254394531 9.5
endloop
endfacet
facet normal 0 0 -1
outer loop
vertex -38.00579071044922 47.410343170166016 -5.699999809265137
vertex -20.37298011779785 45.061683654785156 -5.699999809265137
vertex -20.413448333740234 43.69713592529297 -5.699999809265137
endloop
endfacet
facet normal 0 0 -1
outer loop
vertex -20.413448333740234 43.69713592529297 -5.699999809265137
vertex -20.200918197631836 45.03593826293945 -5.699999809265137
vertex -20.046741485595703 43.67234420776367 -5.699999809265137
endloop
endfacet
facet normal 0 0 -1
outer loop
vertex -20.37298011779785 45.061683654785156 -5.699999809265137
vertex -20.200918197631836 45.03593826293945 -5.699999809265137
vertex -20.413448333740234 43.69713592529297 -5.699999809265137
endloop
endfacet
facet normal 0 0 -1
outer loop
vertex -20.200918197631836 45.03593826293945 -5.699999809265137
vertex -19.915037155151367 45.01953887939453 -5.699999809265137
vertex -20.046741485595703 43.67234420776367 -5.699999809265137
endloop
endfacet
facet normal 0 0 -1
outer loop
vertex -20.046741485595703 43.67234420776367 -5.699999809265137
vertex -19.915037155151367 45.01953887939453 -5.699999809265137
vertex -19.849536895751953 45.0177001953125 -5.699999809265137
endloop
endfacet
facet normal -0.7028999494576587 0.7112887325498845 0
outer loop
vertex -63.28336715698242 55.84773254394531 9.5
vertex -64.42870330810547 54.715904235839844 -3.700000047683716
vertex -64.42870330810547 54.715904235839844 9.5
endloop
endfacet
facet normal -0.6891619658928435 0.7246073314331779 0
outer loop
vertex 28.3267822265625 -40.921749114990234 5.300000190734863
vertex 28.3267822265625 -40.921749114990234 10.5
vertex 28.433034896850586 -40.82069396972656 10.5
endloop
endfacet
facet normal -0.6891618537875495 0.7246074380546395 -4.362718259803595e-9
outer loop
vertex 28.520648956298828 -40.73736572265625 10.5
vertex 28.3267822265625 -40.921749114990234 5.300000190734863
vertex 28.433034896850586 -40.82069396972656 10.5
endloop
endfacet
facet normal -0.47236780140606555 0.8814015317633613 0
outer loop
vertex 28.756465911865234 -40.610984802246094 10.5
vertex 28.520648956298828 -40.73736572265625 5.300000190734863
vertex 28.520648956298828 -40.73736572265625 10.5
endloop
endfacet
facet normal -0.22176146138529748 0.9751009456688354 0
outer loop
vertex 28.756465911865234 -40.610984802246094 5.300000190734863
vertex 28.756465911865234 -40.610984802246094 10.5
vertex 28.875591278076172 -40.583892822265625 10.5
endloop
endfacet
facet normal -0.22175379628134906 0.9751026888665498 -1.8467981301988017e-7
outer loop
vertex 29.017349243164062 -40.55165481567383 10.5
vertex 28.756465911865234 -40.610984802246094 5.300000190734863
vertex 28.875591278076172 -40.583892822265625 10.5
endloop
endfacet
facet normal -0.18930704757162722 -0.9819179404307234 0
outer loop
vertex -57.62118148803711 49.90205764770508 5.300000190734863
vertex -57.93368911743164 49.96230697631836 10.5
vertex -57.93368911743164 49.96230697631836 5.300000190734863
endloop
endfacet
facet normal 0.41705940959507537 -0.9088792267777975 0
outer loop
vertex -57.93368911743164 49.96230697631836 5.300000190734863
vertex -58.4233283996582 49.73762512207031 10.5
vertex -58.4233283996582 49.73762512207031 5.300000190734863
endloop
endfacet
facet normal -0.00011024085276392583 0.9999999939234773 0
outer loop
vertex 29.017349243164062 -40.55165481567383 5.300000190734863
vertex 29.017349243164062 -40.55165481567383 10.5
vertex 34.86530685424805 -40.55101013183594 10.5
endloop
endfacet
facet normal -0.8244400082762425 0.5659493552902671 0
outer loop
vertex -64.42870330810547 54.715904235839844 9.5
vertex -65.34001159667969 53.38836669921875 -3.700000047683716
vertex -65.34001159667969 53.38836669921875 9.5
endloop
endfacet
facet normal 0.9196624957606703 -0.39270968143305945 0
outer loop
vertex -65.97114562988281 32.061859130859375 5.300000190734863
vertex -58.4233283996582 49.73762512207031 5.300000190734863
vertex -65.97114562988281 32.061859130859375 10.5
endloop
endfacet
facet normal -0.9195581834813278 0.3929538741283258 -2.4652875696471564e-7
outer loop
vertex -65.34001159667969 53.38836669921875 9.5
vertex -73.15221405029297 35.10688781738281 -3.700000047683716
vertex -71.6249008178711 38.68098831176758 9.5
endloop
endfacet
facet normal -0.9195585124808857 0.39295310422993324 0
outer loop
vertex -73.15221405029297 35.10688781738281 9.5
vertex -71.6249008178711 38.68098831176758 9.5
vertex -73.15221405029297 35.10688781738281 -3.700000047683716
endloop
endfacet
facet normal 0.9821975349204938 -0.18785101116604436 0
outer loop
vertex -65.97114562988281 32.061859130859375 5.300000190734863
vertex -66.03130340576172 31.747318267822266 10.5
vertex -66.03130340576172 31.747318267822266 5.300000190734863
endloop
endfacet
facet normal 0.2067724123633164 0.9783890685625037 -0.0000016883978165538794
outer loop
vertex -34.858741760253906 49.30047607421875 -3.700000047683716
vertex -37.37537384033203 49.832340240478516 -3.700000047683716
vertex -20.134788513183594 46.188743591308594 9.5
endloop
endfacet
facet normal 0.20677096343271814 0.9783893747793387 0
outer loop
vertex -20.134788513183594 46.188743591308594 -3.700000047683716
vertex -34.858741760253906 49.30047607421875 -3.700000047683716
vertex -20.134788513183594 46.188743591308594 9.5
endloop
endfacet
facet normal 0.05726644715644609 0.9983589304604193 7.349824225198662e-8
outer loop
vertex -20.006635665893555 46.181392669677734 -3.700000047683716
vertex -20.134788513183594 46.188743591308594 -3.700000047683716
vertex -19.848905563354492 46.17234420776367 9.5
endloop
endfacet
facet normal 0.057272577848256664 0.9983585787814994 0
outer loop
vertex -19.848905563354492 46.17234420776367 -3.700000047683716
vertex -20.006635665893555 46.181392669677734 -3.700000047683716
vertex -19.848905563354492 46.17234420776367 9.5
endloop
endfacet
facet normal 0.9141092502491155 0.4054679748253864 0
outer loop
vertex -66.03130340576172 31.747318267822266 5.300000190734863
vertex -65.8215103149414 31.274349212646484 10.5
vertex -65.8215103149414 31.274349212646484 5.300000190734863
endloop
endfacet
facet normal -0.9451472790760671 0.3266444869482433 -0.0000011940797556760427
outer loop
vertex -73.15221405029297 35.10688781738281 9.5
vertex -73.53691101074219 33.993717193603516 -3.700000047683716
vertex -73.23008728027344 34.881561279296875 9.5
endloop
endfacet
facet normal -0.9451527597935035 0.32662862803912934 0
outer loop
vertex -73.53691101074219 33.993717193603516 -3.700000047683716
vertex -73.53691101074219 33.993717193603516 9.5
vertex -73.23008728027344 34.881561279296875 9.5
endloop
endfacet
facet normal -0.7306601846945912 0.6827413086243056 -1.9124512851906105e-7
outer loop
vertex 66.0569076538086 -40.10417556762695 10.5
vertex 65.70663452148438 -40.479034423828125 5.300000190734863
vertex 65.82227325439453 -40.35527801513672 10.5
endloop
endfacet
facet normal -0.7306641933493375 0.6827370185929295 0
outer loop
vertex 65.70663452148438 -40.479034423828125 5.300000190734863
vertex 65.70663452148438 -40.479034423828125 10.5
vertex 65.82227325439453 -40.35527801513672 10.5
endloop
endfacet
facet normal -0.22302342386053317 0.9748130858831975 6.347532128125001e-7
outer loop
vertex 65.40667724609375 -40.54765701293945 5.300000190734863
vertex 65.55972290039062 -40.51264572143555 10.5
vertex 65.70663452148438 -40.479034423828125 10.5
endloop
endfacet
facet normal -0.22300292956160855 0.9748177744619454 0
outer loop
vertex 65.40667724609375 -40.54765701293945 5.300000190734863
vertex 65.40667724609375 -40.54765701293945 10.5
vertex 65.55972290039062 -40.51264572143555 10.5
endloop
endfacet
facet normal 0 0 1
outer loop
vertex 65.51783752441406 -41.033538818359375 11.5
vertex 72.42864227294922 -51.48183059692383 11.5
vertex 72.7040023803711 -50.12471389770508 11.5
endloop
endfacet
facet normal 0 0 1
outer loop
vertex 65.51783752441406 -41.033538818359375 11.5
vertex 71.90009307861328 -52.76792907714844 11.5
vertex 72.42864227294922 -51.48183059692383 11.5
endloop
endfacet
facet normal 0 0 1
outer loop
vertex 65.51783752441406 -41.033538818359375 11.5
vertex 71.13845825195312 -53.931251525878906 11.5
vertex 71.90009307861328 -52.76792907714844 11.5
endloop
endfacet
facet normal 0 0 1
outer loop
vertex 66.5267562866211 -40.27518844604492 11.5
vertex 72.7040023803711 -50.12471389770508 11.5
vertex 66.55686950683594 -40.104610443115234 11.5
endloop
endfacet
facet normal 0 0 1
outer loop
vertex 66.4222412109375 -40.44554901123047 11.5
vertex 72.7040023803711 -50.12471389770508 11.5
vertex 66.5267562866211 -40.27518844604492 11.5
endloop
endfacet
facet normal 0 0 1
outer loop
vertex 66.0707778930664 -40.819305419921875 11.5
vertex 72.7040023803711 -50.12471389770508 11.5
vertex 66.4222412109375 -40.44554901123047 11.5
endloop
endfacet
facet normal -0.5660258172578027 -0.824387514581336 -2.106399344174663e-7
outer loop
vertex -70.78557586669922 25.254863739013672 9.5
vertex -69.45812225341797 24.343435287475586 -3.700000047683716
vertex -69.70542907714844 24.513233184814453 9.5
endloop
endfacet
facet normal -0.566018176340482 -0.8243927607956022 0
outer loop
vertex -69.70542907714844 24.513233184814453 9.5
vertex -69.45812225341797 24.343435287475586 -3.700000047683716
vertex -69.45812225341797 24.343435287475586 9.5
endloop
endfacet
facet normal -0.8311459418649612 -0.5560543348643248 0
outer loop
vertex -71.91730499267578 26.40030288696289 9.5
vertex -72.4942855834961 27.262727737426758 9.5
vertex -71.91730499267578 26.40030288696289 -3.700000047683716
endloop
endfacet
facet normal -0.9211050110891057 -0.389314215700555 0
outer loop
vertex -73.43955993652344 29.221824645996094 9.5
vertex -72.81267547607422 27.738636016845703 -3.700000047683716
vertex -72.81267547607422 27.738636016845703 9.5
endloop
endfacet
facet normal -0.8311482673203026 -0.5560508589421933 -3.2874728830319575e-7
outer loop
vertex -72.81267547607422 27.738636016845703 9.5
vertex -71.91730499267578 26.40030288696289 -3.700000047683716
vertex -72.4942855834961 27.262727737426758 9.5
endloop
endfacet
facet normal -0.7113511276817065 -0.7028368040633363 0
outer loop
vertex -71.91730499267578 26.40030288696289 9.5
vertex -70.78557586669922 25.254863739013672 -3.700000047683716
vertex -70.78557586669922 25.254863739013672 9.5
endloop
endfacet
facet normal -0.398004385596432 -0.9173835125213482 0
outer loop
vertex -69.45812225341797 24.343435287475586 9.5
vertex -64.9793930053711 22.40035057067871 -3.700000047683716
vertex -64.9793930053711 22.40035057067871 9.5
endloop
endfacet
facet normal 0 0 1
outer loop
vertex 66.02802276611328 -40.862056732177734 11.5
vertex 72.7040023803711 -50.12471389770508 11.5
vertex 66.0707778930664 -40.819305419921875 11.5
endloop
endfacet
facet normal -0.5487052039310075 -0.8360159084485363 0
outer loop
vertex -62.58363342285156 21.360960006713867 9.5
vertex -62.22935485839844 21.128435134887695 -3.700000047683716
vertex -62.22935485839844 21.128435134887695 9.5
endloop
endfacet
facet normal -0.9900165359947092 -0.140951262701108 0
outer loop
vertex -61.33705139160156 19.723064422607422 9.5
vertex -61.277320861816406 19.30352783203125 -3.700000047683716
vertex -61.277320861816406 19.30352783203125 9.5
endloop
endfacet
facet normal -0.795743436972393 -0.6056338683688051 0
outer loop
vertex -61.91944122314453 20.839414596557617 9.5
vertex -61.66279220581055 20.5022029876709 -3.700000047683716
vertex -61.66279220581055 20.5022029876709 9.5
endloop
endfacet
facet normal -0.9519832544488899 -0.30615009921414726 2.6160784535816814e-7
outer loop
vertex -61.4667854309082 20.126487731933594 9.5
vertex -61.33705139160156 19.723064422607422 -3.700000047683716
vertex -61.419437408447266 19.979257583618164 9.5
endloop
endfacet
facet normal -0.9519871828335758 -0.30613788351099597 0
outer loop
vertex -61.419437408447266 19.979257583618164 9.5
vertex -61.33705139160156 19.723064422607422 -3.700000047683716
vertex -61.33705139160156 19.723064422607422 9.5
endloop
endfacet
facet normal -0.886602822385975 -0.4625315506397625 0
outer loop
vertex -61.66279220581055 20.5022029876709 9.5
vertex -61.4667854309082 20.126487731933594 -3.700000047683716
vertex -61.4667854309082 20.126487731933594 9.5
endloop
endfacet
facet normal -0.6820254222313749 -0.7313284648023176 0
outer loop
vertex -61.91944122314453 20.839414596557617 -3.700000047683716
vertex -61.91944122314453 20.839414596557617 9.5
vertex -62.11024475097656 21.01735496520996 9.5
endloop
endfacet
facet normal -0.6820252814779393 -0.7313285960667323 3.804052288627846e-9
outer loop
vertex -62.22935485839844 21.128435134887695 9.5
vertex -61.91944122314453 20.839414596557617 -3.700000047683716
vertex -62.11024475097656 21.01735496520996 9.5
endloop
endfacet
facet normal 0 0 1
outer loop
vertex 65.95663452148438 -40.91204833984375 11.5
vertex 72.7040023803711 -50.12471389770508 11.5
vertex 66.02802276611328 -40.862056732177734 11.5
endloop
endfacet
facet normal 0 0 1
outer loop
vertex 65.87763977050781 -40.948883056640625 11.5
vertex 72.7040023803711 -50.12471389770508 11.5
vertex 65.95663452148438 -40.91204833984375 11.5
endloop
endfacet
facet normal 0 0 1
outer loop
vertex 65.8181381225586 -40.9664421081543 11.5
vertex 72.7040023803711 -50.12471389770508 11.5
vertex 65.87763977050781 -40.948883056640625 11.5
endloop
endfacet
facet normal 0 0 1
outer loop
vertex 72.7040023803711 -50.12471389770508 11.5
vertex 65.8181381225586 -40.9664421081543 11.5
vertex 65.51783752441406 -41.033538818359375 11.5
endloop
endfacet
facet normal -0.3980033126943093 -0.9173839779963219 0
outer loop
vertex -64.9793930053711 22.40035057067871 9.5
vertex -64.9793930053711 22.40035057067871 -3.700000047683716
vertex -62.58363342285156 21.360960006713867 9.5
endloop
endfacet
facet normal 0 0 1
outer loop
vertex 65.40673828125 -41.04765701293945 11.5
vertex 70.17108917236328 -54.93004608154297 11.5
vertex 65.51783752441406 -41.033538818359375 11.5
endloop
endfacet
facet normal 0 0 1
outer loop
vertex 71.13845825195312 -53.931251525878906 11.5
vertex 65.51783752441406 -41.033538818359375 11.5
vertex 70.17108917236328 -54.93004608154297 11.5
endloop
endfacet
facet normal 0 0 1
outer loop
vertex 65.40673828125 -41.04765701293945 11.5
vertex 69.0326919555664 -55.72846221923828 11.5
vertex 70.17108917236328 -54.93004608154297 11.5
endloop
endfacet
facet normal -0.9856949571329332 0.16853916898661248 -8.29457990022893e-8
outer loop
vertex -73.53691101074219 33.993717193603516 9.5
vertex -73.80829620361328 32.406524658203125 -3.700000047683716
vertex -73.77157592773438 32.62128829956055 9.5
endloop
endfacet
facet normal -0.9856958040579177 0.16853421570297014 0
outer loop
vertex -73.80829620361328 32.406524658203125 -3.700000047683716
vertex -73.80829620361328 32.406524658203125 9.5
vertex -73.77157592773438 32.62128829956055 9.5
endloop
endfacet
facet normal 0 0 1
outer loop
vertex 28.651874542236328 -41.35109329223633 11.5
vertex 28.615219116210938 -41.48161697387695 11.5
vertex 28.72026824951172 -41.23754119873047 11.5
endloop
endfacet
facet normal 0 0 1
outer loop
vertex 28.72026824951172 -41.23754119873047 11.5
vertex 28.615219116210938 -41.48161697387695 11.5
vertex 28.816322326660156 -41.14618682861328 11.5
endloop
endfacet
facet normal 0.00010382997310287825 -0.9999999946096683 0
outer loop
vertex 26.891347885131836 -57.851654052734375 9.5
vertex 65.39470672607422 -57.84765625 -3.700000047683716
vertex 65.39470672607422 -57.84765625 9.5
endloop
endfacet
facet normal 0.7306577989250637 -0.6827438618325188 0
outer loop
vertex -49.24354934692383 17.408864974975586 5.300000190734863
vertex -48.893272399902344 17.783723831176758 5.300000190734863
vertex -49.24354934692383 17.408864974975586 10.5
endloop
endfacet
facet normal -0.00010986195485465134 0.9999999939651754 0
outer loop
vertex 65.40667724609375 -40.54765701293945 5.300000190734863
vertex 29.017349243164062 -40.55165481567383 5.300000190734863
vertex 65.40667724609375 -40.54765701293945 10.5
endloop
endfacet
facet normal 0.2230097719503853 -0.9748162091464405 0
outer loop
vertex -48.893272399902344 17.783723831176758 5.300000190734863
vertex -48.593318939208984 17.852344512939453 5.300000190734863
vertex -48.893272399902344 17.783723831176758 10.5
endloop
endfacet
facet normal 0 0 1
outer loop
vertex 66.39604949951172 -56.62126541137695 11.5
vertex 69.0326919555664 -55.72846221923828 11.5
vertex 65.40673828125 -41.04765701293945 11.5
endloop
endfacet
facet normal 0 0 1
outer loop
vertex 65.40673828125 -41.04765701293945 11.5
vertex 65.35493469238281 -56.69295883178711 11.5
vertex 66.39604949951172 -56.62126541137695 11.5
endloop
endfacet
facet normal 0 0 1
outer loop
vertex 66.39604949951172 -56.62126541137695 11.5
vertex 67.76414489746094 -56.29783630371094 11.5
vertex 69.0326919555664 -55.72846221923828 11.5
endloop
endfacet
facet normal 0.06870382763688672 -0.9976371003867293 0
outer loop
vertex 65.39470672607422 -57.84765625 9.5
vertex 66.56969451904297 -57.76673889160156 -3.700000047683716
vertex 66.56969451904297 -57.76673889160156 9.5
endloop
endfacet
facet normal -0.999791950603767 -0.020397438758692477 0
outer loop
vertex -73.80829620361328 32.406524658203125 9.5
vertex -73.77545166015625 30.796630859375 -3.700000047683716
vertex -73.77545166015625 30.796630859375 9.5
endloop
endfacet
facet normal -0.978001317593129 -0.20859871233088564 0
outer loop
vertex -73.77545166015625 30.796630859375 9.5
vertex -73.43955993652344 29.221824645996094 -3.700000047683716
vertex -73.43955993652344 29.221824645996094 9.5
endloop
endfacet
facet normal 0.23006268125615617 -0.9731758128381608 1.1539368932403848e-7
outer loop
vertex 66.56969451904297 -57.76673889160156 9.5
vertex 68.13673400878906 -57.39628601074219 -3.700000047683716
vertex 67.77687072753906 -57.48135757446289 9.5
endloop
endfacet
facet normal 0.3930729996794587 0.919507268553649 0
outer loop
vertex -48.11671447753906 23.70586395263672 5.300000190734863
vertex -65.8215103149414 31.274349212646484 5.300000190734863
vertex -48.11671447753906 23.70586395263672 10.5
endloop
endfacet
facet normal 0.2642423972279525 0.9644563004653062 0
outer loop
vertex -47.94213104248047 23.658031463623047 5.300000190734863
vertex -48.11671447753906 23.70586395263672 5.300000190734863
vertex -47.94213104248047 23.658031463623047 10.5
endloop
endfacet
facet normal -0.05690830537336672 0.998379409232548 0
outer loop
vertex -47.66730880737305 23.673696517944336 5.300000190734863
vertex -47.94213104248047 23.658031463623047 5.300000190734863
vertex -47.66730880737305 23.673696517944336 10.5
endloop
endfacet
facet normal -0.5682527792048009 0.8228540447284802 0
outer loop
vertex -47.13727951049805 24.03972816467285 5.300000190734863
vertex -47.66730880737305 23.673696517944336 5.300000190734863
vertex -47.13727951049805 24.03972816467285 10.5
endloop
endfacet
facet normal -0.43249048176374444 0.9016384991690207 0
outer loop
vertex -46.89604949951172 24.155439376831055 5.300000190734863
vertex -47.13727951049805 24.03972816467285 5.300000190734863
vertex -46.89604949951172 24.155439376831055 10.5
endloop
endfacet
facet normal -0.1779556147393684 0.9840385150911186 0
outer loop
vertex -46.632774353027344 24.20305061340332 5.300000190734863
vertex -46.89604949951172 24.155439376831055 5.300000190734863
vertex -46.632774353027344 24.20305061340332 10.5
endloop
endfacet
facet normal 0.0893201714464748 0.996002965343363 0
outer loop
vertex -46.36629867553711 24.179153442382812 5.300000190734863
vertex -46.632774353027344 24.20305061340332 5.300000190734863
vertex -46.36629867553711 24.179153442382812 10.5
endloop
endfacet
facet normal 0.23005867257325976 -0.9731767604982302 0
outer loop
vertex 67.77687072753906 -57.48135757446289 9.5
vertex 68.13673400878906 -57.39628601074219 -3.700000047683716
vertex 68.13673400878906 -57.39628601074219 9.5
endloop
endfacet
facet normal 0.4094877465372375 -0.9123156172267218 2.8390872525455906e-7
outer loop
vertex 68.13673400878906 -57.39628601074219 9.5
vertex 69.60576629638672 -56.73692321777344 -3.700000047683716
vertex 68.645751953125 -57.167816162109375 9.5
endloop
endfacet
facet normal -0.00020958666568455768 -0.9999999780367138 3.849987835281161e-8
outer loop
vertex -48.593318939208984 17.852344512939453 5.300000190734863
vertex -29.518619537353516 17.848346710205078 5.300000190734863
vertex -35.141788482666016 17.849525451660156 10.5
endloop
endfacet
facet normal 0.40948449741381865 -0.9123170755706331 0
outer loop
vertex 68.645751953125 -57.167816162109375 9.5
vertex 69.60576629638672 -56.73692321777344 -3.700000047683716
vertex 69.60576629638672 -56.73692321777344 9.5
endloop
endfacet
facet normal 0.8198404860667353 0.5725919816115653 0
outer loop
vertex -44.83185577392578 22.994043350219727 5.300000190734863
vertex -44.5391845703125 22.574995040893555 10.5
vertex -44.5391845703125 22.574995040893555 5.300000190734863
endloop
endfacet
facet normal 0.9751277472924823 0.22164357978585508 0
outer loop
vertex -44.90502166748047 23.31593894958496 5.300000190734863
vertex -44.83185577392578 22.994043350219727 10.5
vertex -44.83185577392578 22.994043350219727 5.300000190734863
endloop
endfacet
facet normal 0.879509450972864 0.47588141973543285 0
outer loop
vertex -45.03234100341797 23.551246643066406 5.300000190734863
vertex -44.90502166748047 23.31593894958496 10.5
vertex -44.90502166748047 23.31593894958496 5.300000190734863
endloop
endfacet
facet normal 0.30810875789763786 0.9513511409079062 0
outer loop
vertex -45.44723129272461 23.881500244140625 5.300000190734863
vertex -46.36629867553711 24.179153442382812 5.300000190734863
vertex -45.44723129272461 23.881500244140625 10.5
endloop
endfacet
facet normal 0.5125244900683988 0.8586726076218617 0
outer loop
vertex -45.44723129272461 23.881500244140625 5.300000190734863
vertex -45.21749496459961 23.744375228881836 10.5
vertex -45.21749496459961 23.744375228881836 5.300000190734863
endloop
endfacet
facet normal 0.7218530101570753 0.6920464086513053 0
outer loop
vertex -45.21749496459961 23.744375228881836 5.300000190734863
vertex -45.03234100341797 23.551246643066406 10.5
vertex -45.03234100341797 23.551246643066406 5.300000190734863
endloop
endfacet
facet normal 0.3930729996794587 0.919507268553649 0
outer loop
vertex -48.11671447753906 23.70586395263672 10.5
vertex -65.8215103149414 31.274349212646484 5.300000190734863
vertex -65.8215103149414 31.274349212646484 10.5
endloop
endfacet
facet normal 0.5742052552204671 -0.8187113806935864 0
outer loop
vertex 69.60576629638672 -56.73692321777344 9.5
vertex 70.92407989501953 -55.812320709228516 -3.700000047683716
vertex 70.92407989501953 -55.812320709228516 9.5
endloop
endfacet
facet normal 0 0 1
outer loop
vertex -44.64356231689453 22.08729362487793 11.5
vertex -48.59321594238281 18.35233497619629 11.5
vertex -29.51851463317871 18.348346710205078 11.5
endloop
endfacet
facet normal 0 0 1
outer loop
vertex -44.7101936340332 22.105148315429688 11.5
vertex -48.59321594238281 18.35233497619629 11.5
vertex -44.64356231689453 22.08729362487793 11.5
endloop
endfacet
facet normal 0 0 1
outer loop
vertex -44.7891845703125 22.14198112487793 11.5
vertex -48.59321594238281 18.35233497619629 11.5
vertex -44.7101936340332 22.105148315429688 11.5
endloop
endfacet
facet normal 0 0 1
outer loop
vertex -44.86058044433594 22.191972732543945 11.5
vertex -48.59321594238281 18.35233497619629 11.5
vertex -44.7891845703125 22.14198112487793 11.5
endloop
endfacet
facet normal 0 0 1
outer loop
vertex -45.531715393066406 23.349632263183594 11.5
vertex -48.59321594238281 18.35233497619629 11.5
vertex -45.43997573852539 23.253944396972656 11.5
endloop
endfacet
facet normal 0 0 1
outer loop
vertex -45.655006408691406 23.4232234954834 11.5
vertex -48.59321594238281 18.35233497619629 11.5
vertex -45.531715393066406 23.349632263183594 11.5
endloop
endfacet
facet normal 0 0 1
outer loop
vertex -46.46691131591797 23.686168670654297 11.5
vertex -48.59321594238281 18.35233497619629 11.5
vertex -45.655006408691406 23.4232234954834 11.5
endloop
endfacet
facet normal 0 0 1
outer loop
vertex -46.61021423339844 23.699020385742188 11.5
vertex -48.59321594238281 18.35233497619629 11.5
vertex -46.46691131591797 23.686168670654297 11.5
endloop
endfacet
facet normal 0 0 1
outer loop
vertex -46.88554382324219 23.605934143066406 11.5
vertex -48.59321594238281 18.35233497619629 11.5
vertex -46.740657806396484 23.675432205200195 11.5
endloop
endfacet
facet normal 0 0 1
outer loop
vertex -48.59321594238281 18.35233497619629 11.5
vertex -46.61021423339844 23.699020385742188 11.5
vertex -46.740657806396484 23.675432205200195 11.5
endloop
endfacet
facet normal 0 0 1
outer loop
vertex -47.38425827026367 23.263826370239258 11.5
vertex -48.59321594238281 18.35233497619629 11.5
vertex -46.88554382324219 23.605934143066406 11.5
endloop
endfacet
facet normal 0 0 1
outer loop
vertex -47.41730880737305 23.240684509277344 11.5
vertex -48.59321594238281 18.35233497619629 11.5
vertex -47.38425827026367 23.263826370239258 11.5
endloop
endfacet
facet normal 0 0 1
outer loop
vertex -48.31260681152344 23.247621536254883 11.5
vertex -48.7048225402832 18.339752197265625 11.5
vertex -48.24833679199219 23.225465774536133 11.5
endloop
endfacet
facet normal 0 0 1
outer loop
vertex -71.0186767578125 27.133705139160156 11.5
vertex -66.01740264892578 30.816104888916016 11.5
vertex -71.79185485839844 28.289386749267578 11.5
endloop
endfacet
facet normal 0 0 1
outer loop
vertex -66.01740264892578 30.816104888916016 11.5
vertex -49.143272399902344 18.216737747192383 11.5
vertex -48.31260681152344 23.247621536254883 11.5
endloop
endfacet
facet normal 0 0 1
outer loop
vertex -68.8963623046875 25.3584041595459 11.5
vertex -66.01740264892578 30.816104888916016 11.5
vertex -70.0414047241211 26.144590377807617 11.5
endloop
endfacet
facet normal 0 0 1
outer loop
vertex -71.0186767578125 27.133705139160156 11.5
vertex -70.0414047241211 26.144590377807617 11.5
vertex -66.01740264892578 30.816104888916016 11.5
endloop
endfacet
facet normal 0 0 1
outer loop
vertex -68.8963623046875 25.3584041595459 11.5
vertex -62.125640869140625 22.416616439819336 11.5
vertex -66.01740264892578 30.816104888916016 11.5
endloop
endfacet
facet normal 0 0 1
outer loop
vertex -66.01740264892578 30.816104888916016 11.5
vertex -49.214664459228516 18.166746139526367 11.5
vertex -49.143272399902344 18.216737747192383 11.5
endloop
endfacet
facet normal 0 0 1
outer loop
vertex -66.01740264892578 30.816104888916016 11.5
vertex -49.25859832763672 18.125097274780273 11.5
vertex -49.214664459228516 18.166746139526367 11.5
endloop
endfacet
facet normal 0 0 1
outer loop
vertex -45.24021911621094 22.708837509155273 11.5
vertex -45.31792449951172 22.88356590270996 11.5
vertex -48.59321594238281 18.35233497619629 11.5
endloop
endfacet
facet normal 0 0 1
outer loop
vertex -48.59321594238281 18.35233497619629 11.5
vertex -45.37739181518555 23.138280868530273 11.5
vertex -45.43997573852539 23.253944396972656 11.5
endloop
endfacet
facet normal -0.00010978940477308875 0.9999999939730144 -5.077017005378076e-7
outer loop
vertex 65.40667724609375 -40.54765701293945 10.5
vertex 29.017349243164062 -40.55165481567383 5.300000190734863
vertex 34.86530685424805 -40.55101013183594 10.5
endloop
endfacet
facet normal 0 0 1
outer loop
vertex 29.073516845703125 -41.0516471862793 11.5
vertex 65.35493469238281 -56.69295883178711 11.5
vertex 65.40673828125 -41.04765701293945 11.5
endloop
endfacet
facet normal 0 0 1
outer loop
vertex -45.31792449951172 22.88356590270996 11.5
vertex -45.37739181518555 23.138280868530273 11.5
vertex -48.59321594238281 18.35233497619629 11.5
endloop
endfacet
facet normal 0 0 1
outer loop
vertex 29.073516845703125 -41.0516471862793 11.5
vertex 28.93316078186035 -41.08356857299805 11.5
vertex 65.35493469238281 -56.69295883178711 11.5
endloop
endfacet
facet normal 0 0 1
outer loop
vertex 28.93316078186035 -41.08356857299805 11.5
vertex 28.816322326660156 -41.14618682861328 11.5
vertex 65.35493469238281 -56.69295883178711 11.5
endloop
endfacet
facet normal 0 0 1
outer loop
vertex 28.816322326660156 -41.14618682861328 11.5
vertex 28.615219116210938 -41.48161697387695 11.5
vertex 65.35493469238281 -56.69295883178711 11.5
endloop
endfacet
facet normal 0 0 1
outer loop
vertex 28.615219116210938 -41.48161697387695 11.5
vertex 28.556156158447266 -44.862796783447266 11.5
vertex 65.35493469238281 -56.69295883178711 11.5
endloop
endfacet
facet normal 0 0 1
outer loop
vertex 28.556156158447266 -44.862796783447266 11.5
vertex 28.549314498901367 -44.941001892089844 11.5
vertex 65.35493469238281 -56.69295883178711 11.5
endloop
endfacet
facet normal 0 0 1
outer loop
vertex 28.549314498901367 -44.941001892089844 11.5
vertex 28.526756286621094 -45.02518844604492 11.5
vertex 65.35493469238281 -56.69295883178711 11.5
endloop
endfacet
facet normal 0 0 1
outer loop
vertex 28.526756286621094 -45.02518844604492 11.5
vertex 28.48992347717285 -45.10417556762695 11.5
vertex 65.35493469238281 -56.69295883178711 11.5
endloop
endfacet
facet normal 0 0 1
outer loop
vertex 28.48992347717285 -45.10417556762695 11.5
vertex 28.422239303588867 -45.19554901123047 11.5
vertex 65.35493469238281 -56.69295883178711 11.5
endloop
endfacet
facet normal 0 0 1
outer loop
vertex 28.422239303588867 -45.19554901123047 11.5
vertex 28.070777893066406 -45.569305419921875 11.5
vertex 65.35493469238281 -56.69295883178711 11.5
endloop
endfacet
facet normal 0 0 1
outer loop
vertex 28.070777893066406 -45.569305419921875 11.5
vertex 28.028024673461914 -45.612056732177734 11.5
vertex 65.35493469238281 -56.69295883178711 11.5
endloop
endfacet
facet normal 0 0 1
outer loop
vertex 28.028024673461914 -45.612056732177734 11.5
vertex 27.956632614135742 -45.66204833984375 11.5
vertex 65.35493469238281 -56.69295883178711 11.5
endloop
endfacet
facet normal 0 0 1
outer loop
vertex 27.877641677856445 -45.698883056640625 11.5
vertex 27.817787170410156 -45.71492004394531 11.5
vertex 65.35493469238281 -56.69295883178711 11.5
endloop
endfacet
facet normal 0 0 1
outer loop
vertex 27.956632614135742 -45.66204833984375 11.5
vertex 27.877641677856445 -45.698883056640625 11.5
vertex 65.35493469238281 -56.69295883178711 11.5
endloop
endfacet
facet normal 0 0 1
outer loop
vertex 27.817787170410156 -45.71492004394531 11.5
vertex 27.51783561706543 -45.783538818359375 11.5
vertex 65.35493469238281 -56.69295883178711 11.5
endloop
endfacet
facet normal 0 0 1
outer loop
vertex 27.51783561706543 -45.783538818359375 11.5
vertex 27.406795501708984 -45.79765701293945 11.5
vertex 65.35493469238281 -56.69295883178711 11.5
endloop
endfacet
facet normal 0 0 1
outer loop
vertex 27.406795501708984 -45.79765701293945 11.5
vertex 26.89122772216797 -56.696964263916016 11.5
vertex 65.35493469238281 -56.69295883178711 11.5
endloop
endfacet
facet normal 0 0 1
outer loop
vertex -44.92220687866211 22.25360107421875 11.5
vertex -48.59321594238281 18.35233497619629 11.5
vertex -44.86058044433594 22.191972732543945 11.5
endloop
endfacet
facet normal 0 0 1
outer loop
vertex -44.94910430908203 22.288698196411133 11.5
vertex -48.59321594238281 18.35233497619629 11.5
vertex -44.92220687866211 22.25360107421875 11.5
endloop
endfacet
facet normal 0.9999997797797248 -0.0006636567246078278 -5.038568407695404e-7
outer loop
vertex 73.85862731933594 -50.241058349609375 9.5
vertex 73.87926483154297 -19.134376525878906 -3.700000047683716
vertex 73.8792724609375 -19.132902145385742 9.5
endloop
endfacet
facet normal -0.7306615081152097 0.6827398923153732 0
outer loop
vertex 66.0569076538086 -40.10417556762695 5.300000190734863
vertex 65.70663452148438 -40.479034423828125 5.300000190734863
vertex 66.0569076538086 -40.10417556762695 10.5
endloop
endfacet
facet normal -0.223012967197015 0.9748154781608585 0
outer loop
vertex 65.70663452148438 -40.479034423828125 5.300000190734863
vertex 65.40667724609375 -40.54765701293945 5.300000190734863
vertex 65.70663452148438 -40.479034423828125 10.5
endloop
endfacet
facet normal 0.9800283233986984 -0.19885795266052717 0
outer loop
vertex 73.84160614013672 -50.32494354248047 9.5
vertex 73.85862731933594 -50.241058349609375 -3.700000047683716
vertex 73.85862731933594 -50.241058349609375 9.5
endloop
endfacet
facet normal 0.980030461926696 -0.19884741309795 0
outer loop
vertex 73.53843688964844 -51.819129943847656 9.5
vertex 73.84160614013672 -50.32494354248047 -3.700000047683716
vertex 73.84160614013672 -50.32494354248047 9.5
endloop
endfacet
facet normal 0.9249354380783384 -0.3801242367790199 0
outer loop
vertex 73.05419158935547 -52.99741744995117 9.5
vertex 73.05419158935547 -52.99741744995117 -3.700000047683716
vertex 73.53843688964844 -51.819129943847656 9.5
endloop
endfacet
facet normal 0 0 1
outer loop
vertex -49.25859832763672 18.125097274780273 11.5
vertex -62.125640869140625 22.416616439819336 11.5
vertex -61.952171325683594 22.323068618774414 11.5
endloop
endfacet
facet normal 0 0 1
outer loop
vertex -60.13414764404297 19.46628761291504 11.5
vertex -60.122623443603516 19.3035945892334 11.5
vertex -49.71339797973633 17.579875946044922 11.5
endloop
endfacet
facet normal 0 0 1
outer loop
vertex -60.193878173828125 19.885826110839844 11.5
vertex -60.13414764404297 19.46628761291504 11.5
vertex -49.71339797973633 17.579875946044922 11.5
endloop
endfacet
facet normal 0 0 1
outer loop
vertex -60.24064254760742 20.075651168823242 11.5
vertex -60.193878173828125 19.885826110839844 11.5
vertex -49.607696533203125 17.749134063720703 11.5
endloop
endfacet
facet normal 0 0 1
outer loop
vertex -60.36752700805664 20.479990005493164 11.5
vertex -60.24064254760742 20.075651168823242 11.5
vertex -49.25859832763672 18.125097274780273 11.5
endloop
endfacet
facet normal 0 0 1
outer loop
vertex -49.25859832763672 18.125097274780273 11.5
vertex -60.44590759277344 20.659069061279297 11.5
vertex -60.36752700805664 20.479990005493164 11.5
endloop
endfacet
facet normal 0 0 1
outer loop
vertex -49.25859832763672 18.125097274780273 11.5
vertex -61.13442611694336 21.681180953979492 11.5
vertex -61.00336837768555 21.5366268157959 11.5
endloop
endfacet
facet normal 0 0 1
outer loop
vertex -61.44182205200195 21.972902297973633 11.5
vertex -61.13442611694336 21.681180953979492 11.5
vertex -49.25859832763672 18.125097274780273 11.5
endloop
endfacet
facet normal 0 0 1
outer loop
vertex -60.74671936035156 21.19941520690918 11.5
vertex -60.64191436767578 21.0347843170166 11.5
vertex -49.25859832763672 18.125097274780273 11.5
endloop
endfacet
facet normal 0 0 1
outer loop
vertex -60.64191436767578 21.0347843170166 11.5
vertex -60.44590759277344 20.659069061279297 11.5
vertex -49.25859832763672 18.125097274780273 11.5
endloop
endfacet
facet normal 0 0 1
outer loop
vertex -49.25859832763672 18.125097274780273 11.5
vertex -61.00336837768555 21.5366268157959 11.5
vertex -60.74671936035156 21.19941520690918 11.5
endloop
endfacet
facet normal 0 0 1
outer loop
vertex -49.25859832763672 18.125097274780273 11.5
vertex -61.952171325683594 22.323068618774414 11.5
vertex -61.59789276123047 22.090543746948242 11.5
endloop
endfacet
facet normal 0 0 1
outer loop
vertex -49.25859832763672 18.125097274780273 11.5
vertex -61.59789276123047 22.090543746948242 11.5
vertex -61.44182205200195 21.972902297973633 11.5
endloop
endfacet
facet normal 0.9249308876301052 -0.38013530894641423 0
outer loop
vertex 72.92634582519531 -53.30848693847656 9.5
vertex 73.05419158935547 -52.99741744995117 -3.700000047683716
vertex 73.05419158935547 -52.99741744995117 9.5
endloop
endfacet
facet normal 0.8366429944816 -0.547748573512393 0
outer loop
vertex 72.68359375 -53.67927169799805 9.5
vertex 72.92634582519531 -53.30848693847656 -3.700000047683716
vertex 72.92634582519531 -53.30848693847656 9.5
endloop
endfacet
facet normal 0.8366408373623181 -0.5477518683287733 -1.3222067234876301e-7
outer loop
vertex 72.04434204101562 -54.655670166015625 9.5
vertex 72.92634582519531 -53.30848693847656 -3.700000047683716
vertex 72.68359375 -53.67927169799805 9.5
endloop
endfacet
facet normal 0.7183170591826619 -0.6957158920760487 0
outer loop
vertex 71.21907806396484 -55.50774383544922 9.5
vertex 72.04434204101562 -54.655670166015625 -3.700000047683716
vertex 72.04434204101562 -54.655670166015625 9.5
endloop
endfacet
facet normal 0.7183117336554172 -0.6957213905669968 -6.878852363225759e-7
outer loop
vertex 70.92407989501953 -55.812320709228516 9.5
vertex 72.04434204101562 -54.655670166015625 -3.700000047683716
vertex 71.21907806396484 -55.50774383544922 9.5
endloop
endfacet
facet normal 0 0 1
outer loop
vertex -48.59321594238281 18.35233497619629 11.5
vertex -44.94910430908203 22.288698196411133 11.5
vertex -45.24021911621094 22.708837509155273 11.5
endloop
endfacet
facet normal 0 0 1
outer loop
vertex -66.01740264892578 30.816104888916016 11.5
vertex -62.125640869140625 22.416616439819336 11.5
vertex -49.25859832763672 18.125097274780273 11.5
endloop
endfacet
facet normal 0.7306565534902753 -0.6827451946675861 -1.7997541510969526e-7
outer loop
vertex -49.24354934692383 17.408864974975586 10.5
vertex -48.893272399902344 17.783723831176758 5.300000190734863
vertex -49.00909423828125 17.659772872924805 10.5
endloop
endfacet
facet normal 0.730660320003679 -0.6827411638184132 0
outer loop
vertex -49.00909423828125 17.659772872924805 10.5
vertex -48.893272399902344 17.783723831176758 5.300000190734863
vertex -48.893272399902344 17.783723831176758 10.5
endloop
endfacet
facet normal 0.22301037613257096 -0.9748160709268227 3.667524401696065e-8
outer loop
vertex -48.893272399902344 17.783723831176758 10.5
vertex -48.593318939208984 17.852344512939453 5.300000190734863
vertex -48.746368408203125 17.817331314086914 10.5
endloop
endfacet
facet normal 0.2230091920280087 -0.9748163418157365 0
outer loop
vertex -48.746368408203125 17.817331314086914 10.5
vertex -48.593318939208984 17.852344512939453 5.300000190734863
vertex -48.593318939208984 17.852344512939453 10.5
endloop
endfacet
facet normal 0.2642423972279525 0.9644563004653062 0
outer loop
vertex -48.11671447753906 23.70586395263672 5.300000190734863
vertex -48.11671447753906 23.70586395263672 10.5
vertex -47.94213104248047 23.658031463623047 10.5
endloop
endfacet
facet normal -0.05690830537336672 0.998379409232548 0
outer loop
vertex -47.66730880737305 23.673696517944336 10.5
vertex -47.94213104248047 23.658031463623047 5.300000190734863
vertex -47.94213104248047 23.658031463623047 10.5
endloop
endfacet
facet normal -0.5682527792048009 0.8228540447284802 0
outer loop
vertex -47.13727951049805 24.03972816467285 10.5
vertex -47.66730880737305 23.673696517944336 5.300000190734863
vertex -47.66730880737305 23.673696517944336 10.5
endloop
endfacet
facet normal -0.43249048176374444 0.9016384991690207 0
outer loop
vertex -46.89604949951172 24.155439376831055 10.5
vertex -47.13727951049805 24.03972816467285 5.300000190734863
vertex -47.13727951049805 24.03972816467285 10.5
endloop
endfacet
facet normal -0.1779556147393684 0.9840385150911186 0
outer loop
vertex -46.632774353027344 24.20305061340332 10.5
vertex -46.89604949951172 24.155439376831055 5.300000190734863
vertex -46.89604949951172 24.155439376831055 10.5
endloop
endfacet
facet normal 0.08931992657712877 0.9960029873028778 0
outer loop
vertex -46.632774353027344 24.20305061340332 5.300000190734863
vertex -46.632774353027344 24.20305061340332 10.5
vertex -46.423553466796875 24.184288024902344 10.5
endloop
endfacet
facet normal 0.08932106624973184 0.9960028850982355 -4.6223258555198796e-8
outer loop
vertex -46.36629867553711 24.179153442382812 10.5
vertex -46.632774353027344 24.20305061340332 5.300000190734863
vertex -46.423553466796875 24.184288024902344 10.5
endloop
endfacet
facet normal 0.30810747513248715 0.951351556348905 0
outer loop
vertex -46.36629867553711 24.179153442382812 5.300000190734863
vertex -46.36629867553711 24.179153442382812 10.5
vertex -46.04197692871094 24.07411766052246 10.5
endloop
endfacet
facet normal -0.00020957178266794164 -0.9999999780398339 0
outer loop
vertex -48.593318939208984 17.852344512939453 10.5
vertex -48.593318939208984 17.852344512939453 5.300000190734863
vertex -35.141788482666016 17.849525451660156 10.5
endloop
endfacet
facet normal 0.20928143667088087 0.9778554495757398 0
outer loop
vertex -44.5391845703125 22.574995040893555 5.300000190734863
vertex -44.5391845703125 22.574995040893555 10.5
vertex -25.70720672607422 18.544559478759766 10.5
endloop
endfacet
facet normal 0.8198416928101848 0.5725902537854887 0
outer loop
vertex -44.83185577392578 22.994043350219727 5.300000190734863
vertex -44.83185577392578 22.994043350219727 10.5
vertex -44.58676528930664 22.64311981201172 10.5
endloop
endfacet
facet normal 0.8198342699018685 0.5726008818481959 0.0000010671003403029738
outer loop
vertex -44.5391845703125 22.574995040893555 10.5
vertex -44.83185577392578 22.994043350219727 5.300000190734863
vertex -44.58676528930664 22.64311981201172 10.5
endloop
endfacet
facet normal 0.9751277472924823 0.22164357978585508 0
outer loop
vertex -44.83185577392578 22.994043350219727 10.5
vertex -44.90502166748047 23.31593894958496 5.300000190734863
vertex -44.90502166748047 23.31593894958496 10.5
endloop
endfacet
facet normal 0.3081094574037569 0.9513509143624889 -1.3660101001932654e-7
outer loop
vertex -45.44723129272461 23.881500244140625 10.5
vertex -46.36629867553711 24.179153442382812 5.300000190734863
vertex -46.04197692871094 24.07411766052246 10.5
endloop
endfacet
facet normal 0.5125244900683988 0.8586726076218617 0
outer loop
vertex -45.21749496459961 23.744375228881836 10.5
vertex -45.44723129272461 23.881500244140625 5.300000190734863
vertex -45.44723129272461 23.881500244140625 10.5
endloop
endfacet
facet normal 0.879509450972864 0.47588141973543285 0
outer loop
vertex -44.90502166748047 23.31593894958496 10.5
vertex -45.03234100341797 23.551246643066406 5.300000190734863
vertex -45.03234100341797 23.551246643066406 10.5
endloop
endfacet
facet normal 0.7218635308556007 0.6920354346568427 0
outer loop
vertex -45.21749496459961 23.744375228881836 5.300000190734863
vertex -45.21749496459961 23.744375228881836 10.5
vertex -45.17275619506836 23.697708129882812 10.5
endloop
endfacet
facet normal 0.7218496579708384 0.6920499051999945 2.4922194451672606e-7
outer loop
vertex -45.03234100341797 23.551246643066406 10.5
vertex -45.21749496459961 23.744375228881836 5.300000190734863
vertex -45.17275619506836 23.697708129882812 10.5
endloop
endfacet
facet normal 0 0 1
outer loop
vertex -49.71339797973633 17.579875946044922 11.5
vertex -60.122623443603516 19.3035945892334 11.5
vertex -49.74354934692383 17.409299850463867 11.5
endloop
endfacet
facet normal 0 0 1
outer loop
vertex -49.607696533203125 17.749134063720703 11.5
vertex -60.193878173828125 19.885826110839844 11.5
vertex -49.71339797973633 17.579875946044922 11.5
endloop
endfacet
facet normal 0 0 1
outer loop
vertex -49.25859832763672 18.125097274780273 11.5
vertex -60.24064254760742 20.075651168823242 11.5
vertex -49.607696533203125 17.749134063720703 11.5
endloop
endfacet
facet normal 0 0 1
outer loop
vertex -47.49629592895508 23.20384979248047 11.5
vertex -48.59321594238281 18.35233497619629 11.5
vertex -47.41730880737305 23.240684509277344 11.5
endloop
endfacet
facet normal 0 0 1
outer loop
vertex -47.638946533203125 23.176177978515625 11.5
vertex -48.59321594238281 18.35233497619629 11.5
vertex -47.580482482910156 23.181293487548828 11.5
endloop
endfacet
facet normal 0 0 1
outer loop
vertex -48.59321594238281 18.35233497619629 11.5
vertex -47.49629592895508 23.20384979248047 11.5
vertex -47.580482482910156 23.181293487548828 11.5
endloop
endfacet
facet normal 0 0 1
outer loop
vertex -47.91377258300781 23.160512924194336 11.5
vertex -48.59321594238281 18.35233497619629 11.5
vertex -47.638946533203125 23.176177978515625 11.5
endloop
endfacet
facet normal 0 0 1
outer loop
vertex -48.073753356933594 23.177631378173828 11.5
vertex -48.59321594238281 18.35233497619629 11.5
vertex -47.91377258300781 23.160512924194336 11.5
endloop
endfacet
facet normal 0 0 1
outer loop
vertex -48.7048225402832 18.339752197265625 11.5
vertex -48.073753356933594 23.177631378173828 11.5
vertex -48.24833679199219 23.225465774536133 11.5
endloop
endfacet
facet normal 0 0 1
outer loop
vertex -48.7048225402832 18.339752197265625 11.5
vertex -48.59321594238281 18.35233497619629 11.5
vertex -48.073753356933594 23.177631378173828 11.5
endloop
endfacet
facet normal 0 0 1
outer loop
vertex -48.31260681152344 23.247621536254883 11.5
vertex -49.00442886352539 18.269607543945312 11.5
vertex -48.7048225402832 18.339752197265625 11.5
endloop
endfacet
facet normal 0 0 1
outer loop
vertex -48.31260681152344 23.247621536254883 11.5
vertex -49.06428146362305 18.253570556640625 11.5
vertex -49.00442886352539 18.269607543945312 11.5
endloop
endfacet
facet normal 0 0 1
outer loop
vertex -49.143272399902344 18.216737747192383 11.5
vertex -49.06428146362305 18.253570556640625 11.5
vertex -48.31260681152344 23.247621536254883 11.5
endloop
endfacet
facet normal -0.9898300387836463 0.14225323680318894 -0.0007148010779754936
outer loop
vertex 71.39397430419922 -49.70798110961914 -1
vertex 71.39397430419922 -49.731597900390625 -5.699999809265137
vertex 71.2495346069336 -50.70800018310547 0
endloop
endfacet
facet normal -0.39055054225012675 -0.9205814868267739 0.000007741982325654067
outer loop
vertex -38.477230072021484 47.53764343261719 0
vertex -55.55503845214844 54.78274154663086 -5.699999809265137
vertex -41.1214599609375 48.65943145751953 -1.0499999523162842
endloop
endfacet
facet normal 0.000278360562723825 0.9999999612554085 0.0000021397328640036853
outer loop
vertex -7.879138946533203 -55.39468765258789 -4.375974655151367
vertex -12.432660102844238 -55.3934211730957 -3.8893399238586426
vertex -7.553979873657227 -55.394779205322266 -3.8893399238586426
endloop
endfacet
facet normal -0.9541453114829604 0.29934382334547077 0
outer loop
vertex 71.2495346069336 -50.70800018310547 0
vertex 71.2495346069336 -50.70800018310547 -5.699999809265137
vertex 70.9776611328125 -51.5745849609375 0
endloop
endfacet
facet normal -0.8946728600094773 0.44672191972463365 0
outer loop
vertex 70.9776611328125 -51.5745849609375 0
vertex 70.9776611328125 -51.5745849609375 -5.699999809265137
vertex 70.53673553466797 -52.45764923095703 0
endloop
endfacet
facet normal -0.8137368767190234 0.5812334259723616 0
outer loop
vertex 70.53673553466797 -52.45764923095703 0
vertex 70.53673553466797 -52.45764923095703 -5.699999809265137
vertex 70.00884246826172 -53.19670867919922 0
endloop
endfacet
facet normal -0.7113741369752885 0.7028135152675022 0
outer loop
vertex 70.00884246826172 -53.19670867919922 0
vertex 70.00884246826172 -53.19670867919922 -5.699999809265137
vertex 69.31514739990234 -53.89885330200195 0
endloop
endfacet
facet normal -0.5926200675361555 0.8054821261539218 0
outer loop
vertex 69.31514739990234 -53.89885330200195 0
vertex 69.31514739990234 -53.89885330200195 -5.699999809265137
vertex 68.58358001708984 -54.43709182739258 0
endloop
endfacet
facet normal -0.4575291198144367 0.8891946381540021 0
outer loop
vertex 68.58358001708984 -54.43709182739258 0
vertex 68.58358001708984 -54.43709182739258 -5.699999809265137
vertex 67.70592498779297 -54.8886833190918 0
endloop
endfacet
facet normal -0.31273279996947806 0.9498411424144831 0
outer loop
vertex 67.70592498779297 -54.8886833190918 0
vertex 67.70592498779297 -54.8886833190918 -5.699999809265137
vertex 66.84324645996094 -55.1727180480957 0
endloop
endfacet
facet normal -0.15819336816027005 0.9874081518146938 0
outer loop
vertex 66.84324645996094 -55.1727180480957 0
vertex 66.84324645996094 -55.1727180480957 -5.699999809265137
vertex 65.86711120605469 -55.329105377197266 0
endloop
endfacet
facet normal -0.00009447568629758924 0.9999999955371722 0
outer loop
vertex 52.39677429199219 -55.34888458251953 -0.44999998807907104
vertex 26.75702667236328 -55.3513069152832 0
vertex 52.39677429199219 -55.34888458251953 0
endloop
endfacet
facet normal 0.00027769567246591336 0.9999999614301149 -0.0000049882003929241245
outer loop
vertex -7.553979873657227 -55.394779205322266 -3.8893399238586426
vertex -12.919294357299805 -55.393287658691406 -3.564180612564087
vertex -7.067345142364502 -55.39491271972656 -3.564180612564087
endloop
endfacet
facet normal -0.002387722052068112 0.9999924752370996 -0.0030574912233993705
outer loop
vertex 65.86711120605469 -55.329105377197266 0
vertex 65.39677429199219 -55.34765625 -5.699999809265137
vertex 60.39677429199219 -55.34812927246094 -1.9500000476837158
endloop
endfacet
facet normal -0.00009441375690341559 0.9999999955429889 2.5431316607698577e-7
outer loop
vertex 65.39677429199219 -55.34765625 -5.699999809265137
vertex 52.39677429199219 -55.34888458251953 -1.9500000476837158
vertex 60.39677429199219 -55.34812927246094 -1.9500000476837158
endloop
endfacet
facet normal -0.9892346490887087 0.14633799589422822 0
outer loop
vertex 71.39397430419922 -49.731597900390625 -5.699999809265137
vertex 71.2495346069336 -50.70800018310547 -5.699999809265137
vertex 71.2495346069336 -50.70800018310547 0
endloop
endfacet
facet normal -0.003477624966409368 0.9999939530440136 0
outer loop
vertex 65.86711120605469 -55.329105377197266 0
vertex 60.39677429199219 -55.34812927246094 -1.9500000476837158
vertex 60.39677429199219 -55.34812927246094 -0.44999998807907104
endloop
endfacet
facet normal -0.003477624966409368 0.9999939530440136 0
outer loop
vertex 65.86711120605469 -55.329105377197266 0
vertex 60.39677429199219 -55.34812927246094 -0.44999998807907104
vertex 60.39677429199219 -55.34812927246094 0
endloop
endfacet
facet normal -0.9541453114829604 0.29934382334547077 0
outer loop
vertex 71.2495346069336 -50.70800018310547 -5.699999809265137
vertex 70.9776611328125 -51.5745849609375 -5.699999809265137
vertex 70.9776611328125 -51.5745849609375 0
endloop
endfacet
facet normal -0.8946728600094773 0.44672191972463365 0
outer loop
vertex 70.9776611328125 -51.5745849609375 -5.699999809265137
vertex 70.53673553466797 -52.45764923095703 -5.699999809265137
vertex 70.53673553466797 -52.45764923095703 0
endloop
endfacet
facet normal -0.8137368767190234 0.5812334259723616 0
outer loop
vertex 70.53673553466797 -52.45764923095703 -5.699999809265137
vertex 70.00884246826172 -53.19670867919922 -5.699999809265137
vertex 70.00884246826172 -53.19670867919922 0
endloop
endfacet
facet normal -0.7113741369752885 0.7028135152675022 0
outer loop
vertex 70.00884246826172 -53.19670867919922 -5.699999809265137
vertex 69.31514739990234 -53.89885330200195 -5.699999809265137
vertex 69.31514739990234 -53.89885330200195 0
endloop
endfacet
facet normal -0.5926200675361555 0.8054821261539218 0
outer loop
vertex 69.31514739990234 -53.89885330200195 -5.699999809265137
vertex 68.58358001708984 -54.43709182739258 -5.699999809265137
vertex 68.58358001708984 -54.43709182739258 0
endloop
endfacet
facet normal -0.4575291198144367 0.8891946381540021 0
outer loop
vertex 68.58358001708984 -54.43709182739258 -5.699999809265137
vertex 67.70592498779297 -54.8886833190918 -5.699999809265137
vertex 67.70592498779297 -54.8886833190918 0
endloop
endfacet
facet normal -0.31273279996947806 0.9498411424144831 0
outer loop
vertex 67.70592498779297 -54.8886833190918 -5.699999809265137
vertex 66.84324645996094 -55.1727180480957 -5.699999809265137
vertex 66.84324645996094 -55.1727180480957 0
endloop
endfacet
facet normal -0.15819336816027005 0.9874081518146938 0
outer loop
vertex 66.84324645996094 -55.1727180480957 -5.699999809265137
vertex 65.86711120605469 -55.329105377197266 -5.699999809265137
vertex 65.86711120605469 -55.329105377197266 0
endloop
endfacet
facet normal -0.0394110259547468 0.9992230837171419 0
outer loop
vertex 65.86711120605469 -55.329105377197266 -5.699999809265137
vertex 65.39677429199219 -55.34765625 -5.699999809265137
vertex 65.86711120605469 -55.329105377197266 0
endloop
endfacet
facet normal 0.5002892808655127 0.865858322966909 0
outer loop
vertex -55.487518310546875 -54.662559509277344 -5.699999809265137
vertex -56.05274200439453 -54.335975646972656 -5.699999809265137
vertex -56.05274200439453 -54.335975646972656 0
endloop
endfacet
facet normal 0.00027847292278910076 0.9999999612239341 0.0000022274610740241035
outer loop
vertex -7.993319988250732 -55.394657135009766 -4.949999809265137
vertex -11.993319511413574 -55.3935432434082 -4.949999809265137
vertex -12.107500076293945 -55.39351272583008 -4.375974655151367
endloop
endfacet
facet normal -0.9892287413483005 0.1463371219591185 0.003456013191409693
outer loop
vertex 71.2495346069336 -50.70800018310547 0
vertex 71.39397430419922 -49.731597900390625 0
vertex 71.39397430419922 -49.70798110961914 -1
endloop
endfacet
facet normal 0.8188561783944242 0.5739987448638533 0
outer loop
vertex -57.491024017333984 -53.01827621459961 -5.699999809265137
vertex -57.86572265625 -52.48373794555664 -5.699999809265137
vertex -57.86572265625 -52.48373794555664 0
endloop
endfacet
facet normal 0.00027847292278979156 0.9999999612264149 0
outer loop
vertex -7.993319988250732 -55.394657135009766 -5.699999809265137
vertex -11.993319511413574 -55.3935432434082 -4.949999809265137
vertex -7.993319988250732 -55.394657135009766 -4.949999809265137
endloop
endfacet
facet normal 0.00027847292278979156 0.9999999612264149 0
outer loop
vertex -11.993319511413574 -55.3935432434082 -5.699999809265137
vertex -11.993319511413574 -55.3935432434082 -4.949999809265137
vertex -7.993319988250732 -55.394657135009766 -5.699999809265137
endloop
endfacet
facet normal 0.0002778370847088934 0.999999961403214 -3.5350402366489626e-7
outer loop
vertex -25.49332046508789 -55.389793395996094 -3.450000047683716
vertex -27.369937896728516 -55.3892707824707 0
vertex -13.493319511413574 -55.39312744140625 -3.450000047683716
endloop
endfacet
facet normal 0.876375019550075 0.4816293441108064 0
outer loop
vertex -57.86572265625 -52.48373794555664 -5.699999809265137
vertex -58.18012619018555 -51.91164779663086 -5.699999809265137
vertex -58.18012619018555 -51.91164779663086 0
endloop
endfacet
facet normal 0.9235168435688668 0.38355787000737895 0
outer loop
vertex -58.18012619018555 -51.91164779663086 -5.699999809265137
vertex -58.43050765991211 -51.30878829956055 -5.699999809265137
vertex -58.43050765991211 -51.30878829956055 0
endloop
endfacet
facet normal 0.9597235347254855 0.2809461458963617 0
outer loop
vertex -58.43050765991211 -51.30878829956055 -5.699999809265137
vertex -58.61390686035156 -50.682289123535156 -5.699999809265137
vertex -58.61390686035156 -50.682289123535156 0
endloop
endfacet
facet normal 0.0002790513473650439 0.9999999610651248 3.069906465720252e-7
outer loop
vertex -25.49332046508789 -55.389793395996094 -3.450000047683716
vertex -26.067344665527344 -55.38963317871094 -3.564180612564087
vertex -27.369937896728516 -55.3892707824707 0
endloop
endfacet
facet normal 0.00028141820886307535 0.9999999604012082 0.0000011720023679924295
outer loop
vertex -26.067344665527344 -55.38963317871094 -3.564180612564087
vertex -26.553979873657227 -55.389495849609375 -3.8893399238586426
vertex -27.369937896728516 -55.3892707824707 0
endloop
endfacet
facet normal 0.0002712649772660028 0.9999999632071964 -9.580792333731732e-7
outer loop
vertex -26.553979873657227 -55.389495849609375 -3.8893399238586426
vertex -26.879138946533203 -55.389408111572266 -4.375974655151367
vertex -27.369937896728516 -55.3892707824707 0
endloop
endfacet
facet normal 0.00029315524731502194 0.999999957028879 0.0000014970817889526402
outer loop
vertex -26.879138946533203 -55.389408111572266 -4.375974655151367
vertex -26.99332046508789 -55.389373779296875 -4.949999809265137
vertex -27.369937896728516 -55.3892707824707 0
endloop
endfacet
facet normal 0.04400025906149986 0.999025979968323 0.0033269431694198546
outer loop
vertex -26.99332046508789 -55.389373779296875 -4.949999809265137
vertex -27.883808135986328 -55.34765625 -5.699999809265137
vertex -27.369937896728516 -55.3892707824707 0
endloop
endfacet
facet normal 0.00398416244501708 0.9999679713429571 0.006941378671616599
outer loop
vertex -27.369937896728516 -55.3892707824707 0
vertex -27.883808135986328 -55.34765625 -5.699999809265137
vertex -35.581459045410156 -55.343017578125 -1.9500000476837158
endloop
endfacet
facet normal 0.00027786810927332543 0.9999999613924357 -0.0000021073871440103523
outer loop
vertex -7.993319988250732 -55.394657135009766 -4.949999809265137
vertex -12.107500076293945 -55.39351272583008 -4.375974655151367
vertex -7.879138946533203 -55.39468765258789 -4.375974655151367
endloop
endfacet
facet normal 0.0006022452215933874 0.9999998186500517 -7.460150027911269e-7
outer loop
vertex -27.883808135986328 -55.34765625 -5.699999809265137
vertex -43.581459045410156 -55.338199615478516 -1.9500000476837158
vertex -35.581459045410156 -55.343017578125 -1.9500000476837158
endloop
endfacet
facet normal 0.00027786810927309596 0.99999996139161 -0.000002468235360813598
outer loop
vertex -7.879138946533203 -55.39468765258789 -4.375974655151367
vertex -12.107500076293945 -55.39351272583008 -4.375974655151367
vertex -12.432660102844238 -55.3934211730957 -3.8893399238586426
endloop
endfacet
facet normal 0.04679663345680919 0.9989044374198711 0
outer loop
vertex -26.99332046508789 -55.389373779296875 -5.699999809265137
vertex -27.883808135986328 -55.34765625 -5.699999809265137
vertex -26.99332046508789 -55.389373779296875 -4.949999809265137
endloop
endfacet
facet normal 0.9999999986335115 0.00005227788250514149 0
outer loop
vertex -58.77601623535156 1.839342474937439 -1
vertex -58.77601623535156 1.839342474937439 0
vertex -58.775672912597656 -4.727923393249512 0
endloop
endfacet
facet normal 0.9999999986335115 0.00005227788250514149 0
outer loop
vertex -58.775672912597656 -4.727923393249512 0
vertex -58.775672912597656 -4.727923393249512 -1
vertex -58.77601623535156 1.839342474937439 -1
endloop
endfacet
facet normal 0.9999999986029758 0.00005285875841913441 0
outer loop
vertex -58.7746696472168 -23.727924346923828 -1
vertex -58.7746696472168 -23.727924346923828 0
vertex -58.774322509765625 -30.295188903808594 0
endloop
endfacet
facet normal 0.9999999986029758 0.00005285875841913441 0
outer loop
vertex -58.774322509765625 -30.295188903808594 0
vertex -58.774322509765625 -30.295188903808594 -1
vertex -58.7746696472168 -23.727924346923828 -1
endloop
endfacet
facet normal 0.9999999986075613 0.00005277106140798874 -3.046228192896383e-7
outer loop
vertex -58.77601623535156 1.839342474937439 -1
vertex -58.773319244384766 -49.29517364501953 -5.699999809265137
vertex -58.77701950073242 20.823869705200195 -5.699999809265137
endloop
endfacet
facet normal 0.9999999986207047 0.00005227788250447197 0.000005061008170234065
outer loop
vertex -58.775672912597656 -4.727923393249512 -1
vertex -58.773319244384766 -49.29517364501953 -5.699999809265137
vertex -58.77601623535156 1.839342474937439 -1
endloop
endfacet
facet normal 0.9999999986058954 0.00005280343837386501 7.748031110331808e-8
outer loop
vertex -58.7746696472168 -23.727924346923828 -1
vertex -58.773319244384766 -49.29517364501953 -5.699999809265137
vertex -58.775672912597656 -4.727923393249512 -1
endloop
endfacet
facet normal 0.003191513707123589 0.9999949071071599 0
outer loop
vertex -43.581459045410156 -55.338199615478516 -0.44999998807907104
vertex -52.97737121582031 -55.30821228027344 0
vertex -43.581459045410156 -55.338199615478516 0
endloop
endfacet
facet normal 0.003191513707123589 0.9999949071071599 0
outer loop
vertex -43.581459045410156 -55.338199615478516 -0.44999998807907104
vertex -43.581459045410156 -55.338199615478516 -1.9500000476837158
vertex -52.97737121582031 -55.30821228027344 0
endloop
endfacet
facet normal 0.0002779135487373459 0.999999961382029 0
outer loop
vertex 26.15472984313965 -55.40414810180664 -5.699999809265137
vertex 7.006680011749268 -55.398826599121094 -5.699999809265137
vertex 7.006680011749268 -55.398826599121094 -4.949999809265137
endloop
endfacet
facet normal 0.00027773474881940234 0.9999999614212848 -0.000004564893263376479
outer loop
vertex 26.15472984313965 -55.40414810180664 -5.699999809265137
vertex 7.006680011749268 -55.398826599121094 -4.949999809265137
vertex 6.8924994468688965 -55.3987922668457 -4.375974655151367
endloop
endfacet
facet normal 0.6755205801601395 0.737341132570338 0
outer loop
vertex -56.579132080078125 -53.94990921020508 -5.699999809265137
vertex -57.06045913696289 -53.50893783569336 -5.699999809265137
vertex -57.06045913696289 -53.50893783569336 0
endloop
endfacet
facet normal 0.00027844410736222835 0.9999999612178786 0.000005755023040656385
outer loop
vertex 26.15472984313965 -55.40414810180664 -5.699999809265137
vertex 6.8924994468688965 -55.3987922668457 -4.375974655151367
vertex 6.56734037399292 -55.398704528808594 -3.8893399238586426
endloop
endfacet
facet normal 0.00027722344199816783 0.9999999615458304 -0.00000744991394131761
outer loop
vertex 26.15472984313965 -55.40414810180664 -5.699999809265137
vertex 6.56734037399292 -55.398704528808594 -3.8893399238586426
vertex 6.080705165863037 -55.39856719970703 -3.564180612564087
endloop
endfacet
facet normal 0.0002767557982969503 0.9999999616329591 -0.000011845179092586426
outer loop
vertex 26.15472984313965 -55.40414810180664 -5.699999809265137
vertex 6.080705165863037 -55.39856719970703 -3.564180612564087
vertex 5.506680011749268 -55.398406982421875 -3.450000047683716
endloop
endfacet
facet normal 0.00027783710678919843 0.9999999614024846 0.0000012535469913645954
outer loop
vertex 5.506680011749268 -55.398406982421875 -3.450000047683716
vertex -6.493319988250732 -55.39507293701172 -3.450000047683716
vertex 26.15472984313965 -55.40414810180664 0
endloop
endfacet
facet normal 0.00027836056271948034 0.9999999612398005 0.000005982869687019093
outer loop
vertex -7.553979873657227 -55.394779205322266 -3.8893399238586426
vertex -12.432660102844238 -55.3934211730957 -3.8893399238586426
vertex -12.919294357299805 -55.393287658691406 -3.564180612564087
endloop
endfacet
facet normal 0.08833892447816775 0.9960904750182288 0
outer loop
vertex -52.97737121582031 -55.30821228027344 0
vertex -52.97737121582031 -55.30821228027344 -5.699999809265137
vertex -53.62760925292969 -55.250545501708984 0
endloop
endfacet
facet normal 0.1960498313261951 0.9805939341220556 0
outer loop
vertex -53.62760925292969 -55.250545501708984 0
vertex -53.62760925292969 -55.250545501708984 -5.699999809265137
vertex -54.267730712890625 -55.12256622314453 0
endloop
endfacet
facet normal 0.30143004455703337 0.95348829475686 0
outer loop
vertex -54.267730712890625 -55.12256622314453 0
vertex -54.267730712890625 -55.12256622314453 -5.699999809265137
vertex -54.89015579223633 -54.92579650878906 0
endloop
endfacet
facet normal 0.40324869835225335 0.915090425737923 0
outer loop
vertex -54.89015579223633 -54.92579650878906 0
vertex -54.89015579223633 -54.92579650878906 -5.699999809265137
vertex -55.487518310546875 -54.662559509277344 0
endloop
endfacet
facet normal 0.7516376320563027 0.6595762807111806 0
outer loop
vertex -57.06045913696289 -53.50893783569336 -5.699999809265137
vertex -57.491024017333984 -53.01827621459961 -5.699999809265137
vertex -57.491024017333984 -53.01827621459961 0
endloop
endfacet
facet normal 0.5914105303644885 0.8063706248208663 0
outer loop
vertex -56.05274200439453 -54.335975646972656 -5.699999809265137
vertex -56.579132080078125 -53.94990921020508 -5.699999809265137
vertex -56.579132080078125 -53.94990921020508 0
endloop
endfacet
facet normal 0.9981634482440459 0.06057830130959432 0
outer loop
vertex -58.773319244384766 -49.29517364501953 -5.699999809265137
vertex -58.773319244384766 -49.29517364501953 -1
vertex -58.72814178466797 -50.039573669433594 -5.699999809265137
endloop
endfacet
facet normal 0.9845692654863184 0.17499531839375426 0
outer loop
vertex -58.61390686035156 -50.682289123535156 -5.699999809265137
vertex -58.72814178466797 -50.039573669433594 -5.699999809265137
vertex -58.72814178466797 -50.039573669433594 0
endloop
endfacet
facet normal 0.5002892808655127 0.865858322966909 0
outer loop
vertex -55.487518310546875 -54.662559509277344 -5.699999809265137
vertex -56.05274200439453 -54.335975646972656 0
vertex -55.487518310546875 -54.662559509277344 0
endloop
endfacet
facet normal 0.9235168435688668 0.38355787000737895 0
outer loop
vertex -58.18012619018555 -51.91164779663086 0
vertex -58.18012619018555 -51.91164779663086 -5.699999809265137
vertex -58.43050765991211 -51.30878829956055 0
endloop
endfacet
facet normal 0.876375019550075 0.4816293441108064 0
outer loop
vertex -57.86572265625 -52.48373794555664 0
vertex -57.86572265625 -52.48373794555664 -5.699999809265137
vertex -58.18012619018555 -51.91164779663086 0
endloop
endfacet
facet normal -0.9999999652371555 0.00026367724182739885 0
outer loop
vertex 71.39897155761719 -30.707983016967773 0
vertex 71.39997100830078 -26.917551040649414 -1
vertex 71.39897155761719 -30.707983016967773 -1
endloop
endfacet
facet normal 0.003191513707123589 0.9999949071071599 0
outer loop
vertex -43.581459045410156 -55.338199615478516 -1.9500000476837158
vertex -52.97737121582031 -55.30821228027344 -5.699999809265137
vertex -52.97737121582031 -55.30821228027344 0
endloop
endfacet
facet normal 0.0015718611215767373 0.9999905303766169 0.004058128843046229
outer loop
vertex -27.883808135986328 -55.34765625 -5.699999809265137
vertex -52.97737121582031 -55.30821228027344 -5.699999809265137
vertex -43.581459045410156 -55.338199615478516 -1.9500000476837158
endloop
endfacet
facet normal -0.08739709388668075 0.9961735531423039 0
outer loop
vertex 26.75702667236328 -55.3513069152832 -5.699999809265137
vertex 26.15472984313965 -55.40414810180664 -5.699999809265137
vertex 26.15472984313965 -55.40414810180664 0
endloop
endfacet
facet normal 0.00027804655692543833 0.9999999613450554 0
outer loop
vertex 26.15472984313965 -55.40414810180664 -5.699999809265137
vertex 5.506680011749268 -55.398406982421875 -3.450000047683716
vertex 26.15472984313965 -55.40414810180664 0
endloop
endfacet
facet normal 0.9597235347254855 0.2809461458963617 0
outer loop
vertex -58.43050765991211 -51.30878829956055 0
vertex -58.43050765991211 -51.30878829956055 -5.699999809265137
vertex -58.61390686035156 -50.682289123535156 0
endloop
endfacet
facet normal 0.6755205801601395 0.737341132570338 0
outer loop
vertex -56.579132080078125 -53.94990921020508 0
vertex -56.579132080078125 -53.94990921020508 -5.699999809265137
vertex -57.06045913696289 -53.50893783569336 0
endloop
endfacet
facet normal -0.9999999654304528 0.00026294112278190003 -0.0000010292365527698768
outer loop
vertex 71.41695404052734 37.663387298583984 -5.699999809265137
vertex 71.39397430419922 -49.731597900390625 -5.699999809265137
vertex 71.39897155761719 -30.707983016967773 -1
endloop
endfacet
facet normal -0.08739709388668075 0.9961735531423039 0
outer loop
vertex 26.75702667236328 -55.3513069152832 -5.699999809265137
vertex 26.15472984313965 -55.40414810180664 0
vertex 26.75702667236328 -55.3513069152832 0
endloop
endfacet
facet normal 0.1960498313261951 0.9805939341220556 0
outer loop
vertex -53.62760925292969 -55.250545501708984 -5.699999809265137
vertex -54.267730712890625 -55.12256622314453 -5.699999809265137
vertex -54.267730712890625 -55.12256622314453 0
endloop
endfacet
facet normal 0.08833892447816775 0.9960904750182288 0
outer loop
vertex -52.97737121582031 -55.30821228027344 -5.699999809265137
vertex -53.62760925292969 -55.250545501708984 -5.699999809265137
vertex -53.62760925292969 -55.250545501708984 0
endloop
endfacet
facet normal -0.9999999651903125 0.0002636772418150474 0.000009679162037108115
outer loop
vertex 71.41695404052734 37.663387298583984 -5.699999809265137
vertex 71.39897155761719 -30.707983016967773 -1
vertex 71.39997100830078 -26.917551040649414 -1
endloop
endfacet
facet normal 0.30143004455703337 0.95348829475686 0
outer loop
vertex -54.267730712890625 -55.12256622314453 -5.699999809265137
vertex -54.89015579223633 -54.92579650878906 -5.699999809265137
vertex -54.89015579223633 -54.92579650878906 0
endloop
endfacet
facet normal 0.8530159338305865 0.521884869134115 0
outer loop
vertex -70.20028686523438 28.267393112182617 -5.699999809265137
vertex -70.67427825927734 29.04212760925293 -5.699999809265137
vertex -70.67427825927734 29.04212760925293 0
endloop
endfacet
facet normal 0.6484103379818483 0.7612910308142775 0
outer loop
vertex -68.86832427978516 26.927526473999023 -5.699999809265137
vertex -69.55975341796875 27.516433715820312 -5.699999809265137
vertex -69.55975341796875 27.516433715820312 0
endloop
endfacet
facet normal 0.7608293216864672 0.6489520346390094 0
outer loop
vertex -69.55975341796875 27.516433715820312 -5.699999809265137
vertex -70.20028686523438 28.267393112182617 -5.699999809265137
vertex -70.20028686523438 28.267393112182617 0
endloop
endfacet
facet normal 0.5212839758146723 0.8533832764701029 0
outer loop
vertex -68.02601623535156 26.413007736206055 -5.699999809265137
vertex -68.86832427978516 26.927526473999023 -5.699999809265137
vertex -68.86832427978516 26.927526473999023 0
endloop
endfacet
facet normal 0.3921526154623286 0.9199001718589116 0
outer loop
vertex -60.42062759399414 23.17083740234375 -5.699999809265137
vertex -68.02601623535156 26.413007736206055 -5.699999809265137
vertex -68.02601623535156 26.413007736206055 0
endloop
endfacet
facet normal 0.0002779525663484433 0.9999999613711718 1.6092969402967167e-7
outer loop
vertex -6.493319988250732 -55.39507293701172 -3.450000047683716
vertex -27.369937896728516 -55.3892707824707 0
vertex 26.15472984313965 -55.40414810180664 0
endloop
endfacet
facet normal 0.005632631247666118 0.9999841366067903 0
outer loop
vertex -27.369937896728516 -55.3892707824707 0
vertex -35.581459045410156 -55.343017578125 -0.44999998807907104
vertex -35.581459045410156 -55.343017578125 0
endloop
endfacet
facet normal 0.005632631247666118 0.9999841366067902 0
outer loop
vertex -27.369937896728516 -55.3892707824707 0
vertex -35.581459045410156 -55.343017578125 -1.9500000476837158
vertex -35.581459045410156 -55.343017578125 -0.44999998807907104
endloop
endfacet
facet normal 0.0002779279518316827 0.9999999613603108 0.000005952357859763347
outer loop
vertex -13.493319511413574 -55.39312744140625 -3.450000047683716
vertex -6.493319988250732 -55.39507293701172 -3.450000047683716
vertex -7.067345142364502 -55.39491271972656 -3.564180612564087
endloop
endfacet
facet normal -0.9999999652371555 0.0002636772418273988 0
outer loop
vertex 71.39997100830078 -26.917551040649414 -1
vertex 71.39897155761719 -30.707983016967773 0
vertex 71.39997100830078 -26.917551040649414 3.859876624595117e-15
endloop
endfacet
facet normal 0.00027792795183660625 0.9999999613780259 1.1982508148167957e-8
outer loop
vertex -13.493319511413574 -55.39312744140625 -3.450000047683716
vertex -27.369937896728516 -55.3892707824707 0
vertex -6.493319988250732 -55.39507293701172 -3.450000047683716
endloop
endfacet
facet normal 0.0002776956724623292 0.999999961417208 -0.000007120106592187742
outer loop
vertex -7.067345142364502 -55.39491271972656 -3.564180612564087
vertex -12.919294357299805 -55.393287658691406 -3.564180612564087
vertex -13.493319511413574 -55.39312744140625 -3.450000047683716
endloop
endfacet
facet normal 0.9916772815867805 0.1287484725526995 0
outer loop
vertex -58.77701950073242 20.823869705200195 -5.699999809265137
vertex -58.83081817626953 21.238250732421875 -5.699999809265137
vertex -58.83081817626953 21.238250732421875 0
endloop
endfacet
facet normal 0.9599362757979305 0.2802183905585061 0
outer loop
vertex -58.83081817626953 21.238250732421875 -5.699999809265137
vertex -58.94791030883789 21.63936996459961 -5.699999809265137
vertex -58.94791030883789 21.63936996459961 0
endloop
endfacet
facet normal 0.4752590978613379 0.8798458898580065 0
outer loop
vertex -59.972068786621094 22.928543090820312 -5.699999809265137
vertex -60.42062759399414 23.17083740234375 -5.699999809265137
vertex -59.972068786621094 22.928543090820312 0
endloop
endfacet
facet normal 0.9051988161882814 0.4249883565126626 0
outer loop
vertex -58.94791030883789 21.63936996459961 -5.699999809265137
vertex -59.12549591064453 22.017616271972656 -5.699999809265137
vertex -59.12549591064453 22.017616271972656 0
endloop
endfacet
facet normal 0.8287775473028725 0.5595782135560988 0
outer loop
vertex -59.12549591064453 22.017616271972656 -5.699999809265137
vertex -59.35932159423828 22.363929748535156 -5.699999809265137
vertex -59.35932159423828 22.363929748535156 0
endloop
endfacet
facet normal 0.6186932464319072 0.7856326538653721 0
outer loop
vertex -59.64378356933594 22.670015335083008 -5.699999809265137
vertex -59.972068786621094 22.928543090820312 -5.699999809265137
vertex -59.972068786621094 22.928543090820312 0
endloop
endfacet
facet normal 0.7325074601355159 0.6807590034996345 0
outer loop
vertex -59.35932159423828 22.363929748535156 -5.699999809265137
vertex -59.64378356933594 22.670015335083008 -5.699999809265137
vertex -59.64378356933594 22.670015335083008 0
endloop
endfacet
facet normal 0.8530159338305865 0.521884869134115 0
outer loop
vertex -70.20028686523438 28.267393112182617 0
vertex -70.20028686523438 28.267393112182617 -5.699999809265137
vertex -70.67427825927734 29.04212760925293 0
endloop
endfacet
facet normal 0.7608293216864672 0.6489520346390094 0
outer loop
vertex -69.55975341796875 27.516433715820312 0
vertex -69.55975341796875 27.516433715820312 -5.699999809265137
vertex -70.20028686523438 28.267393112182617 0
endloop
endfacet
facet normal 0.5212839758146723 0.8533832764701029 0
outer loop
vertex -68.02601623535156 26.413007736206055 0
vertex -68.02601623535156 26.413007736206055 -5.699999809265137
vertex -68.86832427978516 26.927526473999023 0
endloop
endfacet
facet normal 0.6484103379818483 0.7612910308142775 0
outer loop
vertex -68.86832427978516 26.927526473999023 0
vertex -68.86832427978516 26.927526473999023 -5.699999809265137
vertex -69.55975341796875 27.516433715820312 0
endloop
endfacet
facet normal 0.999999998603625 0.00005284647688561663 0
outer loop
vertex -58.77601623535156 1.839342474937439 -1
vertex -58.77701950073242 20.823869705200195 -5.699999809265137
vertex -58.77701950073242 20.823869705200195 -1
endloop
endfacet
facet normal 0.9916772815867805 0.1287484725526995 0
outer loop
vertex -58.77701950073242 20.823869705200195 -1
vertex -58.77701950073242 20.823869705200195 -5.699999809265137
vertex -58.83081817626953 21.238250732421875 0
endloop
endfacet
facet normal 0.9599362757979305 0.2802183905585061 0
outer loop
vertex -58.83081817626953 21.238250732421875 0
vertex -58.83081817626953 21.238250732421875 -5.699999809265137
vertex -58.94791030883789 21.63936996459961 0
endloop
endfacet
facet normal 0.3970601264057881 0.9177597471948163 0.007765465055379906
outer loop
vertex -59.972068786621094 22.928543090820312 0
vertex -60.42062759399414 23.17083740234375 -5.699999809265137
vertex -68.02601623535156 26.413007736206055 0
endloop
endfacet
facet normal 0.7325074601355159 0.6807590034996345 0
outer loop
vertex -59.35932159423828 22.363929748535156 0
vertex -59.35932159423828 22.363929748535156 -5.699999809265137
vertex -59.64378356933594 22.670015335083008 0
endloop
endfacet
facet normal 0.9051988161882814 0.4249883565126626 0
outer loop
vertex -58.94791030883789 21.63936996459961 0
vertex -58.94791030883789 21.63936996459961 -5.699999809265137
vertex -59.12549591064453 22.017616271972656 0
endloop
endfacet
facet normal 0.8287775473028725 0.5595782135560988 0
outer loop
vertex -59.12549591064453 22.017616271972656 0
vertex -59.12549591064453 22.017616271972656 -5.699999809265137
vertex -59.35932159423828 22.363929748535156 0
endloop
endfacet
facet normal 0.7516376320563027 0.6595762807111806 0
outer loop
vertex -57.06045913696289 -53.50893783569336 0
vertex -57.06045913696289 -53.50893783569336 -5.699999809265137
vertex -57.491024017333984 -53.01827621459961 0
endloop
endfacet
facet normal 0.6186932464319072 0.7856326538653721 0
outer loop
vertex -59.64378356933594 22.670015335083008 0
vertex -59.64378356933594 22.670015335083008 -5.699999809265137
vertex -59.972068786621094 22.928543090820312 0
endloop
endfacet
facet normal 0.9916777823189824 0.12874461562435754 0.00000162517665752228
outer loop
vertex -58.779029846191406 20.83934211730957 0
vertex -58.77701950073242 20.823869705200195 -1
vertex -58.83081817626953 21.238250732421875 0
endloop
endfacet
facet normal 0.8188561783944242 0.5739987448638533 0
outer loop
vertex -57.491024017333984 -53.01827621459961 0
vertex -57.491024017333984 -53.01827621459961 -5.699999809265137
vertex -57.86572265625 -52.48373794555664 0
endloop
endfacet
facet normal 0.5914105303644885 0.8063706248208663 0
outer loop
vertex -56.05274200439453 -54.335975646972656 0
vertex -56.05274200439453 -54.335975646972656 -5.699999809265137
vertex -56.579132080078125 -53.94990921020508 0
endloop
endfacet
facet normal 0.9981638010893353 0.060572487104589755 9.242628037199364e-7
outer loop
vertex -58.773319244384766 -49.29517364501953 -1
vertex -58.773319244384766 -49.295188903808594 0
vertex -58.72814178466797 -50.039573669433594 -5.699999809265137
endloop
endfacet
facet normal 0.9845692654863184 0.17499531839375426 0
outer loop
vertex -58.61390686035156 -50.682289123535156 0
vertex -58.61390686035156 -50.682289123535156 -5.699999809265137
vertex -58.72814178466797 -50.039573669433594 0
endloop
endfacet
facet normal 0.9981633731573768 0.0605795385182786 0
outer loop
vertex -58.72814178466797 -50.039573669433594 0
vertex -58.72814178466797 -50.039573669433594 -5.699999809265137
vertex -58.773319244384766 -49.295188903808594 0
endloop
endfacet
facet normal 0.9999999986058962 0.000052803483430417594 0
outer loop
vertex -58.773319244384766 -49.29517364501953 -1
vertex -58.773319244384766 -49.29517364501953 -5.699999809265137
vertex -58.774322509765625 -30.295188903808594 -1
endloop
endfacet
facet normal -0.9999999657658601 0.0002616644385930138 0
outer loop
vertex 71.40496826171875 -7.917551040649414 -1
vertex 71.40496826171875 -7.917551040649414 0
vertex 71.40596008300781 -4.127119064331055 0
endloop
endfacet
facet normal -0.9999999657658601 0.0002616644385930138 0
outer loop
vertex 71.40496826171875 -7.917551040649414 -1
vertex 71.40596008300781 -4.127119064331055 0
vertex 71.40596008300781 -4.127119064331055 -1
endloop
endfacet
facet normal 0.9999999986029509 0.000052858758419133086 -2.2345191228509023e-7
outer loop
vertex -58.774322509765625 -30.295188903808594 -1
vertex -58.773319244384766 -49.29517364501953 -5.699999809265137
vertex -58.7746696472168 -23.727924346923828 -1
endloop
endfacet
facet normal -0.00009447159366117806 0.9999999955375576 5.381239130716953e-8
outer loop
vertex 65.39677429199219 -55.34765625 -5.699999809265137
vertex 26.75702667236328 -55.3513069152832 0
vertex 52.39677429199219 -55.34888458251953 -1.9500000476837158
endloop
endfacet
facet normal 0.9249235120145198 0.38015325452076093 0
outer loop
vertex -70.67427825927734 29.04212760925293 -5.699999809265137
vertex -71.04949951171875 29.95505142211914 -5.699999809265137
vertex -71.04949951171875 29.95505142211914 0
endloop
endfacet
facet normal 0.9730196602641381 0.23072221553084382 0
outer loop
vertex -71.04949951171875 29.95505142211914 -5.699999809265137
vertex -71.25904846191406 30.838777542114258 -5.699999809265137
vertex -71.25904846191406 30.838777542114258 0
endloop
endfacet
facet normal -0.00009447568629758924 0.9999999955371722 0
outer loop
vertex 52.39677429199219 -55.34888458251953 -1.9500000476837158
vertex 26.75702667236328 -55.3513069152832 0
vertex 52.39677429199219 -55.34888458251953 -0.44999998807907104
endloop
endfacet
facet normal -0.9999999654111136 0.0002630133550935517 -0.0000013216024743460005
outer loop
vertex 71.39397430419922 -49.731597900390625 -5.699999809265137
vertex 71.39397430419922 -49.70798110961914 -1
vertex 71.39897155761719 -30.707983016967773 -1
endloop
endfacet
facet normal 0.9972837071881476 0.07365600706707558 0
outer loop
vertex -71.33174896240234 31.823123931884766 -5.699999809265137
vertex -71.33174896240234 31.823123931884766 0
vertex -71.25904846191406 30.838777542114258 -5.699999809265137
endloop
endfacet
facet normal 0.9965219358791262 -0.08333085450011112 0
outer loop
vertex -71.33174896240234 31.823123931884766 -5.699999809265137
vertex -71.25606536865234 32.72819519042969 -5.699999809265137
vertex -71.25606536865234 32.72819519042969 0
endloop
endfacet
facet normal -0.00009447953187600476 0.999999995536809 0
outer loop
vertex 65.39677429199219 -55.34765625 -5.699999809265137
vertex 26.75702667236328 -55.3513069152832 -5.699999809265137
vertex 26.75702667236328 -55.3513069152832 0
endloop
endfacet
facet normal 0.9707100079105785 -0.24025419984309285 0
outer loop
vertex -71.25606536865234 32.72819519042969 -5.699999809265137
vertex -71.0185546875 33.68782043457031 -5.699999809265137
vertex -71.0185546875 33.68782043457031 0
endloop
endfacet
facet normal 0.935163390742625 -0.35421664643937373 0
outer loop
vertex -71.0185546875 33.68782043457031 -5.699999809265137
vertex -70.85182189941406 34.12800979614258 -5.699999809265137
vertex -70.85182189941406 34.12800979614258 0
endloop
endfacet
facet normal 0.9202485504509866 -0.39133439076100224 7.569818450650395e-7
outer loop
vertex -70.85182189941406 34.12800979614258 -5.699999809265137
vertex -63.27030563354492 51.956443786621094 -5.699999809265137
vertex -70.71485900878906 34.450096130371094 -1
endloop
endfacet
facet normal 0.9249235120145198 0.38015325452076093 0
outer loop
vertex -70.67427825927734 29.04212760925293 0
vertex -70.67427825927734 29.04212760925293 -5.699999809265137
vertex -71.04949951171875 29.95505142211914 0
endloop
endfacet
facet normal 0.9730196602641381 0.23072221553084382 0
outer loop
vertex -71.04949951171875 29.95505142211914 0
vertex -71.04949951171875 29.95505142211914 -5.699999809265137
vertex -71.25904846191406 30.838777542114258 0
endloop
endfacet
facet normal 0.9972837071881476 0.07365600706707558 0
outer loop
vertex -71.25904846191406 30.838777542114258 0
vertex -71.25904846191406 30.838777542114258 -5.699999809265137
vertex -71.33174896240234 31.823123931884766 0
endloop
endfacet
facet normal 0.9965219358791262 -0.08333085450011112 0
outer loop
vertex -71.33174896240234 31.823123931884766 0
vertex -71.33174896240234 31.823123931884766 -5.699999809265137
vertex -71.25606536865234 32.72819519042969 0
endloop
endfacet
facet normal 0.9202525284152625 -0.3913250361851596 0
outer loop
vertex -70.85182189941406 34.12800979614258 0
vertex -70.85182189941406 34.12800979614258 -5.699999809265137
vertex -70.71485900878906 34.450096130371094 -1
endloop
endfacet
facet normal 0.9707100079105785 -0.24025419984309285 0
outer loop
vertex -71.25606536865234 32.72819519042969 0
vertex -71.25606536865234 32.72819519042969 -5.699999809265137
vertex -71.0185546875 33.68782043457031 0
endloop
endfacet
facet normal 0.935163390742625 -0.35421664643937373 0
outer loop
vertex -71.0185546875 33.68782043457031 0
vertex -71.0185546875 33.68782043457031 -5.699999809265137
vertex -70.85182189941406 34.12800979614258 0
endloop
endfacet
facet normal -0.000136693230500376 -0.9999999906556923 -0.0000018909856024583347
outer loop
vertex 65.80089569091797 43.660587310791016 0
vertex 54.59680938720703 43.6621208190918 -1.0499999523162842
vertex 58.19681167602539 43.66162872314453 -1.0499999523162842
endloop
endfacet
facet normal 0.8534323615433816 -0.5212036111449024 0
outer loop
vertex -63.27030563354492 51.956443786621094 -5.699999809265137
vertex -62.755863189697266 52.798805236816406 -5.699999809265137
vertex -62.755863189697266 52.798805236816406 0
endloop
endfacet
facet normal 0.7613499596782975 -0.6483411439187357 0
outer loop
vertex -62.755863189697266 52.798805236816406 -5.699999809265137
vertex -62.16701889038086 53.49028778076172 -5.699999809265137
vertex -62.16701889038086 53.49028778076172 0
endloop
endfacet
facet normal 0.6490196422861104 -0.7607716503174979 0
outer loop
vertex -62.16701889038086 53.49028778076172 -5.699999809265137
vertex -61.41611862182617 54.13088607788086 -5.699999809265137
vertex -61.41611862182617 54.13088607788086 0
endloop
endfacet
facet normal -0.2065193896333552 -0.9784425081243115 9.342221431841751e-7
outer loop
vertex -38.00579071044922 47.410343170166016 0
vertex -37.7625846862793 47.3590087890625 -1.0499999523162842
vertex -20.413448333740234 43.69713592529297 0
endloop
endfacet
facet normal -0.20651933550417065 -0.9784425195497771 0
outer loop
vertex -37.7625846862793 47.3590087890625 -1.0499999523162842
vertex -37.7625846862793 47.3590087890625 -2.8499999046325684
vertex -20.413448333740234 43.69713592529297 0
endloop
endfacet
facet normal -0.06745239246421703 -0.997722493858314 0
outer loop
vertex -20.413448333740234 43.69713592529297 0
vertex -20.413448333740234 43.69713592529297 -5.699999809265137
vertex -20.046741485595703 43.67234420776367 0
endloop
endfacet
facet normal 0.5219635019666097 -0.8529678203864158 0
outer loop
vertex -61.41611862182617 54.13088607788086 -5.699999809265137
vertex -60.64142608642578 54.604949951171875 -5.699999809265137
vertex -60.64142608642578 54.604949951171875 0
endloop
endfacet
facet normal 0.380238901554877 -0.9248883055506435 0
outer loop
vertex -60.64142608642578 54.604949951171875 -5.699999809265137
vertex -59.728538513183594 54.980255126953125 -5.699999809265137
vertex -59.728538513183594 54.980255126953125 0
endloop
endfacet
facet normal -0.29934382334547077 -0.9541453114829604 0
outer loop
vertex 66.77729797363281 43.516151428222656 0
vertex 66.77729797363281 43.516151428222656 -5.699999809265137
vertex 67.64388275146484 43.24427795410156 0
endloop
endfacet
facet normal -0.2065192798356995 -0.9784425312996257 -3.539741688630833e-7
outer loop
vertex -37.7625846862793 47.3590087890625 -2.8499999046325684
vertex -38.00579071044922 47.410343170166016 -5.699999809265137
vertex -20.413448333740234 43.69713592529297 0
endloop
endfacet
facet normal -0.1463342138237353 -0.9892352085649747 0
outer loop
vertex 65.80089569091797 43.660587310791016 0
vertex 65.80089569091797 43.660587310791016 -5.699999809265137
vertex 66.77729797363281 43.516151428222656 0
endloop
endfacet
facet normal -0.00013695434475860605 -0.9999999906217537 0
outer loop
vertex 58.19681167602539 43.66162872314453 -2.8499999046325684
vertex 65.80089569091797 43.660587310791016 -5.699999809265137
vertex 65.80089569091797 43.660587310791016 0
endloop
endfacet
facet normal -0.29934382334547077 -0.9541453114829604 0
outer loop
vertex 66.77729797363281 43.516151428222656 -5.699999809265137
vertex 67.64388275146484 43.24427795410156 -5.699999809265137
vertex 67.64388275146484 43.24427795410156 0
endloop
endfacet
facet normal -0.1463342138237353 -0.9892352085649747 0
outer loop
vertex 65.80089569091797 43.660587310791016 -5.699999809265137
vertex 66.77729797363281 43.516151428222656 -5.699999809265137
vertex 66.77729797363281 43.516151428222656 0
endloop
endfacet
facet normal -0.00013669323050058722 -0.9999999906572377 6.96678897844062e-7
outer loop
vertex 54.59680938720703 43.6621208190918 -2.8499999046325684
vertex 65.80089569091797 43.660587310791016 -5.699999809265137
vertex 58.19681167602539 43.66162872314453 -2.8499999046325684
endloop
endfacet
facet normal 0.40324869835225335 0.915090425737923 0
outer loop
vertex -54.89015579223633 -54.92579650878906 -5.699999809265137
vertex -55.487518310546875 -54.662559509277344 -5.699999809265137
vertex -55.487518310546875 -54.662559509277344 0
endloop
endfacet
facet normal -0.702815447548856 -0.711372227941674 0
outer loop
vertex 69.26600646972656 42.275455474853516 0
vertex 69.26600646972656 42.275455474853516 -5.699999809265137
vertex 69.96814727783203 41.58176040649414 0
endloop
endfacet
facet normal -0.949840731632363 -0.3127340476061044 0
outer loop
vertex 70.95797729492188 39.972537994384766 0
vertex 70.95797729492188 39.972537994384766 -5.699999809265137
vertex 71.24201202392578 39.10986328125 0
endloop
endfacet
facet normal 0.2308109085238251 -0.9729986251307895 0
outer loop
vertex -59.728538513183594 54.980255126953125 -5.699999809265137
vertex -58.84483337402344 55.189884185791016 -5.699999809265137
vertex -58.84483337402344 55.189884185791016 0
endloop
endfacet
facet normal 0.07374868529001023 -0.9972768579577062 0
outer loop
vertex -58.84483337402344 55.189884185791016 -5.699999809265137
vertex -57.86049270629883 55.26267623901367 -5.699999809265137
vertex -57.86049270629883 55.26267623901367 0
endloop
endfacet
facet normal -0.8891954471908634 -0.45752754747123214 0
outer loop
vertex 70.50638580322266 40.850196838378906 0
vertex 70.50638580322266 40.850196838378906 -5.699999809265137
vertex 70.95797729492188 39.972537994384766 0
endloop
endfacet
facet normal -0.8054806510705651 -0.5926220724466299 0
outer loop
vertex 69.96814727783203 41.58176040649414 0
vertex 69.96814727783203 41.58176040649414 -5.699999809265137
vertex 70.50638580322266 40.850196838378906 0
endloop
endfacet
facet normal -0.9874081518146938 -0.15819336816027005 0
outer loop
vertex 71.24201202392578 39.10986328125 0
vertex 71.24201202392578 39.10986328125 -5.699999809265137
vertex 71.39839935302734 38.13372802734375 0
endloop
endfacet
facet normal -0.08323422407857603 -0.9965300115611357 0
outer loop
vertex -57.86049270629883 55.26267623901367 -5.699999809265137
vertex -56.955413818359375 55.18708038330078 -5.699999809265137
vertex -56.955413818359375 55.18708038330078 0
endloop
endfacet
facet normal -0.24016786964515655 -0.9707313708694632 0
outer loop
vertex -56.955413818359375 55.18708038330078 -5.699999809265137
vertex -55.99577713012695 54.94965744018555 -5.699999809265137
vertex -55.99577713012695 54.94965744018555 0
endloop
endfacet
facet normal -0.06745239246421703 -0.997722493858314 0
outer loop
vertex -20.413448333740234 43.69713592529297 -5.699999809265137
vertex -20.046741485595703 43.67234420776367 -5.699999809265137
vertex -20.046741485595703 43.67234420776367 0
endloop
endfacet
facet normal -0.35417032610032223 -0.9351809344239175 0
outer loop
vertex -55.99577713012695 54.94965744018555 -5.699999809265137
vertex -55.55503845214844 54.78274154663086 -5.699999809265137
vertex -55.55503845214844 54.78274154663086 0
endloop
endfacet
facet normal -0.9992230289196415 -0.03941241526038694 0
outer loop
vertex 71.39839935302734 38.13372802734375 0
vertex 71.39839935302734 38.13372802734375 -5.699999809265137
vertex 71.41695404052734 37.66331100463867 0
endloop
endfacet
facet normal -0.9992230289196415 -0.03941241526038694 0
outer loop
vertex 71.39839935302734 38.13372802734375 -5.699999809265137
vertex 71.41695404052734 37.66331100463867 -1
vertex 71.41695404052734 37.66331100463867 0
endloop
endfacet
facet normal -0.5812334259723616 -0.8137368767190234 0
outer loop
vertex 68.52694702148438 42.803348541259766 0
vertex 68.52694702148438 42.803348541259766 -5.699999809265137
vertex 69.26600646972656 42.275455474853516 0
endloop
endfacet
facet normal -0.20651938963344532 -0.9784425081247387 0
outer loop
vertex -38.00579071044922 47.410343170166016 -5.699999809265137
vertex -20.413448333740234 43.69713592529297 -5.699999809265137
vertex -20.413448333740234 43.69713592529297 0
endloop
endfacet
facet normal -0.4467250132909466 -0.8946713153444698 0
outer loop
vertex 67.64388275146484 43.24427795410156 -5.699999809265137
vertex 68.52694702148438 42.803348541259766 0
vertex 67.64388275146484 43.24427795410156 0
endloop
endfacet
facet normal 0.9202484656431767 -0.391334590192797 -1.2018385012114726e-7
outer loop
vertex -70.71485900878906 34.450096130371094 -1
vertex -63.27030563354492 51.956443786621094 -5.699999809265137
vertex -63.279502868652344 51.934814453125 -1
endloop
endfacet
facet normal 0.855556872631396 -0.5177083503563666 -0.0007082827645325691
outer loop
vertex -63.279502868652344 51.934814453125 -1
vertex -63.27030563354492 51.956443786621094 -5.699999809265137
vertex -62.755863189697266 52.798805236816406 0
endloop
endfacet
facet normal 0.7613499596782975 -0.6483411439187357 0
outer loop
vertex -62.755863189697266 52.798805236816406 0
vertex -62.755863189697266 52.798805236816406 -5.699999809265137
vertex -62.16701889038086 53.49028778076172 0
endloop
endfacet
facet normal 0.6490196422861104 -0.7607716503174979 0
outer loop
vertex -62.16701889038086 53.49028778076172 0
vertex -62.16701889038086 53.49028778076172 -5.699999809265137
vertex -61.41611862182617 54.13088607788086 0
endloop
endfacet
facet normal 0.5219635019666097 -0.8529678203864158 0
outer loop
vertex -61.41611862182617 54.13088607788086 0
vertex -61.41611862182617 54.13088607788086 -5.699999809265137
vertex -60.64142608642578 54.604949951171875 0
endloop
endfacet
facet normal 0.380238901554877 -0.9248883055506435 0
outer loop
vertex -60.64142608642578 54.604949951171875 0
vertex -60.64142608642578 54.604949951171875 -5.699999809265137
vertex -59.728538513183594 54.980255126953125 0
endloop
endfacet
facet normal 0.2308109085238251 -0.9729986251307895 0
outer loop
vertex -59.728538513183594 54.980255126953125 0
vertex -59.728538513183594 54.980255126953125 -5.699999809265137
vertex -58.84483337402344 55.189884185791016 0
endloop
endfacet
facet normal 0.07374868529001023 -0.9972768579577062 0
outer loop
vertex -58.84483337402344 55.189884185791016 0
vertex -58.84483337402344 55.189884185791016 -5.699999809265137
vertex -57.86049270629883 55.26267623901367 0
endloop
endfacet
facet normal -0.08323422407857603 -0.9965300115611357 0
outer loop
vertex -57.86049270629883 55.26267623901367 0
vertex -57.86049270629883 55.26267623901367 -5.699999809265137
vertex -56.955413818359375 55.18708038330078 0
endloop
endfacet
facet normal -0.24016786964515655 -0.9707313708694632 0
outer loop
vertex -56.955413818359375 55.18708038330078 0
vertex -56.955413818359375 55.18708038330078 -5.699999809265137
vertex -55.99577713012695 54.94965744018555 0
endloop
endfacet
facet normal -0.35417032610032223 -0.9351809344239175 0
outer loop
vertex -55.99577713012695 54.94965744018555 0
vertex -55.99577713012695 54.94965744018555 -5.699999809265137
vertex -55.55503845214844 54.78274154663086 0
endloop
endfacet
facet normal -0.999999965411987 0.0002630133550937814 4.269431349853512e-9
outer loop
vertex 71.41695404052734 37.663387298583984 -5.699999809265137
vertex 71.41195678710938 18.663312911987305 -1
vertex 71.41695404052734 37.66331100463867 -1
endloop
endfacet
facet normal -0.26068805935575223 -0.9654230863768134 0
outer loop
vertex -38.477230072021484 47.53764343261719 0
vertex -38.477230072021484 47.53764343261719 -1.0499999523162842
vertex -38.00579071044922 47.410343170166016 0
endloop
endfacet
facet normal -0.20652325094806961 -0.9784416931109593 0
outer loop
vertex -38.00579071044922 47.410343170166016 0
vertex -38.00579071044922 47.410343170166016 -1.0499999523162842
vertex -37.7625846862793 47.3590087890625 -1.0499999523162842
endloop
endfacet
facet normal -0.26068805935575223 -0.9654230863768134 0
outer loop
vertex -38.477230072021484 47.53764343261719 -1.0499999523162842
vertex -38.00579071044922 47.410343170166016 -1.0499999523162842
vertex -38.00579071044922 47.410343170166016 0
endloop
endfacet
facet normal -0.390547936903273 -0.9205825921559657 0
outer loop
vertex -38.477230072021484 47.53764343261719 0
vertex -41.1214599609375 48.65943145751953 -1.0499999523162842
vertex -38.477230072021484 47.53764343261719 -1.0499999523162842
endloop
endfacet
facet normal -0.702815447548856 -0.711372227941674 0
outer loop
vertex 69.26600646972656 42.275455474853516 -5.699999809265137
vertex 69.96814727783203 41.58176040649414 -5.699999809265137
vertex 69.96814727783203 41.58176040649414 0
endloop
endfacet
facet normal -0.8891954471908634 -0.45752754747123214 0
outer loop
vertex 70.50638580322266 40.850196838378906 -5.699999809265137
vertex 70.95797729492188 39.972537994384766 -5.699999809265137
vertex 70.95797729492188 39.972537994384766 0
endloop
endfacet
facet normal -0.8054806510705651 -0.5926220724466299 0
outer loop
vertex 69.96814727783203 41.58176040649414 -5.699999809265137
vertex 70.50638580322266 40.850196838378906 -5.699999809265137
vertex 70.50638580322266 40.850196838378906 0
endloop
endfacet
facet normal -0.39054835238333224 -0.9205824158924922 -4.54861434385174e-7
outer loop
vertex -55.55503845214844 54.78274154663086 -5.699999809265137
vertex -38.477230072021484 47.53764343261719 -5.699999809265137
vertex -41.1214599609375 48.65943145751953 -2.8499999046325684
endloop
endfacet
facet normal -0.26068805935575223 -0.9654230863768133 0
outer loop
vertex -38.477230072021484 47.53764343261719 -5.699999809265137
vertex -38.00579071044922 47.410343170166016 -5.699999809265137
vertex -38.477230072021484 47.53764343261719 -2.8499999046325684
endloop
endfacet
facet normal -0.949840731632363 -0.3127340476061044 0
outer loop
vertex 70.95797729492188 39.972537994384766 -5.699999809265137
vertex 71.24201202392578 39.10986328125 -5.699999809265137
vertex 71.24201202392578 39.10986328125 0
endloop
endfacet
facet normal -0.9874081518146938 -0.15819336816027005 0
outer loop
vertex 71.24201202392578 39.10986328125 -5.699999809265137
vertex 71.39839935302734 38.13372802734375 -5.699999809265137
vertex 71.39839935302734 38.13372802734375 0
endloop
endfacet
facet normal -0.00013695073328843417 -0.9999999906222483 0
outer loop
vertex -20.046741485595703 43.67234420776367 0
vertex -20.046741485595703 43.67234420776367 -5.699999809265137
vertex 65.80089569091797 43.660587310791016 0
endloop
endfacet
facet normal -0.00013695073328842734 -0.9999999906221985 -3.1563114028974274e-7
outer loop
vertex -20.046741485595703 43.67234420776367 -5.699999809265137
vertex 65.80089569091797 43.660587310791016 -5.699999809265137
vertex 54.59680938720703 43.6621208190918 -2.8499999046325684
endloop
endfacet
facet normal 0.8551939263448635 -0.5183081596336839 0
outer loop
vertex -63.279502868652344 51.934814453125 -1
vertex -62.755863189697266 52.798805236816406 0
vertex -63.279502868652344 51.934814453125 0
endloop
endfacet
facet normal -0.9992227771279294 -0.039418798413183194 -6.398756962694604e-7
outer loop
vertex 71.39839935302734 38.13372802734375 -5.699999809265137
vertex 71.41695404052734 37.663387298583984 -5.699999809265137
vertex 71.41695404052734 37.66331100463867 -1
endloop
endfacet
facet normal -0.5812334259723616 -0.8137368767190234 0
outer loop
vertex 68.52694702148438 42.803348541259766 -5.699999809265137
vertex 69.26600646972656 42.275455474853516 -5.699999809265137
vertex 69.26600646972656 42.275455474853516 0
endloop
endfacet
facet normal -0.4467250132909466 -0.8946713153444698 0
outer loop
vertex 67.64388275146484 43.24427795410156 -5.699999809265137
vertex 68.52694702148438 42.803348541259766 -5.699999809265137
vertex 68.52694702148438 42.803348541259766 0
endloop
endfacet
facet normal -0.390547936903273 -0.9205825921559657 0
outer loop
vertex -41.1214599609375 48.65943145751953 -2.8499999046325684
vertex -38.477230072021484 47.53764343261719 -5.699999809265137
vertex -38.477230072021484 47.53764343261719 -2.8499999046325684
endloop
endfacet
facet normal -0.00013696278454661164 -0.9999999906205977 0
outer loop
vertex -20.046741485595703 43.67234420776367 -5.699999809265137
vertex 54.59680938720703 43.6621208190918 -2.8499999046325684
vertex 54.59680938720703 43.6621208190918 -1.0499999523162842
endloop
endfacet
facet normal -0.0001371458651928137 -0.9999999905911873 0.000002938879623589995
outer loop
vertex 65.80089569091797 43.660587310791016 0
vertex -20.046741485595703 43.67234420776367 -5.699999809265137
vertex 54.59680938720703 43.6621208190918 -1.0499999523162842
endloop
endfacet
facet normal -0.26068805935575223 -0.9654230863768133 0
outer loop
vertex -38.477230072021484 47.53764343261719 -2.8499999046325684
vertex -38.00579071044922 47.410343170166016 -5.699999809265137
vertex -38.00579071044922 47.410343170166016 -2.8499999046325684
endloop
endfacet
facet normal -0.20652325094806961 -0.9784416931109593 0
outer loop
vertex -38.00579071044922 47.410343170166016 -2.8499999046325684
vertex -38.00579071044922 47.410343170166016 -5.699999809265137
vertex -37.7625846862793 47.3590087890625 -2.8499999046325684
endloop
endfacet
facet normal -0.39054835238337265 -0.9205824158925875 0
outer loop
vertex -55.55503845214844 54.78274154663086 0
vertex -55.55503845214844 54.78274154663086 -5.699999809265137
vertex -38.477230072021484 47.53764343261719 0
endloop
endfacet
facet normal -0.999999965411839 0.00026301332869068126 5.565794733884985e-7
outer loop
vertex 71.41695404052734 37.663387298583984 -5.699999809265137
vertex 71.39997100830078 -26.917551040649414 -1
vertex 71.40496826171875 -7.917551040649414 -1
endloop
endfacet
facet normal -0.9999999656874218 0.00026166443857248925 -0.000012525055229145375
outer loop
vertex 71.41695404052734 37.663387298583984 -5.699999809265137
vertex 71.40496826171875 -7.917551040649414 -1
vertex 71.40596008300781 -4.127119064331055 -1
endloop
endfacet
facet normal -0.9999999654118493 0.00026301334189221396 -5.31149253996646e-7
outer loop
vertex 71.41695404052734 37.663387298583984 -5.699999809265137
vertex 71.40596008300781 -4.127119064331055 -1
vertex 71.41095733642578 14.872879981994629 -1
endloop
endfacet
facet normal -0.9999999652335608 0.0002636771754851602 0.000002687809477950134
outer loop
vertex 71.41695404052734 37.663387298583984 -5.699999809265137
vertex 71.41095733642578 14.872879981994629 -1
vertex 71.41195678710938 18.663312911987305 -1
endloop
endfacet
facet normal -0.9999999652371729 0.0002636771754861126 0
outer loop
vertex 71.41195678710938 18.663312911987305 -1
vertex 71.41095733642578 14.872879981994629 -1
vertex 71.41095733642578 14.872879981994629 0
endloop
endfacet
facet normal -0.9999999652371729 0.0002636771754861126 0
outer loop
vertex 71.41195678710938 18.663312911987305 -1
vertex 71.41095733642578 14.872879981994629 0
vertex 71.41195678710938 18.663312911987305 1.6377980252180895e-16
endloop
endfacet
facet normal 0.9202525284152624 -0.3913250361851596 0
outer loop
vertex -70.85182189941406 34.12800979614258 0
vertex -70.71485900878906 34.450096130371094 -1
vertex -70.71485900878906 34.450096130371094 0
endloop
endfacet
facet normal -0.39054842849925236 -0.9205823836011443 0
outer loop
vertex -41.1214599609375 48.65943145751953 -1.0499999523162842
vertex -55.55503845214844 54.78274154663086 -5.699999809265137
vertex -41.1214599609375 48.65943145751953 -2.8499999046325684
endloop
endfacet
facet normal -0.00013695434475860605 -0.9999999906217536 0
outer loop
vertex 58.19681167602539 43.66162872314453 -1.0499999523162842
vertex 58.19681167602539 43.66162872314453 -2.8499999046325684
vertex 65.80089569091797 43.660587310791016 0
endloop
endfacet
facet normal -0.0807804429316567 0.890772366704595 0.4472126012930088
outer loop
vertex -2.107398271560669 17.983762741088867 10.5
vertex -2.2333197593688965 17.97234344482422 10.5
vertex -2.1881632804870605 17.474388122558594 11.5
endloop
endfacet
facet normal -0.09422818279058019 0.8901535523317109 0.44581128612813414
outer loop
vertex -2.107398271560669 17.983762741088867 10.5
vertex -2.1881632804870605 17.474388122558594 11.5
vertex -2.062413454055786 17.487699508666992 11.5
endloop
endfacet
facet normal -0.180971756007771 0.8777765341218704 0.4435736462781131
outer loop
vertex -2.107398271560669 17.983762741088867 10.5
vertex -2.062413454055786 17.487699508666992 11.5
vertex -1.9401758909225464 17.512901306152344 11.5
endloop
endfacet
facet normal -0.29937160268194624 0.8429623099990705 0.44698007497949405
outer loop
vertex -2.107398271560669 17.983762741088867 10.5
vertex -1.9401758909225464 17.512901306152344 11.5
vertex -1.9901567697525024 18.025400161743164 10.5
endloop
endfacet
facet normal -0.2993753623353711 0.8429611817439145 0.44697968466080007
outer loop
vertex -1.8967247009277344 18.058582305908203 10.5
vertex -1.9901567697525024 18.025400161743164 10.5
vertex -1.9401758909225464 17.512901306152344 11.5
endloop
endfacet
facet normal -0.2993730859114315 0.8429617680977876 0.4469801035362968
outer loop
vertex -1.8967247009277344 18.058582305908203 10.5
vertex -1.9401758909225464 17.512901306152344 11.5
vertex -1.7295022010803223 17.58772087097168 11.5
endloop
endfacet
facet normal -0.37226752590108925 0.8141569957399137 0.4456066375708962
outer loop
vertex -1.8967247009277344 18.058582305908203 10.5
vertex -1.7295022010803223 17.58772087097168 11.5
vertex -1.6467247009277344 17.62557029724121 11.5
endloop
endfacet
facet normal -0.5134009715051154 0.7332370675668479 0.44585069833249474
outer loop
vertex -1.8967247009277344 18.058582305908203 10.5
vertex -1.6467247009277344 17.62557029724121 11.5
vertex -1.5901458263397217 17.665185928344727 11.5
endloop
endfacet
facet normal -0.5500784214300825 0.7058429392622873 0.44631768435786173
outer loop
vertex -1.7736239433288574 18.154516220092773 10.5
vertex -1.5901458263397217 17.665185928344727 11.5
vertex -1.7203845977783203 18.196006774902344 10.5
endloop
endfacet
facet normal -0.5500742112257685 0.7058458180619899 0.4463183205614004
outer loop
vertex -1.7736239433288574 18.154516220092773 10.5
vertex -1.8967247009277344 18.058582305908203 10.5
vertex -1.5901458263397217 17.665185928344727 11.5
endloop
endfacet
facet normal -0.5500754234589005 0.7058448733524737 0.44631832056116827
outer loop
vertex -1.5901458263397217 17.665185928344727 11.5
vertex -1.4138057231903076 17.802610397338867 11.5
vertex -1.7203845977783203 18.196006774902344 10.5
endloop
endfacet
facet normal -0.6594465124894009 0.6084284386402814 0.44152591341767905
outer loop
vertex -1.7203845977783203 18.196006774902344 10.5
vertex -1.4138057231903076 17.802610397338867 11.5
vertex -1.3058463335037231 17.91962242126465 11.5
endloop
endfacet
facet normal -0.7447143603228236 0.4965224145506813 0.44594395766478195
outer loop
vertex -1.5963653326034546 18.38201904296875 10.5
vertex -1.6608867645263672 18.285245895385742 10.5
vertex -1.3058463335037231 17.91962242126465 11.5
endloop
endfacet
facet normal -0.7447161918178606 0.4965199069734402 0.4459436910904668
outer loop
vertex -1.6608867645263672 18.285245895385742 10.5
vertex -1.7203845977783203 18.196006774902344 10.5
vertex -1.3058463335037231 17.91962242126465 11.5
endloop
endfacet
facet normal -0.7402333730563508 0.5020600346217412 0.44720272254228655
outer loop
vertex -1.5963653326034546 18.38201904296875 10.5
vertex -1.3058463335037231 17.91962242126465 11.5
vertex -1.1803518533706665 18.104650497436523 11.5
endloop
endfacet
facet normal -0.8205786652826977 0.36245153935207003 0.44190444182445276
outer loop
vertex -1.5963653326034546 18.38201904296875 10.5
vertex -1.1803518533706665 18.104650497436523 11.5
vertex -1.1159484386444092 18.250457763671875 11.5
endloop
endfacet
facet normal -0.8606384528586745 0.24354252899661746 0.4472007267782098
outer loop
vertex -1.537316918373108 18.597644805908203 10.5
vertex -1.1159484386444092 18.250457763671875 11.5
vertex -1.05507230758667 18.46558380126953 11.5
endloop
endfacet
facet normal -0.8633184608575398 0.23641772811382666 0.4458563591293335
outer loop
vertex -1.537316918373108 18.597644805908203 10.5
vertex -1.5745470523834229 18.461692810058594 10.5
vertex -1.1159484386444092 18.250457763671875 11.5
endloop
endfacet
facet normal -0.8633190587610995 0.23641579695991072 0.44585622539969016
outer loop
vertex -1.5745470523834229 18.461692810058594 10.5
vertex -1.5963653326034546 18.38201904296875 10.5
vertex -1.1159484386444092 18.250457763671875 11.5
endloop
endfacet
facet normal -0.8880240594641489 0.11942654773950066 0.4440164068002879
outer loop
vertex -1.537316918373108 18.597644805908203 10.5
vertex -1.05507230758667 18.46558380126953 11.5
vertex -1.0373260974884033 18.5975399017334 11.5
endloop
endfacet
facet normal -0.8944304514336054 0.0001874248156539039 0.44720703529821093
outer loop
vertex -1.535574197769165 26.91427230834961 10.5
vertex -1.537316918373108 18.597644805908203 10.5
vertex -1.0373260974884033 18.5975399017334 11.5
endloop
endfacet
facet normal -0.8944271675677796 0.00018742828615058249 0.4472136030884084
outer loop
vertex -1.5333198308944702 37.67234420776367 10.5
vertex -1.535574197769165 26.91427230834961 10.5
vertex -1.0333198308944702 37.6722412109375 11.5
endloop
endfacet
facet normal -0.8944290117682677 0.00018785725723331534 0.4472099144885888
outer loop
vertex -1.535574197769165 26.91427230834961 10.5
vertex -1.0373260974884033 18.5975399017334 11.5
vertex -1.0333198308944702 37.6722412109375 11.5
endloop
endfacet
facet normal -0.8887278649666521 -0.11275548149646765 0.44435231902659844
outer loop
vertex -1.0474356412887573 37.78350067138672 11.5
vertex -1.5333198308944702 37.67234420776367 10.5
vertex -1.0333198308944702 37.6722412109375 11.5
endloop
endfacet
facet normal -0.8724471749082309 -0.199591153783434 0.4460933739992611
outer loop
vertex -1.0474356412887573 37.78350067138672 11.5
vertex -1.1160556077957153 38.08345031738281 11.5
vertex -1.6019397974014282 37.97229766845703 10.5
endloop
endfacet
facet normal -0.8724474303988791 -0.19958867390516508 0.4460939838634576
outer loop
vertex -1.6019397974014282 37.97229766845703 10.5
vertex -1.5333198308944702 37.67234420776367 10.5
vertex -1.0474356412887573 37.78350067138672 11.5
endloop
endfacet
facet normal -0.7823887903798964 -0.450323690510101 0.43020501444456133
outer loop
vertex -1.6019397974014282 37.97229766845703 10.5
vertex -1.1160556077957153 38.08345031738281 11.5
vertex -1.2616708278656006 38.33644104003906 11.5
endloop
endfacet
facet normal -0.6110504079429433 -0.6539521268323129 0.44605382496315094
outer loop
vertex -1.2616708278656006 38.33644104003906 11.5
vertex -1.7183856964111328 38.08110427856445 10.5
vertex -1.6019397974014282 37.97229766845703 10.5
endloop
endfacet
facet normal -0.6110631386701605 -0.6539386178910204 0.44605618994623786
outer loop
vertex -1.9767988920211792 38.322574615478516 10.5
vertex -1.7183856964111328 38.08110427856445 10.5
vertex -1.2616708278656006 38.33644104003906 11.5
endloop
endfacet
facet normal -0.6119473091950735 -0.6526908495084296 0.4466711830159561
outer loop
vertex -1.6554051637649536 38.705596923828125 11.5
vertex -1.9767988920211792 38.322574615478516 10.5
vertex -1.2616708278656006 38.33644104003906 11.5
endloop
endfacet
facet normal -0.37826570271352067 -0.8112535825648052 0.4458505163464716
outer loop
vertex -1.8057888746261597 38.79241943359375 11.5
vertex -1.9767988920211792 38.322574615478516 10.5
vertex -1.7267988920211792 38.75558853149414 11.5
endloop
endfacet
facet normal -0.23169539076903597 -0.8646008414739681 0.4458504579103738
outer loop
vertex -1.8057888746261597 38.79241943359375 11.5
vertex -1.88997483253479 38.814979553222656 11.5
vertex -1.9767988920211792 38.322574615478516 10.5
endloop
endfacet
facet normal -0.0791498830480915 -0.8915809242766966 0.4458909636664383
outer loop
vertex -1.975486159324646 38.82257080078125 11.5
vertex -1.9767988920211792 38.322574615478516 10.5
vertex -1.88997483253479 38.814979553222656 11.5
endloop
endfacet
facet normal -0.5134205372310578 -0.7332231954036083 0.44585098146297064
outer loop
vertex -1.7267988920211792 38.75558853149414 11.5
vertex -1.9767988920211792 38.322574615478516 10.5
vertex -1.6554051637649536 38.705596923828125 11.5
endloop
endfacet
facet normal -0.002348408933576713 -0.8944248562532766 0.4472120989997768
outer loop
vertex -1.975486159324646 38.82257080078125 11.5
vertex -20.932544708251953 38.372344970703125 10.5
vertex -1.9767988920211792 38.322574615478516 10.5
endloop
endfacet
facet normal -0.0023484614593088492 -0.894424449756243 0.44721291171769184
outer loop
vertex -20.910459518432617 38.87228775024414 11.5
vertex -20.932544708251953 38.372344970703125 10.5
vertex -1.975486159324646 38.82257080078125 11.5
endloop
endfacet
facet normal -0.07652618647224783 -0.8911472420785327 0.44721397084599196
outer loop
vertex -21.007949829101562 38.88066101074219 11.5
vertex -21.103036880493164 38.386985778808594 10.5
vertex -20.932544708251953 38.372344970703125 10.5
endloop
endfacet
facet normal -0.07653892848546379 -0.8911467543684535 0.4472127621220894
outer loop
vertex -21.007949829101562 38.88066101074219 11.5
vertex -20.932544708251953 38.372344970703125 10.5
vertex -20.910459518432617 38.87228775024414 11.5
endloop
endfacet
facet normal -0.25421057251355555 -0.8581523018763155 0.44603992153921757
outer loop
vertex -21.3791561126709 38.470855712890625 10.5
vertex -21.007949829101562 38.88066101074219 11.5
vertex -21.234310150146484 38.947715759277344 11.5
endloop
endfacet
facet normal -0.25995083442329375 -0.8558183047421665 0.4472142584387015
outer loop
vertex -21.103036880493164 38.386985778808594 10.5
vertex -21.007949829101562 38.88066101074219 11.5
vertex -21.3791561126709 38.470855712890625 10.5
endloop
endfacet
facet normal -0.23162486005002156 -0.8646188796136272 0.44585212483791514
outer loop
vertex -21.27580451965332 38.958831787109375 11.5
vertex -21.3791561126709 38.470855712890625 10.5
vertex -21.234310150146484 38.947715759277344 11.5
endloop
endfacet
facet normal -0.18544959432444358 -0.8753139615748826 0.4465802465817137
outer loop
vertex -39.731048583984375 42.86887741088867 11.5
vertex -26.225622177124023 39.497337341308594 10.5
vertex -21.27580451965332 38.958831787109375 11.5
endloop
endfacet
facet normal -0.1854173121626639 -0.8754357470025342 0.4463548736381044
outer loop
vertex -21.27580451965332 38.958831787109375 11.5
vertex -26.225622177124023 39.497337341308594 10.5
vertex -21.3791561126709 38.470855712890625 10.5
endloop
endfacet
facet normal -0.18532846262823155 -0.8750164516316878 0.4472131150958637
outer loop
vertex -39.731048583984375 42.86887741088867 11.5
vertex -39.881717681884766 42.38969802856445 10.5
vertex -26.225622177124023 39.497337341308594 10.5
endloop
endfacet
facet normal -0.348788372784475 -0.8236185471276417 0.4472126561689758
outer loop
vertex -39.731048583984375 42.86887741088867 11.5
vertex -57.62118148803711 49.90205764770508 10.5
vertex -39.881717681884766 42.38969802856445 10.5
endloop
endfacet
facet normal -0.34878811681593547 -0.8236176265976244 0.4472145511113089
outer loop
vertex -57.426204681396484 50.36247634887695 11.5
vertex -57.62118148803711 49.90205764770508 10.5
vertex -39.731048583984375 42.86887741088867 11.5
endloop
endfacet
facet normal -0.2556439809807729 -0.8582636316721576 0.44500527360607905
outer loop
vertex -57.526649475097656 50.39239501953125 11.5
vertex -57.62118148803711 49.90205764770508 10.5
vertex -57.426204681396484 50.36247634887695 11.5
endloop
endfacet
facet normal -0.16936425656747428 -0.8784765497353824 0.4467602267014881
outer loop
vertex -57.83915710449219 50.45264434814453 11.5
vertex -57.93368911743164 49.96230697631836 10.5
vertex -57.62118148803711 49.90205764770508 10.5
endloop
endfacet
facet normal -0.16936425656747428 -0.8784765497353824 0.4467602267014881
outer loop
vertex -57.83915710449219 50.45264434814453 11.5
vertex -57.62118148803711 49.90205764770508 10.5
vertex -57.526649475097656 50.39239501953125 11.5
endloop
endfacet
facet normal 0.0780043261152452 -0.8917018896951184 0.4458509448475592
outer loop
vertex -58.020511627197266 50.4547119140625 11.5
vertex -57.93368911743164 49.96230697631836 10.5
vertex -57.93368911743164 50.46230697631836 11.5
endloop
endfacet
facet normal -0.09104453815178362 -0.8907124753017568 0.4453562376508784
outer loop
vertex -57.93368911743164 50.46230697631836 11.5
vertex -57.93368911743164 49.96230697631836 10.5
vertex -57.83915710449219 50.45264434814453 11.5
endloop
endfacet
facet normal 0.3782836624310976 -0.811245742883973 0.445849543445259
outer loop
vertex -58.14142990112305 50.41502380371094 11.5
vertex -57.93368911743164 49.96230697631836 10.5
vertex -58.104698181152344 50.432151794433594 11.5
endloop
endfacet
facet normal 0.23169389021563808 -0.8646013634036044 0.4458502255661338
outer loop
vertex -58.104698181152344 50.432151794433594 11.5
vertex -57.93368911743164 49.96230697631836 10.5
vertex -58.020511627197266 50.4547119140625 11.5
endloop
endfacet
facet normal 0.37331179213098553 -0.8135419682976752 0.4458562230969712
outer loop
vertex -58.63106918334961 50.19034194946289 11.5
vertex -58.4233283996582 49.73762512207031 10.5
vertex -58.14142990112305 50.41502380371094 11.5
endloop
endfacet
facet normal 0.37331179213098553 -0.8135419682976752 0.4458562230969712
outer loop
vertex -58.4233283996582 49.73762512207031 10.5
vertex -57.93368911743164 49.96230697631836 10.5
vertex -58.14142990112305 50.41502380371094 11.5
endloop
endfacet
facet normal 0.7332365613755949 -0.5134027197577236 0.44584951767100267
outer loop
vertex -58.85633850097656 49.98762512207031 11.5
vertex -58.4233283996582 49.73762512207031 10.5
vertex -58.80635070800781 50.059017181396484 11.5
endloop
endfacet
facet normal 0.6329367974285492 -0.6329367974285492 0.4458497739393656
outer loop
vertex -58.80635070800781 50.059017181396484 11.5
vertex -58.4233283996582 49.73762512207031 10.5
vertex -58.744720458984375 50.12064743041992 11.5
endloop
endfacet
facet normal 0.5134027197577236 -0.7332365613755949 0.44584951767100267
outer loop
vertex -58.744720458984375 50.12064743041992 11.5
vertex -58.4233283996582 49.73762512207031 10.5
vertex -58.6733283996582 50.17063522338867 11.5
endloop
endfacet
facet normal 0.3783036259918952 -0.8112364631703862 0.44584948960853027
outer loop
vertex -58.6733283996582 50.17063522338867 11.5
vertex -58.4233283996582 49.73762512207031 10.5
vertex -58.63106918334961 50.19034194946289 11.5
endloop
endfacet
facet normal 0.8112546658131797 -0.3782662986464489 0.44584803970036896
outer loop
vertex -58.88165283203125 49.93333435058594 11.5
vertex -58.4233283996582 49.73762512207031 10.5
vertex -58.85633850097656 49.98762512207031 11.5
endloop
endfacet
facet normal 0.8231090057246612 -0.3514800619078645 0.44604184868261354
outer loop
vertex -58.88165283203125 49.93333435058594 11.5
vertex -65.97114562988281 32.061859130859375 10.5
vertex -62.84114456176758 39.39181137084961 10.5
endloop
endfacet
facet normal 0.8231084276181512 -0.35147989943448144 0.44604304352551155
outer loop
vertex -66.42947387695312 32.257572174072266 11.5
vertex -65.97114562988281 32.061859130859375 10.5
vertex -58.88165283203125 49.93333435058594 11.5
endloop
endfacet
facet normal 0.8231102074897365 -0.35148028616079674 0.4460394542711749
outer loop
vertex -58.88165283203125 49.93333435058594 11.5
vertex -62.84114456176758 39.39181137084961 10.5
vertex -58.4233283996582 49.73762512207031 10.5
endloop
endfacet
facet normal 0.8526643323861613 -0.27451694521184083 0.44452669556284335
outer loop
vertex -66.46224212646484 32.155792236328125 11.5
vertex -65.97114562988281 32.061859130859375 10.5
vertex -66.42947387695312 32.257572174072266 11.5
endloop
endfacet
facet normal 0.8790073575847223 -0.1664789891395729 0.44680063953287974
outer loop
vertex -66.46224212646484 32.155792236328125 11.5
vertex -66.52183532714844 31.841140747070312 11.5
vertex -66.03130340576172 31.747318267822266 10.5
endloop
endfacet
facet normal 0.8785038504826336 -0.16802231538054951 0.4472130210775907
outer loop
vertex -66.46224212646484 32.155792236328125 11.5
vertex -66.0154037475586 31.830455780029297 10.5
vertex -65.97114562988281 32.061859130859375 10.5
endloop
endfacet
facet normal 0.8785073168520748 -0.16801039261445572 0.4472106910740223
outer loop
vertex -66.0154037475586 31.830455780029297 10.5
vertex -66.46224212646484 32.155792236328125 11.5
vertex -66.03130340576172 31.747318267822266 10.5
endloop
endfacet
facet normal 0.8969109728680232 0.10124953464867249 0.43046398047033313
outer loop
vertex -66.48835754394531 31.544580459594727 11.5
vertex -66.03130340576172 31.747318267822266 10.5
vertex -66.52183532714844 31.841140747070312 11.5
endloop
endfacet
facet normal 0.816918368253407 0.3657995120000554 0.44590929193134365
outer loop
vertex -66.27690124511719 31.07234764099121 11.5
vertex -65.8215103149414 31.274349212646484 10.5
vertex -66.48835754394531 31.544580459594727 11.5
endloop
endfacet
facet normal 0.8176038078802232 0.3626614215974445 0.4472143855296694
outer loop
vertex -65.8215103149414 31.274349212646484 10.5
vertex -66.03130340576172 31.747318267822266 10.5
vertex -66.48835754394531 31.544580459594727 11.5
endloop
endfacet
facet normal 0.6374316603839209 0.6455309260378369 0.42067885835745356
outer loop
vertex -66.27690124511719 31.07234764099121 11.5
vertex -66.01740264892578 30.816104888916016 11.5
vertex -65.8215103149414 31.274349212646484 10.5
endloop
endfacet
facet normal 0.3518059759675684 0.8229724092203804 0.44603695915866615
outer loop
vertex -66.01740264892578 30.816104888916016 11.5
vertex -48.31260681152344 23.247621536254883 11.5
vertex -48.11671447753906 23.70586395263672 10.5
endloop
endfacet
facet normal 0.35180580461404476 0.8229718009778729 0.4460382165634475
outer loop
vertex -48.11671447753906 23.70586395263672 10.5
vertex -65.8215103149414 31.274349212646484 10.5
vertex -66.01740264892578 30.816104888916016 11.5
endloop
endfacet
facet normal 0.29184239542270257 0.8465841387881702 0.44511044942377076
outer loop
vertex -48.11671447753906 23.70586395263672 10.5
vertex -48.31260681152344 23.247621536254883 11.5
vertex -48.24833679199219 23.225465774536133 11.5
endloop
endfacet
facet normal 0.23652459070974038 0.8632892908861933 0.44585616316341686
outer loop
vertex -47.94213104248047 23.658031463623047 10.5
vertex -48.11671447753906 23.70586395263672 10.5
vertex -48.073753356933594 23.177631378173828 11.5
endloop
endfacet
facet normal 0.23653353733032736 0.8632875209904511 0.4458548438899864
outer loop
vertex -48.073753356933594 23.177631378173828 11.5
vertex -48.11671447753906 23.70586395263672 10.5
vertex -48.24833679199219 23.225465774536133 11.5
endloop
endfacet
facet normal 0.09547905579105087 0.8923009786663156 0.4412286407027367
outer loop
vertex -47.94213104248047 23.658031463623047 10.5
vertex -48.073753356933594 23.177631378173828 11.5
vertex -47.91377258300781 23.160512924194336 11.5
endloop
endfacet
facet normal -0.050933684592374545 0.8935751546993868 0.44601480096271656
outer loop
vertex -47.66730880737305 23.673696517944336 10.5
vertex -47.91377258300781 23.160512924194336 11.5
vertex -47.638946533203125 23.176177978515625 11.5
endloop
endfacet
facet normal -0.050934393706754386 0.8935751919677843 0.44601464531723933
outer loop
vertex -47.66730880737305 23.673696517944336 10.5
vertex -47.94213104248047 23.658031463623047 10.5
vertex -47.91377258300781 23.160512924194336 11.5
endloop
endfacet
facet normal -0.07802234444862947 0.8917005600445155 0.44585045136574303
outer loop
vertex -47.66730880737305 23.673696517944336 10.5
vertex -47.638946533203125 23.176177978515625 11.5
vertex -47.580482482910156 23.181293487548828 11.5
endloop
endfacet
facet normal -0.37830904703205237 0.8112331325440841 0.4458509499781433
outer loop
vertex -47.41730880737305 23.240684509277344 11.5
vertex -47.66730880737305 23.673696517944336 10.5
vertex -47.49629592895508 23.20384979248047 11.5
endloop
endfacet
facet normal -0.5134069805158928 0.7332330139602236 0.44585044532484236
outer loop
vertex -47.38425827026367 23.263826370239258 11.5
vertex -47.66730880737305 23.673696517944336 10.5
vertex -47.41730880737305 23.240684509277344 11.5
endloop
endfacet
facet normal -0.231657246013461 0.8646108172283224 0.44585093372250695
outer loop
vertex -47.49629592895508 23.20384979248047 11.5
vertex -47.66730880737305 23.673696517944336 10.5
vertex -47.580482482910156 23.181293487548828 11.5
endloop
endfacet
facet normal -0.5059327199379049 0.7375335397053127 0.4472989612171992
outer loop
vertex -46.88554382324219 23.605934143066406 11.5
vertex -47.13727951049805 24.03972816467285 10.5
vertex -47.38425827026367 23.263826370239258 11.5
endloop
endfacet
facet normal -0.5086451852650551 0.7365397290493035 0.44585794042346766
outer loop
vertex -47.13727951049805 24.03972816467285 10.5
vertex -47.66730880737305 23.673696517944336 10.5
vertex -47.38425827026367 23.263826370239258 11.5
endloop
endfacet
facet normal -0.38683304989658884 0.8064498212323924 0.44721234032833374
outer loop
vertex -46.740657806396484 23.675432205200195 11.5
vertex -46.89604949951172 24.155439376831055 10.5
vertex -46.88554382324219 23.605934143066406 11.5
endloop
endfacet
facet normal -0.3868314511012733 0.806450416157031 0.4472126504461103
outer loop
vertex -46.89604949951172 24.155439376831055 10.5
vertex -47.13727951049805 24.03972816467285 10.5
vertex -46.88554382324219 23.605934143066406 11.5
endloop
endfacet
facet normal -0.15915861239822615 0.8801534326768566 0.4472118860748417
outer loop
vertex -46.61021423339844 23.699020385742188 11.5
vertex -46.89604949951172 24.155439376831055 10.5
vertex -46.740657806396484 23.675432205200195 11.5
endloop
endfacet
facet normal -0.1591683497346058 0.8801508553227749 0.4472134929956273
outer loop
vertex -46.632774353027344 24.20305061340332 10.5
vertex -46.89604949951172 24.155439376831055 10.5
vertex -46.61021423339844 23.699020385742188 11.5
endloop
endfacet
facet normal 0.07989015363780073 0.8908519602356042 0.4472139849066776
outer loop
vertex -46.423553466796875 24.184288024902344 10.5
vertex -46.632774353027344 24.20305061340332 10.5
vertex -46.61021423339844 23.699020385742188 11.5
endloop
endfacet
facet normal 0.0798911677785038 0.890851810689126 0.4472141016368922
outer loop
vertex -46.36629867553711 24.179153442382812 10.5
vertex -46.423553466796875 24.184288024902344 10.5
vertex -46.61021423339844 23.699020385742188 11.5
endloop
endfacet
facet normal 0.07989347866327716 0.8908514156915018 0.4472144756462242
outer loop
vertex -46.46691131591797 23.686168670654297 11.5
vertex -46.36629867553711 24.179153442382812 10.5
vertex -46.61021423339844 23.699020385742188 11.5
endloop
endfacet
facet normal 0.27557955619107066 0.850914245321638 0.4472145517737988
outer loop
vertex -46.04197692871094 24.07411766052246 10.5
vertex -46.36629867553711 24.179153442382812 10.5
vertex -46.46691131591797 23.686168670654297 11.5
endloop
endfacet
facet normal 0.27558126378887543 0.8509134691803851 0.4472149762876106
outer loop
vertex -46.04197692871094 24.07411766052246 10.5
vertex -46.46691131591797 23.686168670654297 11.5
vertex -45.44723129272461 23.881500244140625 10.5
endloop
endfacet
facet normal 0.2755791110356832 0.8509151477435739 0.4472131090445745
outer loop
vertex -45.44723129272461 23.881500244140625 10.5
vertex -46.46691131591797 23.686168670654297 11.5
vertex -45.655006408691406 23.4232234954834 11.5
endloop
endfacet
facet normal 0.45842156709252174 0.7680162272726487 0.44721442448821325
outer loop
vertex -45.655006408691406 23.4232234954834 11.5
vertex -45.531715393066406 23.349632263183594 11.5
vertex -45.21749496459961 23.744375228881836 10.5
endloop
endfacet
facet normal 0.45841592686017607 0.7680202739968354 0.44721325643450177
outer loop
vertex -45.44723129272461 23.881500244140625 10.5
vertex -45.655006408691406 23.4232234954834 11.5
vertex -45.21749496459961 23.744375228881836 10.5
endloop
endfacet
facet normal 0.6456542700333167 0.618975213875893 0.44721387299035953
outer loop
vertex -45.17275619506836 23.697708129882812 10.5
vertex -45.21749496459961 23.744375228881836 10.5
vertex -45.531715393066406 23.349632263183594 11.5
endloop
endfacet
facet normal 0.6456418470170614 0.6189881425965258 0.4472139138100474
outer loop
vertex -45.03234100341797 23.551246643066406 10.5
vertex -45.17275619506836 23.697708129882812 10.5
vertex -45.531715393066406 23.349632263183594 11.5
endloop
endfacet
facet normal 0.6456356006783491 0.6189957965521297 0.4472123376959781
outer loop
vertex -45.531715393066406 23.349632263183594 11.5
vertex -45.43997573852539 23.253944396972656 11.5
vertex -45.03234100341797 23.551246643066406 10.5
endloop
endfacet
facet normal 0.7866574140619673 0.42564141480813206 0.44721303525441874
outer loop
vertex -44.90502166748047 23.31593894958496 10.5
vertex -45.03234100341797 23.551246643066406 10.5
vertex -45.43997573852539 23.253944396972656 11.5
endloop
endfacet
facet normal 0.7866545790930721 0.42564782983792954 0.44721191637316926
outer loop
vertex -45.43997573852539 23.253944396972656 11.5
vertex -45.37739181518555 23.138280868530273 11.5
vertex -44.90502166748047 23.31593894958496 10.5
endloop
endfacet
facet normal 0.8721814657545034 0.1982442021873052 0.44721217234490046
outer loop
vertex -45.37739181518555 23.138280868530273 11.5
vertex -44.83185577392578 22.994043350219727 10.5
vertex -44.90502166748047 23.31593894958496 10.5
endloop
endfacet
facet normal 0.8715416593684033 0.20347545270313963 0.44610859230979
outer loop
vertex -45.37739181518555 23.138280868530273 11.5
vertex -45.31792449951172 22.88356590270996 11.5
vertex -44.83185577392578 22.994043350219727 10.5
endloop
endfacet
facet normal 0.8208265934044722 0.36503881118786785 0.4393066922851932
outer loop
vertex -45.24021911621094 22.708837509155273 11.5
vertex -44.83185577392578 22.994043350219727 10.5
vertex -45.31792449951172 22.88356590270996 11.5
endloop
endfacet
facet normal 0.7351879679374226 0.5094122282718475 0.4472111732583999
outer loop
vertex -44.94910430908203 22.288698196411133 11.5
vertex -44.5391845703125 22.574995040893555 10.5
vertex -45.24021911621094 22.708837509155273 11.5
endloop
endfacet
facet normal 0.7338407393679005 0.5125399973198097 0.4458480911604117
outer loop
vertex -44.58676528930664 22.64311981201172 10.5
vertex -45.24021911621094 22.708837509155273 11.5
vertex -44.5391845703125 22.574995040893555 10.5
endloop
endfacet
facet normal 0.7338457585678496 0.5125293490472134 0.44585207075578004
outer loop
vertex -45.24021911621094 22.708837509155273 11.5
vertex -44.58676528930664 22.64311981201172 10.5
vertex -44.83185577392578 22.994043350219727 10.5
endloop
endfacet
facet normal 0.5134100570581702 0.7332302653873112 0.44585142282107815
outer loop
vertex -44.7891845703125 22.14198112487793 11.5
vertex -44.5391845703125 22.574995040893555 10.5
vertex -44.86058044433594 22.191972732543945 11.5
endloop
endfacet
facet normal 0.3782779417940396 0.8112476143886054 0.4458509918132536
outer loop
vertex -44.5391845703125 22.574995040893555 10.5
vertex -44.7891845703125 22.14198112487793 11.5
vertex -44.7101936340332 22.105148315429688 11.5
endloop
endfacet
facet normal 0.2316814650662842 0.8646042410667207 0.4458511019097968
outer loop
vertex -44.5391845703125 22.574995040893555 10.5
vertex -44.7101936340332 22.105148315429688 11.5
vertex -44.64356231689453 22.08729362487793 11.5
endloop
endfacet
facet normal 0.7100631291538262 0.5441720693074973 0.44686363871081863
outer loop
vertex -44.92220687866211 22.25360107421875 11.5
vertex -44.5391845703125 22.574995040893555 10.5
vertex -44.94910430908203 22.288698196411133 11.5
endloop
endfacet
facet normal 0.6329460809447116 0.6329264917620511 0.4458512247852558
outer loop
vertex -44.86058044433594 22.191972732543945 11.5
vertex -44.5391845703125 22.574995040893555 10.5
vertex -44.92220687866211 22.25360107421875 11.5
endloop
endfacet
facet normal 0.18728086736701657 0.875059057646413 0.4463154964251515
outer loop
vertex -25.70720672607422 18.544559478759766 10.5
vertex -44.64356231689453 22.08729362487793 11.5
vertex -25.81158447265625 18.05685806274414 11.5
endloop
endfacet
facet normal 0.18728086736701657 0.875059057646413 0.4463154964251515
outer loop
vertex -25.70720672607422 18.544559478759766 10.5
vertex -44.5391845703125 22.574995040893555 10.5
vertex -44.64356231689453 22.08729362487793 11.5
endloop
endfacet
facet normal 0.13849817281470436 0.8843708419337661 0.4457650390781558
outer loop
vertex -25.70720672607422 18.544559478759766 10.5
vertex -25.81158447265625 18.05685806274414 11.5
vertex -25.765766143798828 18.0496826171875 11.5
endloop
endfacet
facet normal 0.10517738453718287 0.8888231580830919 0.44601694075126436
outer loop
vertex -25.581645965576172 18.529701232910156 10.5
vertex -25.765766143798828 18.0496826171875 11.5
vertex -25.64020347595215 18.03482437133789 11.5
endloop
endfacet
facet normal 0.10517895077446648 0.8888228921030974 0.4460171014518034
outer loop
vertex -25.581645965576172 18.529701232910156 10.5
vertex -25.70720672607422 18.544559478759766 10.5
vertex -25.765766143798828 18.0496826171875 11.5
endloop
endfacet
facet normal 0.07801405319630567 0.8917012089276918 0.4458506044638459
outer loop
vertex -25.581645965576172 18.529701232910156 10.5
vertex -25.64020347595215 18.03482437133789 11.5
vertex -25.581645965576172 18.029701232910156 11.5
endloop
endfacet
facet normal -0.07802219864693012 0.8917006387878386 0.4458503193939193
outer loop
vertex -25.581645965576172 18.529701232910156 10.5
vertex -25.581645965576172 18.029701232910156 11.5
vertex -25.5155086517334 18.03548812866211 11.5
endloop
endfacet
facet normal -0.11870167695695484 0.8870138755919562 0.44622449102995715
outer loop
vertex -25.360055923461914 18.559354782104492 10.5
vertex -25.5155086517334 18.03548812866211 11.5
vertex -25.29391860961914 18.065141677856445 11.5
endloop
endfacet
facet normal -0.11870167695695484 0.8870138755919562 0.44622449102995715
outer loop
vertex -25.360055923461914 18.559354782104492 10.5
vertex -25.581645965576172 18.529701232910156 10.5
vertex -25.5155086517334 18.03548812866211 11.5
endloop
endfacet
facet normal -0.20271421516035815 0.8724883292663117 0.44460213929534803
outer loop
vertex -25.360055923461914 18.559354782104492 10.5
vertex -25.29391860961914 18.065141677856445 11.5
vertex -25.189044952392578 18.089508056640625 11.5
endloop
endfacet
facet normal -0.37829717795942425 0.8112387332911605 0.4458508301619378
outer loop
vertex -25.360055923461914 18.559354782104492 10.5
vertex -25.189044952392578 18.089508056640625 11.5
vertex -25.141672134399414 18.11159896850586 11.5
endloop
endfacet
facet normal -0.3855064664223187 0.8070904961004068 0.44720207451551136
outer loop
vertex -25.159116744995117 18.657358169555664 10.5
vertex -25.141672134399414 18.11159896850586 11.5
vertex -24.939931869506836 18.20796012878418 11.5
endloop
endfacet
facet normal -0.3923734636280666 0.8044946555839947 0.4459051627614376
outer loop
vertex -25.159116744995117 18.657358169555664 10.5
vertex -25.360055923461914 18.559354782104492 10.5
vertex -25.141672134399414 18.11159896850586 11.5
endloop
endfacet
facet normal -0.5254276191204926 0.7270758980336197 0.44191227134350547
outer loop
vertex -25.159116744995117 18.657358169555664 10.5
vertex -24.939931869506836 18.20796012878418 11.5
vertex -24.81073570251465 18.30132484436035 11.5
endloop
endfacet
facet normal -0.6260191868424948 0.6397649269441879 0.44587085120823905
outer loop
vertex -24.999324798583984 18.813716888427734 10.5
vertex -25.159116744995117 18.657358169555664 10.5
vertex -24.81073570251465 18.30132484436035 11.5
endloop
endfacet
facet normal -0.6201677686576055 0.6445169498199257 0.4472022362567814
outer loop
vertex -24.999324798583984 18.813716888427734 10.5
vertex -24.81073570251465 18.30132484436035 11.5
vertex -24.64963150024414 18.456342697143555 11.5
endloop
endfacet
facet normal -0.7214508919586041 0.5325491953557167 0.4426058800085164
outer loop
vertex -24.554794311523438 18.584819793701172 11.5
vertex -24.999324798583984 18.813716888427734 10.5
vertex -24.64963150024414 18.456342697143555 11.5
endloop
endfacet
facet normal -0.7984548613420093 0.404289640905573 0.4461162636082162
outer loop
vertex -24.8969783782959 19.01247787475586 10.5
vertex -24.554794311523438 18.584819793701172 11.5
vertex -24.453800201416016 18.784278869628906 11.5
endloop
endfacet
facet normal -0.7951968861715064 0.409464433777415 0.44721447840435724
outer loop
vertex -24.8969783782959 19.01247787475586 10.5
vertex -24.999324798583984 18.813716888427734 10.5
vertex -24.554794311523438 18.584819793701172 11.5
endloop
endfacet
facet normal -0.8112405021801707 0.37829391346995556 0.4458503814667542
outer loop
vertex -24.8969783782959 19.01247787475586 10.5
vertex -24.453800201416016 18.784278869628906 11.5
vertex -24.42713165283203 18.841468811035156 11.5
endloop
endfacet
facet normal -0.8602851413166392 0.24636622399144537 0.4463330139100253
outer loop
vertex -24.407833099365234 18.908857345581055 11.5
vertex -24.8969783782959 19.01247787475586 10.5
vertex -24.42713165283203 18.841468811035156 11.5
endloop
endfacet
facet normal -0.8750083598528365 0.18536495540154593 0.4472138230160509
outer loop
vertex -24.8969783782959 19.01247787475586 10.5
vertex -24.407833099365234 18.908857345581055 11.5
vertex -23.59735679626465 25.147293090820312 10.5
endloop
endfacet
facet normal -0.875010634605598 0.18536456352534553 0.44720953468834596
outer loop
vertex -23.36106300354004 26.262714385986328 10.5
vertex -23.59735679626465 25.147293090820312 10.5
vertex -24.407833099365234 18.908857345581055 11.5
endloop
endfacet
facet normal -0.8750084363885897 0.18536482097783533 0.4472137289849791
outer loop
vertex -23.36106300354004 26.262714385986328 10.5
vertex -24.407833099365234 18.908857345581055 11.5
vertex -22.917280197143555 25.948436737060547 11.498559951782227
endloop
endfacet
facet normal -0.4653436789164829 0.7638421638723377 0.44721405298055883
outer loop
vertex -23.116973876953125 26.41141700744629 10.5
vertex -23.36106300354004 26.262714385986328 10.5
vertex -22.917280197143555 25.948436737060547 11.498559951782227
endloop
endfacet
facet normal -0.23621057597856496 0.8626721991020734 0.44721498263393117
outer loop
vertex -22.791975021362305 25.98200035095215 11.5
vertex -22.85892677307129 26.482074737548828 10.5
vertex -22.917280197143555 25.948436737060547 11.498559951782227
endloop
endfacet
facet normal -0.2362142750437848 0.8626714937224643 0.44721438950931747
outer loop
vertex -22.85892677307129 26.482074737548828 10.5
vertex -23.116973876953125 26.41141700744629 10.5
vertex -22.917280197143555 25.948436737060547 11.498559951782227
endloop
endfacet
facet normal 0.000972768307019151 0.8944262058989326 0.4472145077287423
outer loop
vertex -22.609895706176758 26.48180389404297 10.5
vertex -22.85892677307129 26.482074737548828 10.5
vertex -22.791975021362305 25.98200035095215 11.5
endloop
endfacet
facet normal 0.0009665558976458925 0.8944266637840678 0.4472136054301109
outer loop
vertex -22.664894104003906 25.981863021850586 11.5
vertex -22.609895706176758 26.48180389404297 10.5
vertex -22.791975021362305 25.98200035095215 11.5
endloop
endfacet
facet normal 0.2505749597838713 0.8603306455029774 0.4438956746103093
outer loop
vertex -21.933319091796875 26.284748077392578 10.5
vertex -22.609895706176758 26.48180389404297 10.5
vertex -22.664894104003906 25.981863021850586 11.5
endloop
endfacet
facet normal 0.2565545891212737 0.8568427853104856 0.44721380128768745
outer loop
vertex -22.433319091796875 25.912525177001953 11.5
vertex -21.933319091796875 26.284748077392578 10.5
vertex -22.664894104003906 25.981863021850586 11.5
endloop
endfacet
facet normal 0.8944271909999159 0 0.4472135954999579
outer loop
vertex -22.433319091796875 25.912525177001953 11.5
vertex -22.433319091796875 18.672344207763672 11.5
vertex -21.933319091796875 18.672344207763672 10.5
endloop
endfacet
facet normal 0.8944271909999159 0 0.4472135954999579
outer loop
vertex -22.433319091796875 25.912525177001953 11.5
vertex -21.933319091796875 18.672344207763672 10.5
vertex -21.933319091796875 26.284748077392578 10.5
endloop
endfacet
facet normal 0.8917020980639988 0.07800134861224219 0.4458510490319994
outer loop
vertex -21.933319091796875 18.672344207763672 10.5
vertex -22.433319091796875 18.672344207763672 11.5
vertex -22.427061080932617 18.60080337524414 11.5
endloop
endfacet
facet normal 0.8855737785428152 0.1283128537785163 0.44642456732645674
outer loop
vertex -22.427061080932617 18.60080337524414 11.5
vertex -21.904531478881836 18.473661422729492 10.5
vertex -21.933319091796875 18.672344207763672 10.5
endloop
endfacet
facet normal 0.8855732398062874 0.12832127719561956 0.4464232148509759
outer loop
vertex -22.427061080932617 18.60080337524414 11.5
vertex -22.398271560668945 18.40212059020996 11.5
vertex -21.904531478881836 18.473661422729492 10.5
endloop
endfacet
facet normal 0.8566768009868642 0.26596634035238115 0.4420031271953559
outer loop
vertex -22.398271560668945 18.40212059020996 11.5
vertex -22.353469848632812 18.257814407348633 11.5
vertex -21.904531478881836 18.473661422729492 10.5
endloop
endfacet
facet normal 0.806697702407607 0.3878579410661413 0.44587558184119225
outer loop
vertex -21.80765724182129 18.272174835205078 10.5
vertex -21.841157913208008 18.34185218811035 10.5
vertex -22.353469848632812 18.257814407348633 11.5
endloop
endfacet
facet normal 0.8066975684276179 0.3878582671342001 0.44587554060368073
outer loop
vertex -21.841157913208008 18.34185218811035 10.5
vertex -21.904531478881836 18.473661422729492 10.5
vertex -22.353469848632812 18.257814407348633 11.5
endloop
endfacet
facet normal 0.8093130246791267 0.38081862611171935 0.44720197013330093
outer loop
vertex -22.353469848632812 18.257814407348633 11.5
vertex -22.25827980041504 18.055517196655273 11.5
vertex -21.80765724182129 18.272174835205078 10.5
endloop
endfacet
facet normal 0.735739522217148 0.5126281427853949 0.4426056288300902
outer loop
vertex -22.166990280151367 17.924495697021484 11.5
vertex -21.80765724182129 18.272174835205078 10.5
vertex -22.25827980041504 18.055517196655273 11.5
endloop
endfacet
facet normal 0.638136936402857 0.6276676633667504 0.44588625765109646
outer loop
vertex -22.166990280151367 17.924495697021484 11.5
vertex -22.01021385192871 17.765104293823242 11.5
vertex -21.65220069885254 18.11150550842285 10.5
endloop
endfacet
facet normal 0.64280535928263 0.621931229506266 0.44721674369633513
outer loop
vertex -21.708574295043945 18.169771194458008 10.5
vertex -22.166990280151367 17.924495697021484 11.5
vertex -21.65220069885254 18.11150550842285 10.5
endloop
endfacet
facet normal 0.6427914578455646 0.6219473384149712 0.44721432217596413
outer loop
vertex -21.708574295043945 18.169771194458008 10.5
vertex -21.80765724182129 18.272174835205078 10.5
vertex -22.166990280151367 17.924495697021484 11.5
endloop
endfacet
facet normal 0.5388669840382729 0.7174571234068773 0.44144948701547343
outer loop
vertex -21.8829402923584 17.669511795043945 11.5
vertex -21.65220069885254 18.11150550842285 10.5
vertex -22.01021385192871 17.765104293823242 11.5
endloop
endfacet
facet normal 0.41415383972749603 0.7933310236691458 0.446209013717828
outer loop
vertex -21.684757232666016 17.566051483154297 11.5
vertex -21.65220069885254 18.11150550842285 10.5
vertex -21.8829402923584 17.669511795043945 11.5
endloop
endfacet
facet normal 0.41415056151544405 0.7933323791977533 0.4462096463691418
outer loop
vertex -21.454015731811523 18.008045196533203 10.5
vertex -21.65220069885254 18.11150550842285 10.5
vertex -21.684757232666016 17.566051483154297 11.5
endloop
endfacet
facet normal 0.2901750881061537 0.8487363851427884 0.44209158188924896
outer loop
vertex -21.454015731811523 18.008045196533203 10.5
vertex -21.684757232666016 17.566051483154297 11.5
vertex -21.53386116027832 17.514461517333984 11.5
endloop
endfacet
facet normal 0.1428339728843788 0.8829486769155733 0.44721369626063906
outer loop
vertex -21.454015731811523 18.008045196533203 10.5
vertex -21.53386116027832 17.514461517333984 11.5
vertex -21.233320236206055 17.97234344482422 10.5
endloop
endfacet
facet normal 0.14283278734212382 0.8829489790880332 0.4472134783159825
outer loop
vertex -21.233320236206055 17.97234344482422 10.5
vertex -21.53386116027832 17.514461517333984 11.5
vertex -21.31316375732422 17.478759765625 11.5
endloop
endfacet
facet normal 0.07169228356799744 0.8921256487633592 0.4460628243816796
outer loop
vertex -21.233320236206055 17.97234344482422 10.5
vertex -21.31316375732422 17.478759765625 11.5
vertex -21.233320236206055 17.47234344482422 11.5
endloop
endfacet
facet normal 0 0.8944271909999159 0.4472135954999579
outer loop
vertex -2.2333197593688965 17.97234344482422 10.5
vertex -21.233320236206055 17.97234344482422 10.5
vertex -2.2333197593688965 17.47234344482422 11.5
endloop
endfacet
facet normal 0 0.8944271909999159 0.4472135954999579
outer loop
vertex -21.233320236206055 17.47234344482422 11.5
vertex -2.2333197593688965 17.47234344482422 11.5
vertex -21.233320236206055 17.97234344482422 10.5
endloop
endfacet
facet normal -0.04046633903134535 0.8936945676931913 0.44684728384659567
outer loop
vertex -2.1881632804870605 17.474388122558594 11.5
vertex -2.2333197593688965 17.97234344482422 10.5
vertex -2.2333197593688965 17.47234344482422 11.5
endloop
endfacet
facet normal 0.8724465882212566 0.19959309999005564 0.4460936506356583
outer loop
vertex -11.710583686828613 -49.75876235961914 11.5
vertex -11.224699974060059 -49.647605895996094 10.5
vertex -11.779204368591309 -49.45881271362305 11.5
endloop
endfacet
facet normal 0.8724460541403193 0.1995939449847911 0.44609431709045044
outer loop
vertex -11.779204368591309 -49.45881271362305 11.5
vertex -11.258308410644531 -49.500694274902344 10.5
vertex -11.293319702148438 -49.34765625 10.5
endloop
endfacet
facet normal 0.8724472596855517 0.19958658261437037 0.44609525340165707
outer loop
vertex -11.224699974060059 -49.647605895996094 10.5
vertex -11.258308410644531 -49.500694274902344 10.5
vertex -11.779204368591309 -49.45881271362305 11.5
endloop
endfacet
facet normal 0.784526142145886 0.44604544066302065 0.430769308509119
outer loop
vertex -11.566072463989258 -50.012935638427734 11.5
vertex -11.224699974060059 -49.647605895996094 10.5
vertex -11.710583686828613 -49.75876235961914 11.5
endloop
endfacet
facet normal 0.6106651116622992 0.6535206705043307 0.447212314926637
outer loop
vertex -11.191213607788086 -50.36321258544922 11.5
vertex -10.849841117858887 -49.997886657714844 10.5
vertex -11.566072463989258 -50.012935638427734 11.5
endloop
endfacet
facet normal 0.6106654955420687 0.6535201292224108 0.44721258172761985
outer loop
vertex -11.100872039794922 -49.7633171081543 10.5
vertex -11.566072463989258 -50.012935638427734 11.5
vertex -10.849841117858887 -49.997886657714844 10.5
endloop
endfacet
facet normal 0.6106742158000431 0.6535107984878268 0.4472143092710754
outer loop
vertex -11.100872039794922 -49.7633171081543 10.5
vertex -11.224699974060059 -49.647605895996094 10.5
vertex -11.566072463989258 -50.012935638427734 11.5
endloop
endfacet
facet normal 0.46960936351503063 0.7654483510310417 0.43994984669035525
outer loop
vertex -10.849841117858887 -49.997886657714844 10.5
vertex -11.191213607788086 -50.36321258544922 11.5
vertex -11.020851135253906 -50.46773147583008 11.5
endloop
endfacet
facet normal 0.15636191534303187 0.88338525524419 0.4417934384386168
outer loop
vertex -11.020851135253906 -50.46773147583008 11.5
vertex -10.8511323928833 -50.497772216796875 11.5
vertex -10.849841117858887 -49.997886657714844 10.5
endloop
endfacet
facet normal 0.002316866915051438 0.894424957626568 0.4472120607747626
outer loop
vertex 8.4066801071167 -50.04765701293945 10.5
vertex -10.8511323928833 -50.497772216796875 11.5
vertex 8.405387878417969 -50.54765319824219 11.5
endloop
endfacet
facet normal 0.002311830771372447 0.8944645485566677 0.44713289614364227
outer loop
vertex 8.4066801071167 -50.04765701293945 10.5
vertex -10.849841117858887 -49.997886657714844 10.5
vertex -10.8511323928833 -50.497772216796875 11.5
endloop
endfacet
facet normal -0.11157443717348245 0.8889014788598186 0.44430316885010823
outer loop
vertex 8.4066801071167 -50.04765701293945 10.5
vertex 8.405387878417969 -50.54765319824219 11.5
vertex 8.51783561706543 -50.533538818359375 11.5
endloop
endfacet
facet normal -0.19503509003262443 0.87290649596613 0.44720863470655253
outer loop
vertex 8.706631660461426 -49.979034423828125 10.5
vertex 8.51783561706543 -50.533538818359375 11.5
vertex 8.818136215209961 -50.4664421081543 11.5
endloop
endfacet
facet normal -0.19960245805621715 0.8724452067986186 0.4460921652215288
outer loop
vertex 8.559711456298828 -50.01264572143555 10.5
vertex 8.4066801071167 -50.04765701293945 10.5
vertex 8.51783561706543 -50.533538818359375 11.5
endloop
endfacet
facet normal -0.19959184033605726 0.8724469454843937 0.44609351551688925
outer loop
vertex 8.706631660461426 -49.979034423828125 10.5
vertex 8.559711456298828 -50.01264572143555 10.5
vertex 8.51783561706543 -50.533538818359375 11.5
endloop
endfacet
facet normal -0.25323675884003755 0.858188181869595 0.4465245664815675
outer loop
vertex 8.706631660461426 -49.979034423828125 10.5
vertex 8.818136215209961 -50.4664421081543 11.5
vertex 8.877641677856445 -50.448883056640625 11.5
endloop
endfacet
facet normal -0.3782976224166575 0.8112380170853483 0.4458517562030415
outer loop
vertex 8.706631660461426 -49.979034423828125 10.5
vertex 8.877641677856445 -50.448883056640625 11.5
vertex 8.956631660461426 -50.41204833984375 11.5
endloop
endfacet
facet normal -0.6329220921818449 0.6329503299837627 0.4458514382634673
outer loop
vertex 8.706631660461426 -49.979034423828125 10.5
vertex 9.02802562713623 -50.362056732177734 11.5
vertex 9.070778846740723 -50.319305419921875 11.5
endloop
endfacet
facet normal -0.5134193727503318 0.7332239809774006 0.4458510305071733
outer loop
vertex 8.706631660461426 -49.979034423828125 10.5
vertex 8.956631660461426 -50.41204833984375 11.5
vertex 9.02802562713623 -50.362056732177734 11.5
endloop
endfacet
facet normal -0.6515931887519529 0.6127215830011195 0.4472120057608741
outer loop
vertex 9.42223834991455 -49.94554901123047 11.5
vertex 9.056910514831543 -49.60417556762695 10.5
vertex 9.070778846740723 -50.319305419921875 11.5
endloop
endfacet
facet normal -0.6539429380635863 0.6110589500598647 0.44605559441453096
outer loop
vertex 9.056910514831543 -49.60417556762695 10.5
vertex 8.822296142578125 -49.855255126953125 10.5
vertex 9.070778846740723 -50.319305419921875 11.5
endloop
endfacet
facet normal -0.6539363512290362 0.6110651079119761 0.4460568152531465
outer loop
vertex 8.822296142578125 -49.855255126953125 10.5
vertex 8.706631660461426 -49.979034423828125 10.5
vertex 9.070778846740723 -50.319305419921875 11.5
endloop
endfacet
facet normal -0.7196540547904596 0.5330781903789557 0.4448883954049015
outer loop
vertex 9.489922523498535 -49.85417556762695 11.5
vertex 9.056910514831543 -49.60417556762695 10.5
vertex 9.42223834991455 -49.94554901123047 11.5
endloop
endfacet
facet normal -0.8917015985118311 0.07800921013272372 0.44585067269873413
outer loop
vertex 9.056910514831543 -49.60417556762695 10.5
vertex 9.549314498901367 -49.691001892089844 11.5
vertex 9.556156158447266 -49.612796783447266 11.5
endloop
endfacet
facet normal -0.8112370241372482 0.3783010671212805 0.4458506401070232
outer loop
vertex 9.526756286621094 -49.77518844604492 11.5
vertex 9.056910514831543 -49.60417556762695 10.5
vertex 9.489922523498535 -49.85417556762695 11.5
endloop
endfacet
facet normal -0.8646059200900105 0.23167552260873972 0.4458509337988134
outer loop
vertex 9.549314498901367 -49.691001892089844 11.5
vertex 9.056910514831543 -49.60417556762695 10.5
vertex 9.526756286621094 -49.77518844604492 11.5
endloop
endfacet
facet normal -0.8942859799775372 0.015621774320348938 0.44722315032062
outer loop
vertex 9.11640739440918 -46.15851593017578 10.5
vertex 9.556156158447266 -49.612796783447266 11.5
vertex 9.615220069885254 -46.23161697387695 11.5
endloop
endfacet
facet normal -0.8945370359758195 0.01544614613954122 0.4467268828233099
outer loop
vertex 9.11640739440918 -46.15851593017578 10.5
vertex 9.056910514831543 -49.60417556762695 10.5
vertex 9.556156158447266 -49.612796783447266 11.5
endloop
endfacet
facet normal -0.8611178320464362 0.24181817539216105 0.4472136507103196
outer loop
vertex 9.651873588562012 -46.10109329223633 11.5
vertex 9.11640739440918 -46.15851593017578 10.5
vertex 9.615220069885254 -46.23161697387695 11.5
endloop
endfacet
facet normal -0.8611178710321065 0.2418179768750489 0.4472136829852043
outer loop
vertex 9.188741683959961 -45.90093231201172 10.5
vertex 9.11640739440918 -46.15851593017578 10.5
vertex 9.651873588562012 -46.10109329223633 11.5
endloop
endfacet
facet normal -0.7661797666328163 0.4614851540599127 0.447213615383948
outer loop
vertex 9.720268249511719 -45.98754119873047 11.5
vertex 9.188741683959961 -45.90093231201172 10.5
vertex 9.651873588562012 -46.10109329223633 11.5
endloop
endfacet
facet normal -0.7661798361698491 0.4614850145062216 0.4472136402581384
outer loop
vertex 9.326783180236816 -45.671749114990234 10.5
vertex 9.188741683959961 -45.90093231201172 10.5
vertex 9.720268249511719 -45.98754119873047 11.5
endloop
endfacet
facet normal -0.6164011031077878 0.6481117327649114 0.44721455917709846
outer loop
vertex 9.816322326660156 -45.89618682861328 11.5
vertex 9.520649909973145 -45.48736572265625 10.5
vertex 9.720268249511719 -45.98754119873047 11.5
endloop
endfacet
facet normal -0.6164012569754507 0.6481116082172637 0.4472145275962269
outer loop
vertex 9.520649909973145 -45.48736572265625 10.5
vertex 9.433034896850586 -45.57069396972656 10.5
vertex 9.720268249511719 -45.98754119873047 11.5
endloop
endfacet
facet normal -0.6164079815789208 0.6481056061648514 0.44721395718771045
outer loop
vertex 9.433034896850586 -45.57069396972656 10.5
vertex 9.326783180236816 -45.671749114990234 10.5
vertex 9.720268249511719 -45.98754119873047 11.5
endloop
endfacet
facet normal -0.4225050058817411 0.7883456943435216 0.44721425090766126
outer loop
vertex 9.933160781860352 -45.83356857299805 11.5
vertex 9.756464958190918 -45.360984802246094 10.5
vertex 9.816322326660156 -45.89618682861328 11.5
endloop
endfacet
facet normal -0.4225009384575621 0.7883474724751085 0.4472149591019819
outer loop
vertex 9.756464958190918 -45.360984802246094 10.5
vertex 9.520649909973145 -45.48736572265625 10.5
vertex 9.816322326660156 -45.89618682861328 11.5
endloop
endfacet
facet normal -0.1983611618443997 0.8721551621656171 0.4472116082791303
outer loop
vertex 10.073546409606934 -45.801639556884766 11.5
vertex 10.017349243164062 -45.30165481567383 10.5
vertex 9.933160781860352 -45.83356857299805 11.5
endloop
endfacet
facet normal -0.1983412203071067 0.8721580491228813 0.4472148227387567
outer loop
vertex 10.017349243164062 -45.30165481567383 10.5
vertex 9.875590324401855 -45.333892822265625 10.5
vertex 9.933160781860352 -45.83356857299805 11.5
endloop
endfacet
facet normal -0.19834938530730334 0.8721563791011643 0.447214458332198
outer loop
vertex 9.875590324401855 -45.333892822265625 10.5
vertex 9.756464958190918 -45.360984802246094 10.5
vertex 9.933160781860352 -45.83356857299805 11.5
endloop
endfacet
facet normal -0.00020551498403634344 0.8944272213816548 0.44721348751472567
outer loop
vertex 27.406681060791016 -45.29765701293945 10.5
vertex 12.813483238220215 -45.30101013183594 10.5
vertex 10.073546409606934 -45.801639556884766 11.5
endloop
endfacet
facet normal -0.00020550650731596842 0.8944271627054361 0.4472136048710714
outer loop
vertex 27.406681060791016 -45.29765701293945 10.5
vertex 10.073546409606934 -45.801639556884766 11.5
vertex 27.406795501708984 -45.79765701293945 11.5
endloop
endfacet
facet normal -0.00020622161666056048 0.8944279955066277 0.44721193893571437
outer loop
vertex 12.813483238220215 -45.30101013183594 10.5
vertex 10.017349243164062 -45.30165481567383 10.5
vertex 10.073546409606934 -45.801639556884766 11.5
endloop
endfacet
facet normal -0.11299298079345979 0.8886939155434813 0.4443598887921867
outer loop
vertex 27.406681060791016 -45.29765701293945 10.5
vertex 27.406795501708984 -45.79765701293945 11.5
vertex 27.51783561706543 -45.783538818359375 11.5
endloop
endfacet
facet normal -0.19959656502360712 0.8724466329630158 0.4460920127756983
outer loop
vertex 27.559717178344727 -45.26264572143555 10.5
vertex 27.406681060791016 -45.29765701293945 10.5
vertex 27.51783561706543 -45.783538818359375 11.5
endloop
endfacet
facet normal -0.19959818617158798 0.8724463674981691 0.44609180660068365
outer loop
vertex 27.559717178344727 -45.26264572143555 10.5
vertex 27.51783561706543 -45.783538818359375 11.5
vertex 27.706632614135742 -45.229034423828125 10.5
endloop
endfacet
facet normal -0.19958650780110737 0.8724475706946282 0.4460946786196852
outer loop
vertex 27.706632614135742 -45.229034423828125 10.5
vertex 27.51783561706543 -45.783538818359375 11.5
vertex 27.817787170410156 -45.71492004394531 11.5
endloop
endfacet
facet normal -0.2316575136189431 0.8646104227968665 0.44585155957438677
outer loop
vertex 27.706632614135742 -45.229034423828125 10.5
vertex 27.817787170410156 -45.71492004394531 11.5
vertex 27.877641677856445 -45.698883056640625 11.5
endloop
endfacet
facet normal -0.3782939013393423 0.8112398317143498 0.44585161169332277
outer loop
vertex 27.706632614135742 -45.229034423828125 10.5
vertex 27.877641677856445 -45.698883056640625 11.5
vertex 27.956632614135742 -45.66204833984375 11.5
endloop
endfacet
facet normal -0.513428688715645 0.7332176962467223 0.4458506381226595
outer loop
vertex 27.706632614135742 -45.229034423828125 10.5
vertex 27.956632614135742 -45.66204833984375 11.5
vertex 28.028024673461914 -45.612056732177734 11.5
endloop
endfacet
facet normal -0.6329224328413624 0.6329506706584787 0.44585047103166003
outer loop
vertex 27.706632614135742 -45.229034423828125 10.5
vertex 28.028024673461914 -45.612056732177734 11.5
vertex 28.070777893066406 -45.569305419921875 11.5
endloop
endfacet
facet normal -0.6515911682495378 0.6127230082255076 0.44721299696038225
outer loop
vertex 28.422239303588867 -45.19554901123047 11.5
vertex 28.056909561157227 -44.85417556762695 10.5
vertex 28.070777893066406 -45.569305419921875 11.5
endloop
endfacet
facet normal -0.6539351063267922 0.6110671694728842 0.4460558161326499
outer loop
vertex 27.822265625 -45.105289459228516 10.5
vertex 27.706632614135742 -45.229034423828125 10.5
vertex 28.070777893066406 -45.569305419921875 11.5
endloop
endfacet
facet normal -0.6539469245379429 0.611056120523047 0.44605362621403405
outer loop
vertex 28.056909561157227 -44.85417556762695 10.5
vertex 27.822265625 -45.105289459228516 10.5
vertex 28.070777893066406 -45.569305419921875 11.5
endloop
endfacet
facet normal -0.8112403560502923 0.37829282612979803 0.4458515699356965
outer loop
vertex 28.526756286621094 -45.02518844604492 11.5
vertex 28.056909561157227 -44.85417556762695 10.5
vertex 28.48992347717285 -45.10417556762695 11.5
endloop
endfacet
facet normal -0.7196536153207106 0.5330778648451288 0.4448894963561053
outer loop
vertex 28.48992347717285 -45.10417556762695 11.5
vertex 28.056909561157227 -44.85417556762695 10.5
vertex 28.422239303588867 -45.19554901123047 11.5
endloop
endfacet
facet normal -0.8917012604245985 0.07800918055565667 0.44585135404775583
outer loop
vertex 28.056909561157227 -44.85417556762695 10.5
vertex 28.549314498901367 -44.941001892089844 11.5
vertex 28.556156158447266 -44.862796783447266 11.5
endloop
endfacet
facet normal -0.8646056022369927 0.2316754374384184 0.4458515944438518
outer loop
vertex 28.549314498901367 -44.941001892089844 11.5
vertex 28.056909561157227 -44.85417556762695 10.5
vertex 28.526756286621094 -45.02518844604492 11.5
endloop
endfacet
facet normal -0.8942863319721632 0.01562152823236375 0.4472224550528063
outer loop
vertex 28.11640739440918 -41.40851593017578 10.5
vertex 28.556156158447266 -44.862796783447266 11.5
vertex 28.615219116210938 -41.48161697387695 11.5
endloop
endfacet
facet normal -0.8945366907924772 0.015446387765071002 0.446727565671803
outer loop
vertex 28.11640739440918 -41.40851593017578 10.5
vertex 28.056909561157227 -44.85417556762695 10.5
vertex 28.556156158447266 -44.862796783447266 11.5
endloop
endfacet
facet normal -0.8611151736787372 0.24183001238832671 0.44721236875616466
outer loop
vertex 28.651874542236328 -41.35109329223633 11.5
vertex 28.11640739440918 -41.40851593017578 10.5
vertex 28.615219116210938 -41.48161697387695 11.5
endloop
endfacet
facet normal -0.8611175547748249 0.24181788806409912 0.44721433996557575
outer loop
vertex 28.18874168395996 -41.15093231201172 10.5
vertex 28.11640739440918 -41.40851593017578 10.5
vertex 28.651874542236328 -41.35109329223633 11.5
endloop
endfacet
facet normal -0.7661822328126783 0.4614802046594722 0.447214497561998
outer loop
vertex 28.72026824951172 -41.23754119873047 11.5
vertex 28.18874168395996 -41.15093231201172 10.5
vertex 28.651874542236328 -41.35109329223633 11.5
endloop
endfacet
facet normal -0.7661810580748459 0.46148256226011436 0.44721407734679947
outer loop
vertex 28.3267822265625 -40.921749114990234 10.5
vertex 28.18874168395996 -41.15093231201172 10.5
vertex 28.72026824951172 -41.23754119873047 11.5
endloop
endfacet
facet normal -0.6164009410600588 0.6481115623806698 0.44721502945312686
outer loop
vertex 28.816322326660156 -41.14618682861328 11.5
vertex 28.520648956298828 -40.73736572265625 10.5
vertex 28.72026824951172 -41.23754119873047 11.5
endloop
endfacet
facet normal -0.61640488591233 0.6481083692177 0.4472142197799404
outer loop
vertex 28.520648956298828 -40.73736572265625 10.5
vertex 28.433034896850586 -40.82069396972656 10.5
vertex 28.72026824951172 -41.23754119873047 11.5
endloop
endfacet
facet normal -0.616404989201345 0.648108277026902 0.44721421101851183
outer loop
vertex 28.433034896850586 -40.82069396972656 10.5
vertex 28.3267822265625 -40.921749114990234 10.5
vertex 28.72026824951172 -41.23754119873047 11.5
endloop
endfacet
facet normal -0.4225050820158661 0.7883458364010328 0.44721392856207226
outer loop
vertex 28.93316078186035 -41.08356857299805 11.5
vertex 28.756465911865234 -40.610984802246094 10.5
vertex 28.816322326660156 -41.14618682861328 11.5
endloop
endfacet
facet normal -0.42249824594727836 0.7883488248707774 0.4472151188145783
outer loop
vertex 28.756465911865234 -40.610984802246094 10.5
vertex 28.520648956298828 -40.73736572265625 10.5
vertex 28.816322326660156 -41.14618682861328 11.5
endloop
endfacet
facet normal -0.19835571489497786 0.8721559507634282 0.4472124863154457
outer loop
vertex 29.017349243164062 -40.55165481567383 10.5
vertex 28.93316078186035 -41.08356857299805 11.5
vertex 29.073516845703125 -41.0516471862793 11.5
endloop
endfacet
facet normal -0.1983494020867488 0.8721564528815815 0.4472143070037532
outer loop
vertex 28.875591278076172 -40.583892822265625 10.5
vertex 28.756465911865234 -40.610984802246094 10.5
vertex 28.93316078186035 -41.08356857299805 11.5
endloop
endfacet
facet normal -0.1983425121163681 0.8721578621176612 0.4472146145126734
outer loop
vertex 29.017349243164062 -40.55165481567383 10.5
vertex 28.875591278076172 -40.583892822265625 10.5
vertex 28.93316078186035 -41.08356857299805 11.5
endloop
endfacet
facet normal -0.00009822750252728215 0.8944277093797226 0.4472125479513071
outer loop
vertex 29.017349243164062 -40.55165481567383 10.5
vertex 29.073516845703125 -41.0516471862793 11.5
vertex 65.40673828125 -41.04765701293945 11.5
endloop
endfacet
facet normal -0.00009860187231676948 0.8944222513296677 0.44722346383440087
outer loop
vertex 34.86530685424805 -40.55101013183594 10.5
vertex 29.017349243164062 -40.55165481567383 10.5
vertex 65.40673828125 -41.04765701293945 11.5
endloop
endfacet
facet normal -0.00009819862876791284 0.8944271842900208 0.447213598138579
outer loop
vertex 65.40667724609375 -40.54765701293945 10.5
vertex 34.86530685424805 -40.55101013183594 10.5
vertex 65.40673828125 -41.04765701293945 11.5
endloop
endfacet
facet normal -0.11293391531375928 0.888702337097521 0.4443580614879276
outer loop
vertex 65.40673828125 -41.04765701293945 11.5
vertex 65.51783752441406 -41.033538818359375 11.5
vertex 65.40667724609375 -40.54765701293945 10.5
endloop
endfacet
facet normal -0.19960324956465447 0.8724458457875351 0.4460905613564386
outer loop
vertex 65.70663452148438 -40.479034423828125 10.5
vertex 65.55972290039062 -40.51264572143555 10.5
vertex 65.51783752441406 -41.033538818359375 11.5
endloop
endfacet
facet normal -0.19503510625579526 0.8729065685751728 0.4472084859057438
outer loop
vertex 65.70663452148438 -40.479034423828125 10.5
vertex 65.51783752441406 -41.033538818359375 11.5
vertex 65.8181381225586 -40.9664421081543 11.5
endloop
endfacet
facet normal -0.19958464440841356 0.8724488923148346 0.44609292755544266
outer loop
vertex 65.55972290039062 -40.51264572143555 10.5
vertex 65.40667724609375 -40.54765701293945 10.5
vertex 65.51783752441406 -41.033538818359375 11.5
endloop
endfacet
facet normal -0.6329087499415328 0.6329652243548407 0.4458492334914041
outer loop
vertex 65.70663452148438 -40.479034423828125 10.5
vertex 66.02802276611328 -40.862056732177734 11.5
vertex 66.0707778930664 -40.819305419921875 11.5
endloop
endfacet
facet normal -0.5134473214657571 0.733205125822982 0.4458498531417778
outer loop
vertex 65.70663452148438 -40.479034423828125 10.5
vertex 65.95663452148438 -40.91204833984375 11.5
vertex 66.02802276611328 -40.862056732177734 11.5
endloop
endfacet
facet normal -0.3782790176971834 0.8112470897341834 0.44585103360637374
outer loop
vertex 65.70663452148438 -40.479034423828125 10.5
vertex 65.87763977050781 -40.948883056640625 11.5
vertex 65.95663452148438 -40.91204833984375 11.5
endloop
endfacet
facet normal -0.25325177540687943 0.8581840523129493 0.4465239865998113
outer loop
vertex 65.70663452148438 -40.479034423828125 10.5
vertex 65.8181381225586 -40.9664421081543 11.5
vertex 65.87763977050781 -40.948883056640625 11.5
endloop
endfacet
facet normal -0.6515887856009449 0.6127240928836826 0.44721498239544055
outer loop
vertex 66.4222412109375 -40.44554901123047 11.5
vertex 66.0569076538086 -40.10417556762695 10.5
vertex 66.0707778930664 -40.819305419921875 11.5
endloop
endfacet
facet normal -0.6539447284817277 0.6110570810399408 0.4460555299532858
outer loop
vertex 66.0569076538086 -40.10417556762695 10.5
vertex 65.82227325439453 -40.35527801513672 10.5
vertex 66.0707778930664 -40.819305419921875 11.5
endloop
endfacet
facet normal -0.6539485758894699 0.6110534840488684 0.4460548169495242
outer loop
vertex 65.82227325439453 -40.35527801513672 10.5
vertex 65.70663452148438 -40.479034423828125 10.5
vertex 66.0707778930664 -40.819305419921875 11.5
endloop
endfacet
facet normal -0.7654518706826167 0.4695996406762877 0.43995410118009376
outer loop
vertex 66.0569076538086 -40.10417556762695 10.5
vertex 66.4222412109375 -40.44554901123047 11.5
vertex 66.5267562866211 -40.27518844604492 11.5
endloop
endfacet
facet normal -0.8834681669344198 0.15596425686063847 0.4417682068635599
outer loop
vertex 66.55686950683594 -40.104610443115234 11.5
vertex 66.0569076538086 -40.10417556762695 10.5
vertex 66.5267562866211 -40.27518844604492 11.5
endloop
endfacet
facet normal -0.89444043303292 0.0007775539035442224 0.4471864344608519
outer loop
vertex 66.10668182373047 17.15234375 10.5
vertex 66.0569076538086 -40.10417556762695 10.5
vertex 66.55686950683594 -40.104610443115234 11.5
endloop
endfacet
facet normal -0.8944267848553504 0.0007781379479079727 0.44721373082079524
outer loop
vertex 66.10668182373047 17.15234375 10.5
vertex 66.55686950683594 -40.104610443115234 11.5
vertex 66.60668182373047 17.15190887451172 11.5
endloop
endfacet
facet normal -0.8887772792302898 -0.11241499788575779 0.44433975308804924
outer loop
vertex 66.10668182373047 17.15234375 10.5
vertex 66.60668182373047 17.15190887451172 11.5
vertex 66.59256744384766 17.263500213623047 11.5
endloop
endfacet
facet normal -0.8729053527433017 -0.19504592305524093 0.4472061415629497
outer loop
vertex 66.0380630493164 17.452295303344727 10.5
vertex 66.59256744384766 17.263500213623047 11.5
vertex 66.52546691894531 17.563800811767578 11.5
endloop
endfacet
facet normal -0.8724484994171232 -0.19957602056097568 0.4460975542208844
outer loop
vertex 66.0380630493164 17.452295303344727 10.5
vertex 66.07167053222656 17.30537986755371 10.5
vertex 66.59256744384766 17.263500213623047 11.5
endloop
endfacet
facet normal -0.872445189519465 -0.1995962347955294 0.44609498354026883
outer loop
vertex 66.07167053222656 17.30537986755371 10.5
vertex 66.10668182373047 17.15234375 10.5
vertex 66.59256744384766 17.263500213623047 11.5
endloop
endfacet
facet normal -0.8581750358021286 -0.25328789440560295 0.44652082871193294
outer loop
vertex 66.0380630493164 17.452295303344727 10.5
vertex 66.52546691894531 17.563800811767578 11.5
vertex 66.50790405273438 17.623306274414062 11.5
endloop
endfacet
facet normal -0.7332437601022256 -0.51339404410139 0.4458476687753003
outer loop
vertex 66.0380630493164 17.452295303344727 10.5
vertex 66.4710693359375 17.702295303344727 11.5
vertex 66.42108154296875 17.77368927001953 11.5
endloop
endfacet
facet normal -0.8112384409944922 -0.37830238747460054 0.44584694176796047
outer loop
vertex 66.0380630493164 17.452295303344727 10.5
vertex 66.50790405273438 17.623306274414062 11.5
vertex 66.4710693359375 17.702295303344727 11.5
endloop
endfacet
facet normal -0.6329232651974687 -0.6329515017919455 0.44584810950714543
outer loop
vertex 66.37832641601562 17.816442489624023 11.5
vertex 66.0380630493164 17.452295303344727 10.5
vertex 66.42108154296875 17.77368927001953 11.5
endloop
endfacet
facet normal -0.6110586887239968 -0.6539448813305528 0.4460531034714127
outer loop
vertex 65.91425323486328 17.56798553466797 10.5
vertex 66.37832641601562 17.816442489624023 11.5
vertex 65.66320037841797 17.802574157714844 10.5
endloop
endfacet
facet normal -0.61106402491282 -0.653937363224917 0.44605681525539737
outer loop
vertex 66.00347137451172 18.16672134399414 11.5
vertex 65.66320037841797 17.802574157714844 10.5
vertex 66.37832641601562 17.816442489624023 11.5
endloop
endfacet
facet normal -0.6110585745014284 -0.6539450035122698 0.4460530808206794
outer loop
vertex 65.91425323486328 17.56798553466797 10.5
vertex 66.0380630493164 17.452295303344727 10.5
vertex 66.37832641601562 17.816442489624023 11.5
endloop
endfacet
facet normal -0.475821339932281 -0.7619392191130991 0.4393662240572998
outer loop
vertex 65.83421325683594 18.27242088317871 11.5
vertex 65.66320037841797 17.802574157714844 10.5
vertex 66.00347137451172 18.16672134399414 11.5
endloop
endfacet
facet normal -0.15725971318017576 -0.8831931513243929 0.4418588463120058
outer loop
vertex 65.66487884521484 18.30257225036621 11.5
vertex 65.66320037841797 17.802574157714844 10.5
vertex 65.83421325683594 18.27242088317871 11.5
endloop
endfacet
facet normal -0.0030071935922739708 -0.8944218101386906 0.44721424656972497
outer loop
vertex 48.037235260009766 18.361839294433594 11.5
vertex 65.66320037841797 17.802574157714844 10.5
vertex 65.66487884521484 18.30257225036621 11.5
endloop
endfacet
facet normal -0.0030073026654412163 -0.894422561055205 0.4472127440113109
outer loop
vertex 48.037235260009766 18.361839294433594 11.5
vertex 47.9675407409668 17.862071990966797 10.5
vertex 65.66320037841797 17.802574157714844 10.5
endloop
endfacet
facet normal -0.2418249083578029 -0.8611168434715821 0.4472119135122395
outer loop
vertex 47.910118103027344 18.397537231445312 11.5
vertex 47.9675407409668 17.862071990966797 10.5
vertex 48.037235260009766 18.361839294433594 11.5
endloop
endfacet
facet normal -0.24181806568593348 -0.8611181872891558 0.447213026004109
outer loop
vertex 47.910118103027344 18.397537231445312 11.5
vertex 47.709957122802734 17.934406280517578 10.5
vertex 47.9675407409668 17.862071990966797 10.5
endloop
endfacet
facet normal -0.4614827920284907 -0.7661814395501 0.4472131866912305
outer loop
vertex 47.48077392578125 18.072446823120117 10.5
vertex 47.709957122802734 17.934406280517578 10.5
vertex 47.910118103027344 18.397537231445312 11.5
endloop
endfacet
facet normal -0.4614896396658627 -0.7661765305186277 0.44721453080541823
outer loop
vertex 47.796566009521484 18.465932846069336 11.5
vertex 47.48077392578125 18.072446823120117 10.5
vertex 47.910118103027344 18.397537231445312 11.5
endloop
endfacet
facet normal -0.648108277026902 -0.616404989201345 0.44721421101851183
outer loop
vertex 47.37971878051758 18.178699493408203 10.5
vertex 47.48077392578125 18.072446823120117 10.5
vertex 47.796566009521484 18.465932846069336 11.5
endloop
endfacet
facet normal -0.6481083692177 -0.61640488591233 0.4472142197799404
outer loop
vertex 47.296390533447266 18.266313552856445 10.5
vertex 47.37971878051758 18.178699493408203 10.5
vertex 47.796566009521484 18.465932846069336 11.5
endloop
endfacet
facet normal -0.6481115623806698 -0.6164009410600588 0.44721502945312686
outer loop
vertex 47.7052116394043 18.561986923217773 11.5
vertex 47.296390533447266 18.266313552856445 10.5
vertex 47.796566009521484 18.465932846069336 11.5
endloop
endfacet
facet normal -0.7883473304183682 -0.422500862324755 0.44721528144403827
outer loop
vertex 47.17000961303711 18.50212860107422 10.5
vertex 47.296390533447266 18.266313552856445 10.5
vertex 47.7052116394043 18.561986923217773 11.5
endloop
endfacet
facet normal -0.7883455522859593 -0.42250492974758874 0.44721457325307606
outer loop
vertex 47.64259338378906 18.67882537841797 11.5
vertex 47.17000961303711 18.50212860107422 10.5
vertex 47.7052116394043 18.561986923217773 11.5
endloop
endfacet
facet normal -0.8721563053207346 -0.19834936852785504 0.4472146096606043
outer loop
vertex 47.14291763305664 18.621253967285156 10.5
vertex 47.17000961303711 18.50212860107422 10.5
vertex 47.64259338378906 18.67882537841797 11.5
endloop
endfacet
facet normal -0.8721582361241417 -0.19833992851432589 0.44721503096134624
outer loop
vertex 47.110679626464844 18.76301383972168 10.5
vertex 47.14291763305664 18.621253967285156 10.5
vertex 47.64259338378906 18.67882537841797 11.5
endloop
endfacet
facet normal -0.8721549732889256 -0.198362466412008 0.44721139798348003
outer loop
vertex 47.110679626464844 18.76301383972168 10.5
vertex 47.64259338378906 18.67882537841797 11.5
vertex 47.61066436767578 18.819210052490234 11.5
endloop
endfacet
facet normal -0.8944230413559858 -0.0002062201227425188 0.44722184714609986
outer loop
vertex 47.11003494262695 21.559152603149414 10.5
vertex 47.110679626464844 18.76301383972168 10.5
vertex 47.60668182373047 36.15245819091797 11.5
endloop
endfacet
facet normal -0.8944271627034714 -0.00020551506456743473 0.44721360487106837
outer loop
vertex 47.10668182373047 36.15234375 10.5
vertex 47.11003494262695 21.559152603149414 10.5
vertex 47.60668182373047 36.15245819091797 11.5
endloop
endfacet
facet normal -0.894428011786905 -0.0002055067137106679 0.4472119067040981
outer loop
vertex 47.110679626464844 18.76301383972168 10.5
vertex 47.61066436767578 18.819210052490234 11.5
vertex 47.60668182373047 36.15245819091797 11.5
endloop
endfacet
facet normal -0.8886941105233093 -0.11299106472385749 0.4443599860628239
outer loop
vertex 47.60668182373047 36.15245819091797 11.5
vertex 47.59256362915039 36.26350021362305 11.5
vertex 47.10668182373047 36.15234375 10.5
endloop
endfacet
facet normal -0.8729065685751728 -0.19503510625579526 0.4472084859057438
outer loop
vertex 47.52546691894531 36.56380081176758 11.5
vertex 47.03805923461914 36.45229721069336 10.5
vertex 47.59256362915039 36.26350021362305 11.5
endloop
endfacet
facet normal -0.8724444611229909 -0.199605376586439 0.4460923176805447
outer loop
vertex 47.0716667175293 36.305389404296875 10.5
vertex 47.10668182373047 36.15234375 10.5
vertex 47.59256362915039 36.26350021362305 11.5
endloop
endfacet
facet normal -0.8724476044199923 -0.19958618044039708 0.4460947591252668
outer loop
vertex 47.03805923461914 36.45229721069336 10.5
vertex 47.0716667175293 36.305389404296875 10.5
vertex 47.59256362915039 36.26350021362305 11.5
endloop
endfacet
facet normal -0.632964543005991 -0.6329080686534745 0.44585116791430063
outer loop
vertex 47.03805923461914 36.45229721069336 10.5
vertex 47.42108154296875 36.77368927001953 11.5
vertex 47.37833023071289 36.816444396972656 11.5
endloop
endfacet
facet normal -0.7332176962467223 -0.513428688715645 0.4458506381226595
outer loop
vertex 47.03805923461914 36.45229721069336 10.5
vertex 47.471073150634766 36.70229721069336 11.5
vertex 47.42108154296875 36.77368927001953 11.5
endloop
endfacet
facet normal -0.8112398317143498 -0.3782939013393423 0.44585161169332277
outer loop
vertex 47.03805923461914 36.45229721069336 10.5
vertex 47.50790786743164 36.62330627441406 11.5
vertex 47.471073150634766 36.70229721069336 11.5
endloop
endfacet
facet normal -0.85818827441496 -0.2532367861486032 0.44652437312850013
outer loop
vertex 47.03805923461914 36.45229721069336 10.5
vertex 47.52546691894531 36.56380081176758 11.5
vertex 47.50790786743164 36.62330627441406 11.5
endloop
endfacet
facet normal -0.6110598606832518 -0.6539412544154098 0.4460568152549235
outer loop
vertex 46.91426467895508 36.56797409057617 10.5
vertex 47.03805923461914 36.45229721069336 10.5
vertex 47.37833023071289 36.816444396972656 11.5
endloop
endfacet
facet normal -0.6127212424490748 -0.6515928265949816 0.44721300001411457
outer loop
vertex 47.004573822021484 37.167903900146484 11.5
vertex 46.66320037841797 36.802574157714844 10.5
vertex 47.37833023071289 36.816444396972656 11.5
endloop
endfacet
facet normal -0.6110585572864312 -0.6539426486252862 0.44605655681311396
outer loop
vertex 46.91426467895508 36.56797409057617 10.5
vertex 47.37833023071289 36.816444396972656 11.5
vertex 46.66320037841797 36.802574157714844 10.5
endloop
endfacet
facet normal -0.46959278929276216 -0.7654578425364902 0.43995102402838565
outer loop
vertex 46.66320037841797 36.802574157714844 10.5
vertex 47.004573822021484 37.167903900146484 11.5
vertex 46.83420944213867 37.27241897583008 11.5
endloop
endfacet
facet normal -0.1569384325679891 -0.8832626015116806 0.4418342507704908
outer loop
vertex 46.664493560791016 37.302574157714844 11.5
vertex 46.66320037841797 36.802574157714844 10.5
vertex 46.83420944213867 37.27241897583008 11.5
endloop
endfacet
facet normal -0.002311725178404238 -0.8944236052583893 0.4472147921114467
outer loop
vertex 46.664493560791016 37.302574157714844 11.5
vertex 27.406681060791016 36.85234451293945 10.5
vertex 46.66320037841797 36.802574157714844 10.5
endloop
endfacet
facet normal -0.002306515031249359 -0.8944645622815308 0.4471328961404207
outer loop
vertex 46.664493560791016 37.302574157714844 11.5
vertex 27.40797233581543 37.352230072021484 11.5
vertex 27.406681060791016 36.85234451293945 10.5
endloop
endfacet
facet normal 0.11068568042352546 -0.8890291947369133 0.4442699303966188
outer loop
vertex 27.29552459716797 37.33823013305664 11.5
vertex 27.406681060791016 36.85234451293945 10.5
vertex 27.40797233581543 37.352230072021484 11.5
endloop
endfacet
facet normal 0.19959731393538716 -0.8724463057088476 0.44609231771547275
outer loop
vertex 27.29552459716797 37.33823013305664 11.5
vertex 26.995573043823242 37.26960754394531 11.5
vertex 27.10672950744629 36.78372573852539 10.5
endloop
endfacet
facet normal 0.19959055765830555 -0.8724470018080591 0.44609397925748234
outer loop
vertex 27.253650665283203 36.81733703613281 10.5
vertex 27.29552459716797 37.33823013305664 11.5
vertex 27.10672950744629 36.78372573852539 10.5
endloop
endfacet
facet normal 0.19958266035264915 -0.8724482949446305 0.44609498353463484
outer loop
vertex 27.253650665283203 36.81733703613281 10.5
vertex 27.406681060791016 36.85234451293945 10.5
vertex 27.29552459716797 37.33823013305664 11.5
endloop
endfacet
facet normal 0.37830186551837447 -0.811237321702177 0.44584942124308774
outer loop
vertex 26.935718536376953 37.253570556640625 11.5
vertex 26.85672950744629 37.21673583984375 11.5
vertex 27.10672950744629 36.78372573852539 10.5
endloop
endfacet
facet normal 0.5133934038561917 -0.7332428456860924 0.44584990986554496
outer loop
vertex 26.85672950744629 37.21673583984375 11.5
vertex 26.785335540771484 37.166748046875 11.5
vertex 27.10672950744629 36.78372573852539 10.5
endloop
endfacet
facet normal 0.23165780863890287 -0.8646115238936026 0.44584927099525856
outer loop
vertex 26.935718536376953 37.253570556640625 11.5
vertex 27.10672950744629 36.78372573852539 10.5
vertex 26.995573043823242 37.26960754394531 11.5
endloop
endfacet
facet normal 0.6155914729075395 -0.6493337108904281 0.4465566821634093
outer loop
vertex 26.74139976501465 37.12509536743164 11.5
vertex 27.10672950744629 36.78372573852539 10.5
vertex 26.785335540771484 37.166748046875 11.5
endloop
endfacet
facet normal 0.6543244086426142 -0.609803620577751 0.44721260333845636
outer loop
vertex 26.74139976501465 37.12509536743164 11.5
vertex 26.373428344726562 36.73025894165039 11.5
vertex 27.10672950744629 36.78372573852539 10.5
endloop
endfacet
facet normal 0.6537041871445446 -0.6108419692686365 0.4467022770142371
outer loop
vertex 26.373428344726562 36.73025894165039 11.5
vertex 26.99098777770996 36.65986251831055 10.5
vertex 27.10672950744629 36.78372573852539 10.5
endloop
endfacet
facet normal 0.6537054721092372 -0.6108401095635999 0.4467029396397211
outer loop
vertex 26.373428344726562 36.73025894165039 11.5
vertex 26.756450653076172 36.40886688232422 10.5
vertex 26.99098777770996 36.65986251831055 10.5
endloop
endfacet
facet normal 0.8112476143886054 -0.3782779417940396 0.4458509918132536
outer loop
vertex 26.323436737060547 36.65886688232422 11.5
vertex 26.286603927612305 36.57987594604492 11.5
vertex 26.756450653076172 36.40886688232422 10.5
endloop
endfacet
facet normal 0.7332176962467223 -0.513428688715645 0.4458506381226595
outer loop
vertex 26.373428344726562 36.73025894165039 11.5
vertex 26.323436737060547 36.65886688232422 11.5
vertex 26.756450653076172 36.40886688232422 10.5
endloop
endfacet
facet normal 0.8917013787328963 -0.07800919090568506 0.4458511156205535
outer loop
vertex 26.26404571533203 36.495689392089844 11.5
vertex 26.257204055786133 36.417484283447266 11.5
vertex 26.756450653076172 36.40886688232422 10.5
endloop
endfacet
facet normal 0.8646059429182688 -0.2316755287256868 0.4458508863511264
outer loop
vertex 26.286603927612305 36.57987594604492 11.5
vertex 26.26404571533203 36.495689392089844 11.5
vertex 26.756450653076172 36.40886688232422 10.5
endloop
endfacet
facet normal 0.8945367146342363 -0.015446371076046968 0.44672751850761094
outer loop
vertex 26.756450653076172 36.40886688232422 10.5
vertex 26.257204055786133 36.417484283447266 11.5
vertex 26.69695281982422 32.96320343017578 10.5
endloop
endfacet
facet normal 0.8942863319721632 -0.01562152823236375 0.4472224550528063
outer loop
vertex 26.257204055786133 36.417484283447266 11.5
vertex 26.19814109802246 33.03630447387695 11.5
vertex 26.69695281982422 32.96320343017578 10.5
endloop
endfacet
facet normal 0.8611181872891558 -0.24181806568593348 0.447213026004109
outer loop
vertex 26.161487579345703 32.90578079223633 11.5
vertex 26.624618530273438 32.70561981201172 10.5
vertex 26.69695281982422 32.96320343017578 10.5
endloop
endfacet
facet normal 0.8611181483034342 -0.24181826420310812 0.4472129937292304
outer loop
vertex 26.19814109802246 33.03630447387695 11.5
vertex 26.161487579345703 32.90578079223633 11.5
vertex 26.69695281982422 32.96320343017578 10.5
endloop
endfacet
facet normal 0.7661810580748459 -0.46148256226011436 0.44721407734679947
outer loop
vertex 26.09309196472168 32.79222869873047 11.5
vertex 26.4865779876709 32.476436614990234 10.5
vertex 26.624618530273438 32.70561981201172 10.5
endloop
endfacet
facet normal 0.7661773004448057 -0.46149010341402036 0.447212733197554
outer loop
vertex 26.09309196472168 32.79222869873047 11.5
vertex 26.624618530273438 32.70561981201172 10.5
vertex 26.161487579345703 32.90578079223633 11.5
endloop
endfacet
facet normal 0.6163972052136664 -0.6481158546052409 0.4472139582058003
outer loop
vertex 26.29271125793457 32.292057037353516 10.5
vertex 26.38032341003418 32.37538146972656 10.5
vertex 26.09309196472168 32.79222869873047 11.5
endloop
endfacet
facet normal 0.6164016225964506 -0.6481122789785629 0.44721305157349356
outer loop
vertex 25.997037887573242 32.70087432861328 11.5
vertex 26.29271125793457 32.292057037353516 10.5
vertex 26.09309196472168 32.79222869873047 11.5
endloop
endfacet
facet normal 0.6163993285965954 -0.6481139594099721 0.44721377810125174
outer loop
vertex 26.09309196472168 32.79222869873047 11.5
vertex 26.38032341003418 32.37538146972656 10.5
vertex 26.4865779876709 32.476436614990234 10.5
endloop
endfacet
facet normal 0.422498814170929 -0.788349885131859 0.447212712964137
outer loop
vertex 26.29271125793457 32.292057037353516 10.5
vertex 25.997037887573242 32.70087432861328 11.5
vertex 26.056894302368164 32.16567611694336 10.5
endloop
endfacet
facet normal 0.4225056502450442 -0.7883468966512541 0.4472115227175495
outer loop
vertex 25.880199432373047 32.63825607299805 11.5
vertex 26.056894302368164 32.16567611694336 10.5
vertex 25.997037887573242 32.70087432861328 11.5
endloop
endfacet
facet normal 0.1983652336574281 -0.8721545726388649 0.44721095190206694
outer loop
vertex 25.796010971069336 32.10634231567383 10.5
vertex 25.937768936157227 32.13858413696289 10.5
vertex 25.880199432373047 32.63825607299805 11.5
endloop
endfacet
facet normal 0.19833952256540352 -0.8721582948894031 0.4472150963956124
outer loop
vertex 25.880199432373047 32.63825607299805 11.5
vertex 25.73981475830078 32.60633087158203 11.5
vertex 25.796010971069336 32.10634231567383 10.5
endloop
endfacet
facet normal 0.19834969720795326 -0.8721577505505441 0.4472116453896614
outer loop
vertex 25.880199432373047 32.63825607299805 11.5
vertex 25.937768936157227 32.13858413696289 10.5
vertex 26.056894302368164 32.16567611694336 10.5
endloop
endfacet
facet normal 0.00020551510090676425 -0.8944258595719133 0.4472162111245379
outer loop
vertex 25.73981475830078 32.60633087158203 11.5
vertex 8.4066801071167 32.10234451293945 10.5
vertex 22.999847412109375 32.10569763183594 10.5
endloop
endfacet
facet normal 0.00020621912163854803 -0.8944266308476427 0.4472146682569889
outer loop
vertex 25.73981475830078 32.60633087158203 11.5
vertex 22.999847412109375 32.10569763183594 10.5
vertex 25.796010971069336 32.10634231567383 10.5
endloop
endfacet
facet normal 0.00020629483286244038 -0.8944312568682202 0.4472054160892706
outer loop
vertex 8.40656566619873 32.602333068847656 11.5
vertex 8.4066801071167 32.10234451293945 10.5
vertex 25.73981475830078 32.60633087158203 11.5
endloop
endfacet
facet normal 0.11287196966990044 -0.8887102913521002 0.44435789236571704
outer loop
vertex 8.295524597167969 32.58823013305664 11.5
vertex 8.4066801071167 32.10234451293945 10.5
vertex 8.40656566619873 32.602333068847656 11.5
endloop
endfacet
facet normal 0.19958858712857516 -0.8724470170552479 0.44609483108350295
outer loop
vertex 8.295524597167969 32.58823013305664 11.5
vertex 8.253654479980469 32.06733703613281 10.5
vertex 8.4066801071167 32.10234451293945 10.5
endloop
endfacet
facet normal 0.1995842461903809 -0.8724477278637116 0.44609538309431584
outer loop
vertex 8.253654479980469 32.06733703613281 10.5
vertex 8.295524597167969 32.58823013305664 11.5
vertex 8.106728553771973 32.03372573852539 10.5
endloop
endfacet
facet normal 0.19959702088895517 -0.8724464117314248 0.44609224148063265
outer loop
vertex 7.995572566986084 32.51960754394531 11.5
vertex 8.106728553771973 32.03372573852539 10.5
vertex 8.295524597167969 32.58823013305664 11.5
endloop
endfacet
facet normal 0.6155986716009414 -0.6493272094968351 0.446556212060934
outer loop
vertex 7.741400241851807 32.37509536743164 11.5
vertex 8.106728553771973 32.03372573852539 10.5
vertex 7.785335063934326 32.416748046875 11.5
endloop
endfacet
facet normal 0.5133957328059646 -0.73324127463854 0.44584981182352834
outer loop
vertex 7.785335063934326 32.416748046875 11.5
vertex 8.106728553771973 32.03372573852539 10.5
vertex 7.856728553771973 32.46673583984375 11.5
endloop
endfacet
facet normal 0.3782981443702101 -0.8112391363854441 0.445849276732232
outer loop
vertex 7.856728553771973 32.46673583984375 11.5
vertex 8.106728553771973 32.03372573852539 10.5
vertex 7.935718536376953 32.503570556640625 11.5
endloop
endfacet
facet normal 0.231659545357915 -0.8646111177438619 0.4458491562381537
outer loop
vertex 7.935718536376953 32.503570556640625 11.5
vertex 8.106728553771973 32.03372573852539 10.5
vertex 7.995572566986084 32.51960754394531 11.5
endloop
endfacet
facet normal 0.6535180996284041 -0.6106669153042352 0.4472136089285404
outer loop
vertex 7.991100311279297 31.90998077392578 10.5
vertex 7.741400241851807 32.37509536743164 11.5
vertex 7.756450176239014 31.658864974975586 10.5
endloop
endfacet
facet normal 0.6558629821586367 -0.6089987518113554 0.44605410986357996
outer loop
vertex 7.392302989959717 31.999134063720703 11.5
vertex 7.756450176239014 31.658864974975586 10.5
vertex 7.741400241851807 32.37509536743164 11.5
endloop
endfacet
facet normal 0.6535259102565313 -0.6106596148852703 0.4472121637115268
outer loop
vertex 7.741400241851807 32.37509536743164 11.5
vertex 7.991100311279297 31.90998077392578 10.5
vertex 8.106728553771973 32.03372573852539 10.5
endloop
endfacet
facet normal 0.8833075611587486 -0.15672441225455244 0.44182033792396735
outer loop
vertex 7.286603927612305 31.829875946044922 11.5
vertex 7.25645112991333 31.65993309020996 11.5
vertex 7.756450176239014 31.658864974975586 10.5
endloop
endfacet
facet normal 0.7619405456797497 -0.4758200218030005 0.43936535104698166
outer loop
vertex 7.286603927612305 31.829875946044922 11.5
vertex 7.756450176239014 31.658864974975586 10.5
vertex 7.392302989959717 31.999134063720703 11.5
endloop
endfacet
facet normal 0.8944251875756312 -0.0019099990873722794 0.4472135236481375
outer loop
vertex 7.207746982574463 8.852344512939453 11.5
vertex 7.7066802978515625 8.352344512939453 10.5
vertex 7.756450176239014 31.658864974975586 10.5
endloop
endfacet
facet normal 0.8944250847005651 -0.0019099875886154898 0.4472137294468922
outer loop
vertex 7.25645112991333 31.65993309020996 11.5
vertex 7.207746982574463 8.852344512939453 11.5
vertex 7.756450176239014 31.658864974975586 10.5
endloop
endfacet
facet normal 0 -0.8944271909999159 0.4472135954999579
outer loop
vertex 7.207746982574463 8.852344512939453 11.5
vertex -9.893320083618164 8.352344512939453 10.5
vertex 7.7066802978515625 8.352344512939453 10.5
endloop
endfacet
facet normal 0 -0.8944271909999159 0.4472135954999579
outer loop
vertex -9.393320083618164 8.852344512939453 11.5
vertex -9.893320083618164 8.352344512939453 10.5
vertex 7.207746982574463 8.852344512939453 11.5
endloop
endfacet
facet normal -0.894427190999916 0 0.447213595499958
outer loop
vertex -9.893320083618164 12.402344703674316 10.5
vertex -9.893320083618164 8.352344512939453 10.5
vertex -9.393320083618164 8.852344512939453 11.5
endloop
endfacet
facet normal -0.8944271909999159 0 0.4472135954999579
outer loop
vertex -9.893320083618164 12.402344703674316 10.5
vertex -9.393320083618164 8.852344512939453 11.5
vertex -9.393320083618164 12.402344703674316 11.5
endloop
endfacet
facet normal -0.891701020153065 -0.07801675026863894 0.4458505100765325
outer loop
vertex -9.393320083618164 12.402344703674316 11.5
vertex -9.397255897521973 12.4473295211792 11.5
vertex -9.893320083618164 12.402344703674316 10.5
endloop
endfacet
facet normal -0.8914490422133671 -0.08083520942774537 0.4458523007158794
outer loop
vertex -9.408674240112305 12.573250770568848 11.5
vertex -9.904738426208496 12.528265953063965 10.5
vertex -9.397255897521973 12.4473295211792 11.5
endloop
endfacet
facet normal -0.8914490422133671 -0.08083520942774537 0.4458523007158794
outer loop
vertex -9.397255897521973 12.4473295211792 11.5
vertex -9.904738426208496 12.528265953063965 10.5
vertex -9.893320083618164 12.402344703674316 10.5
endloop
endfacet
facet normal -0.8777736990979242 -0.18098539746253126 0.4435736906955557
outer loop
vertex -9.904738426208496 12.528265953063965 10.5
vertex -9.408674240112305 12.573250770568848 11.5
vertex -9.433877944946289 12.695487976074219 11.5
endloop
endfacet
facet normal -0.8432888148986655 -0.2981015391990283 0.447212977219998
outer loop
vertex -9.979557991027832 12.73893928527832 10.5
vertex -9.433877944946289 12.695487976074219 11.5
vertex -9.508389472961426 12.906270980834961 11.5
endloop
endfacet
facet normal -0.8429619645183979 -0.2993736638690779 0.44697934600704725
outer loop
vertex -9.979557991027832 12.73893928527832 10.5
vertex -9.904738426208496 12.528265953063965 10.5
vertex -9.433877944946289 12.695487976074219 11.5
endloop
endfacet
facet normal -0.7830788300831153 -0.4373702095876895 0.4421479906557079
outer loop
vertex -9.586162567138672 13.045517921447754 11.5
vertex -9.979557991027832 12.73893928527832 10.5
vertex -9.508389472961426 12.906270980834961 11.5
endloop
endfacet
facet normal -0.7058451267304291 -0.5500756209201153 0.4463176764819584
outer loop
vertex -9.586162567138672 13.045517921447754 11.5
vertex -10.116982460021973 12.915279388427734 10.5
vertex -9.979557991027832 12.73893928527832 10.5
endloop
endfacet
facet normal -0.7058467654958578 -0.5500730807068868 0.44631821553760326
outer loop
vertex -9.723586082458496 13.221858024597168 11.5
vertex -10.116982460021973 12.915279388427734 10.5
vertex -9.586162567138672 13.045517921447754 11.5
endloop
endfacet
facet normal -0.6084295372606248 -0.6594455187425322 0.4415258837250822
outer loop
vertex -10.116982460021973 12.915279388427734 10.5
vertex -9.723586082458496 13.221858024597168 11.5
vertex -9.840598106384277 13.329817771911621 11.5
endloop
endfacet
facet normal -0.4965222214043434 -0.7447146061369565 0.4459437622144454
outer loop
vertex -10.026610374450684 13.453837394714355 11.5
vertex -10.302994728088379 13.039299011230469 10.5
vertex -9.840598106384277 13.329817771911621 11.5
endloop
endfacet
facet normal -0.4965222214043434 -0.7447146061369565 0.4459437622144454
outer loop
vertex -10.302994728088379 13.039299011230469 10.5
vertex -10.116982460021973 12.915279388427734 10.5
vertex -9.840598106384277 13.329817771911621 11.5
endloop
endfacet
facet normal -0.3809854248231787 -0.8121142091723491 0.44195092185973767
outer loop
vertex -10.302994728088379 13.039299011230469 10.5
vertex -10.026610374450684 13.453837394714355 11.5
vertex -10.170933723449707 13.521543502807617 11.5
endloop
endfacet
facet normal -0.23623344499258742 -0.8626669071780934 0.44721311108543893
outer loop
vertex -10.403395652770996 13.066793441772461 10.5
vertex -10.170933723449707 13.521543502807617 11.5
vertex -10.518620491027832 13.098346710205078 10.5
endloop
endfacet
facet normal -0.23623783282914135 -0.86266550692287 0.4472134943242415
outer loop
vertex -10.170933723449707 13.521543502807617 11.5
vertex -10.403395652770996 13.066793441772461 10.5
vertex -10.302994728088379 13.039299011230469 10.5
endloop
endfacet
facet normal -0.23623892337543248 -0.8626648670831158 0.4472141524850108
outer loop
vertex -10.518620491027832 13.098346710205078 10.5
vertex -10.170933723449707 13.521543502807617 11.5
vertex -10.38655948638916 13.580592155456543 11.5
endloop
endfacet
facet normal -0.11942203555752197 -0.8880244899129283 0.44401675952398656
outer loop
vertex -10.518511772155762 13.598337173461914 11.5
vertex -10.518620491027832 13.098346710205078 10.5
vertex -10.38655948638916 13.580592155456543 11.5
endloop
endfacet
facet normal -0.00019508079096995862 -0.8944270542624942 0.4472138264262435
outer loop
vertex -28.893320083618164 13.102344512939453 10.5
vertex -10.518511772155762 13.598337173461914 11.5
vertex -28.393320083618164 13.602235794067383 11.5
endloop
endfacet
facet normal -0.0001945761249100697 -0.8944307695337483 0.4472063960314056
outer loop
vertex -28.893320083618164 13.102344512939453 10.5
vertex -15.934612274169922 13.099525451660156 10.5
vertex -10.518511772155762 13.598337173461914 11.5
endloop
endfacet
facet normal -0.00019466469718836622 -0.8944305775435353 0.44720677998079783
outer loop
vertex -10.518511772155762 13.598337173461914 11.5
vertex -15.934612274169922 13.099525451660156 10.5
vertex -10.518620491027832 13.098346710205078 10.5
endloop
endfacet
facet normal -0.8944271909999159 0 0.4472135954999579
outer loop
vertex -28.893320083618164 17.15234375 10.5
vertex -28.893320083618164 13.102344512939453 10.5
vertex -28.393320083618164 13.602235794067383 11.5
endloop
endfacet
facet normal -0.8944271909999159 0 0.4472135954999579
outer loop
vertex -28.893320083618164 17.15234375 10.5
vertex -28.393320083618164 13.602235794067383 11.5
vertex -28.393320083618164 17.15234375 11.5
endloop
endfacet
facet normal -0.8936959322152128 -0.04042865230844743 0.4468479661076064
outer loop
vertex -28.395362854003906 17.197500228881836 11.5
vertex -28.893320083618164 17.15234375 10.5
vertex -28.393320083618164 17.15234375 11.5
endloop
endfacet
facet normal -0.8907716761200992 -0.0807805332545333 0.4472139605035853
outer loop
vertex -28.904739379882812 17.27826499938965 10.5
vertex -28.893320083618164 17.15234375 10.5
vertex -28.395362854003906 17.197500228881836 11.5
endloop
endfacet
facet normal -0.8907716761200992 -0.0807805332545333 0.4472139605035853
outer loop
vertex -28.406782150268555 17.323421478271484 11.5
vertex -28.904739379882812 17.27826499938965 10.5
vertex -28.395362854003906 17.197500228881836 11.5
endloop
endfacet
facet normal -0.8750419523043759 -0.19186580626203978 0.44439745059435676
outer loop
vertex -28.433570861816406 17.44559669494629 11.5
vertex -28.904739379882812 17.27826499938965 10.5
vertex -28.406782150268555 17.323421478271484 11.5
endloop
endfacet
facet normal -0.8428545751825585 -0.2993265392481127 0.4472133584717445
outer loop
vertex -28.433570861816406 17.44559669494629 11.5
vertex -28.50838851928711 17.65627098083496 11.5
vertex -28.979557037353516 17.48893928527832 10.5
endloop
endfacet
facet normal -0.8428545751825585 -0.2993265392481127 0.4472133584717445
outer loop
vertex -28.979557037353516 17.48893928527832 10.5
vertex -28.904739379882812 17.27826499938965 10.5
vertex -28.433570861816406 17.44559669494629 11.5
endloop
endfacet
facet normal -0.7862415899329517 -0.4311910006826234 0.44260420602387185
outer loop
vertex -28.585176467895508 17.796287536621094 11.5
vertex -28.979557037353516 17.48893928527832 10.5
vertex -28.50838851928711 17.65627098083496 11.5
endloop
endfacet
facet normal -0.7054925219581265 -0.5498008307689639 0.4472128664818572
outer loop
vertex -29.116981506347656 17.665279388427734 10.5
vertex -28.979557037353516 17.48893928527832 10.5
vertex -28.585176467895508 17.796287536621094 11.5
endloop
endfacet
facet normal -0.7054925219581265 -0.5498008307689639 0.4472128664818572
outer loop
vertex -29.116981506347656 17.665279388427734 10.5
vertex -28.585176467895508 17.796287536621094 11.5
vertex -28.72260093688965 17.972627639770508 11.5
endloop
endfacet
facet normal -0.6102012531824956 -0.65708131505815 0.442604310887235
outer loop
vertex -29.116981506347656 17.665279388427734 10.5
vertex -28.72260093688965 17.972627639770508 11.5
vertex -28.839614868164062 18.0812931060791 11.5
endloop
endfacet
facet normal -0.4902557598308513 -0.7481039789262985 0.44720210941733607
outer loop
vertex -29.026609420776367 18.20383644104004 11.5
vertex -29.116981506347656 17.665279388427734 10.5
vertex -28.839614868164062 18.0812931060791 11.5
endloop
endfacet
facet normal -0.4965223786608422 -0.7447148419999381 0.4459431932365225
outer loop
vertex -29.302993774414062 17.78929901123047 10.5
vertex -29.116981506347656 17.665279388427734 10.5
vertex -29.026609420776367 18.20383644104004 11.5
endloop
endfacet
facet normal -0.38098989292323315 -0.8121122944341169 0.4419505885495544
outer loop
vertex -29.302993774414062 17.78929901123047 10.5
vertex -29.026609420776367 18.20383644104004 11.5
vertex -29.17093276977539 18.271543502807617 11.5
endloop
endfacet
facet normal -0.23623789091167935 -0.8626657190218445 0.4472130545077206
outer loop
vertex -29.40339469909668 17.81679344177246 10.5
vertex -29.302993774414062 17.78929901123047 10.5
vertex -29.386558532714844 18.330591201782227 11.5
endloop
endfacet
facet normal -0.2362333943833659 -0.8626667223655636 0.4472134943191772
outer loop
vertex -29.518619537353516 17.848346710205078 10.5
vertex -29.40339469909668 17.81679344177246 10.5
vertex -29.386558532714844 18.330591201782227 11.5
endloop
endfacet
facet normal -0.2362354610405392 -0.8626661564258982 0.44721349432271346
outer loop
vertex -29.386558532714844 18.330591201782227 11.5
vertex -29.302993774414062 17.78929901123047 10.5
vertex -29.17093276977539 18.271543502807617 11.5
endloop
endfacet
facet normal -0.11948779662500332 -0.8880142049530138 0.44401963724521104
outer loop
vertex -29.518619537353516 17.848346710205078 10.5
vertex -29.386558532714844 18.330591201782227 11.5
vertex -29.51851463317871 18.348346710205078 11.5
endloop
endfacet
facet normal -0.0001874918557541926 -0.8944271674114571 0.44721360337440696
outer loop
vertex -29.51851463317871 18.348346710205078 11.5
vertex -35.141788482666016 17.849525451660156 10.5
vertex -29.518619537353516 17.848346710205078 10.5
endloop
endfacet
facet normal -0.00018744672134502751 -0.8944272689881558 0.4472134002398809
outer loop
vertex -29.51851463317871 18.348346710205078 11.5
vertex -48.593318939208984 17.852344512939453 10.5
vertex -35.141788482666016 17.849525451660156 10.5
endloop
endfacet
facet normal -0.00018701352143519716 -0.8944305796102945 0.4472067791122306
outer loop
vertex -48.59321594238281 18.35233497619629 11.5
vertex -48.593318939208984 17.852344512939453 10.5
vertex -29.51851463317871 18.348346710205078 11.5
endloop
endfacet
facet normal 0.10033174912427803 -0.8899214746487805 0.44494191652012627
outer loop
vertex -48.7048225402832 18.339752197265625 11.5
vertex -48.593318939208984 17.852344512939453 10.5
vertex -48.59321594238281 18.35233497619629 11.5
endloop
endfacet
facet normal 0.204020244272808 -0.8714242976498988 0.4460890419997384
outer loop
vertex -49.00442886352539 18.269607543945312 11.5
vertex -48.893272399902344 17.783723831176758 10.5
vertex -48.7048225402832 18.339752197265625 11.5
endloop
endfacet
facet normal 0.19946554074058423 -0.8719024851612986 0.44721309733349446
outer loop
vertex -48.7048225402832 18.339752197265625 11.5
vertex -48.746368408203125 17.817331314086914 10.5
vertex -48.593318939208984 17.852344512939453 10.5
endloop
endfacet
facet normal 0.1994666150525066 -0.8719023093838852 0.4472129608704816
outer loop
vertex -48.746368408203125 17.817331314086914 10.5
vertex -48.7048225402832 18.339752197265625 11.5
vertex -48.893272399902344 17.783723831176758 10.5
endloop
endfacet
facet normal 0.6155759979684636 -0.6493486690422051 0.4465562637991399
outer loop
vertex -49.25859832763672 18.125097274780273 11.5
vertex -48.893272399902344 17.783723831176758 10.5
vertex -49.214664459228516 18.166746139526367 11.5
endloop
endfacet
facet normal 0.513428688715645 -0.7332176962467223 0.4458506381226595
outer loop
vertex -49.214664459228516 18.166746139526367 11.5
vertex -48.893272399902344 17.783723831176758 10.5
vertex -49.143272399902344 18.216737747192383 11.5
endloop
endfacet
facet normal 0.3782779417940396 -0.8112476143886054 0.4458509918132536
outer loop
vertex -49.143272399902344 18.216737747192383 11.5
vertex -48.893272399902344 17.783723831176758 10.5
vertex -49.06428146362305 18.253570556640625 11.5
endloop
endfacet
facet normal 0.23166453969475603 -0.8646090931995057 0.4458504872765592
outer loop
vertex -49.06428146362305 18.253570556640625 11.5
vertex -48.893272399902344 17.783723831176758 10.5
vertex -49.00442886352539 18.269607543945312 11.5
endloop
endfacet
facet normal 0.6558636936437883 -0.6089979865368357 0.4460541085496325
outer loop
vertex -49.25859832763672 18.125097274780273 11.5
vertex -49.607696533203125 17.749134063720703 11.5
vertex -49.24354934692383 17.408864974975586 10.5
endloop
endfacet
facet normal 0.6535227552239403 -0.6106625394426269 0.44721278081690813
outer loop
vertex -49.25859832763672 18.125097274780273 11.5
vertex -49.00909423828125 17.659772872924805 10.5
vertex -48.893272399902344 17.783723831176758 10.5
endloop
endfacet
facet normal 0.6535191417012317 -0.6106659161385868 0.4472134504872431
outer loop
vertex -49.00909423828125 17.659772872924805 10.5
vertex -49.25859832763672 18.125097274780273 11.5
vertex -49.24354934692383 17.408864974975586 10.5
endloop
endfacet
facet normal 0.8834275004069292 -0.1561563879016531 0.4417816587889016
outer loop
vertex -49.71339797973633 17.579875946044922 11.5
vertex -49.74354934692383 17.409299850463867 11.5
vertex -49.24354934692383 17.408864974975586 10.5
endloop
endfacet
facet normal 0.7619354319640614 -0.47582756106135177 0.43936605427837133
outer loop
vertex -49.71339797973633 17.579875946044922 11.5
vertex -49.24354934692383 17.408864974975586 10.5
vertex -49.607696533203125 17.749134063720703 11.5
endloop
endfacet
facet normal 0.8944404336026622 -0.0007768983682768935 0.44718643446062506
outer loop
vertex -49.79328155517578 -39.84722137451172 11.5
vertex -49.29331970214844 -39.84765625 10.5
vertex -49.74354934692383 17.409299850463867 11.5
endloop
endfacet
facet normal 0.8944267854254248 -0.0007774824226242159 0.44721373082076055
outer loop
vertex -49.74354934692383 17.409299850463867 11.5
vertex -49.29331970214844 -39.84765625 10.5
vertex -49.24354934692383 17.408864974975586 10.5
endloop
endfacet
facet normal 0.888820933803689 0.11211668019470182 0.4443278042779423
outer loop
vertex -49.779205322265625 -39.95881271362305 11.5
vertex -49.29331970214844 -39.84765625 10.5
vertex -49.79328155517578 -39.84722137451172 11.5
endloop
endfacet
facet normal 0.8724460297812895 0.19959852002716033 0.44609231771218893
outer loop
vertex -49.779205322265625 -39.95881271362305 11.5
vertex -49.7105827331543 -40.25876235961914 11.5
vertex -49.224700927734375 -40.147605895996094 10.5
endloop
endfacet
facet normal 0.8724473081025818 0.19958611265310547 0.4460953689745958
outer loop
vertex -49.25830841064453 -40.00069808959961 10.5
vertex -49.779205322265625 -39.95881271362305 11.5
vertex -49.224700927734375 -40.147605895996094 10.5
endloop
endfacet
facet normal 0.8724468118672298 0.1995891432816729 0.44609498354811655
outer loop
vertex -49.25830841064453 -40.00069808959961 10.5
vertex -49.29331970214844 -39.84765625 10.5
vertex -49.779205322265625 -39.95881271362305 11.5
endloop
endfacet
facet normal 0.784530069760845 0.4460388429038021 0.43076898711731904
outer loop
vertex -49.56607437133789 -40.512935638427734 11.5
vertex -49.224700927734375 -40.147605895996094 10.5
vertex -49.7105827331543 -40.25876235961914 11.5
endloop
endfacet
facet normal 0.610670622529295 0.6535125054667728 0.4472167214877195
outer loop
vertex -48.8498420715332 -40.497886657714844 10.5
vertex -49.10087203979492 -40.26331329345703 10.5
vertex -49.56607437133789 -40.512935638427734 11.5
endloop
endfacet
facet normal 0.6106607981328512 0.6535230175455125 0.44721477520533337
outer loop
vertex -49.10087203979492 -40.26331329345703 10.5
vertex -49.224700927734375 -40.147605895996094 10.5
vertex -49.56607437133789 -40.512935638427734 11.5
endloop
endfacet
facet normal 0.6106622712108342 0.6535242811424834 0.4472109172156085
outer loop
vertex -49.56607437133789 -40.512935638427734 11.5
vertex -49.19121170043945 -40.86321258544922 11.5
vertex -48.8498420715332 -40.497886657714844 10.5
endloop
endfacet
facet normal 0.1565347230842662 0.883348566359966 0.4418056029281711
outer loop
vertex -48.85152053833008 -40.997737884521484 11.5
vertex -48.8498420715332 -40.497886657714844 10.5
vertex -49.020851135253906 -40.96773147583008 11.5
endloop
endfacet
facet normal 0.46961336848861523 0.7654463091110284 0.4399491243372123
outer loop
vertex -48.8498420715332 -40.497886657714844 10.5
vertex -49.19121170043945 -40.86321258544922 11.5
vertex -49.020851135253906 -40.96773147583008 11.5
endloop
endfacet
facet normal 0.0030146472836322514 0.8944223319015245 0.44721315286739305
outer loop
vertex -31.154178619384766 -40.5573844909668 10.5
vertex -48.85152053833008 -40.997737884521484 11.5
vertex -31.223876953125 -41.057151794433594 11.5
endloop
endfacet
facet normal 0.0030074761478037105 0.8944743504613468 0.44710914937403373
outer loop
vertex -31.154178619384766 -40.5573844909668 10.5
vertex -48.8498420715332 -40.497886657714844 10.5
vertex -48.85152053833008 -40.997737884521484 11.5
endloop
endfacet
facet normal 0.24182141968459425 0.86111734119038 0.447212841589928
outer loop
vertex -31.096757888793945 -41.09284973144531 11.5
vertex -31.154178619384766 -40.5573844909668 10.5
vertex -31.223876953125 -41.057151794433594 11.5
endloop
endfacet
facet normal 0.24181971283754625 0.8611176763941596 0.44721311908830497
outer loop
vertex -30.896596908569336 -40.62971878051758 10.5
vertex -31.154178619384766 -40.5573844909668 10.5
vertex -31.096757888793945 -41.09284973144531 11.5
endloop
endfacet
facet normal 0.4614747629621035 0.7661860676264385 0.44721354286761594
outer loop
vertex -30.983203887939453 -41.1612434387207 11.5
vertex -30.69147300720215 -40.753265380859375 10.5
vertex -31.096757888793945 -41.09284973144531 11.5
endloop
endfacet
facet normal 0.46147538062992927 0.7661856352003136 0.44721364635390276
outer loop
vertex -31.096757888793945 -41.09284973144531 11.5
vertex -30.69147300720215 -40.753265380859375 10.5
vertex -30.896596908569336 -40.62971878051758 10.5
endloop
endfacet
facet normal 0.6481119206798145 0.6164012818284431 0.44721404051413033
outer loop
vertex -30.891849517822266 -41.25729751586914 11.5
vertex -30.483030319213867 -40.96162414550781 10.5
vertex -30.983203887939453 -41.1612434387207 11.5
endloop
endfacet
facet normal 0.6481025901133175 0.6164128087445163 0.44721167460622674
outer loop
vertex -30.483030319213867 -40.96162414550781 10.5
vertex -30.56635856628418 -40.8740119934082 10.5
vertex -30.983203887939453 -41.1612434387207 11.5
endloop
endfacet
facet normal 0.622076483955951 0.6445791716673707 0.4444530791451529
outer loop
vertex -30.983203887939453 -41.1612434387207 11.5
vertex -30.56635856628418 -40.8740119934082 10.5
vertex -30.69147300720215 -40.753265380859375 10.5
endloop
endfacet
facet normal 0.7883538975438674 0.42248963567970915 0.44721431100829073
outer loop
vertex -30.891849517822266 -41.25729751586914 11.5
vertex -30.829233169555664 -41.37413787841797 11.5
vertex -30.356651306152344 -41.19744110107422 10.5
endloop
endfacet
facet normal 0.7883521435102825 0.4224936481028811 0.4472136124219186
outer loop
vertex -30.483030319213867 -40.96162414550781 10.5
vertex -30.891849517822266 -41.25729751586914 11.5
vertex -30.356651306152344 -41.19744110107422 10.5
endloop
endfacet
facet normal 0.8721535759633532 0.1983627120942653 0.4472140140748535
outer loop
vertex -30.829233169555664 -41.37413787841797 11.5
vertex -30.329557418823242 -41.316566467285156 10.5
vertex -30.356651306152344 -41.19744110107422 10.5
endloop
endfacet
facet normal 0.8721554210368686 0.1983536917976668 0.44721441670214346
outer loop
vertex -30.297317504882812 -41.45832443237305 10.5
vertex -30.329557418823242 -41.316566467285156 10.5
vertex -30.829233169555664 -41.37413787841797 11.5
endloop
endfacet
facet normal 0.8721549675107141 0.19835682441622376 0.4472139117401164
outer loop
vertex -30.7972469329834 -41.51477813720703 11.5
vertex -30.297317504882812 -41.45832443237305 10.5
vertex -30.829233169555664 -41.37413787841797 11.5
endloop
endfacet
facet normal 0.8944461097916377 0.001138823173622548 0.4471743057918074
outer loop
vertex -30.293319702148438 -44.59765625 10.5
vertex -30.29667091369629 -41.965572357177734 10.5
vertex -30.793264389038086 -44.59829330444336 11.5
endloop
endfacet
facet normal 0.894428815355117 0.001155208218514511 0.44720885473838046
outer loop
vertex -30.7972469329834 -41.51477813720703 11.5
vertex -30.793264389038086 -44.59829330444336 11.5
vertex -30.29667091369629 -41.965572357177734 10.5
endloop
endfacet
facet normal 0.8944261124075851 0.0011401289448386552 0.44721429935707896
outer loop
vertex -30.29667091369629 -41.965572357177734 10.5
vertex -30.297317504882812 -41.45832443237305 10.5
vertex -30.7972469329834 -41.51477813720703 11.5
endloop
endfacet
facet normal 0.8886827328449359 0.11306380482073843 0.4443642384156427
outer loop
vertex -30.779203414916992 -44.70881271362305 11.5
vertex -30.293319702148438 -44.59765625 10.5
vertex -30.793264389038086 -44.59829330444336 11.5
endloop
endfacet
facet normal 0.8724471466344866 0.19958767993973225 0.44609498354679755
outer loop
vertex -30.779203414916992 -44.70881271362305 11.5
vertex -30.71058464050293 -45.00876235961914 11.5
vertex -30.224699020385742 -44.897605895996094 10.5
endloop
endfacet
facet normal 0.8724476602551987 0.1995884139390305 0.44609365063463
outer loop
vertex -30.779203414916992 -44.70881271362305 11.5
vertex -30.258310317993164 -44.75069046020508 10.5
vertex -30.293319702148438 -44.59765625 10.5
endloop
endfacet
facet normal 0.8724460711653156 0.1995981183765896 0.4460924164887027
outer loop
vertex -30.224699020385742 -44.897605895996094 10.5
vertex -30.258310317993164 -44.75069046020508 10.5
vertex -30.779203414916992 -44.70881271362305 11.5
endloop
endfacet
facet normal 0.7332302653873112 0.5134100570581702 0.44585142282107815
outer loop
vertex -30.657712936401367 -45.147605895996094 11.5
vertex -30.60772132873535 -45.21900177001953 11.5
vertex -30.224699020385742 -44.897605895996094 10.5
endloop
endfacet
facet normal 0.8646053483110244 0.23167632317721637 0.44585162661030847
outer loop
vertex -30.224699020385742 -44.897605895996094 10.5
vertex -30.71058464050293 -45.00876235961914 11.5
vertex -30.69454574584961 -45.06861877441406 11.5
endloop
endfacet
facet normal 0.8112403560502923 0.37829282612979803 0.4458515699356965
outer loop
vertex -30.657712936401367 -45.147605895996094 11.5
vertex -30.224699020385742 -44.897605895996094 10.5
vertex -30.69454574584961 -45.06861877441406 11.5
endloop
endfacet
facet normal 0.6329222425863963 0.6329504803950242 0.4458510112213664
outer loop
vertex -30.56496810913086 -45.26175308227539 11.5
vertex -30.224699020385742 -44.897605895996094 10.5
vertex -30.60772132873535 -45.21900177001953 11.5
endloop
endfacet
facet normal 0.6110627991894827 0.6539391454080948 0.4460558816444915
outer loop
vertex -30.190109252929688 -45.61203384399414 11.5
vertex -29.84984016418457 -45.247886657714844 10.5
vertex -30.56496810913086 -45.26175308227539 11.5
endloop
endfacet
facet normal 0.6110682053539437 0.6539340936789803 0.44605588162220333
outer loop
vertex -30.100948333740234 -45.01324462890625 10.5
vertex -30.224699020385742 -44.897605895996094 10.5
vertex -30.56496810913086 -45.26175308227539 11.5
endloop
endfacet
facet normal 0.6110606448065233 0.6539421807081224 0.446054383073792
outer loop
vertex -29.84984016418457 -45.247886657714844 10.5
vertex -30.100948333740234 -45.01324462890625 10.5
vertex -30.56496810913086 -45.26175308227539 11.5
endloop
endfacet
facet normal 0.07798278674028579 0.8917040920981912 0.44585030795947606
outer loop
vertex -29.84984016418457 -45.247886657714844 10.5
vertex -29.936664581298828 -45.740291595458984 11.5
vertex -29.85125732421875 -45.74776077270508 11.5
endloop
endfacet
facet normal 0.47581549818034646 0.761943613911577 0.4393649290860101
outer loop
vertex -29.84984016418457 -45.247886657714844 10.5
vertex -30.190109252929688 -45.61203384399414 11.5
vertex -30.020851135253906 -45.71773147583008 11.5
endloop
endfacet
facet normal 0.23169384456484537 0.8646011930506549 0.44585057964092156
outer loop
vertex -29.936664581298828 -45.740291595458984 11.5
vertex -29.84984016418457 -45.247886657714844 10.5
vertex -30.020851135253906 -45.71773147583008 11.5
endloop
endfacet
facet normal 0.0025356952654151223 0.8944679139186943 0.44712495034325744
outer loop
vertex -12.293319702148438 -45.29765701293945 10.5
vertex -29.84984016418457 -45.247886657714844 10.5
vertex -29.85125732421875 -45.74776077270508 11.5
endloop
endfacet
facet normal 0.00254175651637844 0.8944244680660675 0.4472118182679696
outer loop
vertex -12.293319702148438 -45.29765701293945 10.5
vertex -29.85125732421875 -45.74776077270508 11.5
vertex -12.322688102722168 -45.79757308959961 11.5
endloop
endfacet
facet normal 0.10221355709556383 0.8885686167234367 0.44721158540457095
outer loop
vertex -12.18549633026123 -45.8133544921875 11.5
vertex -12.293319702148438 -45.29765701293945 10.5
vertex -12.322688102722168 -45.79757308959961 11.5
endloop
endfacet
facet normal 0.1022054967887554 0.8885690055500636 0.4472126550109409
outer loop
vertex -12.06627368927002 -45.32377243041992 10.5
vertex -12.293319702148438 -45.29765701293945 10.5
vertex -12.18549633026123 -45.8133544921875 11.5
endloop
endfacet
facet normal 0.317775573442831 0.8360738081314167 0.44721278188320035
outer loop
vertex -11.816183090209961 -45.418827056884766 10.5
vertex -12.06627368927002 -45.32377243041992 10.5
vertex -12.18549633026123 -45.8133544921875 11.5
endloop
endfacet
facet normal 0.31779053709189614 0.8360666707869396 0.44721549227870816
outer loop
vertex -12.056915283203125 -45.86222839355469 11.5
vertex -11.816183090209961 -45.418827056884766 10.5
vertex -12.18549633026123 -45.8133544921875 11.5
endloop
endfacet
facet normal 0.528080599432294 0.7218944304840497 0.4472128260004831
outer loop
vertex -11.600245475769043 -45.57678985595703 10.5
vertex -11.816183090209961 -45.418827056884766 10.5
vertex -11.949925422668457 -45.94049072265625 11.5
endloop
endfacet
facet normal 0.5280668702105094 0.7219028802922891 0.44721539778028
outer loop
vertex -11.949925422668457 -45.94049072265625 11.5
vertex -11.816183090209961 -45.418827056884766 10.5
vertex -12.056915283203125 -45.86222839355469 11.5
endloop
endfacet
facet normal 0.7005867872329901 0.5560371933059364 0.44721448234042455
outer loop
vertex -11.86751651763916 -46.0443229675293 11.5
vertex -11.433919906616211 -45.78635025024414 10.5
vertex -11.949925422668457 -45.94049072265625 11.5
endloop
endfacet
facet normal 0.7005788039899907 0.5560490900227006 0.4472121967085431
outer loop
vertex -11.49132251739502 -45.714027404785156 10.5
vertex -11.949925422668457 -45.94049072265625 11.5
vertex -11.433919906616211 -45.78635025024414 10.5
endloop
endfacet
facet normal 0.7005845025430572 0.5560412384190344 0.4472130319813184
outer loop
vertex -11.49132251739502 -45.714027404785156 10.5
vertex -11.600245475769043 -45.57678985595703 10.5
vertex -11.949925422668457 -45.94049072265625 11.5
endloop
endfacet
facet normal 0.8229382041396223 0.3503896463453233 0.4472133807272011
outer loop
vertex -11.86751651763916 -46.0443229675293 11.5
vertex -11.815587043762207 -46.16628646850586 11.5
vertex -11.329110145568848 -46.03251266479492 10.5
endloop
endfacet
facet normal 0.8229379141543464 0.350389506644605 0.4472140237969333
outer loop
vertex -11.86751651763916 -46.0443229675293 11.5
vertex -11.408163070678711 -45.84684371948242 10.5
vertex -11.433919906616211 -45.78635025024414 10.5
endloop
endfacet
facet normal 0.8229394713756518 0.350385856348321 0.4472140182541424
outer loop
vertex -11.329110145568848 -46.03251266479492 10.5
vertex -11.408163070678711 -45.84684371948242 10.5
vertex -11.86751651763916 -46.0443229675293 11.5
endloop
endfacet
facet normal 0.8863884084303567 0.11964829195056192 0.4472134564540877
outer loop
vertex -11.815587043762207 -46.16628646850586 11.5
vertex -11.793319702148438 -46.33124923706055 11.5
vertex -11.293319702148438 -46.29765701293945 10.5
endloop
endfacet
facet normal 0.8863883046881915 0.11965019981698231 0.4472131516354925
outer loop
vertex -11.293319702148438 -46.29765701293945 10.5
vertex -11.319275856018066 -46.105369567871094 10.5
vertex -11.815587043762207 -46.16628646850586 11.5
endloop
endfacet
facet normal 0.8863889190354223 0.11964556433705002 0.44721317416382583
outer loop
vertex -11.329110145568848 -46.03251266479492 10.5
vertex -11.815587043762207 -46.16628646850586 11.5
vertex -11.319275856018066 -46.105369567871094 10.5
endloop
endfacet
facet normal 0.8944271909999159 0 0.4472135954999579
outer loop
vertex -11.793319702148438 -46.33124923706055 11.5
vertex -11.793319702148438 -49.34765625 11.5
vertex -11.293319702148438 -49.34765625 10.5
endloop
endfacet
facet normal 0.8944271909999159 0 0.4472135954999579
outer loop
vertex -11.293319702148438 -49.34765625 10.5
vertex -11.293319702148438 -46.29765701293945 10.5
vertex -11.793319702148438 -46.33124923706055 11.5
endloop
endfacet
facet normal 0.8887131868825096 0.11285428359799601 0.4443565934412548
outer loop
vertex -11.793319702148438 -49.34765625 11.5
vertex -11.779204368591309 -49.45881271362305 11.5
vertex -11.293319702148438 -49.34765625 10.5
endloop
endfacet
facet normal 0.00008991937485212233 -0.8660252110277629 0.5000003257787188
outer loop
vertex 65.35493469238281 -56.69295883178711 11.5
vertex 26.891347885131836 -57.851654052734375 9.5
vertex 65.39470672607422 -57.84765625 9.5
endloop
endfacet
facet normal 0.00009018407999674732 -0.8660274134567649 0.4999965109960441
outer loop
vertex 26.89122772216797 -56.696964263916016 11.5
vertex 26.891347885131836 -57.851654052734375 9.5
vertex 65.35493469238281 -56.69295883178711 11.5
endloop
endfacet
facet normal 0.0594993066971149 -0.8639797497463013 0.4999988245294996
outer loop
vertex 65.39470672607422 -57.84765625 9.5
vertex 66.56969451904297 -57.76673889160156 9.5
vertex 66.39604949951172 -56.62126541137695 11.5
endloop
endfacet
facet normal 0.0594954736977638 -0.8639791248558631 0.5000003604226457
outer loop
vertex 65.35493469238281 -56.69295883178711 11.5
vertex 65.39470672607422 -57.84765625 9.5
vertex 66.39604949951172 -56.62126541137695 11.5
endloop
endfacet
facet normal 0.19923654500893223 -0.8427953324946249 0.5000008266574949
outer loop
vertex 67.77687072753906 -57.48135757446289 9.5
vertex 68.13673400878906 -57.39628601074219 9.5
vertex 67.76414489746094 -56.29783630371094 11.5
endloop
endfacet
facet normal 0.1992403082259115 -0.8427957452690459 0.499998631332564
outer loop
vertex 66.39604949951172 -56.62126541137695 11.5
vertex 66.56969451904297 -57.76673889160156 9.5
vertex 67.77687072753906 -57.48135757446289 9.5
endloop
endfacet
facet normal 0.19924351896057407 -0.8427940927402532 0.5000001373943219
outer loop
vertex 66.39604949951172 -56.62126541137695 11.5
vertex 67.77687072753906 -57.48135757446289 9.5
vertex 67.76414489746094 -56.29783630371094 11.5
endloop
endfacet
facet normal 0.35462392277558796 -0.790089642458568 0.5000002302748928
outer loop
vertex 69.0326919555664 -55.72846221923828 11.5
vertex 68.645751953125 -57.167816162109375 9.5
vertex 69.60576629638672 -56.73692321777344 9.5
endloop
endfacet
facet normal 0.354626994290878 -0.790088953619809 0.4999991402874339
outer loop
vertex 68.13673400878906 -57.39628601074219 9.5
vertex 68.645751953125 -57.167816162109375 9.5
vertex 69.0326919555664 -55.72846221923828 11.5
endloop
endfacet
facet normal 0.3546233438426836 -0.790089348699123 0.5000011050728081
outer loop
vertex 67.76414489746094 -56.29783630371094 11.5
vertex 68.13673400878906 -57.39628601074219 9.5
vertex 69.0326919555664 -55.72846221923828 11.5
endloop
endfacet
facet normal 0.4972756437509976 -0.7090252590097835 0.5000001162181268
outer loop
vertex 69.0326919555664 -55.72846221923828 11.5
vertex 69.60576629638672 -56.73692321777344 9.5
vertex 70.17108917236328 -54.93004608154297 11.5
endloop
endfacet
facet normal 0.49727644887008277 -0.7090250121178574 0.49999966559032016
outer loop
vertex 70.17108917236328 -54.93004608154297 11.5
vertex 69.60576629638672 -56.73692321777344 9.5
vertex 70.92407989501953 -55.812320709228516 9.5
endloop
endfacet
facet normal 0.6220805158578673 -0.6025077456054989 0.5000002482753275
outer loop
vertex 70.17108917236328 -54.93004608154297 11.5
vertex 72.04434204101562 -54.655670166015625 9.5
vertex 71.13845825195312 -53.931251525878906 11.5
endloop
endfacet
facet normal 0.6220763621995244 -0.6025125463924654 0.4999996310321371
outer loop
vertex 70.17108917236328 -54.93004608154297 11.5
vertex 70.92407989501953 -55.812320709228516 9.5
vertex 71.21907806396484 -55.50774383544922 9.5
endloop
endfacet
facet normal 0.6220806503764941 -0.6025074708825424 0.5000004119577106
outer loop
vertex 70.17108917236328 -54.93004608154297 11.5
vertex 71.21907806396484 -55.50774383544922 9.5
vertex 72.04434204101562 -54.655670166015625 9.5
endloop
endfacet
facet normal 0.724551167210033 -0.4743683948045986 0.5000002321050335
outer loop
vertex 71.13845825195312 -53.931251525878906 11.5
vertex 72.04434204101562 -54.655670166015625 9.5
vertex 71.90009307861328 -52.76792907714844 11.5
endloop
endfacet
facet normal 0.7245546471377043 -0.4743645461913698 0.49999884062646854
outer loop
vertex 71.90009307861328 -52.76792907714844 11.5
vertex 72.68359375 -53.67927169799805 9.5
vertex 72.92634582519531 -53.30848693847656 9.5
endloop
endfacet
facet normal 0.7245525731081863 -0.4743672647795428 0.49999926690734386
outer loop
vertex 72.04434204101562 -54.655670166015625 9.5
vertex 72.68359375 -53.67927169799805 9.5
vertex 71.90009307861328 -52.76792907714844 11.5
endloop
endfacet
facet normal 0.8010182502766054 -0.3291952811872866 0.5000002295677761
outer loop
vertex 71.90009307861328 -52.76792907714844 11.5
vertex 73.05419158935547 -52.99741744995117 9.5
vertex 72.42864227294922 -51.48183059692383 11.5
endloop
endfacet
facet normal 0.8010169812572369 -0.32919699701424227 0.5000011328930649
outer loop
vertex 73.05419158935547 -52.99741744995117 9.5
vertex 73.53843688964844 -51.819129943847656 9.5
vertex 72.42864227294922 -51.48183059692383 11.5
endloop
endfacet
facet normal 0.8010140867859172 -0.32920701581388473 0.49999917350875644
outer loop
vertex 71.90009307861328 -52.76792907714844 11.5
vertex 72.92634582519531 -53.30848693847656 9.5
vertex 73.05419158935547 -52.99741744995117 9.5
endloop
endfacet
facet normal 0.8487293097881844 -0.1722160154740736 0.5000002027206647
outer loop
vertex 72.7040023803711 -50.12471389770508 11.5
vertex 73.84160614013672 -50.32494354248047 9.5
vertex 73.85862731933594 -50.241058349609375 9.5
endloop
endfacet
facet normal 0.848730409287086 -0.1722081062063723 0.5000010605070656
outer loop
vertex 72.42864227294922 -51.48183059692383 11.5
vertex 73.53843688964844 -51.819129943847656 9.5
vertex 72.7040023803711 -50.12471389770508 11.5
endloop
endfacet
facet normal 0.8487311025527812 -0.17220687592363318 0.5000003074440684
outer loop
vertex 73.53843688964844 -51.819129943847656 9.5
vertex 73.84160614013672 -50.32494354248047 9.5
vertex 72.7040023803711 -50.12471389770508 11.5
endloop
endfacet
facet normal 0.8660243012137204 -0.0005745859413501949 0.5000015795557883
outer loop
vertex 72.76222229003906 37.62199401855469 11.5
vertex 73.8792724609375 -19.132902145385742 9.5
vertex 73.91695404052734 37.66132354736328 9.5
endloop
endfacet
facet normal 0.8660240446802422 -0.000574606647347845 0.5000020238587787
outer loop
vertex 72.76222229003906 37.62199401855469 11.5
vertex 72.7040023803711 -50.12471389770508 11.5
vertex 73.8792724609375 -19.132902145385742 9.5
endloop
endfacet
facet normal 0.8660249582385031 -0.0005747434137833486 0.5000004413778126
outer loop
vertex 72.7040023803711 -50.12471389770508 11.5
vertex 73.85862731933594 -50.241058349609375 9.5
vertex 73.8792724609375 -19.132902145385742 9.5
endloop
endfacet
facet normal 0.8639784248093348 0.05949560561011772 0.5000015543746499
outer loop
vertex 72.69055938720703 38.662662506103516 11.5
vertex 72.76222229003906 37.62199401855469 11.5
vertex 73.88206481933594 38.167972564697266 9.5
endloop
endfacet
facet normal 0.8639783765983101 0.05949588700348714 0.5000016041976433
outer loop
vertex 72.76222229003906 37.62199401855469 11.5
vertex 73.91695404052734 37.66132354736328 9.5
vertex 73.88206481933594 38.167972564697266 9.5
endloop
endfacet
facet normal 0.8639787647166176 0.05950175955086277 0.5000002347290435
outer loop
vertex 73.88206481933594 38.167972564697266 9.5
vertex 73.8360366821289 38.83631134033203 9.5
vertex 72.69055938720703 38.662662506103516 11.5
endloop
endfacet
facet normal 0.8427942809683672 0.1992412134732573 0.5000007388201709
outer loop
vertex 72.69055938720703 38.662662506103516 11.5
vertex 73.46558380126953 40.403343200683594 9.5
vertex 72.36713409423828 40.030757904052734 11.5
endloop
endfacet
facet normal 0.8427959587776956 0.19923847213013388 0.49999900309024076
outer loop
vertex 73.66241455078125 39.57073211669922 9.5
vertex 73.46558380126953 40.403343200683594 9.5
vertex 72.69055938720703 38.662662506103516 11.5
endloop
endfacet
facet normal 0.842794414374833 0.199242406016165 0.5000000387434705
outer loop
vertex 72.69055938720703 38.662662506103516 11.5
vertex 73.8360366821289 38.83631134033203 9.5
vertex 73.66241455078125 39.57073211669922 9.5
endloop
endfacet
facet normal 0.7900897627660259 0.3546246956737232 0.499999491990386
outer loop
vertex 73.46558380126953 40.403343200683594 9.5
vertex 72.9244384765625 41.60899353027344 9.5
vertex 71.79776000976562 41.29930877685547 11.5
endloop
endfacet
facet normal 0.7900924076769398 0.3546181344887229 0.4999999660229931
outer loop
vertex 71.79776000976562 41.29930877685547 11.5
vertex 72.9244384765625 41.60899353027344 9.5
vertex 72.80622100830078 41.87238311767578 9.5
endloop
endfacet
facet normal 0.790089993172693 0.35462256670857545 0.5000006378689891
outer loop
vertex 73.46558380126953 40.403343200683594 9.5
vertex 71.79776000976562 41.29930877685547 11.5
vertex 72.36713409423828 40.030757904052734 11.5
endloop
endfacet
facet normal 0.7090245022192956 0.49727677931827835 0.5000000600035167
outer loop
vertex 71.79776000976562 41.29930877685547 11.5
vertex 72.80622100830078 41.87238311767578 9.5
vertex 70.99934387207031 42.43770217895508 11.5
endloop
endfacet
facet normal 0.7090233096609281 0.4972806682235068 0.4999978833641661
outer loop
vertex 72.80622100830078 41.87238311767578 9.5
vertex 72.37621307373047 42.48548889160156 9.5
vertex 70.99934387207031 42.43770217895508 11.5
endloop
endfacet
facet normal 0.7090255786706309 0.49727597518266914 0.4999993332964581
outer loop
vertex 72.37621307373047 42.48548889160156 9.5
vertex 71.8816146850586 43.190696716308594 9.5
vertex 70.99934387207031 42.43770217895508 11.5
endloop
endfacet
facet normal 0.6025098635603959 0.6220785599837251 0.5000001295209913
outer loop
vertex 70.00054931640625 43.40507507324219 11.5
vertex 71.8816146850586 43.190696716308594 9.5
vertex 70.72496795654297 44.31095886230469 9.5
endloop
endfacet
facet normal 0.6025092848647825 0.6220796520285667 0.4999994681834631
outer loop
vertex 70.00054931640625 43.40507507324219 11.5
vertex 70.99934387207031 42.43770217895508 11.5
vertex 71.8816146850586 43.190696716308594 9.5
endloop
endfacet
facet normal 0.47436675765004843 0.7245522955841441 0.5000001502003047
outer loop
vertex 70.00054931640625 43.40507507324219 11.5
vertex 70.72496795654297 44.31095886230469 9.5
vertex 68.83722686767578 44.16670608520508 11.5
endloop
endfacet
facet normal 0.4743657120109787 0.7245535964894371 0.49999925708198734
outer loop
vertex 70.72496795654297 44.31095886230469 9.5
vertex 69.47051239013672 45.13225173950195 9.5
vertex 68.83722686767578 44.16670608520508 11.5
endloop
endfacet
facet normal 0.47437690503529123 0.7245462650077197 0.49999926183195637
outer loop
vertex 69.3777847290039 45.192962646484375 9.5
vertex 68.83722686767578 44.16670608520508 11.5
vertex 69.47051239013672 45.13225173950195 9.5
endloop
endfacet
facet normal 0.32919454676096355 0.8010188391204877 0.49999976975685695
outer loop
vertex 68.83722686767578 44.16670608520508 11.5
vertex 69.3777847290039 45.192962646484375 9.5
vertex 67.5511245727539 44.695255279541016 11.5
endloop
endfacet
facet normal 0.32919688009472203 0.8010167349827995 0.5000016044108228
outer loop
vertex 68.91376495361328 45.383663177490234 9.5
vertex 67.888427734375 45.805049896240234 9.5
vertex 67.5511245727539 44.695255279541016 11.5
endloop
endfacet
facet normal 0.32919764332659823 0.8010162096026767 0.500001943578197
outer loop
vertex 69.3777847290039 45.192962646484375 9.5
vertex 68.91376495361328 45.383663177490234 9.5
vertex 67.5511245727539 44.695255279541016 11.5
endloop
endfacet
facet normal 0.17221200208114354 0.8487301826542651 0.5000001033908511
outer loop
vertex 67.5511245727539 44.695255279541016 11.5
vertex 66.94295501708984 45.99688720703125 9.5
vertex 66.19407653808594 44.97060775756836 11.5
endloop
endfacet
facet normal 0.1722081721353539 0.8487302484389719 0.500001310832803
outer loop
vertex 67.888427734375 45.805049896240234 9.5
vertex 66.94295501708984 45.99688720703125 9.5
vertex 67.5511245727539 44.695255279541016 11.5
endloop
endfacet
facet normal 0.17221094116027943 0.848730527653693 0.49999988317336097
outer loop
vertex 66.94295501708984 45.99688720703125 9.5
vertex 66.31035614013672 46.125244140625 9.5
vertex 66.19407653808594 44.97060775756836 11.5
endloop
endfacet
facet normal 0.0004734575588059415 0.8660358405507406 0.499981698384563
outer loop
vertex 43.93463134765625 46.137474060058594 9.5
vertex -19.848905563354492 46.17234420776367 9.5
vertex -19.849536895751953 45.0177001953125 11.5
endloop
endfacet
facet normal 0.0004733442694676239 0.866025419318154 0.4999997490399553
outer loop
vertex 66.31035614013672 46.125244140625 9.5
vertex 43.93463134765625 46.137474060058594 9.5
vertex 66.19407653808594 44.97060775756836 11.5
endloop
endfacet
facet normal 0.00047398512877650623 0.8660284994252173 0.499994413490195
outer loop
vertex 43.93463134765625 46.137474060058594 9.5
vertex -19.849536895751953 45.0177001953125 11.5
vertex 66.19407653808594 44.97060775756836 11.5
endloop
endfacet
facet normal 0.024303570285993458 0.8657768746797732 0.4998397140494921
outer loop
vertex -19.848905563354492 46.17234420776367 9.5
vertex -19.915037155151367 45.01953887939453 11.5
vertex -19.849536895751953 45.0177001953125 11.5
endloop
endfacet
facet normal 0.04959745632495802 0.8646039943952091 0.5000000252019425
outer loop
vertex -19.848905563354492 46.17234420776367 9.5
vertex -20.200918197631836 45.03593826293945 11.5
vertex -19.915037155151367 45.01953887939453 11.5
endloop
endfacet
facet normal 0.04959419836169083 0.864604201796483 0.4999999897247277
outer loop
vertex -20.006635665893555 46.181392669677734 9.5
vertex -20.134788513183594 46.188743591308594 9.5
vertex -20.200918197631836 45.03593826293945 11.5
endloop
endfacet
facet normal 0.04959949923182449 0.8646037496785325 0.5000002457177133
outer loop
vertex -19.848905563354492 46.17234420776367 9.5
vertex -20.006635665893555 46.181392669677734 9.5
vertex -20.200918197631836 45.03593826293945 11.5
endloop
endfacet
facet normal 0.12828868208752373 0.8573805016384292 0.4984382503966583
outer loop
vertex -20.200918197631836 45.03593826293945 11.5
vertex -20.134788513183594 46.188743591308594 9.5
vertex -20.37298011779785 45.061683654785156 11.5
endloop
endfacet
facet normal 0.179070037863701 0.8473092012152829 0.5000010390743324
outer loop
vertex -34.858741760253906 49.30047607421875 9.5
vertex -37.37537384033203 49.832340240478516 9.5
vertex -37.6141357421875 48.70259094238281 11.5
endloop
endfacet
facet normal 0.17906893073827804 0.8473101652130047 0.4999998019709211
outer loop
vertex -20.134788513183594 46.188743591308594 9.5
vertex -34.858741760253906 49.30047607421875 9.5
vertex -37.6141357421875 48.70259094238281 11.5
endloop
endfacet
facet normal 0.17904324699182628 0.8478415518564104 0.4991074219567743
outer loop
vertex -20.134788513183594 46.188743591308594 9.5
vertex -37.6141357421875 48.70259094238281 11.5
vertex -20.37298011779785 45.061683654785156 11.5
endloop
endfacet
facet normal 0.20791089686297173 0.8408272273092873 0.4997825855119514
outer loop
vertex -37.37537384033203 49.832340240478516 9.5
vertex -37.69062423706055 48.72150421142578 11.5
vertex -37.6141357421875 48.70259094238281 11.5
endloop
endfacet
facet normal 0.2364356179683382 0.833125039787791 0.5000008666337707
outer loop
vertex -37.37537384033203 49.832340240478516 9.5
vertex -38.01891326904297 48.81467056274414 11.5
vertex -37.69062423706055 48.72150421142578 11.5
endloop
endfacet
facet normal 0.2364356179683382 0.833125039787791 0.5000008666337707
outer loop
vertex -37.37537384033203 49.832340240478516 9.5
vertex -37.70366287231445 49.925506591796875 9.5
vertex -38.01891326904297 48.81467056274414 11.5
endloop
endfacet
facet normal 0.308987921005968 0.8099225351757686 0.4985498487482125
outer loop
vertex -37.70366287231445 49.925506591796875 9.5
vertex -38.15317153930664 48.86589050292969 11.5
vertex -38.01891326904297 48.81467056274414 11.5
endloop
endfacet
facet normal 0.33847942117914104 0.7978893126563253 0.4988028931221734
outer loop
vertex -38.15317153930664 48.86589050292969 11.5
vertex -37.70366287231445 49.925506591796875 9.5
vertex -48.34612274169922 54.44023513793945 9.5
endloop
endfacet
facet normal 0.3381488365787682 0.7975562024701222 0.49955927398244054
outer loop
vertex -48.34612274169922 54.44023513793945 9.5
vertex -54.99066925048828 56.00467300415039 11.5
vertex -38.15317153930664 48.86589050292969 11.5
endloop
endfacet
facet normal 0.33821028937137676 0.7972540421054443 0.4999997925098169
outer loop
vertex -48.34612274169922 54.44023513793945 9.5
vertex -54.57615661621094 57.083133697509766 9.5
vertex -54.99066925048828 56.00467300415039 11.5
endloop
endfacet
facet normal 0.2828310808131961 0.8185387562704354 0.5000008842085064
outer loop
vertex -55.690101623535156 57.468040466308594 9.5
vertex -55.97782897949219 56.345767974853516 11.5
vertex -54.99066925048828 56.00467300415039 11.5
endloop
endfacet
facet normal 0.28283315625555605 0.8185386710623799 0.4999998496979308
outer loop
vertex -54.57615661621094 57.083133697509766 9.5
vertex -54.96332931518555 57.216915130615234 9.5
vertex -54.99066925048828 56.00467300415039 11.5
endloop
endfacet
facet normal 0.28283377864172893 0.8185385103225464 0.49999976077813096
outer loop
vertex -54.96332931518555 57.216915130615234 9.5
vertex -55.690101623535156 57.468040466308594 9.5
vertex -54.99066925048828 56.00467300415039 11.5
endloop
endfacet
facet normal 0.1458797176335598 0.8536507895242904 0.4999994375273921
outer loop
vertex -56.81658172607422 57.66054153442383 9.5
vertex -57.277320861816406 57.73927688598633 9.5
vertex -57.36351776123047 56.58256912231445 11.5
endloop
endfacet
facet normal 0.14587809156551604 0.8536511986861044 0.4999992133823615
outer loop
vertex -55.690101623535156 57.468040466308594 9.5
vertex -56.81658172607422 57.66054153442383 9.5
vertex -57.36351776123047 56.58256912231445 11.5
endloop
endfacet
facet normal 0.14588070643909182 0.8536498262452494 0.5000007936396572
outer loop
vertex -55.690101623535156 57.468040466308594 9.5
vertex -57.36351776123047 56.58256912231445 11.5
vertex -55.97782897949219 56.345767974853516 11.5
endloop
endfacet
facet normal -0.017742609576364643 0.8658439408824719 0.49999946984225013
outer loop
vertex -57.44913864135742 57.735755920410156 9.5
vertex -58.887210845947266 57.7062873840332 9.5
vertex -57.36351776123047 56.58256912231445 11.5
endloop
endfacet
facet normal -0.017743254750903707 0.8658439189983249 0.49999948484420137
outer loop
vertex -57.277320861816406 57.73927688598633 9.5
vertex -57.44913864135742 57.735755920410156 9.5
vertex -57.36351776123047 56.58256912231445 11.5
endloop
endfacet
facet normal -0.017743254141702997 0.8658437168048203 0.4999998350020499
outer loop
vertex -57.36351776123047 56.58256912231445 11.5
vertex -58.887210845947266 57.7062873840332 9.5
vertex -58.75369644165039 56.554080963134766 11.5
endloop
endfacet
facet normal -0.18072968141110599 0.8469572666678392 0.5000001706955538
outer loop
vertex -58.887210845947266 57.7062873840332 9.5
vertex -60.46198654174805 57.3702507019043 9.5
vertex -60.11355209350586 56.2639045715332 11.5
endloop
endfacet
facet normal -0.18073022650036102 0.8469573234789359 0.49999987743450997
outer loop
vertex -58.887210845947266 57.7062873840332 9.5
vertex -60.11355209350586 56.2639045715332 11.5
vertex -58.75369644165039 56.554080963134766 11.5
endloop
endfacet
facet normal -0.33723059950720174 0.797669261265459 0.49999927238770075
outer loop
vertex -60.46198654174805 57.3702507019043 9.5
vertex -61.94511413574219 56.743228912353516 9.5
vertex -61.39427185058594 55.72245788574219 11.5
endloop
endfacet
facet normal -0.3372287057906879 0.7976694243306891 0.5000002894786006
outer loop
vertex -60.11355209350586 56.2639045715332 11.5
vertex -60.46198654174805 57.3702507019043 9.5
vertex -61.39427185058594 55.72245788574219 11.5
endloop
endfacet
facet normal -0.48162497966167866 0.7197479420990879 0.5000002788099379
outer loop
vertex -61.39427185058594 55.72245788574219 11.5
vertex -62.78099822998047 56.183895111083984 9.5
vertex -62.54988098144531 54.94917297363281 11.5
endloop
endfacet
facet normal -0.4816233465870328 0.719748798634705 0.5000006188858225
outer loop
vertex -62.78099822998047 56.183895111083984 9.5
vertex -63.28336715698242 55.84773254394531 9.5
vertex -62.54988098144531 54.94917297363281 11.5
endloop
endfacet
facet normal -0.4816226013134761 0.719750301072194 0.49999917400984434
outer loop
vertex -61.94511413574219 56.743228912353516 9.5
vertex -62.78099822998047 56.183895111083984 9.5
vertex -61.39427185058594 55.72245788574219 11.5
endloop
endfacet
facet normal -0.60872860623274 0.615994128044463 0.5000007181681716
outer loop
vertex -62.54988098144531 54.94917297363281 11.5
vertex -63.28336715698242 55.84773254394531 9.5
vertex -63.53890609741211 53.9718132019043 11.5
endloop
endfacet
facet normal -0.6087290221764131 0.6159939191691084 0.50000046910661
outer loop
vertex -63.28336715698242 55.84773254394531 9.5
vertex -64.42870330810547 54.715904235839844 9.5
vertex -63.53890609741211 53.9718132019043 11.5
endloop
endfacet
facet normal -0.7139857248256699 0.4901263361738119 0.5000005593336854
outer loop
vertex -64.42870330810547 54.715904235839844 9.5
vertex -65.34001159667969 53.38836669921875 9.5
vertex -63.53890609741211 53.9718132019043 11.5
endloop
endfacet
facet normal -0.7139857635219972 0.4901262053073051 0.5000006323585722
outer loop
vertex -63.53890609741211 53.9718132019043 11.5
vertex -65.34001159667969 53.38836669921875 9.5
vertex -64.32320404052734 52.82929611206055 11.5
endloop
endfacet
facet normal -0.7963615900766096 0.340307609208929 0.4999989489640523
outer loop
vertex -71.6249008178711 38.68098831176758 9.5
vertex -73.15221405029297 35.10688781738281 9.5
vertex -72.07426452636719 34.69091033935547 11.5
endloop
endfacet
facet normal -0.7963603418576771 0.3403079665199111 0.5000006938389252
outer loop
vertex -65.34001159667969 53.38836669921875 9.5
vertex -72.07426452636719 34.69091033935547 11.5
vertex -64.32320404052734 52.82929611206055 11.5
endloop
endfacet
facet normal -0.7963607500067272 0.34030803873025056 0.4999999946242932
outer loop
vertex -65.34001159667969 53.38836669921875 9.5
vertex -71.6249008178711 38.68098831176758 9.5
vertex -72.07426452636719 34.69091033935547 11.5
endloop
endfacet
facet normal -0.8185262087149613 0.28287086029824776 0.49999892203967866
outer loop
vertex -73.15221405029297 35.10688781738281 9.5
vertex -72.41466522216797 33.70591354370117 11.5
vertex -72.07426452636719 34.69091033935547 11.5
endloop
endfacet
facet normal -0.8185193826557668 0.28288167328392405 0.500003979121076
outer loop
vertex -73.15221405029297 35.10688781738281 9.5
vertex -73.23008728027344 34.881561279296875 9.5
vertex -72.41466522216797 33.70591354370117 11.5
endloop
endfacet
facet normal -0.8185266411944897 0.28286880724470853 0.4999993755424332
outer loop
vertex -73.23008728027344 34.881561279296875 9.5
vertex -73.53691101074219 33.993717193603516 9.5
vertex -72.41466522216797 33.70591354370117 11.5
endloop
endfacet
facet normal -0.8536376618540208 0.1459549216328319 0.49999990311554476
outer loop
vertex -73.77157592773438 32.62128829956055 9.5
vertex -73.80829620361328 32.406524658203125 9.5
vertex -72.65159606933594 32.32021713256836 11.5
endloop
endfacet
facet normal -0.8536371326307467 0.14595763356484115 0.5000000149981084
outer loop
vertex -72.41466522216797 33.70591354370117 11.5
vertex -73.77157592773438 32.62128829956055 9.5
vertex -72.65159606933594 32.32021713256836 11.5
endloop
endfacet
facet normal -0.8536373049810717 0.14595927569311737 0.49999924138321766
outer loop
vertex -73.53691101074219 33.993717193603516 9.5
vertex -73.77157592773438 32.62128829956055 9.5
vertex -72.41466522216797 33.70591354370117 11.5
endloop
endfacet
facet normal -0.8658455102885283 -0.017664705901996636 0.4999995104783544
outer loop
vertex -73.80829620361328 32.406524658203125 9.5
vertex -73.77545166015625 30.796630859375 9.5
vertex -72.65159606933594 32.32021713256836 11.5
endloop
endfacet
facet normal -0.8658462680826481 -0.01766252543561922 0.49999827523961254
outer loop
vertex -72.65159606933594 32.32021713256836 11.5
vertex -73.77545166015625 30.796630859375 9.5
vertex -72.62323760986328 30.930038452148438 11.5
endloop
endfacet
facet normal -0.8469744691217744 -0.18065430728962859 0.4999982699105995
outer loop
vertex -73.77545166015625 30.796630859375 9.5
vertex -72.33318328857422 29.57015609741211 11.5
vertex -72.62323760986328 30.930038452148438 11.5
endloop
endfacet
facet normal -0.8469742109168564 -0.18065183205430627 0.4999996016170325
outer loop
vertex -73.77545166015625 30.796630859375 9.5
vertex -73.43955993652344 29.221824645996094 9.5
vertex -72.33318328857422 29.57015609741211 11.5
endloop
endfacet
facet normal -0.7977008421654719 -0.3371552772284211 0.49999968544542434
outer loop
vertex -73.43955993652344 29.221824645996094 9.5
vertex -71.79185485839844 28.289386749267578 11.5
vertex -72.33318328857422 29.57015609741211 11.5
endloop
endfacet
facet normal -0.7977007644607249 -0.33715618061024505 0.4999992002544473
outer loop
vertex -73.43955993652344 29.221824645996094 9.5
vertex -72.81267547607422 27.738636016845703 9.5
vertex -71.79185485839844 28.289386749267578 11.5
endloop
endfacet
facet normal -0.7197957994546614 -0.4815543607401928 0.4999994047391746
outer loop
vertex -72.81267547607422 27.738636016845703 9.5
vertex -72.4942855834961 27.262727737426758 9.5
vertex -71.79185485839844 28.289386749267578 11.5
endloop
endfacet
facet normal -0.7197934839823522 -0.4815571692227678 0.5000000331867007
outer loop
vertex -72.4942855834961 27.262727737426758 9.5
vertex -71.91730499267578 26.40030288696289 9.5
vertex -71.79185485839844 28.289386749267578 11.5
endloop
endfacet
facet normal -0.7197924181723809 -0.48155800856513625 0.5000007591277602
outer loop
vertex -71.79185485839844 28.289386749267578 11.5
vertex -71.91730499267578 26.40030288696289 9.5
vertex -71.0186767578125 27.133705139160156 11.5
endloop
endfacet
facet normal -0.6160479121856561 -0.6086742944536309 0.5000005731627402
outer loop
vertex -71.91730499267578 26.40030288696289 9.5
vertex -70.78557586669922 25.254863739013672 9.5
vertex -71.0186767578125 27.133705139160156 11.5
endloop
endfacet
facet normal -0.6160494794836316 -0.608673483799035 0.4999996289477548
outer loop
vertex -71.0186767578125 27.133705139160156 11.5
vertex -70.78557586669922 25.254863739013672 9.5
vertex -70.0414047241211 26.144590377807617 11.5
endloop
endfacet
facet normal -0.49019283530526414 -0.7139406734495806 0.4999996990096551
outer loop
vertex -70.78557586669922 25.254863739013672 9.5
vertex -69.70542907714844 24.513233184814453 9.5
vertex -70.0414047241211 26.144590377807617 11.5
endloop
endfacet
facet normal -0.4901850373307958 -0.7139434970772832 0.5000033121470951
outer loop
vertex -69.70542907714844 24.513233184814453 9.5
vertex -69.45812225341797 24.343435287475586 9.5
vertex -70.0414047241211 26.144590377807617 11.5
endloop
endfacet
facet normal -0.4901922070393376 -0.7139413763533621 0.499999311288096
outer loop
vertex -70.0414047241211 26.144590377807617 11.5
vertex -69.45812225341797 24.343435287475586 9.5
vertex -68.8963623046875 25.3584041595459 11.5
endloop
endfacet
facet normal -0.3453010237994179 -0.7947334295665326 0.4991652821385831
outer loop
vertex -68.8963623046875 25.3584041595459 11.5
vertex -64.9793930053711 22.40035057067871 9.5
vertex -62.125640869140625 22.416616439819336 11.5
endloop
endfacet
facet normal -0.34468205099378113 -0.7944777547360075 0.49999938095196955
outer loop
vertex -69.45812225341797 24.343435287475586 9.5
vertex -64.9793930053711 22.40035057067871 9.5
vertex -68.8963623046875 25.3584041595459 11.5
endloop
endfacet
facet normal -0.34497753922241275 -0.7951613897603729 0.4987071903095053
outer loop
vertex -62.125640869140625 22.416616439819336 11.5
vertex -64.9793930053711 22.40035057067871 9.5
vertex -62.58363342285156 21.360960006713867 9.5
endloop
endfacet
facet normal -0.41178815451762496 -0.7635955853090763 0.4973452501989517
outer loop
vertex -62.125640869140625 22.416616439819336 11.5
vertex -62.58363342285156 21.360960006713867 9.5
vertex -61.952171325683594 22.323068618774414 11.5
endloop
endfacet
facet normal -0.47559123812409065 -0.7246183162506857 0.4987396815710734
outer loop
vertex -61.59789276123047 22.090543746948242 11.5
vertex -61.952171325683594 22.323068618774414 11.5
vertex -62.58363342285156 21.360960006713867 9.5
endloop
endfacet
facet normal -0.47559123812409065 -0.7246183162506857 0.4987396815710734
outer loop
vertex -62.58363342285156 21.360960006713867 9.5
vertex -62.22935485839844 21.128435134887695 9.5
vertex -61.59789276123047 22.090543746948242 11.5
endloop
endfacet
facet normal -0.5219944750067479 -0.6925114289033716 0.4979454677980714
outer loop
vertex -62.22935485839844 21.128435134887695 9.5
vertex -61.44182205200195 21.972902297973633 11.5
vertex -61.59789276123047 22.090543746948242 11.5
endloop
endfacet
facet normal -0.5961527531187494 -0.6281848646164667 0.4999856706103953
outer loop
vertex -62.22935485839844 21.128435134887695 9.5
vertex -61.13442611694336 21.681180953979492 11.5
vertex -61.44182205200195 21.972902297973633 11.5
endloop
endfacet
facet normal -0.5911233582896005 -0.6338551673225837 0.49879936060793423
outer loop
vertex -62.11024475097656 21.01735496520996 9.5
vertex -61.91944122314453 20.839414596557617 9.5
vertex -61.13442611694336 21.681180953979492 11.5
endloop
endfacet
facet normal -0.5911232427121978 -0.633855287971622 0.49879934426162625
outer loop
vertex -62.22935485839844 21.128435134887695 9.5
vertex -62.11024475097656 21.01735496520996 9.5
vertex -61.13442611694336 21.681180953979492 11.5
endloop
endfacet
facet normal -0.6426639242266823 -0.5826611542917586 0.49748272309393476
outer loop
vertex -61.13442611694336 21.681180953979492 11.5
vertex -61.91944122314453 20.839414596557617 9.5
vertex -61.00336837768555 21.5366268157959 11.5
endloop
endfacet
facet normal -0.6896539891342014 -0.524890051075363 0.498866524787328
outer loop
vertex -61.00336837768555 21.5366268157959 11.5
vertex -61.91944122314453 20.839414596557617 9.5
vertex -60.74671936035156 21.19941520690918 11.5
endloop
endfacet
facet normal -0.6896539891342014 -0.524890051075363 0.498866524787328
outer loop
vertex -61.91944122314453 20.839414596557617 9.5
vertex -61.66279220581055 20.5022029876709 9.5
vertex -60.74671936035156 21.19941520690918 11.5
endloop
endfacet
facet normal -0.7317393650568841 -0.4658295830473117 0.4975543198326349
outer loop
vertex -61.66279220581055 20.5022029876709 9.5
vertex -60.64191436767578 21.0347843170166 11.5
vertex -60.74671936035156 21.19941520690918 11.5
endloop
endfacet
facet normal -0.7683609318482468 -0.4008459755433374 0.498942864765099
outer loop
vertex -61.66279220581055 20.5022029876709 9.5
vertex -61.4667854309082 20.126487731933594 9.5
vertex -60.44590759277344 20.659069061279297 11.5
endloop
endfacet
facet normal -0.7683609318482468 -0.4008459755433374 0.498942864765099
outer loop
vertex -60.64191436767578 21.0347843170166 11.5
vertex -61.66279220581055 20.5022029876709 9.5
vertex -60.44590759277344 20.659069061279297 11.5
endloop
endfacet
facet normal -0.7943797742304696 -0.3476897447222456 0.4980688865092134
outer loop
vertex -60.44590759277344 20.659069061279297 11.5
vertex -61.4667854309082 20.126487731933594 9.5
vertex -60.36752700805664 20.479990005493164 11.5
endloop
endfacet
facet normal -0.8249764032721119 -0.26530572521183693 0.4990258572599531
outer loop
vertex -61.4667854309082 20.126487731933594 9.5
vertex -61.419437408447266 19.979257583618164 9.5
vertex -60.24064254760742 20.075651168823242 11.5
endloop
endfacet
facet normal -0.8249791915661738 -0.26529494115135843 0.49902698091618214
outer loop
vertex -61.419437408447266 19.979257583618164 9.5
vertex -61.33705139160156 19.723064422607422 9.5
vertex -60.24064254760742 20.075651168823242 11.5
endloop
endfacet
facet normal -0.8263009805637826 -0.2592992425634468 0.4999905922368481
outer loop
vertex -60.36752700805664 20.479990005493164 11.5
vertex -61.4667854309082 20.126487731933594 9.5
vertex -60.24064254760742 20.075651168823242 11.5
endloop
endfacet
facet normal -0.841936076534247 -0.20741525802544808 0.4981190156662918
outer loop
vertex -61.33705139160156 19.723064422607422 9.5
vertex -60.193878173828125 19.885826110839844 11.5
vertex -60.24064254760742 20.075651168823242 11.5
endloop
endfacet
facet normal -0.8573792759195 -0.12206734651476675 0.5000003401384819
outer loop
vertex -61.33705139160156 19.723064422607422 9.5
vertex -61.277320861816406 19.30352783203125 9.5
vertex -60.13414764404297 19.46628761291504 11.5
endloop
endfacet
facet normal -0.8573793034557885 -0.12206679548016437 0.5000004274466878
outer loop
vertex -61.33705139160156 19.723064422607422 9.5
vertex -60.13414764404297 19.46628761291504 11.5
vertex -60.193878173828125 19.885826110839844 11.5
endloop
endfacet
facet normal -0.8644002211043019 -0.061228940138247 0.4990623955422617
outer loop
vertex -60.13414764404297 19.46628761291504 11.5
vertex -61.277320861816406 19.30352783203125 9.5
vertex -60.122623443603516 19.3035945892334 11.5
endloop
endfacet
facet normal -0.8660256240608172 -0.00005054557944169831 0.499999615915069
outer loop
vertex -61.27364730834961 -43.67062759399414 9.5
vertex -61.273319244384766 -49.29153060913086 9.5
vertex -60.118621826171875 -49.25830078125 11.5
endloop
endfacet
facet normal -0.8660259869785922 -0.000050545637150504555 0.49999898732186815
outer loop
vertex -61.277320861816406 19.30352783203125 9.5
vertex -60.118621826171875 -49.25830078125 11.5
vertex -60.122623443603516 19.3035945892334 11.5
endloop
endfacet
facet normal -0.8660255919085249 -0.00005051899932548521 0.4999996716072119
outer loop
vertex -60.118621826171875 -49.25830078125 11.5
vertex -61.277320861816406 19.30352783203125 9.5
vertex -61.27364730834961 -43.67062759399414 9.5
endloop
endfacet
facet normal -0.8645952970287588 -0.049752921584024695 0.4999996191494611
outer loop
vertex -60.118621826171875 -49.25830078125 11.5
vertex -61.273319244384766 -49.29153060913086 9.5
vertex -60.06715393066406 -50.1526985168457 11.5
endloop
endfacet
facet normal -0.8645951863230674 -0.0497521417214287 0.49999988818109864
outer loop
vertex -61.273319244384766 -49.29153060913086 9.5
vertex -61.21624755859375 -50.2833251953125 9.5
vertex -60.06715393066406 -50.1526985168457 11.5
endloop
endfacet
facet normal -0.8537021825726981 -0.1455768077916938 0.49999997650379124
outer loop
vertex -61.21624755859375 -50.2833251953125 9.5
vertex -61.060794830322266 -51.194942474365234 9.5
vertex -60.06715393066406 -50.1526985168457 11.5
endloop
endfacet
facet normal -0.853702077997016 -0.14557709157249335 0.5000000724328656
outer loop
vertex -61.060794830322266 -51.194942474365234 9.5
vertex -59.933101654052734 -50.93881607055664 11.5
vertex -60.06715393066406 -50.1526985168457 11.5
endloop
endfacet
facet normal -0.8328290356647705 -0.2374779893016868 0.5000000019509163
outer loop
vertex -59.933101654052734 -50.93881607055664 11.5
vertex -61.060794830322266 -51.194942474365234 9.5
vertex -59.714019775390625 -51.707130432128906 11.5
endloop
endfacet
facet normal -0.8328292606896138 -0.23747558436251895 0.5000007693702796
outer loop
vertex -61.060794830322266 -51.194942474365234 9.5
vertex -60.80720901489258 -52.08427047729492 9.5
vertex -59.714019775390625 -51.707130432128906 11.5
endloop
endfacet
facet normal -0.8020955295179403 -0.3265634628504283 0.4999990662576
outer loop
vertex -60.80720901489258 -52.08427047729492 9.5
vertex -60.673828125 -52.4118766784668 9.5
vertex -59.412757873535156 -52.44709396362305 11.5
endloop
endfacet
facet normal -0.8020966105818426 -0.32655818846610907 0.5000007768382497
outer loop
vertex -59.714019775390625 -51.707130432128906 11.5
vertex -60.80720901489258 -52.08427047729492 9.5
vertex -59.412757873535156 -52.44709396362305 11.5
endloop
endfacet
facet normal -0.8020973845127357 -0.32655693990562434 0.5000003507571802
outer loop
vertex -60.673828125 -52.4118766784668 9.5
vertex -60.45849609375 -52.94078063964844 9.5
vertex -59.412757873535156 -52.44709396362305 11.5
endloop
endfacet
facet normal -0.7618651505957611 -0.4117780630799523 0.5000003190737196
outer loop
vertex -60.45849609375 -52.94078063964844 9.5
vertex -60.01878356933594 -53.754329681396484 9.5
vertex -59.03287887573242 -53.149940490722656 11.5
endloop
endfacet
facet normal -0.7618652330907854 -0.4117778064602391 0.5000004047141535
outer loop
vertex -59.412757873535156 -52.44709396362305 11.5
vertex -60.45849609375 -52.94078063964844 9.5
vertex -59.03287887573242 -53.149940490722656 11.5
endloop
endfacet
facet normal -0.7126114262975768 -0.4921229374100614 0.4999999695850249
outer loop
vertex -59.70113754272461 -54.214298248291016 9.5
vertex -59.49327850341797 -54.51528549194336 9.5
vertex -58.578880310058594 -53.80735397338867 11.5
endloop
endfacet
facet normal -0.7126140890624714 -0.49211848415252313 0.5000005576247759
outer loop
vertex -59.70113754272461 -54.214298248291016 9.5
vertex -58.578880310058594 -53.80735397338867 11.5
vertex -60.01878356933594 -53.754329681396484 9.5
endloop
endfacet
facet normal -0.7126138566421235 -0.4921190047438974 0.5000003764913732
outer loop
vertex -59.03287887573242 -53.149940490722656 11.5
vertex -60.01878356933594 -53.754329681396484 9.5
vertex -58.578880310058594 -53.80735397338867 11.5
endloop
endfacet
facet normal -0.6549219314514892 -0.5666376073483755 0.49999908564152323
outer loop
vertex -59.21151351928711 -54.8409538269043 9.5
vertex -58.88820266723633 -55.214637756347656 9.5
vertex -58.0561408996582 -54.41154479980469 11.5
endloop
endfacet
facet normal -0.6549244504494713 -0.5666340800678127 0.49999978350911456
outer loop
vertex -59.49327850341797 -54.51528549194336 9.5
vertex -59.21151351928711 -54.8409538269043 9.5
vertex -58.0561408996582 -54.41154479980469 11.5
endloop
endfacet
facet normal -0.654924638026236 -0.5666337590216827 0.4999999016431518
outer loop
vertex -58.578880310058594 -53.80735397338867 11.5
vertex -59.49327850341797 -54.51528549194336 9.5
vertex -58.0561408996582 -54.41154479980469 11.5
endloop
endfacet
facet normal -0.5894797084221289 -0.6344393332944444 0.5000004057272981
outer loop
vertex -58.803611755371094 -55.293235778808594 9.5
vertex -58.210723876953125 -55.84410858154297 9.5
vertex -57.47084426879883 -54.955360412597656 11.5
endloop
endfacet
facet normal -0.5894777816807817 -0.6344418061339644 0.499999539533966
outer loop
vertex -58.0561408996582 -54.41154479980469 11.5
vertex -58.803611755371094 -55.293235778808594 9.5
vertex -57.47084426879883 -54.955360412597656 11.5
endloop
endfacet
facet normal -0.5894868106452944 -0.6344336063899924 0.4999992991577361
outer loop
vertex -58.88820266723633 -55.214637756347656 9.5
vertex -58.803611755371094 -55.293235778808594 9.5
vertex -58.0561408996582 -54.41154479980469 11.5
endloop
endfacet
facet normal -0.5170554821838865 -0.6947332171547319 0.499999385325047
outer loop
vertex -57.47084426879883 -54.955360412597656 11.5
vertex -57.4688606262207 -56.396236419677734 9.5
vertex -56.82992935180664 -55.4323616027832 11.5
endloop
endfacet
facet normal -0.5170526057594473 -0.6947346255972455 0.5000004028734586
outer loop
vertex -58.210723876953125 -55.84410858154297 9.5
vertex -57.4688606262207 -56.396236419677734 9.5
vertex -57.47084426879883 -54.955360412597656 11.5
endloop
endfacet
facet normal -0.4385048846939246 -0.7468025941341693 0.4999993514936225
outer loop
vertex -56.82992935180664 -55.4323616027832 11.5
vertex -57.05031204223633 -56.641998291015625 9.5
vertex -56.14097595214844 -55.83689880371094 11.5
endloop
endfacet
facet normal -0.4385048931098895 -0.7468025901748867 0.49999935002634227
outer loop
vertex -57.4688606262207 -56.396236419677734 9.5
vertex -57.05031204223633 -56.641998291015625 9.5
vertex -56.82992935180664 -55.4323616027832 11.5
endloop
endfacet
facet normal -0.4385058298686835 -0.7468019303332396 0.4999995140214883
outer loop
vertex -57.05031204223633 -56.641998291015625 9.5
vertex -56.67139434814453 -56.8644905090332 9.5
vertex -56.14097595214844 -55.83689880371094 11.5
endloop
endfacet
facet normal -0.3547669696912779 -0.7900262347544141 0.4999989456147194
outer loop
vertex -55.82777404785156 -57.243324279785156 9.5
vertex -55.41215133666992 -56.1641845703125 11.5
vertex -56.67139434814453 -56.8644905090332 9.5
endloop
endfacet
facet normal -0.3547684778187066 -0.7900251884307966 0.4999995287908603
outer loop
vertex -56.14097595214844 -55.83689880371094 11.5
vertex -56.67139434814453 -56.8644905090332 9.5
vertex -55.41215133666992 -56.1641845703125 11.5
endloop
endfacet
facet normal -0.2668287248369047 -0.823894270561387 0.5000006625375925
outer loop
vertex -55.82777404785156 -57.243324279785156 9.5
vertex -55.40107727050781 -57.38151550292969 9.5
vertex -54.652076721191406 -56.41033935546875 11.5
endloop
endfacet
facet normal -0.2668238059797096 -0.8238963644579632 0.49999983719542695
outer loop
vertex -54.652076721191406 -56.41033935546875 11.5
vertex -55.40107727050781 -57.38151550292969 9.5
vertex -54.9479866027832 -57.52825164794922 9.5
endloop
endfacet
facet normal -0.2668239998073693 -0.823896837614966 0.4999989540937615
outer loop
vertex -55.41215133666992 -56.1641845703125 11.5
vertex -55.82777404785156 -57.243324279785156 9.5
vertex -54.652076721191406 -56.41033935546875 11.5
endloop
endfacet
facet normal -0.17572501271517235 -0.8480095805238804 0.5000004712457428
outer loop
vertex -54.46224594116211 -57.628910064697266 9.5
vertex -54.042449951171875 -57.71590042114258 9.5
vertex -53.86975860595703 -56.572452545166016 11.5
endloop
endfacet
facet normal -0.17572582914105508 -0.848009342782963 0.5000005875251506
outer loop
vertex -54.652076721191406 -56.41033935546875 11.5
vertex -54.46224594116211 -57.628910064697266 9.5
vertex -53.86975860595703 -56.572452545166016 11.5
endloop
endfacet
facet normal -0.17573004959402586 -0.8480088731195546 0.49999990078017453
outer loop
vertex -54.652076721191406 -56.41033935546875 11.5
vertex -54.9479866027832 -57.52825164794922 9.5
vertex -54.46224594116211 -57.628910064697266 9.5
endloop
endfacet
facet normal -0.08254621114447619 -0.8620822356686778 0.500000341970069
outer loop
vertex -54.042449951171875 -57.71590042114258 9.5
vertex -53.121883392333984 -57.804046630859375 9.5
vertex -53.06572723388672 -56.64944076538086 11.5
endloop
endfacet
facet normal -0.08254673587901047 -0.8620820837722126 0.5000005172344132
outer loop
vertex -53.86975860595703 -56.572452545166016 11.5
vertex -54.042449951171875 -57.71590042114258 9.5
vertex -53.06572723388672 -56.64944076538086 11.5
endloop
endfacet
facet normal -0.0015048172304272269 -0.8660565404355638 0.4999438011355733
outer loop
vertex -28.021549224853516 -56.69313049316406 11.5
vertex -53.121883392333984 -57.804046630859375 9.5
vertex -28.023555755615234 -57.84765625 9.5
endloop
endfacet
facet normal -0.001510784022712281 -0.8660237982200504 0.5000004984479058
outer loop
vertex -53.06572723388672 -56.64944076538086 11.5
vertex -53.121883392333984 -57.804046630859375 9.5
vertex -28.021549224853516 -56.69313049316406 11.5
endloop
endfacet
facet normal -0.07553915816322765 -0.8635508889403571 0.49857165763239064
outer loop
vertex -28.023555755615234 -57.84765625 9.5
vertex -27.944143295288086 -56.69990158081055 11.5
vertex -28.021549224853516 -56.69313049316406 11.5
endloop
endfacet
facet normal -0.05977519112951144 -0.8639600299300316 0.49999999320872907
outer loop
vertex -28.023555755615234 -57.84765625 9.5
vertex -27.651334762573242 -57.873409271240234 9.5
vertex -27.61117172241211 -56.718727111816406 11.5
endloop
endfacet
facet normal -0.048930652068064524 -0.8654478949825966 0.4986037829362977
outer loop
vertex -27.944143295288086 -56.69990158081055 11.5
vertex -28.023555755615234 -57.84765625 9.5
vertex -27.61117172241211 -56.718727111816406 11.5
endloop
endfacet
facet normal -0.0003966432048385379 -0.8660253326820951 0.4999999658270332
outer loop
vertex -27.61117172241211 -56.718727111816406 11.5
vertex -27.651334762573242 -57.873409271240234 9.5
vertex 26.32863998413086 -57.89813232421875 9.5
endloop
endfacet
facet normal -0.00039661275612615183 -0.8660249789945517 0.5000005784554734
outer loop
vertex 26.281299591064453 -56.743408203125 11.5
vertex -27.61117172241211 -56.718727111816406 11.5
vertex 26.32863998413086 -57.89813232421875 9.5
endloop
endfacet
facet normal 0.07128243381687079 -0.8630864300459931 0.5000006288992113
outer loop
vertex 26.281299591064453 -56.743408203125 11.5
vertex 26.32863998413086 -57.89813232421875 9.5
vertex 26.79629898071289 -56.70087432861328 11.5
endloop
endfacet
facet normal 0.07128546844222833 -0.8630869564231075 0.4999992876407616
outer loop
vertex 26.79629898071289 -56.70087432861328 11.5
vertex 26.398216247558594 -57.89238357543945 9.5
vertex 26.891347885131836 -57.851654052734375 9.5
endloop
endfacet
facet normal 0.07131273876360336 -0.8630876193160993 0.4999942546402928
outer loop
vertex 26.32863998413086 -57.89813232421875 9.5
vertex 26.398216247558594 -57.89238357543945 9.5
vertex 26.79629898071289 -56.70087432861328 11.5
endloop
endfacet
facet normal 0.03564850059440494 -0.8654760363822117 0.4996803126535078
outer loop
vertex 26.79629898071289 -56.70087432861328 11.5
vertex 26.891347885131836 -57.851654052734375 9.5
vertex 26.89122772216797 -56.696964263916016 11.5
endloop
endfacet
facet normal 0.00009018384771900612 -0.8660251829201621 -0.5000003744148331
outer loop
vertex 26.89122772216797 -56.696964263916016 -5.699999809265137
vertex 65.35493469238281 -56.69295883178711 -5.699999809265137
vertex 65.39470672607422 -57.84765625 -3.700000047683716
endloop
endfacet
facet normal 0.00008991960085334763 -0.866027387675 -0.4999965556994176
outer loop
vertex 26.891347885131836 -57.851654052734375 -3.700000047683716
vertex 26.89122772216797 -56.696964263916016 -5.699999809265137
vertex 65.39470672607422 -57.84765625 -3.700000047683716
endloop
endfacet
facet normal 0.05949547192465771 -0.863979099107238 -0.5000004051261433
outer loop
vertex 65.39470672607422 -57.84765625 -3.700000047683716
vertex 65.35493469238281 -56.69295883178711 -5.699999809265137
vertex 66.39604949951172 -56.62126541137695 -5.699999809265137
endloop
endfacet
facet normal 0.059499304923905476 -0.8639797239978159 -0.49999886923295145
outer loop
vertex 65.39470672607422 -57.84765625 -3.700000047683716
vertex 66.39604949951172 -56.62126541137695 -5.699999809265137
vertex 66.56969451904297 -57.76673889160156 -3.700000047683716
endloop
endfacet
facet normal 0.19923703427409892 -0.8427974021470515 -0.49999714309968096
outer loop
vertex 67.77687072753906 -57.48135757446289 -3.700000047683716
vertex 66.39604949951172 -56.62126541137695 -5.699999809265137
vertex 68.13673400878906 -57.39628601074219 -3.700000047683716
endloop
endfacet
facet normal 0.1992433827602798 -0.8427935166171049 -0.5000011627730623
outer loop
vertex 66.39604949951172 -56.62126541137695 -5.699999809265137
vertex 67.76414489746094 -56.29783630371094 -5.699999809265137
vertex 68.13673400878906 -57.39628601074219 -3.700000047683716
endloop
endfacet
facet normal 0.19924030228811931 -0.8427957201519095 -0.49999867603601017
outer loop
vertex 66.56969451904297 -57.76673889160156 -3.700000047683716
vertex 66.39604949951172 -56.62126541137695 -5.699999809265137
vertex 67.77687072753906 -57.48135757446289 -3.700000047683716
endloop
endfacet
facet normal 0.35462350601208387 -0.7900897100073054 -0.5000004191240939
outer loop
vertex 67.76414489746094 -56.29783630371094 -5.699999809265137
vertex 69.0326919555664 -55.72846221923828 -5.699999809265137
vertex 68.645751953125 -57.167816162109375 -3.700000047683716
endloop
endfacet
facet normal 0.3546265532308718 -0.7900879709629768 -0.5000010058821862
outer loop
vertex 68.13673400878906 -57.39628601074219 -3.700000047683716
vertex 67.76414489746094 -56.29783630371094 -5.699999809265137
vertex 68.645751953125 -57.167816162109375 -3.700000047683716
endloop
endfacet
facet normal 0.3546239122069603 -0.790089618912037 -0.5000002749783866
outer loop
vertex 68.645751953125 -57.167816162109375 -3.700000047683716
vertex 69.0326919555664 -55.72846221923828 -5.699999809265137
vertex 69.60576629638672 -56.73692321777344 -3.700000047683716
endloop
endfacet
facet normal 0.4972757892622121 -0.7090254664824959 -0.499999677292819
outer loop
vertex 69.0326919555664 -55.72846221923828 -5.699999809265137
vertex 70.17108917236328 -54.93004608154297 -5.699999809265137
vertex 70.92407989501953 -55.812320709228516 -3.700000047683716
endloop
endfacet
facet normal 0.4972762955999651 -0.7090247935827805 -0.5000001279192554
outer loop
vertex 69.60576629638672 -56.73692321777344 -3.700000047683716
vertex 69.0326919555664 -55.72846221923828 -5.699999809265137
vertex 70.92407989501953 -55.812320709228516 -3.700000047683716
endloop
endfacet
facet normal 0.622076343660229 -0.6025125284362164 -0.49999967573561305
outer loop
vertex 70.92407989501953 -55.812320709228516 -3.700000047683716
vertex 70.17108917236328 -54.93004608154297 -5.699999809265137
vertex 71.21907806396484 -55.50774383544922 -3.700000047683716
endloop
endfacet
facet normal 0.6220806947482355 -0.6025075138581689 -0.5000003049659081
outer loop
vertex 71.21907806396484 -55.50774383544922 -3.700000047683716
vertex 71.13845825195312 -53.931251525878906 -5.699999809265137
vertex 72.04434204101562 -54.655670166015625 -3.700000047683716
endloop
endfacet
facet normal 0.622080443648746 -0.6025076756683224 -0.5000004223903566
outer loop
vertex 70.17108917236328 -54.93004608154297 -5.699999809265137
vertex 71.13845825195312 -53.931251525878906 -5.699999809265137
vertex 71.21907806396484 -55.50774383544922 -3.700000047683716
endloop
endfacet
facet normal 0.7245521194348391 -0.4743669677579148 -0.5000002061226015
outer loop
vertex 72.04434204101562 -54.655670166015625 -3.700000047683716
vertex 71.13845825195312 -53.931251525878906 -5.699999809265137
vertex 72.68359375 -53.67927169799805 -3.700000047683716
endloop
endfacet
facet normal 0.7245533344598923 -0.47436368678370877 -0.500001558181591
outer loop
vertex 72.68359375 -53.67927169799805 -3.700000047683716
vertex 71.13845825195312 -53.931251525878906 -5.699999809265137
vertex 72.92634582519531 -53.30848693847656 -3.700000047683716
endloop
endfacet
facet normal 0.7245519197714871 -0.4743688875115117 -0.49999867411478516
outer loop
vertex 71.13845825195312 -53.931251525878906 -5.699999809265137
vertex 71.90009307861328 -52.76792907714844 -5.699999809265137
vertex 72.92634582519531 -53.30848693847656 -3.700000047683716
endloop
endfacet
facet normal 0.8010176984819636 -0.32919505441568403 -0.5000012628653181
outer loop
vertex 71.90009307861328 -52.76792907714844 -5.699999809265137
vertex 72.42864227294922 -51.48183059692383 -5.699999809265137
vertex 73.53843688964844 -51.819129943847656 -3.700000047683716
endloop
endfacet
facet normal 0.801014062913913 -0.32920700600278224 -0.49999921821221877
outer loop
vertex 72.92634582519531 -53.30848693847656 -3.700000047683716
vertex 71.90009307861328 -52.76792907714844 -5.699999809265137
vertex 73.05419158935547 -52.99741744995117 -3.700000047683716
endloop
endfacet
facet normal 0.8010175336100456 -0.329197224016778 -0.5000000985489171
outer loop
vertex 73.05419158935547 -52.99741744995117 -3.700000047683716
vertex 71.90009307861328 -52.76792907714844 -5.699999809265137
vertex 73.53843688964844 -51.819129943847656 -3.700000047683716
endloop
endfacet
facet normal 0.8487303839928381 -0.17220810107414836 -0.5000011052105842
outer loop
vertex 73.53843688964844 -51.819129943847656 -3.700000047683716
vertex 72.42864227294922 -51.48183059692383 -5.699999809265137
vertex 72.7040023803711 -50.12471389770508 -5.699999809265137
endloop
endfacet
facet normal 0.848729284494056 -0.17221601034163156 -0.5000002474241577
outer loop
vertex 73.84160614013672 -50.32494354248047 -3.700000047683716
vertex 72.7040023803711 -50.12471389770508 -5.699999809265137
vertex 73.85862731933594 -50.241058349609375 -3.700000047683716
endloop
endfacet
facet normal 0.8487310772585887 -0.17220687079146135 -0.5000003521475646
outer loop
vertex 73.53843688964844 -51.819129943847656 -3.700000047683716
vertex 72.7040023803711 -50.12471389770508 -5.699999809265137
vertex 73.84160614013672 -50.32494354248047 -3.700000047683716
endloop
endfacet
facet normal 0.8660249371852192 -0.0005745582352380285 -0.5000004780559429
outer loop
vertex 73.85862731933594 -50.241058349609375 -3.700000047683716
vertex 72.7040023803711 -50.12471389770508 -5.699999809265137
vertex 73.87926483154297 -19.134376525878906 -3.700000047683716
endloop
endfacet
facet normal 0.8660252659603478 -0.0005746074576667631 -0.4999999085445703
outer loop
vertex 73.87926483154297 -19.134376525878906 -3.700000047683716
vertex 72.7040023803711 -50.12471389770508 -5.699999809265137
vertex 72.76222229003906 37.62199401855469 -5.699999809265137
endloop
endfacet
facet normal 0.8660242762171299 -0.0005746873423480677 -0.5000016227344214
outer loop
vertex 73.87926483154297 -19.134376525878906 -3.700000047683716
vertex 72.76222229003906 37.62199401855469 -5.699999809265137
vertex 73.91695404052734 37.66132354736328 -3.700000047683716
endloop
endfacet
facet normal 0.8639795286907002 0.05949568162600939 -0.49999963787112095
outer loop
vertex 72.76222229003906 37.62199401855469 -5.699999809265137
vertex 72.69055938720703 38.662662506103516 -5.699999809265137
vertex 73.8820571899414 38.16799545288086 -3.700000047683716
endloop
endfacet
facet normal 0.8639777325341172 0.05950616466689834 -0.5000014940496094
outer loop
vertex 73.91695404052734 37.66132354736328 -3.700000047683716
vertex 72.76222229003906 37.62199401855469 -5.699999809265137
vertex 73.8820571899414 38.16799545288086 -3.700000047683716
endloop
endfacet
facet normal 0.8639794347294003 0.05949398042510052 -0.5000000026578436
outer loop
vertex 73.8820571899414 38.16799545288086 -3.700000047683716
vertex 72.69055938720703 38.662662506103516 -5.699999809265137
vertex 73.8360366821289 38.83631134033203 -3.700000047683716
endloop
endfacet
facet normal 0.8427948063475437 0.19924133767579047 -0.4999998037547294
outer loop
vertex 72.69055938720703 38.662662506103516 -5.699999809265137
vertex 72.36713409423828 40.030757904052734 -5.699999809265137
vertex 73.66241455078125 39.57073211669922 -3.700000047683716
endloop
endfacet
facet normal 0.8427943892575949 0.19924240007827684 -0.5000000834469586
outer loop
vertex 73.8360366821289 38.83631134033203 -3.700000047683716
vertex 72.69055938720703 38.662662506103516 -5.699999809265137
vertex 73.66241455078125 39.57073211669922 -3.700000047683716
endloop
endfacet
facet normal 0.8427950291172649 0.1992382523567452 -0.5000006576926259
outer loop
vertex 73.66241455078125 39.57073211669922 -3.700000047683716
vertex 72.36713409423828 40.030757904052734 -5.699999809265137
vertex 73.46558380126953 40.403343200683594 -3.700000047683716
endloop
endfacet
facet normal 0.7900937662482745 0.3546187442579444 -0.4999973867497065
outer loop
vertex 72.36713409423828 40.030757904052734 -5.699999809265137
vertex 72.80622100830078 41.87238311767578 -3.700000047683716
vertex 72.9244384765625 41.60899353027344 -3.700000047683716
endloop
endfacet
facet normal 0.7900891798583825 0.35462443404086147 -0.500000598651549
outer loop
vertex 73.46558380126953 40.403343200683594 -3.700000047683716
vertex 72.36713409423828 40.030757904052734 -5.699999809265137
vertex 72.9244384765625 41.60899353027344 -3.700000047683716
endloop
endfacet
facet normal 0.7900902142844832 0.3546226659519923 -0.5000002180849534
outer loop
vertex 72.36713409423828 40.030757904052734 -5.699999809265137
vertex 71.79776000976562 41.29930877685547 -5.699999809265137
vertex 72.80622100830078 41.87238311767578 -3.700000047683716
endloop
endfacet
facet normal 0.7090223350282973 0.4972799846550552 -0.49999994529248604
outer loop
vertex 72.80622100830078 41.87238311767578 -3.700000047683716
vertex 71.79776000976562 41.29930877685547 -5.699999809265137
vertex 72.37621307373047 42.48548889160156 -3.700000047683716
endloop
endfacet
facet normal 0.7090249946208961 0.49727712466583857 -0.4999990182859508
outer loop
vertex 71.79776000976562 41.29930877685547 -5.699999809265137
vertex 70.99934387207031 42.43770217895508 -5.699999809265137
vertex 72.37621307373047 42.48548889160156 -3.700000047683716
endloop
endfacet
facet normal 0.7090255575400755 0.4972759603627277 -0.49999937799992517
outer loop
vertex 72.37621307373047 42.48548889160156 -3.700000047683716
vertex 70.99934387207031 42.43770217895508 -5.699999809265137
vertex 71.8816146850586 43.190696716308594 -3.700000047683716
endloop
endfacet
facet normal 0.6025089818130575 0.6220793391332863 -0.500000222658037
outer loop
vertex 70.99934387207031 42.43770217895508 -5.699999809265137
vertex 70.00054931640625 43.40507507324219 -5.699999809265137
vertex 70.72496795654297 44.31095886230469 -3.700000047683716
endloop
endfacet
facet normal 0.6025100917916705 0.6220787956276392 -0.4999995613194662
outer loop
vertex 71.8816146850586 43.190696716308594 -3.700000047683716
vertex 70.99934387207031 42.43770217895508 -5.699999809265137
vertex 70.72496795654297 44.31095886230469 -3.700000047683716
endloop
endfacet
facet normal 0.4743668707696681 0.7245524683641267 -0.4999997925036011
outer loop
vertex 70.00054931640625 43.40507507324219 -5.699999809265137
vertex 68.83722686767578 44.16670608520508 -5.699999809265137
vertex 69.3777847290039 45.192962646484375 -3.700000047683716
endloop
endfacet
facet normal 0.4743788355703056 0.7245492136376367 -0.499993157333221
outer loop
vertex 69.3777847290039 45.192962646484375 -3.700000047683716
vertex 69.47051239013672 45.13225173950195 -3.700000047683716
vertex 70.00054931640625 43.40507507324219 -5.699999809265137
endloop
endfacet
facet normal 0.47436543611610615 0.7245531750833002 -0.5000001294950682
outer loop
vertex 70.72496795654297 44.31095886230469 -3.700000047683716
vertex 70.00054931640625 43.40507507324219 -5.699999809265137
vertex 69.47051239013672 45.13225173950195 -3.700000047683716
endloop
endfacet
facet normal 0.3291943774292805 0.8010184270909765 -0.5000005413293535
outer loop
vertex 68.83722686767578 44.16670608520508 -5.699999809265137
vertex 67.5511245727539 44.695255279541016 -5.699999809265137
vertex 68.91376495361328 45.383663177490234 -3.700000047683716
endloop
endfacet
facet normal 0.32919807565672227 0.8010172615647556 -0.4999999736592103
outer loop
vertex 69.3777847290039 45.192962646484375 -3.700000047683716
vertex 68.83722686767578 44.16670608520508 -5.699999809265137
vertex 68.91376495361328 45.383663177490234 -3.700000047683716
endloop
endfacet
facet normal 0.3291968702838262 0.8010167111104841 -0.5000016491143575
outer loop
vertex 68.91376495361328 45.383663177490234 -3.700000047683716
vertex 67.5511245727539 44.695255279541016 -5.699999809265137
vertex 67.888427734375 45.805049896240234 -3.700000047683716
endloop
endfacet
facet normal 0.17221202774982686 0.8487303091598862 -0.4999998798116422
outer loop
vertex 67.5511245727539 44.695255279541016 -5.699999809265137
vertex 66.19407653808594 44.97060775756836 -5.699999809265137
vertex 66.31035614013672 46.125244140625 -3.700000047683716
endloop
endfacet
facet normal 0.17221086995422244 0.8487301767192289 -0.5000005033955028
outer loop
vertex 66.31035614013672 46.125244140625 -3.700000047683716
vertex 66.94295501708984 45.99688720703125 -3.700000047683716
vertex 67.5511245727539 44.695255279541016 -5.699999809265137
endloop
endfacet
facet normal 0.17220816700312283 0.8487302231447035 -0.500001355536329
outer loop
vertex 66.94295501708984 45.99688720703125 -3.700000047683716
vertex 67.888427734375 45.805049896240234 -3.700000047683716
vertex 67.5511245727539 44.695255279541016 -5.699999809265137
endloop
endfacet
facet normal 0.0004734579977537805 0.8660358147424995 -0.4999817430875044
outer loop
vertex -19.848905563354492 46.17234420776367 -3.700000047683716
vertex 43.9345703125 46.137474060058594 -3.700000047683716
vertex -19.849536895751953 45.0177001953125 -5.699999809265137
endloop
endfacet
facet normal 0.00047398511807899315 0.8660284798795593 -0.49999444734477555
outer loop
vertex 66.19407653808594 44.97060775756836 -5.699999809265137
vertex -19.849536895751953 45.0177001953125 -5.699999809265137
vertex 43.9345703125 46.137474060058594 -3.700000047683716
endloop
endfacet
facet normal 0.0004733429642224658 0.8660253935416421 -0.4999997936874396
outer loop
vertex 66.19407653808594 44.97060775756836 -5.699999809265137
vertex 43.9345703125 46.137474060058594 -3.700000047683716
vertex 66.31035614013672 46.125244140625 -3.700000047683716
endloop
endfacet
facet normal 0.024303569562154837 0.8657768488941485 -0.49983975874819764
outer loop
vertex -19.849536895751953 45.0177001953125 -5.699999809265137
vertex -19.915037155151367 45.01953887939453 -5.699999809265137
vertex -19.848905563354492 46.17234420776367 -3.700000047683716
endloop
endfacet
facet normal 0.0495941968836684 0.8646041760292673 -0.5000000344282143
outer loop
vertex -20.006635665893555 46.181392669677734 -3.700000047683716
vertex -20.200918197631836 45.03593826293945 -5.699999809265137
vertex -20.134788513183594 46.188743591308594 -3.700000047683716
endloop
endfacet
facet normal 0.04959949775364258 0.864603723911304 -0.5000002904212076
outer loop
vertex -19.848905563354492 46.17234420776367 -3.700000047683716
vertex -20.200918197631836 45.03593826293945 -5.699999809265137
vertex -20.006635665893555 46.181392669677734 -3.700000047683716
endloop
endfacet
facet normal 0.04959745484683828 0.8646039686279959 -0.5000000699054301
outer loop
vertex -19.915037155151367 45.01953887939453 -5.699999809265137
vertex -20.200918197631836 45.03593826293945 -5.699999809265137
vertex -19.848905563354492 46.17234420776367 -3.700000047683716
endloop
endfacet
facet normal 0.12828867828806942 0.8573804762458692 -0.4984382950531658
outer loop
vertex -20.200918197631836 45.03593826293945 -5.699999809265137
vertex -20.37298011779785 45.061683654785156 -5.699999809265137
vertex -20.134788513183594 46.188743591308594 -3.700000047683716
endloop
endfacet
facet normal 0.17917532980992434 0.8478136194672041 -0.4991074712258109
outer loop
vertex -20.37298011779785 45.061683654785156 -5.699999809265137
vertex -34.858741760253906 49.30047607421875 -3.700000047683716
vertex -20.134788513183594 46.188743591308594 -3.700000047683716
endloop
endfacet
facet normal 0.1790700325269751 0.8473091759633926 -0.5000010837778502
outer loop
vertex -34.858741760253906 49.30047607421875 -3.700000047683716
vertex -37.6141357421875 48.70259094238281 -5.699999809265137
vertex -37.37537384033203 49.832340240478516 -3.700000047683716
endloop
endfacet
facet normal 0.17895244023127746 0.847411545441333 -0.4998696798046494
outer loop
vertex -20.37298011779785 45.061683654785156 -5.699999809265137
vertex -37.6141357421875 48.70259094238281 -5.699999809265137
vertex -34.858741760253906 49.30047607421875 -3.700000047683716
endloop
endfacet
facet normal 0.25337267339298614 0.8290135557279047 -0.4985366714666711
outer loop
vertex -37.6141357421875 48.70259094238281 -5.699999809265137
vertex -37.68946075439453 48.72561264038086 -5.699999809265137
vertex -37.37537384033203 49.832340240478516 -3.700000047683716
endloop
endfacet
facet normal 0.2366540898667516 0.8338948663081021 -0.4986122678939338
outer loop
vertex -37.68946075439453 48.72561264038086 -5.699999809265137
vertex -38.01774978637695 48.81877899169922 -5.699999809265137
vertex -37.70366287231445 49.925506591796875 -3.700000047683716
endloop
endfacet
facet normal 0.2366540898667516 0.8338948663081021 -0.4986122678939338
outer loop
vertex -37.37537384033203 49.832340240478516 -3.700000047683716
vertex -37.68946075439453 48.72561264038086 -5.699999809265137
vertex -37.70366287231445 49.925506591796875 -3.700000047683716
endloop
endfacet
facet normal 0.2849347862896688 0.8190433128164568 -0.49797612321546547
outer loop
vertex -38.01774978637695 48.81877899169922 -5.699999809265137
vertex -38.15317153930664 48.86589050292969 -5.699999809265137
vertex -37.70366287231445 49.925506591796875 -3.700000047683716
endloop
endfacet
facet normal 0.3382102792919317 0.7972540183454389 -0.49999983721329766
outer loop
vertex -48.34612274169922 54.44023513793945 -3.700000047683716
vertex -54.99066925048828 56.00467300415039 -5.699999809265137
vertex -54.57615661621094 57.083133697509766 -3.700000047683716
endloop
endfacet
facet normal 0.33847941113991215 0.797889288991095 -0.4988029377897277
outer loop
vertex -38.15317153930664 48.86589050292969 -5.699999809265137
vertex -48.34612274169922 54.44023513793945 -3.700000047683716
vertex -37.70366287231445 49.925506591796875 -3.700000047683716
endloop
endfacet
facet normal 0.3381488265189042 0.7975561787429758 -0.49955931867275805
outer loop
vertex -38.15317153930664 48.86589050292969 -5.699999809265137
vertex -54.99066925048828 56.00467300415039 -5.699999809265137
vertex -48.34612274169922 54.44023513793945 -3.700000047683716
endloop
endfacet
facet normal 0.2828337702126324 0.8185384859282179 -0.4999998054816107
outer loop
vertex -54.99066925048828 56.00467300415039 -5.699999809265137
vertex -55.690101623535156 57.468040466308594 -3.700000047683716
vertex -54.96332931518555 57.216915130615234 -3.700000047683716
endloop
endfacet
facet normal 0.282831072384142 0.8185387318759898 -0.5000009289120196
outer loop
vertex -54.99066925048828 56.00467300415039 -5.699999809265137
vertex -55.97782897949219 56.345767974853516 -5.699999809265137
vertex -55.690101623535156 57.468040466308594 -3.700000047683716
endloop
endfacet
facet normal 0.28283314782647506 0.8185386466680379 -0.49999989440141324
outer loop
vertex -54.96332931518555 57.216915130615234 -3.700000047683716
vertex -54.57615661621094 57.083133697509766 -3.700000047683716
vertex -54.99066925048828 56.00467300415039 -5.699999809265137
endloop
endfacet
facet normal 0.14587971328601465 0.8536507640835682 -0.49999948223086227
outer loop
vertex -57.36351776123047 56.58256912231445 -5.699999809265137
vertex -57.277320861816406 57.73927688598633 -3.700000047683716
vertex -56.81658172607422 57.66054153442383 -3.700000047683716
endloop
endfacet
facet normal 0.1458780872180232 0.8536511732453927 -0.49999925808582496
outer loop
vertex -55.690101623535156 57.468040466308594 -3.700000047683716
vertex -57.36351776123047 56.58256912231445 -5.699999809265137
vertex -56.81658172607422 57.66054153442383 -3.700000047683716
endloop
endfacet
facet normal 0.1458807020914936 0.8536498008044179 -0.5000008383431678
outer loop
vertex -55.97782897949219 56.345767974853516 -5.699999809265137
vertex -57.36351776123047 56.58256912231445 -5.699999809265137
vertex -55.690101623535156 57.468040466308594 -3.700000047683716
endloop
endfacet
facet normal -0.017742609047594723 0.865843915078363 -0.4999995145457213
outer loop
vertex -58.887210845947266 57.7062873840332 -3.700000047683716
vertex -57.44913864135742 57.735755920410156 -3.700000047683716
vertex -57.36351776123047 56.58256912231445 -5.699999809265137
endloop
endfacet
facet normal -0.017743254222114525 0.865843893194215 -0.4999995295476729
outer loop
vertex -57.44913864135742 57.735755920410156 -3.700000047683716
vertex -57.277320861816406 57.73927688598633 -3.700000047683716
vertex -57.36351776123047 56.58256912231445 -5.699999809265137
endloop
endfacet
facet normal -0.017743253612913092 0.8658436910006803 -0.4999998797055319
outer loop
vertex -57.36351776123047 56.58256912231445 -5.699999809265137
vertex -58.75369644165039 56.554080963134766 -5.699999809265137
vertex -58.887210845947266 57.7062873840332 -3.700000047683716
endloop
endfacet
facet normal -0.18073022111418252 0.8469572982376499 -0.4999999221379933
outer loop
vertex -58.75369644165039 56.554080963134766 -5.699999809265137
vertex -60.11355209350586 56.2639045715332 -5.699999809265137
vertex -58.887210845947266 57.7062873840332 -3.700000047683716
endloop
endfacet
facet normal -0.18072967602493736 0.8469572414265251 -0.5000002153990458
outer loop
vertex -58.887210845947266 57.7062873840332 -3.700000047683716
vertex -60.11355209350586 56.2639045715332 -5.699999809265137
vertex -60.46198654174805 57.3702507019043 -3.700000047683716
endloop
endfacet
facet normal -0.33723058945697465 0.7976692374931286 -0.49999931709116596
outer loop
vertex -60.46198654174805 57.3702507019043 -3.700000047683716
vertex -61.39427185058594 55.72245788574219 -5.699999809265137
vertex -61.94511413574219 56.743228912353516 -3.700000047683716
endloop
endfacet
facet normal -0.33722869574047637 0.7976694005582572 -0.5000003341820962
outer loop
vertex -60.11355209350586 56.2639045715332 -5.699999809265137
vertex -61.39427185058594 55.72245788574219 -5.699999809265137
vertex -60.46198654174805 57.3702507019043 -3.700000047683716
endloop
endfacet
facet normal -0.48162536354909957 0.7197485157864854 -0.4999990832085085
outer loop
vertex -61.39427185058594 55.72245788574219 -5.699999809265137
vertex -62.54988098144531 54.94917297363281 -5.699999809265137
vertex -61.94511413574219 56.743228912353516 -3.700000047683716
endloop
endfacet
facet normal -0.48162456128747116 0.7197479117401868 -0.5000007255097647
outer loop
vertex -62.54988098144531 54.94917297363281 -5.699999809265137
vertex -63.28336715698242 55.84773254394531 -3.700000047683716
vertex -62.7809944152832 56.18389892578125 -3.700000047683716
endloop
endfacet
facet normal -0.4816211226000832 0.719749715295842 -0.5000014415949118
outer loop
vertex -61.94511413574219 56.743228912353516 -3.700000047683716
vertex -62.54988098144531 54.94917297363281 -5.699999809265137
vertex -62.7809944152832 56.18389892578125 -3.700000047683716
endloop
endfacet
facet normal -0.608729004034838 0.6159939008110221 -0.5000005138101109
outer loop
vertex -63.28336715698242 55.84773254394531 -3.700000047683716
vertex -63.53890609741211 53.9718132019043 -5.699999809265137
vertex -64.42870330810547 54.715904235839844 -3.700000047683716
endloop
endfacet
facet normal -0.6087285880911594 0.6159941096863523 -0.5000007628716799
outer loop
vertex -62.54988098144531 54.94917297363281 -5.699999809265137
vertex -63.53890609741211 53.9718132019043 -5.699999809265137
vertex -63.28336715698242 55.84773254394531 -3.700000047683716
endloop
endfacet
facet normal -0.7139857035471867 0.4901263215668742 -0.5000006040371889
outer loop
vertex -63.53890609741211 53.9718132019043 -5.699999809265137
vertex -65.34001159667969 53.38836669921875 -3.700000047683716
vertex -64.42870330810547 54.715904235839844 -3.700000047683716
endloop
endfacet
facet normal -0.7139857422435067 0.49012619070036706 -0.500000677062078
outer loop
vertex -64.32320404052734 52.82929611206055 -5.699999809265137
vertex -65.34001159667969 53.38836669921875 -3.700000047683716
vertex -63.53890609741211 53.9718132019043 -5.699999809265137
endloop
endfacet
facet normal -0.7963615663432814 0.34030759906701324 -0.49999899366750794
outer loop
vertex -71.6249008178711 38.68098831176758 -3.700000047683716
vertex -72.07426452636719 34.69091033935547 -5.699999809265137
vertex -73.15221405029297 35.10688781738281 -3.700000047683716
endloop
endfacet
facet normal -0.796360357198011 0.3403078708716968 -0.5000007345056896
outer loop
vertex -64.32320404052734 52.82929611206055 -5.699999809265137
vertex -71.6249008178711 38.68098831176758 -3.700000047683716
vertex -65.34001159667969 53.38836669921875 -3.700000047683716
endloop
endfacet
facet normal -0.7963606173862448 0.3403080842612922 -0.5000001748625779
outer loop
vertex -71.6249008178711 38.68098831176758 -3.700000047683716
vertex -64.32320404052734 52.82929611206055 -5.699999809265137
vertex -72.07426452636719 34.69091033935547 -5.699999809265137
endloop
endfacet
facet normal -0.8185261728591859 0.2828686453960379 -0.5000002337962499
outer loop
vertex -73.53691101074219 33.993717193603516 -3.700000047683716
vertex -73.23008728027344 34.881561279296875 -3.700000047683716
vertex -72.07426452636719 34.69091033935547 -5.699999809265137
endloop
endfacet
facet normal -0.818522013218369 0.2828825824107772 -0.4999991584448496
outer loop
vertex -73.23008728027344 34.881561279296875 -3.700000047683716
vertex -73.15221405029297 35.10688781738281 -3.700000047683716
vertex -72.07426452636719 34.69091033935547 -5.699999809265137
endloop
endfacet
facet normal -0.8185259771251729 0.2828707802641548 -0.499999346443602
outer loop
vertex -72.07426452636719 34.69091033935547 -5.699999809265137
vertex -72.41466522216797 33.70591354370117 -5.699999809265137
vertex -73.53691101074219 33.993717193603516 -3.700000047683716
endloop
endfacet
facet normal -0.8536371071903726 0.14595762921496383 -0.5000000597015957
outer loop
vertex -72.41466522216797 33.70591354370117 -5.699999809265137
vertex -72.65159606933594 32.32021713256836 -5.699999809265137
vertex -73.77157592773438 32.62128829956055 -3.700000047683716
endloop
endfacet
facet normal -0.8536376364136425 0.1459549172830374 -0.4999999478190288
outer loop
vertex -73.77157592773438 32.62128829956055 -3.700000047683716
vertex -72.65159606933594 32.32021713256836 -5.699999809265137
vertex -73.80829620361328 32.406524658203125 -3.700000047683716
endloop
endfacet
facet normal -0.8536372795407714 0.1459592713432046 -0.499999286086682
outer loop
vertex -73.53691101074219 33.993717193603516 -3.700000047683716
vertex -72.41466522216797 33.70591354370117 -5.699999809265137
vertex -73.77157592773438 32.62128829956055 -3.700000047683716
endloop
endfacet
facet normal -0.8658454770439653 -0.017662509299104727 -0.4999996456476418
outer loop
vertex -72.65159606933594 32.32021713256836 -5.699999809265137
vertex -72.62323760986328 30.930038452148438 -5.699999809265137
vertex -73.80829620361328 32.406524658203125 -3.700000047683716
endloop
endfacet
facet normal -0.8658461452812207 -0.017664718856916457 -0.49999841040683046
outer loop
vertex -73.80829620361328 32.406524658203125 -3.700000047683716
vertex -72.62323760986328 30.930038452148438 -5.699999809265137
vertex -73.77545166015625 30.796630859375 -3.700000047683716
endloop
endfacet
facet normal -0.8469736368667166 -0.1806541297748788 -0.499999743847983
outer loop
vertex -72.62323760986328 30.930038452148438 -5.699999809265137
vertex -72.33318328857422 29.57015609741211 -5.699999809265137
vertex -73.43955993652344 29.221824645996094 -3.700000047683716
endloop
endfacet
facet normal -0.8469748825510559 -0.18065197530772184 -0.49999841214252216
outer loop
vertex -72.62323760986328 30.930038452148438 -5.699999809265137
vertex -73.43955993652344 29.221824645996094 -3.700000047683716
vertex -73.77545166015625 30.796630859375 -3.700000047683716
endloop
endfacet
facet normal -0.7977010953133383 -0.33715538422359337 -0.4999992094243165
outer loop
vertex -71.79185485839844 28.289386749267578 -5.699999809265137
vertex -72.81267547607422 27.738636016845703 -3.700000047683716
vertex -72.33318328857422 29.57015609741211 -5.699999809265137
endloop
endfacet
facet normal -0.7977005015595119 -0.33715606949242644 -0.499999694616028
outer loop
vertex -72.33318328857422 29.57015609741211 -5.699999809265137
vertex -72.81267547607422 27.738636016845703 -3.700000047683716
vertex -73.43955993652344 29.221824645996094 -3.700000047683716
endloop
endfacet
facet normal -0.7197931437614093 -0.48155849400121303 -0.49999924704878373
outer loop
vertex -71.0186767578125 27.133705139160156 -5.699999809265137
vertex -72.81267547607422 27.738636016845703 -3.700000047683716
vertex -71.79185485839844 28.289386749267578 -5.699999809265137
endloop
endfacet
facet normal -0.7197945489416586 -0.48155352412793395 -0.5000020107097986
outer loop
vertex -71.0186767578125 27.133705139160156 -5.699999809265137
vertex -72.4942855834961 27.262727737426758 -3.700000047683716
vertex -72.81267547607422 27.738636016845703 -3.700000047683716
endloop
endfacet
facet normal -0.719793139690089 -0.48155693888391177 -0.5000007506672771
outer loop
vertex -71.0186767578125 27.133705139160156 -5.699999809265137
vertex -71.91730499267578 26.40030288696289 -3.700000047683716
vertex -72.4942855834961 27.262727737426758 -3.700000047683716
endloop
endfacet
facet normal -0.6160482532143284 -0.6086746314004533 -0.499999742801031
outer loop
vertex -71.91730499267578 26.40030288696289 -3.700000047683716
vertex -70.0414047241211 26.144590377807617 -5.699999809265137
vertex -70.78557586669922 25.254863739013672 -3.700000047683716
endloop
endfacet
facet normal -0.6160490449345395 -0.6086730544528239 -0.5000006870178394
outer loop
vertex -71.0186767578125 27.133705139160156 -5.699999809265137
vertex -70.0414047241211 26.144590377807617 -5.699999809265137
vertex -71.91730499267578 26.40030288696289 -3.700000047683716
endloop
endfacet
facet normal -0.4901919310097486 -0.71394097432954 -0.5000001559462969
outer loop
vertex -70.0414047241211 26.144590377807617 -5.699999809265137
vertex -68.8963623046875 25.3584041595459 -5.699999809265137
vertex -69.70542907714844 24.513233184814453 -3.700000047683716
endloop
endfacet
facet normal -0.4901862331063318 -0.7139452386974937 -0.49999965301408333
outer loop
vertex -69.70542907714844 24.513233184814453 -3.700000047683716
vertex -68.8963623046875 25.3584041595459 -5.699999809265137
vertex -69.45812225341797 24.343435287475586 -3.700000047683716
endloop
endfacet
facet normal -0.49019282069639486 -0.7139406521725132 -0.499999743713133
outer loop
vertex -70.78557586669922 25.254863739013672 -3.700000047683716
vertex -70.0414047241211 26.144590377807617 -5.699999809265137
vertex -69.70542907714844 24.513233184814453 -3.700000047683716
endloop
endfacet
facet normal -0.34540612184527686 -0.7949753197570312 -0.498707180586977
outer loop
vertex -62.58363342285156 21.360960006713867 -3.700000047683716
vertex -68.8963623046875 25.3584041595459 -5.699999809265137
vertex -62.125640869140625 22.416616439819336 -5.699999809265137
endloop
endfacet
facet normal -0.3446806951924623 -0.794477174457749 -0.5000012376257404
outer loop
vertex -64.9793930053711 22.40035057067871 -3.700000047683716
vertex -68.8963623046875 25.3584041595459 -5.699999809265137
vertex -62.58363342285156 21.360960006713867 -3.700000047683716
endloop
endfacet
facet normal -0.3446820407214796 -0.7944777310587808 -0.4999994256554381
outer loop
vertex -69.45812225341797 24.343435287475586 -3.700000047683716
vertex -68.8963623046875 25.3584041595459 -5.699999809265137
vertex -64.9793930053711 22.40035057067871 -3.700000047683716
endloop
endfacet
facet normal -0.49722301832802196 -0.7100683091697364 -0.49857022209273916
outer loop
vertex -62.58363342285156 21.360960006713867 -3.700000047683716
vertex -62.006282806396484 22.360960006713867 -5.699999809265137
vertex -61.952171325683594 22.323068618774414 -5.699999809265137
endloop
endfacet
facet normal -0.3663400139172028 -0.7856348660353226 -0.4985708088855627
outer loop
vertex -62.58363342285156 21.360960006713867 -3.700000047683716
vertex -62.125640869140625 22.416616439819336 -5.699999809265137
vertex -62.006282806396484 22.360960006713867 -5.699999809265137
endloop
endfacet
facet normal -0.47559122402172893 -0.7246182947641049 -0.4987397262367161
outer loop
vertex -62.22935485839844 21.128435134887695 -3.700000047683716
vertex -62.58363342285156 21.360960006713867 -3.700000047683716
vertex -61.952171325683594 22.323068618774414 -5.699999809265137
endloop
endfacet
facet normal -0.47559122402172893 -0.7246182947641049 -0.4987397262367161
outer loop
vertex -61.59789276123047 22.090543746948242 -5.699999809265137
vertex -62.22935485839844 21.128435134887695 -3.700000047683716
vertex -61.952171325683594 22.323068618774414 -5.699999809265137
endloop
endfacet
facet normal -0.5351316746693648 -0.6827945658475061 -0.49741901010584283
outer loop
vertex -61.59789276123047 22.090543746948242 -5.699999809265137
vertex -61.44434356689453 21.97020149230957 -5.699999809265137
vertex -62.22935485839844 21.128435134887695 -3.700000047683716
endloop
endfacet
facet normal -0.5911236772016852 -0.633855509288554 -0.49879854810946034
outer loop
vertex -61.44434356689453 21.97020149230957 -5.699999809265137
vertex -61.91944122314453 20.839414596557617 -3.700000047683716
vertex -62.11024475097656 21.01735496520996 -3.700000047683716
endloop
endfacet
facet normal -0.5911194023379116 -0.633858821410136 -0.4987994052725237
outer loop
vertex -61.44434356689453 21.97020149230957 -5.699999809265137
vertex -61.13442611694336 21.681180953979492 -5.699999809265137
vertex -61.91944122314453 20.839414596557617 -3.700000047683716
endloop
endfacet
facet normal -0.5911235512027478 -0.6338556187628215 -0.4987985583141285
outer loop
vertex -62.22935485839844 21.128435134887695 -3.700000047683716
vertex -61.44434356689453 21.97020149230957 -5.699999809265137
vertex -62.11024475097656 21.01735496520996 -3.700000047683716
endloop
endfacet
facet normal -0.6426639052661692 -0.5826611371015071 -0.4974827677212698
outer loop
vertex -61.00336837768555 21.5366268157959 -5.699999809265137
vertex -61.91944122314453 20.839414596557617 -3.700000047683716
vertex -61.13442611694336 21.681180953979492 -5.699999809265137
endloop
endfacet
facet normal -0.6896539686739891 -0.5248900355032615 -0.49886656945680513
outer loop
vertex -61.00336837768555 21.5366268157959 -5.699999809265137
vertex -60.74671936035156 21.19941520690918 -5.699999809265137
vertex -61.66279220581055 20.5022029876709 -3.700000047683716
endloop
endfacet
facet normal -0.6896539686739891 -0.5248900355032615 -0.49886656945680513
outer loop
vertex -61.91944122314453 20.839414596557617 -3.700000047683716
vertex -61.00336837768555 21.5366268157959 -5.699999809265137
vertex -61.66279220581055 20.5022029876709 -3.700000047683716
endloop
endfacet
facet normal -0.7236904643999716 -0.47774994001780063 -0.4980231988065829
outer loop
vertex -60.74671936035156 21.19941520690918 -5.699999809265137
vertex -60.63903045654297 21.03628921508789 -5.699999809265137
vertex -61.66279220581055 20.5022029876709 -3.700000047683716
endloop
endfacet
facet normal -0.7683609090460303 -0.4008459636476562 -0.4989429094368812
outer loop
vertex -61.66279220581055 20.5022029876709 -3.700000047683716
vertex -60.44590759277344 20.659069061279297 -5.699999809265137
vertex -61.4667854309082 20.126487731933594 -3.700000047683716
endloop
endfacet
facet normal -0.7708781165861697 -0.39466128198421846 -0.4999894017588104
outer loop
vertex -61.66279220581055 20.5022029876709 -3.700000047683716
vertex -60.63903045654297 21.03628921508789 -5.699999809265137
vertex -60.44590759277344 20.659069061279297 -5.699999809265137
endloop
endfacet
facet normal -0.7943797507386228 -0.3476897344401683 -0.4980689311544827
outer loop
vertex -60.36752700805664 20.479990005493164 -5.699999809265137
vertex -61.4667854309082 20.126487731933594 -3.700000047683716
vertex -60.44590759277344 20.659069061279297 -5.699999809265137
endloop
endfacet
facet normal -0.8263009559390178 -0.2592992348360169 -0.49999063694005463
outer loop
vertex -60.24064254760742 20.075651168823242 -5.699999809265137
vertex -61.4667854309082 20.126487731933594 -3.700000047683716
vertex -60.36752700805664 20.479990005493164 -5.699999809265137
endloop
endfacet
facet normal -0.824978747935869 -0.2652962366524709 -0.49902702559300555
outer loop
vertex -60.24064254760742 20.075651168823242 -5.699999809265137
vertex -61.33705139160156 19.723064422607422 -3.700000047683716
vertex -61.41950225830078 19.97945785522461 -3.700000047683716
endloop
endfacet
facet normal -0.8249768981241226 -0.2653033923734141 -0.4990262794249008
outer loop
vertex -61.4667854309082 20.126487731933594 -3.700000047683716
vertex -60.24064254760742 20.075651168823242 -5.699999809265137
vertex -61.41950225830078 19.97945785522461 -3.700000047683716
endloop
endfacet
facet normal -0.8419360516310261 -0.20741525189041224 -0.4981190603130891
outer loop
vertex -60.24064254760742 20.075651168823242 -5.699999809265137
vertex -60.193878173828125 19.885826110839844 -5.699999809265137
vertex -61.33705139160156 19.723064422607422 -3.700000047683716
endloop
endfacet
facet normal -0.8573793278085016 -0.12206679894730853 -0.5000003848412512
outer loop
vertex -60.13414764404297 19.46628761291504 -5.699999809265137
vertex -61.277320861816406 19.30352783203125 -3.700000047683716
vertex -60.193878173828125 19.885826110839844 -5.699999809265137
endloop
endfacet
facet normal -0.8573792004626959 -0.12206733577178272 -0.5000004721513043
outer loop
vertex -61.33705139160156 19.723064422607422 -3.700000047683716
vertex -60.193878173828125 19.885826110839844 -5.699999809265137
vertex -61.277320861816406 19.30352783203125 -3.700000047683716
endloop
endfacet
facet normal -0.8643984110387257 -0.061249079653896435 -0.49906305937754697
outer loop
vertex -60.13414764404297 19.46628761291504 -5.699999809265137
vertex -60.12261962890625 19.3035945892334 -5.699999809265137
vertex -61.277320861816406 19.30352783203125 -3.700000047683716
endloop
endfacet
facet normal -0.866025245915396 -0.00005051223131216442 -0.5000002708856192
outer loop
vertex -60.12261962890625 19.3035945892334 -5.699999809265137
vertex -61.27366638183594 -43.352027893066406 -3.700000047683716
vertex -61.277320861816406 19.30352783203125 -3.700000047683716
endloop
endfacet
facet normal -0.866023847553838 -0.00005061523253130161 -0.5000026928988933
outer loop
vertex -60.12261962890625 19.3035945892334 -5.699999809265137
vertex -61.273319244384766 -49.29153060913086 -3.700000047683716
vertex -61.27366638183594 -43.352027893066406 -3.700000047683716
endloop
endfacet
facet normal -0.8660255985997847 -0.00005049742991223486 -0.4999996600197787
outer loop
vertex -61.273319244384766 -49.29153060913086 -3.700000047683716
vertex -60.12261962890625 19.3035945892334 -5.699999809265137
vertex -60.118621826171875 -49.25830078125 -5.699999809265137
endloop
endfacet
facet normal -0.8645953100899089 -0.04975214884345012 -0.49999967345588686
outer loop
vertex -61.21624755859375 -50.2833251953125 -3.700000047683716
vertex -61.273319244384766 -49.29153060913086 -3.700000047683716
vertex -60.118621826171875 -49.25830078125 -5.699999809265137
endloop
endfacet
facet normal -0.8645951054443692 -0.04975291055934859 -0.49999995153251114
outer loop
vertex -60.06715393066406 -50.1526985168457 -5.699999809265137
vertex -61.21624755859375 -50.2833251953125 -3.700000047683716
vertex -60.118621826171875 -49.25830078125 -5.699999809265137
endloop
endfacet
facet normal -0.8537020525547006 -0.14557708723395607 -0.5000001171363546
outer loop
vertex -59.933101654052734 -50.93881607055664 -5.699999809265137
vertex -61.060794830322266 -51.194942474365234 -3.700000047683716
vertex -60.06715393066406 -50.1526985168457 -5.699999809265137
endloop
endfacet
facet normal -0.8537021571303895 -0.14557680345316665 -0.5000000212072775
outer loop
vertex -60.06715393066406 -50.1526985168457 -5.699999809265137
vertex -61.060794830322266 -51.194942474365234 -3.700000047683716
vertex -61.21624755859375 -50.2833251953125 -3.700000047683716
endloop
endfacet
facet normal -0.8328285536539102 -0.23747785185814793 -0.5000008700948184
outer loop
vertex -59.714019775390625 -51.707130432128906 -5.699999809265137
vertex -60.80720901489258 -52.08427047729492 -3.700000047683716
vertex -59.933101654052734 -50.93881607055664 -5.699999809265137
endloop
endfacet
facet normal -0.8328296308491664 -0.23747568991099113 -0.5000001026809293
outer loop
vertex -59.933101654052734 -50.93881607055664 -5.699999809265137
vertex -60.80720901489258 -52.08427047729492 -3.700000047683716
vertex -61.060794830322266 -51.194942474365234 -3.700000047683716
endloop
endfacet
facet normal -0.8020975926242137 -0.3265570246337991 -0.4999999615687598
outer loop
vertex -59.714019775390625 -51.707130432128906 -5.699999809265137
vertex -60.45849609375 -52.94078063964844 -3.700000047683716
vertex -60.673828125 -52.4118766784668 -3.700000047683716
endloop
endfacet
facet normal -0.8020946576923876 -0.3265631078972326 -0.5000006966613465
outer loop
vertex -59.714019775390625 -51.707130432128906 -5.699999809265137
vertex -60.673828125 -52.4118766784668 -3.700000047683716
vertex -60.80720901489258 -52.08427047729492 -3.700000047683716
endloop
endfacet
facet normal -0.802096796244257 -0.32655826405498567 -0.5000004296319086
outer loop
vertex -59.714019775390625 -51.707130432128906 -5.699999809265137
vertex -59.412757873535156 -52.44709396362305 -5.699999809265137
vertex -60.45849609375 -52.94078063964844 -3.700000047683716
endloop
endfacet
facet normal -0.7618651278903781 -0.41177805080799235 -0.5000003637772159
outer loop
vertex -60.45849609375 -52.94078063964844 -3.700000047683716
vertex -59.03287887573242 -53.149940490722656 -5.699999809265137
vertex -60.01878356933594 -53.754329681396484 -3.700000047683716
endloop
endfacet
facet normal -0.7618652103853922 -0.41177779418828264 -0.5000004494176524
outer loop
vertex -59.412757873535156 -52.44709396362305 -5.699999809265137
vertex -59.03287887573242 -53.149940490722656 -5.699999809265137
vertex -60.45849609375 -52.94078063964844 -3.700000047683716
endloop
endfacet
facet normal -0.7126124486511405 -0.49212145475319136 -0.4999999717990274
outer loop
vertex -59.701236724853516 -54.21415328979492 -3.700000047683716
vertex -58.578880310058594 -53.80735397338867 -5.699999809265137
vertex -59.49327850341797 -54.51528549194336 -3.700000047683716
endloop
endfacet
facet normal -0.7126138354045408 -0.49211899007758414 -0.5000004211948713
outer loop
vertex -59.03287887573242 -53.149940490722656 -5.699999809265137
vertex -58.578880310058594 -53.80735397338867 -5.699999809265137
vertex -60.01878356933594 -53.754329681396484 -3.700000047683716
endloop
endfacet
facet normal -0.7126135793816917 -0.4921195635346786 -0.5000002216672019
outer loop
vertex -60.01878356933594 -53.754329681396484 -3.700000047683716
vertex -58.578880310058594 -53.80735397338867 -5.699999809265137
vertex -59.701236724853516 -54.21415328979492 -3.700000047683716
endloop
endfacet
facet normal -0.6549250230105551 -0.5666340921059784 -0.4999990198968968
outer loop
vertex -58.0561408996582 -54.41154479980469 -5.699999809265137
vertex -58.88820266723633 -55.214637756347656 -3.700000047683716
vertex -58.578880310058594 -53.80735397338867 -5.699999809265137
endloop
endfacet
facet normal -0.6549243831173397 -0.5666340218127262 -0.4999999377227032
outer loop
vertex -58.578880310058594 -53.80735397338867 -5.699999809265137
vertex -59.21151351928711 -54.8409538269043 -3.700000047683716
vertex -59.49327850341797 -54.51528549194336 -3.700000047683716
endloop
endfacet
facet normal -0.6549212995891447 -0.5666370606618929 -0.5000005328286321
outer loop
vertex -59.21151351928711 -54.8409538269043 -3.700000047683716
vertex -58.578880310058594 -53.80735397338867 -5.699999809265137
vertex -58.88820266723633 -55.214637756347656 -3.700000047683716
endloop
endfacet
facet normal -0.5894773950173161 -0.6344413899766891 -0.5000005234477717
outer loop
vertex -58.0561408996582 -54.41154479980469 -5.699999809265137
vertex -57.47084426879883 -54.955360412597656 -5.699999809265137
vertex -58.210723876953125 -55.84410858154297 -3.700000047683716
endloop
endfacet
facet normal -0.5894867930772653 -0.6344335874824479 -0.4999993438612021
outer loop
vertex -58.88820266723633 -55.214637756347656 -3.700000047683716
vertex -58.0561408996582 -54.41154479980469 -5.699999809265137
vertex -58.803611755371094 -55.293235778808594 -3.700000047683716
endloop
endfacet
facet normal -0.5894800552242517 -0.6344397065471695 -0.49999952324892716
outer loop
vertex -58.803611755371094 -55.293235778808594 -3.700000047683716
vertex -58.0561408996582 -54.41154479980469 -5.699999809265137
vertex -58.210723876953125 -55.84410858154297 -3.700000047683716
endloop
endfacet
facet normal -0.5170550904160107 -0.6947326907621761 -0.5000005218609652
outer loop
vertex -57.47084426879883 -54.955360412597656 -5.699999809265137
vertex -56.82992935180664 -55.4323616027832 -5.699999809265137
vertex -58.210723876953125 -55.84410858154297 -3.700000047683716
endloop
endfacet
facet normal -0.5170529154951831 -0.6947350417718048 -0.49999950431201406
outer loop
vertex -58.210723876953125 -55.84410858154297 -3.700000047683716
vertex -56.82992935180664 -55.4323616027832 -5.699999809265137
vertex -57.4688606262207 -56.396236419677734 -3.700000047683716
endloop
endfacet
facet normal -0.4385048716254928 -0.7468025718777723 -0.4999993961970901
outer loop
vertex -56.82992935180664 -55.4323616027832 -5.699999809265137
vertex -56.14097595214844 -55.83689880371094 -5.699999809265137
vertex -57.05031204223633 -56.641998291015625 -3.700000047683716
endloop
endfacet
facet normal -0.43850581680021505 -0.746801908076848 -0.4999995587249607
outer loop
vertex -57.05031204223633 -56.641998291015625 -3.700000047683716
vertex -56.14097595214844 -55.83689880371094 -5.699999809265137
vertex -56.67139434814453 -56.8644905090332 -3.700000047683716
endloop
endfacet
facet normal -0.4385048800414575 -0.74680256791849 -0.49999939472980975
outer loop
vertex -56.82992935180664 -55.4323616027832 -5.699999809265137
vertex -57.05031204223633 -56.641998291015625 -3.700000047683716
vertex -57.4688606262207 -56.396236419677734 -3.700000047683716
endloop
endfacet
facet normal -0.3547684672458005 -0.7900251648862524 -0.4999995734943331
outer loop
vertex -56.14097595214844 -55.83689880371094 -5.699999809265137
vertex -55.41215133666992 -56.1641845703125 -5.699999809265137
vertex -56.67139434814453 -56.8644905090332 -3.700000047683716
endloop
endfacet
facet normal -0.35476695911844147 -0.7900262112098937 -0.49999899031817485
outer loop
vertex -56.67139434814453 -56.8644905090332 -3.700000047683716
vertex -55.41215133666992 -56.1641845703125 -5.699999809265137
vertex -55.82777404785156 -57.243324279785156 -3.700000047683716
endloop
endfacet
facet normal -0.2668238349293615 -0.8238963285060803 -0.49999988098777565
outer loop
vertex -55.41215133666992 -56.1641845703125 -5.699999809265137
vertex -54.652076721191406 -56.41033935546875 -5.699999809265137
vertex -54.9479866027832 -57.52825164794922 -3.700000047683716
endloop
endfacet
facet normal -0.2668289986073058 -0.8238951158896592 -0.4999991235146193
outer loop
vertex -55.82777404785156 -57.243324279785156 -3.700000047683716
vertex -55.41215133666992 -56.1641845703125 -5.699999809265137
vertex -55.40107727050781 -57.38151550292969 -3.700000047683716
endloop
endfacet
facet normal -0.2668237959696247 -0.8238963335489048 -0.49999989346902046
outer loop
vertex -55.40107727050781 -57.38151550292969 -3.700000047683716
vertex -55.41215133666992 -56.1641845703125 -5.699999809265137
vertex -54.9479866027832 -57.52825164794922 -3.700000047683716
endloop
endfacet
facet normal -0.17573004435686362 -0.8480088478469273 -0.49999994548365845
outer loop
vertex -54.9479866027832 -57.52825164794922 -3.700000047683716
vertex -54.652076721191406 -56.41033935546875 -5.699999809265137
vertex -54.46224594116211 -57.628910064697266 -3.700000047683716
endloop
endfacet
facet normal -0.1757250074781483 -0.8480095552511746 -0.5000005159492438
outer loop
vertex -54.46224594116211 -57.628910064697266 -3.700000047683716
vertex -53.86975860595703 -56.572452545166016 -5.699999809265137
vertex -54.042449951171875 -57.71590042114258 -3.700000047683716
endloop
endfacet
facet normal -0.1757258239040043 -0.8480093175102524 -0.5000006322286551
outer loop
vertex -54.652076721191406 -56.41033935546875 -5.699999809265137
vertex -53.86975860595703 -56.572452545166016 -5.699999809265137
vertex -54.46224594116211 -57.628910064697266 -3.700000047683716
endloop
endfacet
facet normal -0.08254674366385212 -0.8620821650737012 -0.5000003757721928
outer loop
vertex -53.06572723388672 -56.64944076538086 -5.699999809265137
vertex -53.121883392333984 -57.804046630859375 -3.700000047683716
vertex -53.86975860595703 -56.572452545166016 -5.699999809265137
endloop
endfacet
facet normal -0.08254619973644287 -0.8620821165273783 -0.5000005492724451
outer loop
vertex -54.042449951171875 -57.71590042114258 -3.700000047683716
vertex -53.86975860595703 -56.572452545166016 -5.699999809265137
vertex -53.121883392333984 -57.804046630859375 -3.700000047683716
endloop
endfacet
facet normal -0.001510841078411034 -0.866056504147702 -0.49994384582940654
outer loop
vertex -28.023555755615234 -57.84765625 -3.700000047683716
vertex -53.06572723388672 -56.64944076538086 -5.699999809265137
vertex -28.021549224853516 -56.69313049316406 -5.699999809265137
endloop
endfacet
facet normal -0.001504760435238736 -0.8660238535128844 -0.5000004208425497
outer loop
vertex -53.121883392333984 -57.804046630859375 -3.700000047683716
vertex -53.06572723388672 -56.64944076538086 -5.699999809265137
vertex -28.023555755615234 -57.84765625 -3.700000047683716
endloop
endfacet
facet normal -0.07553915592482882 -0.8635508633513599 -0.4985717022929452
outer loop
vertex -27.944143295288086 -56.69990158081055 -5.699999809265137
vertex -28.023555755615234 -57.84765625 -3.700000047683716
vertex -28.021549224853516 -56.69313049316406 -5.699999809265137
endloop
endfacet
facet normal -0.059829543942387604 -0.8647456176789279 -0.49863357526016594
outer loop
vertex -28.023555755615234 -57.84765625 -3.700000047683716
vertex -27.944143295288086 -56.69990158081055 -5.699999809265137
vertex -27.651334762573242 -57.873409271240234 -3.700000047683716
endloop
endfacet
facet normal -0.04888091751056453 -0.8645682282240914 -0.5001324171144885
outer loop
vertex -27.944143295288086 -56.69990158081055 -5.699999809265137
vertex -27.61117172241211 -56.718727111816406 -5.699999809265137
vertex -27.651334762573242 -57.873409271240234 -3.700000047683716
endloop
endfacet
facet normal -0.00039643470698926865 -0.8660247286700854 -0.5000010121704037
outer loop
vertex -11.993319511413574 -57.15889358520508 -4.949999809265137
vertex -11.993319511413574 -56.72587966918945 -5.699999809265137
vertex -7.993319988250732 -57.16072463989258 -4.949999809265137
endloop
endfacet
facet normal -0.00039803999690198294 -0.8660252942458425 -0.5000000312905619
outer loop
vertex -27.651334762573242 -57.873409271240234 -3.700000047683716
vertex -27.61117172241211 -56.718727111816406 -5.699999809265137
vertex -26.879138946533203 -57.483489990234375 -4.375974655151367
endloop
endfacet
facet normal -0.0003967064627362785 -0.866028028629525 -0.4999952962299156
outer loop
vertex 6.283973217010498 -57.88895034790039 -3.700000047683716
vertex 6.56734037399292 -57.77976608276367 -3.8893399238586426
vertex 26.32863998413086 -57.89813232421875 -3.700000047683716
endloop
endfacet
facet normal -0.00039678820512891274 -0.8660262500291067 -0.49999837681700854
outer loop
vertex 6.8924994468688965 -57.49895477294922 -4.375974655151367
vertex 7.006680011749268 -57.16759490966797 -4.949999809265137
vertex 26.32863998413086 -57.89813232421875 -3.700000047683716
endloop
endfacet
facet normal -0.00039661388161102255 -0.8660247286085568 -0.50000101213488
outer loop
vertex 7.006680011749268 -57.16759490966797 -4.949999809265137
vertex 7.006680011749268 -56.734580993652344 -5.699999809265137
vertex 26.281299591064453 -56.743408203125 -5.699999809265137
endloop
endfacet
facet normal -0.00039567458565920824 -0.8660247289308017 -0.5000010123209288
outer loop
vertex -27.61117172241211 -56.718727111816406 -5.699999809265137
vertex -26.99332046508789 -56.71900939941406 -5.699999809265137
vertex -26.99332046508789 -57.15202331542969 -4.949999809265137
endloop
endfacet
facet normal -0.00039659382103568604 -0.8660249529974792 -0.5000006234986665
outer loop
vertex 26.32863998413086 -57.89813232421875 -3.700000047683716
vertex 7.006680011749268 -57.16759490966797 -4.949999809265137
vertex 26.281299591064453 -56.743408203125 -5.699999809265137
endloop
endfacet
facet normal -0.00039643473678453435 -0.8660247937588287 -0.5000008994336689
outer loop
vertex -11.993319511413574 -57.15889358520508 -4.949999809265137
vertex -7.993319988250732 -57.16072463989258 -4.949999809265137
vertex -7.879138946533203 -57.492191314697266 -4.375974655151367
endloop
endfacet
facet normal -0.00039567369977062803 -0.8660247286151452 -0.5000010128683616
outer loop
vertex -27.61117172241211 -56.718727111816406 -5.699999809265137
vertex -26.99332046508789 -57.15202331542969 -4.949999809265137
vertex -26.879138946533203 -57.483489990234375 -4.375974655151367
endloop
endfacet
facet normal -0.000396901526909177 -0.8660262402292219 -0.4999983937010358
outer loop
vertex -12.107500076293945 -57.49025344848633 -4.375974655151367
vertex -11.993319511413574 -57.15889358520508 -4.949999809265137
vertex -7.879138946533203 -57.492191314697266 -4.375974655151367
endloop
endfacet
facet normal -0.0003969020561916524 -0.8660273951063919 -0.49999639338098745
outer loop
vertex -12.107500076293945 -57.49025344848633 -4.375974655151367
vertex -7.879138946533203 -57.492191314697266 -4.375974655151367
vertex -7.553979873657227 -57.77329635620117 -3.8893399238586426
endloop
endfacet
facet normal -0.00039613541107356266 -0.8660242948548971 -0.5000017637947036
outer loop
vertex -12.432660102844238 -57.77106475830078 -3.8893399238586426
vertex -12.107500076293945 -57.49025344848633 -4.375974655151367
vertex -7.553979873657227 -57.77329635620117 -3.8893399238586426
endloop
endfacet
facet normal -0.0003967700509935811 -0.8660279882529734 -0.49999536611456136
outer loop
vertex -12.716026306152344 -57.8802490234375 -3.700000047683716
vertex -12.432660102844238 -57.77106475830078 -3.8893399238586426
vertex -7.270612716674805 -57.88274383544922 -3.700000047683716
endloop
endfacet
facet normal -0.00039613368267225066 -0.8660205162542327 -0.5000083084358276
outer loop
vertex -7.270612716674805 -57.88274383544922 -3.700000047683716
vertex -12.432660102844238 -57.77106475830078 -3.8893399238586426
vertex -7.553979873657227 -57.77329635620117 -3.8893399238586426
endloop
endfacet
facet normal -0.00039643470698926865 -0.8660247286700854 -0.5000010121704037
outer loop
vertex -11.993319511413574 -56.72587966918945 -5.699999809265137
vertex -7.993319988250732 -56.72771072387695 -5.699999809265137
vertex -7.993319988250732 -57.16072463989258 -4.949999809265137
endloop
endfacet
facet normal -0.0003971827954999948 -0.8660211955760971 -0.5000071310079227
outer loop
vertex -26.553979873657227 -57.76459503173828 -3.8893399238586426
vertex -26.270612716674805 -57.87404251098633 -3.700000047683716
vertex -27.651334762573242 -57.873409271240234 -3.700000047683716
endloop
endfacet
facet normal -0.00039494113875790176 -0.8660268285038537 -0.49999737632616986
outer loop
vertex -26.879138946533203 -57.483489990234375 -4.375974655151367
vertex -26.553979873657227 -57.76459503173828 -3.8893399238586426
vertex -27.651334762573242 -57.873409271240234 -3.700000047683716
endloop
endfacet
facet normal -0.00039661897739058237 -0.8660241550959681 -0.5000020054796794
outer loop
vertex 6.56734037399292 -57.77976608276367 -3.8893399238586426
vertex 6.8924994468688965 -57.49895477294922 -4.375974655151367
vertex 26.32863998413086 -57.89813232421875 -3.700000047683716
endloop
endfacet
facet normal 0.07128543886502052 -0.8630865983178327 -0.49999991000996524
outer loop
vertex 26.398216247558594 -57.89238357543945 -3.700000047683716
vertex 26.281299591064453 -56.743408203125 -5.699999809265137
vertex 26.891347885131836 -57.851654052734375 -3.700000047683716
endloop
endfacet
facet normal 0.07131245929780178 -0.8630842369824863 -0.5000001330212412
outer loop
vertex 26.32863998413086 -57.89813232421875 -3.700000047683716
vertex 26.281299591064453 -56.743408203125 -5.699999809265137
vertex 26.398216247558594 -57.89238357543945 -3.700000047683716
endloop
endfacet
facet normal 0.06402772984738032 -0.8644863342780642 -0.49856175912023765
outer loop
vertex 26.796659469604492 -56.705238342285156 -5.699999809265137
vertex 26.891347885131836 -57.851654052734375 -3.700000047683716
vertex 26.281299591064453 -56.743408203125 -5.699999809265137
endloop
endfacet
facet normal 0.0755547487663746 -0.8635500227260531 -0.4985707955633612
outer loop
vertex 26.891347885131836 -57.851654052734375 -3.700000047683716
vertex 26.796659469604492 -56.705238342285156 -5.699999809265137
vertex 26.89122772216797 -56.696964263916016 -5.699999809265137
endloop
endfacet
facet normal 1 0 0
outer loop
vertex 52.39677429199219 -55.34888458251953 -1.9500000476837158
vertex 52.39677429199219 -55.34888458251953 -0.44999998807907104
vertex 52.39677429199219 -55.84765625 -1.9500000476837158
endloop
endfacet
facet normal 0 1 0
outer loop
vertex 52.39677429199219 -55.84765625 -1.9500000476837158
vertex 52.39677429199219 -55.84765625 -0.44999998807907104
vertex 60.39677429199219 -55.84765625 -1.9500000476837158
endloop
endfacet
facet normal 0 0 1
outer loop
vertex 52.39677429199219 -55.84765625 -1.9500000476837158
vertex 60.39677429199219 -55.34812927246094 -1.9500000476837158
vertex 52.39677429199219 -55.34888458251953 -1.9500000476837158
endloop
endfacet
facet normal -1 0 0
outer loop
vertex 60.39677429199219 -55.34812927246094 -1.9500000476837158
vertex 60.39677429199219 -55.84765625 -0.44999998807907104
vertex 60.39677429199219 -55.34812927246094 -0.44999998807907104
endloop
endfacet
facet normal 0 1 0
outer loop
vertex 60.39677429199219 -55.84765625 -0.44999998807907104
vertex 60.39677429199219 -55.84765625 -1.9500000476837158
vertex 52.39677429199219 -55.84765625 -0.44999998807907104
endloop
endfacet
facet normal 0 0 1
outer loop
vertex 60.39677429199219 -55.34812927246094 -1.9500000476837158
vertex 52.39677429199219 -55.84765625 -1.9500000476837158
vertex 60.39677429199219 -55.84765625 -1.9500000476837158
endloop
endfacet
facet normal 1 0 0
outer loop
vertex 52.39677429199219 -55.84765625 -0.44999998807907104
vertex 52.39677429199219 -55.84765625 -1.9500000476837158
vertex 52.39677429199219 -55.34888458251953 -0.44999998807907104
endloop
endfacet
facet normal -1 0 0
outer loop
vertex 60.39677429199219 -55.34812927246094 -1.9500000476837158
vertex 60.39677429199219 -55.84765625 -1.9500000476837158
vertex 60.39677429199219 -55.84765625 -0.44999998807907104
endloop
endfacet
facet normal -1 0 0
outer loop
vertex -35.581459045410156 -55.343017578125 -1.9500000476837158
vertex -35.581459045410156 -55.84765625 -0.44999998807907104
vertex -35.581459045410156 -55.343017578125 -0.44999998807907104
endloop
endfacet
facet normal 0 1 0
outer loop
vertex -35.581459045410156 -55.84765625 -1.9500000476837158
vertex -43.581459045410156 -55.84765625 -1.9500000476837158
vertex -43.581459045410156 -55.84765625 -0.44999998807907104
endloop
endfacet
facet normal 1 0 0
outer loop
vertex -43.581459045410156 -55.84765625 -0.44999998807907104
vertex -43.581459045410156 -55.84765625 -1.9500000476837158
vertex -43.581459045410156 -55.338199615478516 -0.44999998807907104
endloop
endfacet
facet normal 0 1 0
outer loop
vertex -35.581459045410156 -55.84765625 -1.9500000476837158
vertex -43.581459045410156 -55.84765625 -0.44999998807907104
vertex -35.581459045410156 -55.84765625 -0.44999998807907104
endloop
endfacet
facet normal -1 0 0
outer loop
vertex -35.581459045410156 -55.343017578125 -1.9500000476837158
vertex -35.581459045410156 -55.84765625 -1.9500000476837158
vertex -35.581459045410156 -55.84765625 -0.44999998807907104
endloop
endfacet
facet normal 0 0 1
outer loop
vertex -35.581459045410156 -55.343017578125 -1.9500000476837158
vertex -43.581459045410156 -55.84765625 -1.9500000476837158
vertex -35.581459045410156 -55.84765625 -1.9500000476837158
endloop
endfacet
facet normal 0 0 1
outer loop
vertex -43.581459045410156 -55.338199615478516 -1.9500000476837158
vertex -43.581459045410156 -55.84765625 -1.9500000476837158
vertex -35.581459045410156 -55.343017578125 -1.9500000476837158
endloop
endfacet
facet normal 1 0 0
outer loop
vertex -43.581459045410156 -55.338199615478516 -1.9500000476837158
vertex -43.581459045410156 -55.338199615478516 -0.44999998807907104
vertex -43.581459045410156 -55.84765625 -1.9500000476837158
endloop
endfacet
facet normal 0 0 1
outer loop
vertex -37.377655029296875 48.26639175415039 -2.8499999046325684
vertex -38.00579071044922 47.410343170166016 -2.8499999046325684
vertex -37.7625846862793 47.3590087890625 -2.8499999046325684
endloop
endfacet
facet normal 0 0 -1
outer loop
vertex -40.6917724609375 49.67231369018555 -1.0499999523162842
vertex -38.477230072021484 47.53764343261719 -1.0499999523162842
vertex -41.1214599609375 48.65943145751953 -1.0499999523162842
endloop
endfacet
facet normal 0 0 1
outer loop
vertex -41.1214599609375 48.65943145751953 -2.8499999046325684
vertex -37.377655029296875 48.26639175415039 -2.8499999046325684
vertex -40.6917724609375 49.67231369018555 -2.8499999046325684
endloop
endfacet
facet normal 0 0 1
outer loop
vertex -37.377655029296875 48.26639175415039 -2.8499999046325684
vertex -41.1214599609375 48.65943145751953 -2.8499999046325684
vertex -38.477230072021484 47.53764343261719 -2.8499999046325684
endloop
endfacet
facet normal 0 0 -1
outer loop
vertex -38.477230072021484 47.53764343261719 -1.0499999523162842
vertex -40.6917724609375 49.67231369018555 -1.0499999523162842
vertex -37.377655029296875 48.26639175415039 -1.0499999523162842
endloop
endfacet
facet normal 0 0 -1
outer loop
vertex -38.477230072021484 47.53764343261719 -1.0499999523162842
vertex -37.377655029296875 48.26639175415039 -1.0499999523162842
vertex -38.00579071044922 47.410343170166016 -1.0499999523162842
endloop
endfacet
facet normal 0 0 -1
outer loop
vertex -37.377655029296875 48.26639175415039 -1.0499999523162842
vertex -37.7625846862793 47.3590087890625 -1.0499999523162842
vertex -38.00579071044922 47.410343170166016 -1.0499999523162842
endloop
endfacet
facet normal 0 0 1
outer loop
vertex -37.377655029296875 48.26639175415039 -2.8499999046325684
vertex -38.477230072021484 47.53764343261719 -2.8499999046325684
vertex -38.00579071044922 47.410343170166016 -2.8499999046325684
endloop
endfacet
facet normal -0.9205893293807889 0.3905320558292614 0
outer loop
vertex -37.377655029296875 48.26639175415039 -1.0499999523162842
vertex -37.7625846862793 47.3590087890625 -2.8499999046325684
vertex -37.7625846862793 47.3590087890625 -1.0499999523162842
endloop
endfacet
facet normal -0.39053400911969277 -0.9205885007542184 0
outer loop
vertex -40.6917724609375 49.67231369018555 -1.0499999523162842
vertex -40.6917724609375 49.67231369018555 -2.8499999046325684
vertex -37.377655029296875 48.26639175415039 -1.0499999523162842
endloop
endfacet
facet normal 0.9205883543987003 -0.3905343541168857 0
outer loop
vertex -41.1214599609375 48.65943145751953 -1.0499999523162842
vertex -40.6917724609375 49.67231369018555 -2.8499999046325684
vertex -40.6917724609375 49.67231369018555 -1.0499999523162842
endloop
endfacet
facet normal -0.39053400911969277 -0.9205885007542184 0
outer loop
vertex -40.6917724609375 49.67231369018555 -2.8499999046325684
vertex -37.377655029296875 48.26639175415039 -2.8499999046325684
vertex -37.377655029296875 48.26639175415039 -1.0499999523162842
endloop
endfacet
facet normal -0.9205893293807889 0.3905320558292614 0
outer loop
vertex -37.377655029296875 48.26639175415039 -2.8499999046325684
vertex -37.7625846862793 47.3590087890625 -2.8499999046325684
vertex -37.377655029296875 48.26639175415039 -1.0499999523162842
endloop
endfacet
facet normal 0.9205883543987003 -0.3905343541168857 0
outer loop
vertex -41.1214599609375 48.65943145751953 -2.8499999046325684
vertex -40.6917724609375 49.67231369018555 -2.8499999046325684
vertex -41.1214599609375 48.65943145751953 -1.0499999523162842
endloop
endfacet
facet normal 0 0 1
outer loop
vertex 54.59695053100586 44.76293182373047 -2.8499999046325684
vertex 54.59680938720703 43.6621208190918 -2.8499999046325684
vertex 58.19694900512695 44.76247787475586 -2.8499999046325684
endloop
endfacet
facet normal 0 0 1
outer loop
vertex 58.19694900512695 44.76247787475586 -2.8499999046325684
vertex 54.59680938720703 43.6621208190918 -2.8499999046325684
vertex 58.19681167602539 43.66162872314453 -2.8499999046325684
endloop
endfacet
facet normal -0.00012609698983586534 -0.9999999920497745 0
outer loop
vertex 54.59695053100586 44.76293182373047 -2.8499999046325684
vertex 58.19694900512695 44.76247787475586 -2.8499999046325684
vertex 58.19694900512695 44.76247787475586 -1.0499999523162842
endloop
endfacet
facet normal -0.9999999922189262 0.00012474833658446447 0
outer loop
vertex 58.19694900512695 44.76247787475586 -2.8499999046325684
vertex 58.19681167602539 43.66162872314453 -2.8499999046325684
vertex 58.19694900512695 44.76247787475586 -1.0499999523162842
endloop
endfacet
facet normal -0.00012609698983586534 -0.9999999920497745 0
outer loop
vertex 54.59695053100586 44.76293182373047 -1.0499999523162842
vertex 54.59695053100586 44.76293182373047 -2.8499999046325684
vertex 58.19694900512695 44.76247787475586 -1.0499999523162842
endloop
endfacet
facet normal -0.9999999922189262 0.00012474833658446447 0
outer loop
vertex 58.19694900512695 44.76247787475586 -1.0499999523162842
vertex 58.19681167602539 43.66162872314453 -2.8499999046325684
vertex 58.19681167602539 43.66162872314453 -1.0499999523162842
endloop
endfacet
facet normal 0 0 -1
outer loop
vertex 54.59680938720703 43.6621208190918 -1.0499999523162842
vertex 54.59695053100586 44.76293182373047 -1.0499999523162842
vertex 58.19681167602539 43.66162872314453 -1.0499999523162842
endloop
endfacet
facet normal 0 0 -1
outer loop
vertex 58.19694900512695 44.76247787475586 -1.0499999523162842
vertex 58.19681167602539 43.66162872314453 -1.0499999523162842
vertex 54.59695053100586 44.76293182373047 -1.0499999523162842
endloop
endfacet
facet normal 0.9999999917800708 -0.00012821801115102564 0
outer loop
vertex 54.59680938720703 43.6621208190918 -1.0499999523162842
vertex 54.59680938720703 43.6621208190918 -2.8499999046325684
vertex 54.59695053100586 44.76293182373047 -2.8499999046325684
endloop
endfacet
facet normal 0.9999999917800708 -0.00012821801115102564 0
outer loop
vertex 54.59680938720703 43.6621208190918 -1.0499999523162842
vertex 54.59695053100586 44.76293182373047 -2.8499999046325684
vertex 54.59695053100586 44.76293182373047 -1.0499999523162842
endloop
endfacet
facet normal -1 0 0
outer loop
vertex 7.006680011749268 -56.734580993652344 -5.699999809265137
vertex 7.006680011749268 -55.398826599121094 -4.949999809265137
vertex 7.006680011749268 -55.398826599121094 -5.699999809265137
endloop
endfacet
facet normal -0.1950900960897925 0 -0.9807853253427458
outer loop
vertex 6.080705165863037 -57.888858795166016 -3.564180612564087
vertex 5.506680011749268 -57.88859558105469 -3.450000047683716
vertex 5.506680011749268 -55.398406982421875 -3.450000047683716
endloop
endfacet
facet normal 0.5555706811646117 7.543675013103632e-8 -0.8314693128614451
outer loop
vertex -7.067345142364502 -55.39491271972656 -3.564180612564087
vertex -7.270612716674805 -57.88274383544922 -3.700000047683716
vertex -7.553979873657227 -55.394779205322266 -3.8893399238586426
endloop
endfacet
facet normal -0.9807853253427457 0 -0.1950900960897925
outer loop
vertex 6.8924994468688965 -55.3987922668457 -4.375974655151367
vertex 7.006680011749268 -57.16759490966797 -4.949999809265137
vertex 6.8924994468688965 -57.49895477294922 -4.375974655151367
endloop
endfacet
facet normal -0.8314695010489662 0 -0.5555703995223135
outer loop
vertex 6.8924994468688965 -55.3987922668457 -4.375974655151367
vertex 6.8924994468688965 -57.49895477294922 -4.375974655151367
vertex 6.56734037399292 -55.398704528808594 -3.8893399238586426
endloop
endfacet
facet normal -0.5555702232649231 0 -0.8314696188204135
outer loop
vertex 6.283973217010498 -57.88895034790039 -3.700000047683716
vertex 6.56734037399292 -55.398704528808594 -3.8893399238586426
vertex 6.56734037399292 -57.77976608276367 -3.8893399238586426
endloop
endfacet
facet normal 0.5555713194690713 0 -0.8314688863591921
outer loop
vertex -7.067345142364502 -57.882835388183594 -3.564180612564087
vertex -7.270612716674805 -57.88274383544922 -3.700000047683716
vertex -7.067345142364502 -55.39491271972656 -3.564180612564087
endloop
endfacet
facet normal 0.8314695010489663 0 -0.5555703995223136
outer loop
vertex -7.553979873657227 -57.77329635620117 -3.8893399238586426
vertex -7.879138946533203 -55.39468765258789 -4.375974655151367
vertex -7.553979873657227 -55.394779205322266 -3.8893399238586426
endloop
endfacet
facet normal -0.8314695010489663 0 -0.5555703995223136
outer loop
vertex 6.56734037399292 -55.398704528808594 -3.8893399238586426
vertex 6.8924994468688965 -57.49895477294922 -4.375974655151367
vertex 6.56734037399292 -57.77976608276367 -3.8893399238586426
endloop
endfacet
facet normal 0.5555702232649231 0 -0.8314696188204134
outer loop
vertex -7.270612716674805 -57.88274383544922 -3.700000047683716
vertex -7.553979873657227 -57.77329635620117 -3.8893399238586426
vertex -7.553979873657227 -55.394779205322266 -3.8893399238586426
endloop
endfacet
facet normal 0.8314695010489662 0 -0.5555703995223135
outer loop
vertex -7.553979873657227 -57.77329635620117 -3.8893399238586426
vertex -7.879138946533203 -57.492191314697266 -4.375974655151367
vertex -7.879138946533203 -55.39468765258789 -4.375974655151367
endloop
endfacet
facet normal 0.9807851694510031 0 -0.1950908798098134
outer loop
vertex -7.879138946533203 -57.492191314697266 -4.375974655151367
vertex -7.993319988250732 -55.394657135009766 -4.949999809265137
vertex -7.879138946533203 -55.39468765258789 -4.375974655151367
endloop
endfacet
facet normal 0.9807851694510031 0 -0.1950908798098134
outer loop
vertex -7.879138946533203 -57.492191314697266 -4.375974655151367
vertex -7.993319988250732 -57.16072463989258 -4.949999809265137
vertex -7.993319988250732 -55.394657135009766 -4.949999809265137
endloop
endfacet
facet normal 1 0 0
outer loop
vertex -7.993319988250732 -55.394657135009766 -4.949999809265137
vertex -7.993319988250732 -56.72771072387695 -5.699999809265137
vertex -7.993319988250732 -55.394657135009766 -5.699999809265137
endloop
endfacet
facet normal -0.9807853253427458 0 -0.19509009608979253
outer loop
vertex 7.006680011749268 -55.398826599121094 -4.949999809265137
vertex 7.006680011749268 -57.16759490966797 -4.949999809265137
vertex 6.8924994468688965 -55.3987922668457 -4.375974655151367
endloop
endfacet
facet normal -1 0 0
outer loop
vertex 7.006680011749268 -57.16759490966797 -4.949999809265137
vertex 7.006680011749268 -55.398826599121094 -4.949999809265137
vertex 7.006680011749268 -56.734580993652344 -5.699999809265137
endloop
endfacet
facet normal 0 0 -1
outer loop
vertex 5.506680011749268 -57.88859558105469 -3.450000047683716
vertex -6.493319988250732 -55.39507293701172 -3.450000047683716
vertex 5.506680011749268 -55.398406982421875 -3.450000047683716
endloop
endfacet
facet normal 1 0 0
outer loop
vertex -7.993319988250732 -57.16072463989258 -4.949999809265137
vertex -7.993319988250732 -56.72771072387695 -5.699999809265137
vertex -7.993319988250732 -55.394657135009766 -4.949999809265137
endloop
endfacet
facet normal 0.1950900960897925 0 -0.9807853253427457
outer loop
vertex -6.493319988250732 -57.88309860229492 -3.450000047683716
vertex -7.067345142364502 -57.882835388183594 -3.564180612564087
vertex -7.067345142364502 -55.39491271972656 -3.564180612564087
endloop
endfacet
facet normal 0.1950900960897925 0 -0.9807853253427458
outer loop
vertex -6.493319988250732 -57.88309860229492 -3.450000047683716
vertex -7.067345142364502 -55.39491271972656 -3.564180612564087
vertex -6.493319988250732 -55.39507293701172 -3.450000047683716
endloop
endfacet
facet normal 0 0 -1
outer loop
vertex -6.493319988250732 -55.39507293701172 -3.450000047683716
vertex 5.506680011749268 -57.88859558105469 -3.450000047683716
vertex -6.493319988250732 -57.88309860229492 -3.450000047683716
endloop
endfacet
facet normal -0.5555704184514964 0 -0.8314694884008849
outer loop
vertex 6.283973217010498 -57.88895034790039 -3.700000047683716
vertex 6.080705165863037 -57.888858795166016 -3.564180612564087
vertex 6.080705165863037 -55.39856719970703 -3.564180612564087
endloop
endfacet
facet normal -0.5555703047919582 1.3418877457778733e-8 -0.8314695643457855
outer loop
vertex 6.56734037399292 -55.398704528808594 -3.8893399238586426
vertex 6.283973217010498 -57.88895034790039 -3.700000047683716
vertex 6.080705165863037 -55.39856719970703 -3.564180612564087
endloop
endfacet
facet normal -0.1950900960897925 0 -0.9807853253427457
outer loop
vertex 6.080705165863037 -55.39856719970703 -3.564180612564087
vertex 6.080705165863037 -57.888858795166016 -3.564180612564087
vertex 5.506680011749268 -55.398406982421875 -3.450000047683716
endloop
endfacet
facet normal -0.19509009608979253 0 -0.9807853253427458
outer loop
vertex -12.919294357299805 -57.880157470703125 -3.564180612564087
vertex -13.493319511413574 -57.8798942565918 -3.450000047683716
vertex -13.493319511413574 -55.39312744140625 -3.450000047683716
endloop
endfacet
facet normal 0.9807850135586839 0 -0.1950916635294606
outer loop
vertex -26.879138946533203 -57.483489990234375 -4.375974655151367
vertex -26.99332046508789 -57.15202331542969 -4.949999809265137
vertex -26.99332046508789 -55.389373779296875 -4.949999809265137
endloop
endfacet
facet normal 0.8314695010489663 0 -0.5555703995223136
outer loop
vertex -26.553979873657227 -57.76459503173828 -3.8893399238586426
vertex -26.879138946533203 -55.389408111572266 -4.375974655151367
vertex -26.553979873657227 -55.389495849609375 -3.8893399238586426
endloop
endfacet
facet normal 0.555570223264923 0 -0.8314696188204133
outer loop
vertex -26.553979873657227 -57.76459503173828 -3.8893399238586426
vertex -26.553979873657227 -55.389495849609375 -3.8893399238586426
vertex -26.270612716674805 -57.87404251098633 -3.700000047683716
endloop
endfacet
facet normal 0.8314695010489663 0 -0.5555703995223136
outer loop
vertex -26.879138946533203 -55.389408111572266 -4.375974655151367
vertex -26.553979873657227 -57.76459503173828 -3.8893399238586426
vertex -26.879138946533203 -57.483489990234375 -4.375974655151367
endloop
endfacet
facet normal 0.5555704184514964 0 -0.831469488400885
outer loop
vertex -26.270612716674805 -57.87404251098633 -3.700000047683716
vertex -26.067344665527344 -55.38963317871094 -3.564180612564087
vertex -26.067344665527344 -57.8741340637207 -3.564180612564087
endloop
endfacet
facet normal 0.5555703047972005 1.3450523051054768e-8 -0.8314695643422828
outer loop
vertex -26.067344665527344 -55.38963317871094 -3.564180612564087
vertex -26.270612716674805 -57.87404251098633 -3.700000047683716
vertex -26.553979873657227 -55.389495849609375 -3.8893399238586426
endloop
endfacet
facet normal 0 0 -1
outer loop
vertex -13.493319511413574 -57.8798942565918 -3.450000047683716
vertex -25.49332046508789 -55.389793395996094 -3.450000047683716
vertex -13.493319511413574 -55.39312744140625 -3.450000047683716
endloop
endfacet
facet normal 1 0 0
outer loop
vertex -26.99332046508789 -57.15202331542969 -4.949999809265137
vertex -26.99332046508789 -56.71900939941406 -5.699999809265137
vertex -26.99332046508789 -55.389373779296875 -4.949999809265137
endloop
endfacet
facet normal 0.19509040787318935 0 -0.9807852633251952
outer loop
vertex -26.067344665527344 -55.38963317871094 -3.564180612564087
vertex -25.49332046508789 -57.87439727783203 -3.450000047683716
vertex -26.067344665527344 -57.8741340637207 -3.564180612564087
endloop
endfacet
facet normal 0.19509040787318932 0 -0.9807852633251952
outer loop
vertex -25.49332046508789 -57.87439727783203 -3.450000047683716
vertex -26.067344665527344 -55.38963317871094 -3.564180612564087
vertex -25.49332046508789 -55.389793395996094 -3.450000047683716
endloop
endfacet
facet normal 0 0 -1
outer loop
vertex -25.49332046508789 -55.389793395996094 -3.450000047683716
vertex -13.493319511413574 -57.8798942565918 -3.450000047683716
vertex -25.49332046508789 -57.87439727783203 -3.450000047683716
endloop
endfacet
facet normal -1 0 0
outer loop
vertex -11.993319511413574 -57.15889358520508 -4.949999809265137
vertex -11.993319511413574 -55.3935432434082 -4.949999809265137
vertex -11.993319511413574 -56.72587966918945 -5.699999809265137
endloop
endfacet
facet normal -0.1950900960897925 0 -0.9807853253427458
outer loop
vertex -12.919294357299805 -55.393287658691406 -3.564180612564087
vertex -12.919294357299805 -57.880157470703125 -3.564180612564087
vertex -13.493319511413574 -55.39312744140625 -3.450000047683716
endloop
endfacet
facet normal 1 0 0
outer loop
vertex -26.99332046508789 -55.389373779296875 -4.949999809265137
vertex -26.99332046508789 -56.71900939941406 -5.699999809265137
vertex -26.99332046508789 -55.389373779296875 -5.699999809265137
endloop
endfacet
facet normal -1 0 0
outer loop
vertex -11.993319511413574 -56.72587966918945 -5.699999809265137
vertex -11.993319511413574 -55.3935432434082 -4.949999809265137
vertex -11.993319511413574 -55.3935432434082 -5.699999809265137
endloop
endfacet
facet normal -0.5555710575207583 -7.55536574460991e-8 -0.8314690613878911
outer loop
vertex -12.432660102844238 -55.3934211730957 -3.8893399238586426
vertex -12.716026306152344 -57.8802490234375 -3.700000047683716
vertex -12.919294357299805 -55.393287658691406 -3.564180612564087
endloop
endfacet
facet normal -0.5555704184514962 0 -0.8314694884008849
outer loop
vertex -12.716026306152344 -57.8802490234375 -3.700000047683716
vertex -12.919294357299805 -57.880157470703125 -3.564180612564087
vertex -12.919294357299805 -55.393287658691406 -3.564180612564087
endloop
endfacet
facet normal -0.9807853253427457 0 -0.1950900960897925
outer loop
vertex -11.993319511413574 -55.3935432434082 -4.949999809265137
vertex -11.993319511413574 -57.15889358520508 -4.949999809265137
vertex -12.107500076293945 -55.39351272583008 -4.375974655151367
endloop
endfacet
facet normal -0.8314687483370727 0 -0.5555715260331305
outer loop
vertex -12.432660102844238 -55.3934211730957 -3.8893399238586426
vertex -12.107500076293945 -57.49025344848633 -4.375974655151367
vertex -12.432660102844238 -57.77106475830078 -3.8893399238586426
endloop
endfacet
facet normal -0.5555715159212906 0 -0.831468755093611
outer loop
vertex -12.716026306152344 -57.8802490234375 -3.700000047683716
vertex -12.432660102844238 -55.3934211730957 -3.8893399238586426
vertex -12.432660102844238 -57.77106475830078 -3.8893399238586426
endloop
endfacet
facet normal -0.9807853253427458 0 -0.1950900960897925
outer loop
vertex -12.107500076293945 -55.39351272583008 -4.375974655151367
vertex -11.993319511413574 -57.15889358520508 -4.949999809265137
vertex -12.107500076293945 -57.49025344848633 -4.375974655151367
endloop
endfacet
facet normal -0.8314687483370727 0 -0.5555715260331305
outer loop
vertex -12.107500076293945 -55.39351272583008 -4.375974655151367
vertex -12.107500076293945 -57.49025344848633 -4.375974655151367
vertex -12.432660102844238 -55.3934211730957 -3.8893399238586426
endloop
endfacet
facet normal 0.9807850135586839 0 -0.19509166352946058
outer loop
vertex -26.879138946533203 -57.483489990234375 -4.375974655151367
vertex -26.99332046508789 -55.389373779296875 -4.949999809265137
vertex -26.879138946533203 -55.389408111572266 -4.375974655151367
endloop
endfacet
facet normal 0.00025220429073412705 0.9999999681933427 0.0000025118595117729165
outer loop
vertex 72.09490966796875 -49.708160400390625 6.300000190734863
vertex 71.39397430419922 -49.70798110961914 5.300000190734863
vertex 69.09490966796875 -49.707401275634766 5.300000190734863
endloop
endfacet
facet normal -0.00025041917207976097 -0.9999999686451186 0
outer loop
vertex 71.39897155761719 -30.707983016967773 5.300000190734863
vertex 71.39897155761719 -30.707983016967773 0
vertex 72.09970092773438 -30.708158493041992 6.300000190734863
endloop
endfacet
facet normal 0.00025578787272895865 0.9999999672862816 0
outer loop
vertex 72.09490966796875 -49.708160400390625 6.300000190734863
vertex 72.09490966796875 -49.708160400390625 -1
vertex 71.39397430419922 -49.70798110961914 5.300000190734863
endloop
endfacet
facet normal -0.03976281290641127 0.9991992266701196 -0.004452429853974265
outer loop
vertex 72.09490966796875 -49.708160400390625 -1
vertex 71.39397430419922 -49.731597900390625 0
vertex 71.39397430419922 -49.70798110961914 5.300000190734863
endloop
endfacet
facet normal 0 0 1
outer loop
vertex 71.39897155761719 -30.707983016967773 -1
vertex 71.39397430419922 -49.70798110961914 -1
vertex 72.09490966796875 -49.708160400390625 -1
endloop
endfacet
facet normal 0.0002557165693575578 0.9997212075143366 0.0236102065876818
outer loop
vertex 71.39397430419922 -49.70798110961914 -1
vertex 71.39397430419922 -49.731597900390625 0
vertex 72.09490966796875 -49.708160400390625 -1
endloop
endfacet
facet normal 0.0002530415771853268 0.9999999679849796 0
outer loop
vertex 72.09490966796875 -49.708160400390625 6.300000190734863
vertex 69.09490966796875 -49.707401275634766 5.300000190734863
vertex 69.09490966796875 -49.707401275634766 6.300000190734863
endloop
endfacet
facet normal -0.9999999682047583 0.0002521715332793005 0
outer loop
vertex 72.09970092773438 -30.708158493041992 6.300000190734863
vertex 72.09970092773438 -30.708158493041992 -1
vertex 72.09490966796875 -49.708160400390625 6.300000190734863
endloop
endfacet
facet normal 0 0 1
outer loop
vertex 71.39897155761719 -30.707983016967773 -1
vertex 72.09490966796875 -49.708160400390625 -1
vertex 72.09970092773438 -30.708158493041992 -1
endloop
endfacet
facet normal 0.9999999682047456 -0.00025217158390867384 0
outer loop
vertex 69.09970092773438 -30.7074031829834 5.300000190734863
vertex 69.09970092773438 -30.7074031829834 6.300000190734863
vertex 69.09490966796875 -49.707401275634766 6.300000190734863
endloop
endfacet
facet normal 0 0 -1
outer loop
vertex 72.09490966796875 -49.708160400390625 6.300000190734863
vertex 69.09490966796875 -49.707401275634766 6.300000190734863
vertex 72.09970092773438 -30.708158493041992 6.300000190734863
endloop
endfacet
facet normal 0 0 -1
outer loop
vertex 72.09970092773438 -30.708158493041992 6.300000190734863
vertex 69.09490966796875 -49.707401275634766 6.300000190734863
vertex 69.09970092773438 -30.7074031829834 6.300000190734863
endloop
endfacet
facet normal -0.00025041917207976097 -0.9999999686451185 0
outer loop
vertex 71.39897155761719 -30.707983016967773 0
vertex 71.39897155761719 -30.707983016967773 -1
vertex 72.09970092773438 -30.708158493041992 -1
endloop
endfacet
facet normal -0.9999999682047583 0.0002521715332793005 0
outer loop
vertex 72.09970092773438 -30.708158493041992 -1
vertex 72.09490966796875 -49.708160400390625 -1
vertex 72.09490966796875 -49.708160400390625 6.300000190734863
endloop
endfacet
facet normal -0.00025218169553494667 -0.9999999682021957 0
outer loop
vertex 69.09970092773438 -30.7074031829834 6.300000190734863
vertex 69.09970092773438 -30.7074031829834 5.300000190734863
vertex 71.39897155761719 -30.707983016967773 5.300000190734863
endloop
endfacet
facet normal -0.0002517700115515206 -0.9999999683054821 9.465729517736327e-7
outer loop
vertex 72.09970092773438 -30.708158493041992 6.300000190734863
vertex 69.09970092773438 -30.7074031829834 6.300000190734863
vertex 71.39897155761719 -30.707983016967773 5.300000190734863
endloop
endfacet
facet normal 0.9999999682047456 -0.00025217158390867384 0
outer loop
vertex 69.09490966796875 -49.707401275634766 6.300000190734863
vertex 69.09490966796875 -49.707401275634766 5.300000190734863
vertex 69.09970092773438 -30.7074031829834 5.300000190734863
endloop
endfacet
facet normal -0.00025041917207976097 -0.9999999686451185 0
outer loop
vertex 71.39897155761719 -30.707983016967773 0
vertex 72.09970092773438 -30.708158493041992 -1
vertex 72.09970092773438 -30.708158493041992 6.300000190734863
endloop
endfacet
facet normal -0.9999999682047521 0.00025217155859398463 0
outer loop
vertex 72.1121597290039 18.663135528564453 -1
vertex 72.1121597290039 18.663135528564453 6.300000190734863
vertex 72.11695098876953 37.66313552856445 -1
endloop
endfacet
facet normal 0 0 -1
outer loop
vertex 72.1121597290039 18.663135528564453 6.300000190734863
vertex 69.1121597290039 18.66389274597168 6.300000190734863
vertex 72.11695098876953 37.66313552856445 6.300000190734863
endloop
endfacet
facet normal 0 0 1
outer loop
vertex 71.41695404052734 37.66331100463867 -1
vertex 72.1121597290039 18.663135528564453 -1
vertex 72.11695098876953 37.66313552856445 -1
endloop
endfacet
facet normal 0 0 1
outer loop
vertex 71.41195678710938 18.663312911987305 -1
vertex 72.1121597290039 18.663135528564453 -1
vertex 71.41695404052734 37.66331100463867 -1
endloop
endfacet
facet normal -0.00025177001083345334 -0.999999965453406 -0.00007553177159113352
outer loop
vertex 72.11695098876953 37.66313552856445 6.300000190734863
vertex 69.11695098876953 37.66389083862305 6.300000190734863
vertex 71.41695404052734 37.663387298583984 5.300000190734863
endloop
endfacet
facet normal 0.00025333143656847026 0.9999999679115911 0
outer loop
vertex 71.41195678710938 18.663312911987305 -1
vertex 71.41195678710938 18.663312911987305 1.6377980252180895e-16
vertex 72.1121597290039 18.663135528564453 -1
endloop
endfacet
facet normal -0.9999999682047521 0.00025217155859398463 0
outer loop
vertex 72.11695098876953 37.66313552856445 6.300000190734863
vertex 72.11695098876953 37.66313552856445 -1
vertex 72.1121597290039 18.663135528564453 6.300000190734863
endloop
endfacet
facet normal -0.0003802374916549139 -0.9999999276061131 0.000014395082461064277
outer loop
vertex 71.41695404052734 37.663387298583984 5.300000190734863
vertex 71.41695404052734 37.66331100463867 0
vertex 72.11695098876953 37.66313552856445 6.300000190734863
endloop
endfacet
facet normal 0.9999999682047456 -0.00025217158390867384 0
outer loop
vertex 69.11695098876953 37.66389083862305 5.300000190734863
vertex 69.11695098876953 37.66389083862305 6.300000190734863
vertex 69.1121597290039 18.66389274597168 6.300000190734863
endloop
endfacet
facet normal 0.00025333143656847026 0.9999999679115911 0
outer loop
vertex 72.1121597290039 18.663135528564453 6.300000190734863
vertex 72.1121597290039 18.663135528564453 -1
vertex 71.41195678710938 18.663312911987305 5.300000190734863
endloop
endfacet
facet normal -0.00021893015603184553 -0.9999999760347931 0
outer loop
vertex 69.11695098876953 37.66389083862305 6.300000190734863
vertex 69.11695098876953 37.66389083862305 5.300000190734863
vertex 71.41695404052734 37.663387298583984 5.300000190734863
endloop
endfacet
facet normal -0.00025068119103354553 -0.9999999685794697 0
outer loop
vertex 71.41695404052734 37.66331100463867 0
vertex 72.11695098876953 37.66313552856445 -1
vertex 72.11695098876953 37.66313552856445 6.300000190734863
endloop
endfacet
facet normal 0.00025333143656847026 0.9999999679115912 0
outer loop
vertex 72.1121597290039 18.663135528564453 -1
vertex 71.41195678710938 18.663312911987305 1.6377980252180895e-16
vertex 71.41195678710938 18.663312911987305 5.300000190734863
endloop
endfacet
facet normal 0 0 -1
outer loop
vertex 72.11695098876953 37.66313552856445 6.300000190734863
vertex 69.1121597290039 18.66389274597168 6.300000190734863
vertex 69.11695098876953 37.66389083862305 6.300000190734863
endloop
endfacet
facet normal -0.0002506811910335456 -0.9999999685794698 0
outer loop
vertex 71.41695404052734 37.66331100463867 0
vertex 71.41695404052734 37.66331100463867 -1
vertex 72.11695098876953 37.66313552856445 -1
endloop
endfacet
facet normal 0.0002521239706356707 0.9999999682163938 8.454712524506338e-7
outer loop
vertex 72.1121597290039 18.663135528564453 6.300000190734863
vertex 71.41195678710938 18.663312911987305 5.300000190734863
vertex 69.1121597290039 18.66389274597168 5.300000190734863
endloop
endfacet
facet normal 0.00025240579436863314 0.999999968145657 0
outer loop
vertex 72.1121597290039 18.663135528564453 6.300000190734863
vertex 69.1121597290039 18.66389274597168 5.300000190734863
vertex 69.1121597290039 18.66389274597168 6.300000190734863
endloop
endfacet
facet normal 0.9999999682047456 -0.00025217158390867384 0
outer loop
vertex 69.1121597290039 18.66389274597168 6.300000190734863
vertex 69.1121597290039 18.66389274597168 5.300000190734863
vertex 69.11695098876953 37.66389083862305 5.300000190734863
endloop
endfacet
facet normal -0.3912922962211055 -0.9202664499578449 0
outer loop
vertex -63.924537658691406 52.20907974243164 -1
vertex -63.279502868652344 51.934814453125 -1
vertex -63.279502868652344 51.934814453125 0
endloop
endfacet
facet normal 0.9202671169964061 -0.39129072743309806 0
outer loop
vertex -71.35906219482422 34.724002838134766 6.300000190734863
vertex -71.35906219482422 34.724002838134766 -1
vertex -63.924537658691406 52.20907974243164 6.300000190734863
endloop
endfacet
facet normal 0 0 1
outer loop
vertex -63.924537658691406 52.20907974243164 -1
vertex -70.71485900878906 34.450096130371094 -1
vertex -63.279502868652344 51.934814453125 -1
endloop
endfacet
facet normal 0.9202671169964061 -0.39129072743309806 0
outer loop
vertex -71.35906219482422 34.724002838134766 -1
vertex -63.924537658691406 52.20907974243164 -1
vertex -63.924537658691406 52.20907974243164 6.300000190734863
endloop
endfacet
facet normal -0.9202670862562783 0.3912907997300468 0
outer loop
vertex -68.59825897216797 33.550132751464844 6.300000190734863
vertex -61.163734436035156 51.03520584106445 6.300000190734863
vertex -68.59825897216797 33.550132751464844 5.300000190734863
endloop
endfacet
facet normal 0 0 -1
outer loop
vertex -68.59825897216797 33.550132751464844 6.300000190734863
vertex -71.35906219482422 34.724002838134766 6.300000190734863
vertex -61.163734436035156 51.03520584106445 6.300000190734863
endloop
endfacet
facet normal 0.39128626160838365 0.9202690158190352 0
outer loop
vertex -71.35906219482422 34.724002838134766 -1
vertex -70.71485900878906 34.450096130371094 0
vertex -70.71485900878906 34.450096130371094 -1
endloop
endfacet
facet normal -0.3912922962211055 -0.9202664499578448 0
outer loop
vertex -63.924537658691406 52.20907974243164 6.300000190734863
vertex -63.924537658691406 52.20907974243164 -1
vertex -63.279502868652344 51.934814453125 5.300000190734863
endloop
endfacet
facet normal 0.39128626160838365 0.9202690158190352 0
outer loop
vertex -70.71485900878906 34.450096130371094 0
vertex -71.35906219482422 34.724002838134766 -1
vertex -71.35906219482422 34.724002838134766 6.300000190734863
endloop
endfacet
facet normal 0 0 1
outer loop
vertex -71.35906219482422 34.724002838134766 -1
vertex -70.71485900878906 34.450096130371094 -1
vertex -63.924537658691406 52.20907974243164 -1
endloop
endfacet
facet normal -0.3912905892446943 -0.9202671757530744 0
outer loop
vertex -61.163734436035156 51.03520584106445 6.300000190734863
vertex -63.279502868652344 51.934814453125 5.300000190734863
vertex -61.163734436035156 51.03520584106445 5.300000190734863
endloop
endfacet
facet normal -0.3912909880632787 -0.9202670061778105 9.963591389526703e-7
outer loop
vertex -63.924537658691406 52.20907974243164 6.300000190734863
vertex -63.279502868652344 51.934814453125 5.300000190734863
vertex -61.163734436035156 51.03520584106445 6.300000190734863
endloop
endfacet
facet normal -0.3912922962211055 -0.9202664499578449 0
outer loop
vertex -63.924537658691406 52.20907974243164 -1
vertex -63.279502868652344 51.934814453125 0
vertex -63.279502868652344 51.934814453125 5.300000190734863
endloop
endfacet
facet normal 0.39128991118396605 0.9202674640548459 0.000002776106838127296
outer loop
vertex -68.59825897216797 33.550132751464844 6.300000190734863
vertex -70.71485900878906 34.450096130371094 5.300000190734863
vertex -71.35906219482422 34.724002838134766 6.300000190734863
endloop
endfacet
facet normal 0.3912910219581243 0.9202669917665018 0
outer loop
vertex -68.59825897216797 33.550132751464844 5.300000190734863
vertex -70.71485900878906 34.450096130371094 5.300000190734863
vertex -68.59825897216797 33.550132751464844 6.300000190734863
endloop
endfacet
facet normal -0.9202670862562783 0.3912907997300468 0
outer loop
vertex -61.163734436035156 51.03520584106445 5.300000190734863
vertex -68.59825897216797 33.550132751464844 5.300000190734863
vertex -61.163734436035156 51.03520584106445 6.300000190734863
endloop
endfacet
facet normal 0.39128626160838365 0.9202690158190352 0
outer loop
vertex -70.71485900878906 34.450096130371094 5.300000190734863
vertex -70.71485900878906 34.450096130371094 0
vertex -71.35906219482422 34.724002838134766 6.300000190734863
endloop
endfacet
facet normal 0 0 -1
outer loop
vertex -61.163734436035156 51.03520584106445 6.300000190734863
vertex -71.35906219482422 34.724002838134766 6.300000190734863
vertex -63.924537658691406 52.20907974243164 6.300000190734863
endloop
endfacet
facet normal -0.0000599451773027731 0.9999999982032878 0
outer loop
vertex -58.773319244384766 -49.295188903808594 5.300000190734863
vertex -58.773319244384766 -49.295188903808594 0
vertex -59.47332000732422 -49.295230865478516 6.300000190734863
endloop
endfacet
facet normal 0.999999998374378 0.000057019679627365023 0
outer loop
vertex -59.47332000732422 -49.295230865478516 6.300000190734863
vertex -59.47332000732422 -49.295230865478516 -1
vertex -59.474403381347656 -30.295228958129883 6.300000190734863
endloop
endfacet
facet normal 0.00005721384892718323 -0.9999999983632878 0
outer loop
vertex -59.474403381347656 -30.295228958129883 6.300000190734863
vertex -59.474403381347656 -30.295228958129883 -1
vertex -58.774322509765625 -30.295188903808594 5.300000190734863
endloop
endfacet
facet normal 0 0 1
outer loop
vertex -59.47332000732422 -49.295230865478516 -1
vertex -58.773319244384766 -49.29517364501953 -1
vertex -59.474403381347656 -30.295228958129883 -1
endloop
endfacet
facet normal -0.00005994517730277309 0.9999999982032878 0
outer loop
vertex -58.773319244384766 -49.295188903808594 0
vertex -59.47332000732422 -49.295230865478516 -1
vertex -59.47332000732422 -49.295230865478516 6.300000190734863
endloop
endfacet
facet normal -0.999999998374378 -0.000057019679627365023 0
outer loop
vertex -56.47332000732422 -49.29505920410156 5.300000190734863
vertex -56.47332000732422 -49.29505920410156 6.300000190734863
vertex -56.474403381347656 -30.29505729675293 6.300000190734863
endloop
endfacet
facet normal -0.999999998374378 -0.000057019679627365023 0
outer loop
vertex -56.47332000732422 -49.29505920410156 5.300000190734863
vertex -56.474403381347656 -30.29505729675293 6.300000190734863
vertex -56.474403381347656 -30.29505729675293 5.300000190734863
endloop
endfacet
facet normal 0 0 -1
outer loop
vertex -56.47332000732422 -49.29505920410156 6.300000190734863
vertex -59.47332000732422 -49.295230865478516 6.300000190734863
vertex -56.474403381347656 -30.29505729675293 6.300000190734863
endloop
endfacet
facet normal 0 0 -1
outer loop
vertex -56.474403381347656 -30.29505729675293 6.300000190734863
vertex -59.47332000732422 -49.295230865478516 6.300000190734863
vertex -59.474403381347656 -30.295228958129883 6.300000190734863
endloop
endfacet
facet normal 0.00005722045889069993 -0.9999999983629095 4.627509035045008e-9
outer loop
vertex -59.474403381347656 -30.295228958129883 6.300000190734863
vertex -58.774322509765625 -30.295188903808594 5.300000190734863
vertex -56.474403381347656 -30.29505729675293 6.300000190734863
endloop
endfacet
facet normal 0.999999998374378 0.000057019679627365023 0
outer loop
vertex -59.47332000732422 -49.295230865478516 -1
vertex -59.474403381347656 -30.295228958129883 -1
vertex -59.474403381347656 -30.295228958129883 6.300000190734863
endloop
endfacet
facet normal 0.00005721384892718323 -0.9999999983632877 0
outer loop
vertex -59.474403381347656 -30.295228958129883 -1
vertex -58.774322509765625 -30.295188903808594 0
vertex -58.774322509765625 -30.295188903808594 5.300000190734863
endloop
endfacet
facet normal 0.00005722247092188952 -0.9999999983627944 0
outer loop
vertex -56.474403381347656 -30.29505729675293 6.300000190734863
vertex -58.774322509765625 -30.295188903808594 5.300000190734863
vertex -56.474403381347656 -30.29505729675293 5.300000190734863
endloop
endfacet
facet normal 0 0 1
outer loop
vertex -59.474403381347656 -30.295228958129883 -1
vertex -58.773319244384766 -49.29517364501953 -1
vertex -58.774322509765625 -30.295188903808594 -1
endloop
endfacet
facet normal 0.00005721384892718323 -0.9999999983632877 0
outer loop
vertex -59.474403381347656 -30.295228958129883 -1
vertex -58.774322509765625 -30.295188903808594 -1
vertex -58.774322509765625 -30.295188903808594 0
endloop
endfacet
facet normal -0.000057220458890595856 0.9999999983610907 0.000001907304973940915
outer loop
vertex -58.773319244384766 -49.295188903808594 5.300000190734863
vertex -59.47332000732422 -49.295230865478516 6.300000190734863
vertex -56.47332000732422 -49.29505920410156 6.300000190734863
endloop
endfacet
facet normal -0.00005639119558612936 0.9999999984100164 0
outer loop
vertex -56.47332000732422 -49.29505920410156 5.300000190734863
vertex -58.773319244384766 -49.295188903808594 5.300000190734863
vertex -56.47332000732422 -49.29505920410156 6.300000190734863
endloop
endfacet
facet normal -0.00008174342345893954 0.999999996542591 0.000015258789009744125
outer loop
vertex -58.773319244384766 -49.295188903808594 0
vertex -58.773319244384766 -49.29517364501953 -1
vertex -59.47332000732422 -49.295230865478516 -1
endloop
endfacet
facet normal 0 0 1
outer loop
vertex 71.39997100830078 -26.917551040649414 -1
vertex 72.10066223144531 -26.917726516723633 -1
vertex 71.40496826171875 -7.917551040649414 -1
endloop
endfacet
facet normal 0.0002504328053784171 0.9999999686417045 0
outer loop
vertex 72.10066223144531 -26.917726516723633 -1
vertex 71.39997100830078 -26.917551040649414 3.859876624595117e-15
vertex 71.39997100830078 -26.917551040649414 5.300000190734863
endloop
endfacet
facet normal -0.9999999682047472 0.00025217157758000106 0
outer loop
vertex 72.10066223144531 -26.917726516723633 -1
vertex 72.10066223144531 -26.917726516723633 6.300000190734863
vertex 72.10545349121094 -7.917727947235107 -1
endloop
endfacet
facet normal 0 0 1
outer loop
vertex 71.40496826171875 -7.917551040649414 -1
vertex 72.10066223144531 -26.917726516723633 -1
vertex 72.10545349121094 -7.917727947235107 -1
endloop
endfacet
facet normal -0.00025254862287386735 -0.9999999681095961 0
outer loop
vertex 71.40496826171875 -7.917551040649414 -1
vertex 72.10545349121094 -7.917727947235107 -1
vertex 71.40496826171875 -7.917551040649414 0
endloop
endfacet
facet normal 0.0002504328053784171 0.9999999686417046 0
outer loop
vertex 71.39997100830078 -26.917551040649414 -1
vertex 71.39997100830078 -26.917551040649414 3.859876624595117e-15
vertex 72.10066223144531 -26.917726516723633 -1
endloop
endfacet
facet normal 0.0002504328053784171 0.9999999686417045 0
outer loop
vertex 72.10066223144531 -26.917726516723633 6.300000190734863
vertex 72.10066223144531 -26.917726516723633 -1
vertex 71.39997100830078 -26.917551040649414 5.300000190734863
endloop
endfacet
facet normal 0.00025217751168275495 0.9999999682025035 -0.0000012225004714837243
outer loop
vertex 72.10066223144531 -26.917726516723633 6.300000190734863
vertex 71.39997100830078 -26.917551040649414 5.300000190734863
vertex 69.10066223144531 -26.91697120666504 5.300000190734863
endloop
endfacet
facet normal -0.0002525486228738674 -0.9999999681095961 0
outer loop
vertex 71.40496826171875 -7.917551040649414 0
vertex 72.10545349121094 -7.917727947235107 -1
vertex 72.10545349121094 -7.917727947235107 6.300000190734863
endloop
endfacet
facet normal 0.0002517700115516334 0.9999999683059301 0
outer loop
vertex 72.10066223144531 -26.917726516723633 6.300000190734863
vertex 69.10066223144531 -26.91697120666504 5.300000190734863
vertex 69.10066223144531 -26.91697120666504 6.300000190734863
endloop
endfacet
facet normal 0.9999999682047537 -0.0002521715522653131 0
outer loop
vertex 69.10066223144531 -26.91697120666504 6.300000190734863
vertex 69.10066223144531 -26.91697120666504 5.300000190734863
vertex 69.10545349121094 -7.916970729827881 5.300000190734863
endloop
endfacet
facet normal 0 0 -1
outer loop
vertex 72.10066223144531 -26.917726516723633 6.300000190734863
vertex 69.10066223144531 -26.91697120666504 6.300000190734863
vertex 72.10545349121094 -7.917727947235107 6.300000190734863
endloop
endfacet
facet normal -0.9999999682047472 0.00025217157758000106 0
outer loop
vertex 72.10545349121094 -7.917727947235107 6.300000190734863
vertex 72.10545349121094 -7.917727947235107 -1
vertex 72.10066223144531 -26.917726516723633 6.300000190734863
endloop
endfacet
facet normal -0.00025254862287386735 -0.9999999681095959 0
outer loop
vertex 71.40496826171875 -7.917551040649414 0
vertex 72.10545349121094 -7.917727947235107 6.300000190734863
vertex 71.40496826171875 -7.917551040649414 5.300000190734863
endloop
endfacet
facet normal 0 0 -1
outer loop
vertex 72.10545349121094 -7.917727947235107 6.300000190734863
vertex 69.10066223144531 -26.91697120666504 6.300000190734863
vertex 69.10545349121094 -7.916970729827881 6.300000190734863
endloop
endfacet
facet normal -0.0002524057943686319 -0.999999968145652 -1.0004926464642736e-7
outer loop
vertex 69.10545349121094 -7.916970729827881 6.300000190734863
vertex 71.40496826171875 -7.917551040649414 5.300000190734863
vertex 72.10545349121094 -7.917727947235107 6.300000190734863
endloop
endfacet
facet normal -0.0002523622855120877 -0.9999999681566378 0
outer loop
vertex 69.10545349121094 -7.916970729827881 6.300000190734863
vertex 69.10545349121094 -7.916970729827881 5.300000190734863
vertex 71.40496826171875 -7.917551040649414 5.300000190734863
endloop
endfacet
facet normal 0.9999999682047537 -0.0002521715522653131 0
outer loop
vertex 69.10545349121094 -7.916970729827881 5.300000190734863
vertex 69.10545349121094 -7.916970729827881 6.300000190734863
vertex 69.10066223144531 -26.91697120666504 6.300000190734863
endloop
endfacet
facet normal 0.0002525623768961726 0.9999999681061223 0
outer loop
vertex 72.10640716552734 -4.127295970916748 -1
vertex 71.40596008300781 -4.127119064331055 5.300000190734863
vertex 72.10640716552734 -4.127295970916748 6.300000190734863
endloop
endfacet
facet normal -0.9999999682047505 0.00025217156492265643 0
outer loop
vertex 72.11119842529297 14.872703552246094 -1
vertex 72.10640716552734 -4.127295970916748 6.300000190734863
vertex 72.11119842529297 14.872703552246094 6.300000190734863
endloop
endfacet
facet normal -0.0002525428371466199 -0.9999999681110572 0
outer loop
vertex 69.11119842529297 14.87346076965332 6.300000190734863
vertex 69.11119842529297 14.87346076965332 5.300000190734863
vertex 71.41095733642578 14.872879981994629 5.300000190734863
endloop
endfacet
facet normal 0 0 1
outer loop
vertex 71.41095733642578 14.872879981994629 -1
vertex 72.10640716552734 -4.127295970916748 -1
vertex 72.11119842529297 14.872703552246094 -1
endloop
endfacet
facet normal -0.9999999682047505 0.00025217156492265643 0
outer loop
vertex 72.11119842529297 14.872703552246094 -1
vertex 72.10640716552734 -4.127295970916748 -1
vertex 72.10640716552734 -4.127295970916748 6.300000190734863
endloop
endfacet
facet normal 0.0002523580991084966 0.9999999681576944 0
outer loop
vertex 71.40596008300781 -4.127119064331055 5.300000190734863
vertex 69.10640716552734 -4.1265387535095215 5.300000190734863
vertex 69.10640716552734 -4.1265387535095215 6.300000190734863
endloop
endfacet
facet normal 0.0002524057943686316 0.9999999681456508 1.096777815824865e-7
outer loop
vertex 72.10640716552734 -4.127295970916748 6.300000190734863
vertex 71.40596008300781 -4.127119064331055 5.300000190734863
vertex 69.10640716552734 -4.1265387535095215 6.300000190734863
endloop
endfacet
facet normal -0.0002524057943686206 -0.9999999681456073 3.1516536997656754e-7
outer loop
vertex 72.11119842529297 14.872703552246094 6.300000190734863
vertex 69.11119842529297 14.87346076965332 6.300000190734863
vertex 71.41095733642578 14.872879981994629 5.300000190734863
endloop
endfacet
facet normal 0.00025256237689617265 0.9999999681061225 0
outer loop
vertex 71.40596008300781 -4.127119064331055 -1
vertex 71.40596008300781 -4.127119064331055 0
vertex 72.10640716552734 -4.127295970916748 -1
endloop
endfacet
facet normal 0 0 1
outer loop
vertex 71.41095733642578 14.872879981994629 -1
vertex 71.40596008300781 -4.127119064331055 -1
vertex 72.10640716552734 -4.127295970916748 -1
endloop
endfacet
facet normal 0.9999999682047503 -0.00025217156492265643 0
outer loop
vertex 69.10640716552734 -4.1265387535095215 6.300000190734863
vertex 69.10640716552734 -4.1265387535095215 5.300000190734863
vertex 69.11119842529297 14.87346076965332 5.300000190734863
endloop
endfacet
facet normal -0.00025195571316808356 -0.9999999682591587 0
outer loop
vertex 71.41095733642578 14.872879981994629 0
vertex 71.41095733642578 14.872879981994629 -1
vertex 72.11119842529297 14.872703552246094 -1
endloop
endfacet
facet normal 0 0 -1
outer loop
vertex 72.10640716552734 -4.127295970916748 6.300000190734863
vertex 69.10640716552734 -4.1265387535095215 6.300000190734863
vertex 72.11119842529297 14.872703552246094 6.300000190734863
endloop
endfacet
facet normal 0.9999999682047503 -0.00025217156492265643 0
outer loop
vertex 69.11119842529297 14.87346076965332 5.300000190734863
vertex 69.11119842529297 14.87346076965332 6.300000190734863
vertex 69.10640716552734 -4.1265387535095215 6.300000190734863
endloop
endfacet
facet normal 0 0 -1
outer loop
vertex 72.11119842529297 14.872703552246094 6.300000190734863
vertex 69.10640716552734 -4.1265387535095215 6.300000190734863
vertex 69.11119842529297 14.87346076965332 6.300000190734863
endloop
endfacet
facet normal -0.00025195571316808356 -0.9999999682591587 0
outer loop
vertex 71.41095733642578 14.872879981994629 0
vertex 72.11119842529297 14.872703552246094 -1
vertex 72.11119842529297 14.872703552246094 6.300000190734863
endloop
endfacet
facet normal -0.0002519557131680836 -0.9999999682591589 0
outer loop
vertex 71.41095733642578 14.872879981994629 5.300000190734863
vertex 71.41095733642578 14.872879981994629 0
vertex 72.11119842529297 14.872703552246094 6.300000190734863
endloop
endfacet
facet normal 0.0002525623768961726 0.9999999681061223 0
outer loop
vertex 72.10640716552734 -4.127295970916748 -1
vertex 71.40596008300781 -4.127119064331055 0
vertex 71.40596008300781 -4.127119064331055 5.300000190734863
endloop
endfacet
facet normal 0 0 -1
outer loop
vertex -56.477317810058594 20.839473724365234 6.300000190734863
vertex -59.476234436035156 1.8393025398254395 6.300000190734863
vertex -59.477317810058594 20.83930206298828 6.300000190734863
endloop
endfacet
facet normal -0.00005703238204259246 0.9999999983736537 0
outer loop
vertex -58.77601623535156 1.839342474937439 0
vertex -59.476234436035156 1.8393025398254395 -1
vertex -59.476234436035156 1.8393025398254395 6.300000190734863
endloop
endfacet
facet normal 0.00005722045889069993 -0.9999999983629095 0
outer loop
vertex -59.477317810058594 20.83930206298828 6.300000190734863
vertex -56.477317810058594 20.839473724365234 5.300000190734863
vertex -56.477317810058594 20.839473724365234 6.300000190734863
endloop
endfacet
facet normal 0.000057177897748689195 -0.9999999983653358 -1.2768342644871444e-7
outer loop
vertex -59.477317810058594 20.83930206298828 6.300000190734863
vertex -58.779029846191406 20.83934211730957 5.300000190734863
vertex -56.477317810058594 20.839473724365234 5.300000190734863
endloop
endfacet
facet normal -0.9999999983743777 -0.0000570196849936351 0
outer loop
vertex -56.476234436035156 1.8394736051559448 5.300000190734863
vertex -56.477317810058594 20.839473724365234 6.300000190734863
vertex -56.477317810058594 20.839473724365234 5.300000190734863
endloop
endfacet
facet normal 0.00005736074985646787 -0.9999999983548722 0
outer loop
vertex -59.477317810058594 20.83930206298828 6.300000190734863
vertex -59.477317810058594 20.83930206298828 -1
vertex -58.779029846191406 20.83934211730957 5.300000190734863
endloop
endfacet
facet normal -0.00005703238204259246 0.9999999983736537 0
outer loop
vertex -58.77601623535156 1.839342474937439 0
vertex -58.77601623535156 1.839342474937439 -1
vertex -59.476234436035156 1.8393025398254395 -1
endloop
endfacet
facet normal 0 0 -1
outer loop
vertex -56.476234436035156 1.8394736051559448 6.300000190734863
vertex -59.476234436035156 1.8393025398254395 6.300000190734863
vertex -56.477317810058594 20.839473724365234 6.300000190734863
endloop
endfacet
facet normal -0.9999999983743777 -0.0000570196849936351 0
outer loop
vertex -56.476234436035156 1.8394736051559448 5.300000190734863
vertex -56.476234436035156 1.8394736051559448 6.300000190734863
vertex -56.477317810058594 20.839473724365234 6.300000190734863
endloop
endfacet
facet normal -0.000057018547729909505 0.9999999983744426 0
outer loop
vertex -56.476234436035156 1.8394736051559448 5.300000190734863
vertex -58.77601623535156 1.839342474937439 5.300000190734863
vertex -56.476234436035156 1.8394736051559448 6.300000190734863
endloop
endfacet
facet normal -0.00005702177674242103 0.9999999983742586 7.426024227903164e-9
outer loop
vertex -59.476234436035156 1.8393025398254395 6.300000190734863
vertex -56.476234436035156 1.8394736051559448 6.300000190734863
vertex -58.77601623535156 1.839342474937439 5.300000190734863
endloop
endfacet
facet normal 0.9999999983743776 0.000057019686782392015 0
outer loop
vertex -59.476234436035156 1.8393025398254395 6.300000190734863
vertex -59.476234436035156 1.8393025398254395 -1
vertex -59.477317810058594 20.83930206298828 6.300000190734863
endloop
endfacet
facet normal -0.000057032382042592466 0.9999999983736537 0
outer loop
vertex -58.77601623535156 1.839342474937439 5.300000190734863
vertex -58.77601623535156 1.839342474937439 0
vertex -59.476234436035156 1.8393025398254395 6.300000190734863
endloop
endfacet
facet normal -0.022028865140542624 -0.9996383719282349 0.015422531221816463
outer loop
vertex -59.477317810058594 20.83930206298828 -1
vertex -58.77701950073242 20.823869705200195 -1
vertex -58.779029846191406 20.83934211730957 0
endloop
endfacet
facet normal 0.9999999983743776 0.000057019686782392015 0
outer loop
vertex -59.476234436035156 1.8393025398254395 -1
vertex -59.477317810058594 20.83930206298828 -1
vertex -59.477317810058594 20.83930206298828 6.300000190734863
endloop
endfacet
facet normal 0.00005736074985646788 -0.9999999983548722 0
outer loop
vertex -59.477317810058594 20.83930206298828 -1
vertex -58.779029846191406 20.83934211730957 0
vertex -58.779029846191406 20.83934211730957 5.300000190734863
endloop
endfacet
facet normal 0 0 1
outer loop
vertex -59.476234436035156 1.8393025398254395 -1
vertex -58.77601623535156 1.839342474937439 -1
vertex -59.477317810058594 20.83930206298828 -1
endloop
endfacet
facet normal 0 0 1
outer loop
vertex -59.477317810058594 20.83930206298828 -1
vertex -58.77601623535156 1.839342474937439 -1
vertex -58.77701950073242 20.823869705200195 -1
endloop
endfacet
facet normal 0.9999999983743776 0.00005701968821339764 0
outer loop
vertex -59.47477722167969 -23.727962493896484 -1
vertex -59.475860595703125 -4.727963447570801 -1
vertex -59.475860595703125 -4.727963447570801 6.300000190734863
endloop
endfacet
facet normal 0.00005720512112677616 -0.9999999983637871 0
outer loop
vertex -59.475860595703125 -4.727963447570801 -1
vertex -58.775672912597656 -4.727923393249512 -1
vertex -58.775672912597656 -4.727923393249512 0
endloop
endfacet
facet normal -0.000054487301653448065 0.999999998515567 0
outer loop
vertex -58.7746696472168 -23.727924346923828 5.300000190734863
vertex -58.7746696472168 -23.727924346923828 0
vertex -59.47477722167969 -23.727962493896484 6.300000190734863
endloop
endfacet
facet normal 0.9999999983743776 0.00005701968821339764 0
outer loop
vertex -59.47477722167969 -23.727962493896484 6.300000190734863
vertex -59.47477722167969 -23.727962493896484 -1
vertex -59.475860595703125 -4.727963447570801 6.300000190734863
endloop
endfacet
facet normal -0.0000565846760161227 0.9999999983980091 -0.0000014683876822772656
outer loop
vertex -59.47477722167969 -23.727962493896484 6.300000190734863
vertex -56.47477722167969 -23.727792739868164 6.300000190734863
vertex -58.7746696472168 -23.727924346923828 5.300000190734863
endloop
endfacet
facet normal -0.0000572231353028847 0.9999999983627563 0
outer loop
vertex -56.47477722167969 -23.727792739868164 5.300000190734863
vertex -58.7746696472168 -23.727924346923828 5.300000190734863
vertex -56.47477722167969 -23.727792739868164 6.300000190734863
endloop
endfacet
facet normal -0.9999999983743777 -0.000057019683920381 0
outer loop
vertex -56.47477722167969 -23.727792739868164 5.300000190734863
vertex -56.47477722167969 -23.727792739868164 6.300000190734863
vertex -56.475860595703125 -4.727792263031006 6.300000190734863
endloop
endfacet
facet normal 0 0 -1
outer loop
vertex -56.47477722167969 -23.727792739868164 6.300000190734863
vertex -59.47477722167969 -23.727962493896484 6.300000190734863
vertex -56.475860595703125 -4.727792263031006 6.300000190734863
endloop
endfacet
facet normal 0.000057205121126776156 -0.999999998363787 0
outer loop
vertex -59.475860595703125 -4.727963447570801 6.300000190734863
vertex -59.475860595703125 -4.727963447570801 -1
vertex -58.775672912597656 -4.727923393249512 5.300000190734863
endloop
endfacet
facet normal -0.9999999983743777 -0.000057019683920381 0
outer loop
vertex -56.47477722167969 -23.727792739868164 5.300000190734863
vertex -56.475860595703125 -4.727792263031006 6.300000190734863
vertex -56.475860595703125 -4.727792263031006 5.300000190734863
endloop
endfacet
facet normal 0 0 -1
outer loop
vertex -56.475860595703125 -4.727792263031006 6.300000190734863
vertex -59.47477722167969 -23.727962493896484 6.300000190734863
vertex -59.475860595703125 -4.727963447570801 6.300000190734863
endloop
endfacet
facet normal 0.000057061513172077065 -0.9999999983719868 -1.0055252140471176e-7
outer loop
vertex -59.475860595703125 -4.727963447570801 6.300000190734863
vertex -58.775672912597656 -4.727923393249512 5.300000190734863
vertex -56.475860595703125 -4.727792263031006 6.300000190734863
endloop
endfacet
facet normal 0.000057017791116873535 -0.9999999983744858 0
outer loop
vertex -56.475860595703125 -4.727792263031006 6.300000190734863
vertex -58.775672912597656 -4.727923393249512 5.300000190734863
vertex -56.475860595703125 -4.727792263031006 5.300000190734863
endloop
endfacet
facet normal 0 0 1
outer loop
vertex -59.475860595703125 -4.727963447570801 -1
vertex -58.7746696472168 -23.727924346923828 -1
vertex -58.775672912597656 -4.727923393249512 -1
endloop
endfacet
facet normal -0.000054487301653448065 0.999999998515567 0
outer loop
vertex -58.7746696472168 -23.727924346923828 0
vertex -59.47477722167969 -23.727962493896484 -1
vertex -59.47477722167969 -23.727962493896484 6.300000190734863
endloop
endfacet
facet normal 0 0 1
outer loop
vertex -59.47477722167969 -23.727962493896484 -1
vertex -58.7746696472168 -23.727924346923828 -1
vertex -59.475860595703125 -4.727963447570801 -1
endloop
endfacet
facet normal -0.000054487301653448065 0.999999998515567 0
outer loop
vertex -58.7746696472168 -23.727924346923828 0
vertex -58.7746696472168 -23.727924346923828 -1
vertex -59.47477722167969 -23.727962493896484 -1
endloop
endfacet
facet normal 0.000057205121126776156 -0.999999998363787 0
outer loop
vertex -59.475860595703125 -4.727963447570801 -1
vertex -58.775672912597656 -4.727923393249512 0
vertex -58.775672912597656 -4.727923393249512 5.300000190734863
endloop
endfacet
facet normal 0.3014300445570334 0.9534882947568601 0
outer loop
vertex -54.267730712890625 -55.12256622314453 5.300000190734863
vertex -54.267730712890625 -55.12256622314453 0
vertex -54.89015579223633 -54.92579650878906 5.300000190734863
endloop
endfacet
facet normal 0 0 -1
outer loop
vertex 69.10545349121094 -7.916970729827881 5.300000190734863
vertex 68.58358001708984 -54.43709182739258 5.300000190734863
vertex 69.10640716552734 -4.1265387535095215 5.300000190734863
endloop
endfacet
facet normal 0 0 -1
outer loop
vertex -10.518620491027832 13.098346710205078 5.300000190734863
vertex -28.893320083618164 17.15234375 5.300000190734863
vertex -25.70720672607422 18.544559478759766 5.300000190734863
endloop
endfacet
facet normal 0 0 -1
outer loop
vertex -10.518620491027832 13.098346710205078 5.300000190734863
vertex -25.70720672607422 18.544559478759766 5.300000190734863
vertex -25.581645965576172 18.529701232910156 5.300000190734863
endloop
endfacet
facet normal 0 0 -1
outer loop
vertex -10.518620491027832 13.098346710205078 5.300000190734863
vertex -25.581645965576172 18.529701232910156 5.300000190734863
vertex -25.360055923461914 18.559354782104492 5.300000190734863
endloop
endfacet
facet normal 0 0 -1
outer loop
vertex -10.518620491027832 13.098346710205078 5.300000190734863
vertex -25.360055923461914 18.559354782104492 5.300000190734863
vertex -25.159116744995117 18.657358169555664 5.300000190734863
endloop
endfacet
facet normal 0 0 -1
outer loop
vertex -10.518620491027832 13.098346710205078 5.300000190734863
vertex -25.159116744995117 18.657358169555664 5.300000190734863
vertex -24.999324798583984 18.813716888427734 5.300000190734863
endloop
endfacet
facet normal 0 0 -1
outer loop
vertex -10.518620491027832 13.098346710205078 5.300000190734863
vertex -24.999324798583984 18.813716888427734 5.300000190734863
vertex -24.8969783782959 19.01247787475586 5.300000190734863
endloop
endfacet
facet normal 0 0 -1
outer loop
vertex -24.8969783782959 19.01247787475586 5.300000190734863
vertex -21.454015731811523 18.008045196533203 5.300000190734863
vertex -10.302994728088379 13.039299011230469 5.300000190734863
endloop
endfacet
facet normal 0 0 -1
outer loop
vertex -21.454015731811523 18.008045196533203 5.300000190734863
vertex -24.8969783782959 19.01247787475586 5.300000190734863
vertex -21.65220069885254 18.11150550842285 5.300000190734863
endloop
endfacet
facet normal 0 0 -1
outer loop
vertex -21.65220069885254 18.11150550842285 5.300000190734863
vertex -24.8969783782959 19.01247787475586 5.300000190734863
vertex -21.80765724182129 18.272174835205078 5.300000190734863
endloop
endfacet
facet normal 0 0 -1
outer loop
vertex -21.80765724182129 18.272174835205078 5.300000190734863
vertex -24.8969783782959 19.01247787475586 5.300000190734863
vertex -21.904531478881836 18.473661422729492 5.300000190734863
endloop
endfacet
facet normal 0 0 -1
outer loop
vertex -21.904531478881836 18.473661422729492 5.300000190734863
vertex -24.8969783782959 19.01247787475586 5.300000190734863
vertex -21.933319091796875 18.672344207763672 5.300000190734863
endloop
endfacet
facet normal 0 0 -1
outer loop
vertex -23.116973876953125 26.41141700744629 5.300000190734863
vertex -24.8969783782959 19.01247787475586 5.300000190734863
vertex -23.36106300354004 26.262714385986328 5.300000190734863
endloop
endfacet
facet normal 0 0 -1
outer loop
vertex -23.116973876953125 26.41141700744629 5.300000190734863
vertex -22.85892677307129 26.482074737548828 5.300000190734863
vertex -21.933319091796875 18.672344207763672 5.300000190734863
endloop
endfacet
facet normal 0 0 -1
outer loop
vertex -22.85892677307129 26.482074737548828 5.300000190734863
vertex -22.591381072998047 26.48178482055664 5.300000190734863
vertex -21.933319091796875 18.672344207763672 5.300000190734863
endloop
endfacet
facet normal 0 0 -1
outer loop
vertex -21.933319091796875 26.284748077392578 5.300000190734863
vertex -21.933319091796875 18.672344207763672 5.300000190734863
vertex -22.591381072998047 26.48178482055664 5.300000190734863
endloop
endfacet
facet normal 0 0 -1
outer loop
vertex -9.893320083618164 12.402344703674316 5.300000190734863
vertex -9.904738426208496 12.528265953063965 5.300000190734863
vertex 7.7066802978515625 8.352344512939453 5.300000190734863
endloop
endfacet
facet normal 0 0 -1
outer loop
vertex 7.7066802978515625 8.352344512939453 5.300000190734863
vertex -9.904738426208496 12.528265953063965 5.300000190734863
vertex -9.979557991027832 12.73893928527832 5.300000190734863
endloop
endfacet
facet normal 0 0 -1
outer loop
vertex -10.116982460021973 12.915279388427734 5.300000190734863
vertex -10.302994728088379 13.039299011230469 5.300000190734863
vertex 7.7066802978515625 8.352344512939453 5.300000190734863
endloop
endfacet
facet normal 0 0 -1
outer loop
vertex -9.979557991027832 12.73893928527832 5.300000190734863
vertex -10.116982460021973 12.915279388427734 5.300000190734863
vertex 7.7066802978515625 8.352344512939453 5.300000190734863
endloop
endfacet
facet normal 0 0 -1
outer loop
vertex 7.7066802978515625 8.352344512939453 5.300000190734863
vertex -10.302994728088379 13.039299011230469 5.300000190734863
vertex -2.2333197593688965 17.97234344482422 5.300000190734863
endloop
endfacet
facet normal 0 0 -1
outer loop
vertex -10.302994728088379 13.039299011230469 5.300000190734863
vertex -21.454015731811523 18.008045196533203 5.300000190734863
vertex -21.233320236206055 17.97234344482422 5.300000190734863
endloop
endfacet
facet normal 0 0 -1
outer loop
vertex -10.518620491027832 13.098346710205078 5.300000190734863
vertex -24.8969783782959 19.01247787475586 5.300000190734863
vertex -10.302994728088379 13.039299011230469 5.300000190734863
endloop
endfacet
facet normal 0 0 -1
outer loop
vertex -2.2333197593688965 17.97234344482422 5.300000190734863
vertex -10.302994728088379 13.039299011230469 5.300000190734863
vertex -21.233320236206055 17.97234344482422 5.300000190734863
endloop
endfacet
facet normal 0 0 -1
outer loop
vertex -21.3791561126709 38.470855712890625 5.300000190734863
vertex -39.881717681884766 42.38969802856445 5.300000190734863
vertex -20.413448333740234 43.69713592529297 5.300000190734863
endloop
endfacet
facet normal 0 0 -1
outer loop
vertex -21.3791561126709 38.470855712890625 5.300000190734863
vertex -20.049108505249023 43.67250442504883 5.300000190734863
vertex -21.103036880493164 38.386985778808594 5.300000190734863
endloop
endfacet
facet normal 0 0 -1
outer loop
vertex -21.103036880493164 38.386985778808594 5.300000190734863
vertex -20.049108505249023 43.67250442504883 5.300000190734863
vertex -20.932544708251953 38.372344970703125 5.300000190734863
endloop
endfacet
facet normal 0 0 -1
outer loop
vertex -20.049108505249023 43.67250442504883 5.300000190734863
vertex -21.3791561126709 38.470855712890625 5.300000190734863
vertex -20.413448333740234 43.69713592529297 5.300000190734863
endloop
endfacet
facet normal -0.20651938963344532 -0.9784425081247385 0
outer loop
vertex -38.00579071044922 47.410343170166016 5.300000190734863
vertex -38.00579071044922 47.410343170166016 0
vertex -20.413448333740234 43.69713592529297 5.300000190734863
endloop
endfacet
facet normal -0.06745347704218928 -0.9977224205333398 1.1098334233468555e-7
outer loop
vertex -20.049108505249023 43.67250442504883 5.300000190734863
vertex -20.413448333740234 43.69713592529297 0
vertex -20.046741485595703 43.67234420776367 3.5999999046325684
endloop
endfacet
facet normal -0.06745186992861404 -0.9977225291849099 0
outer loop
vertex -20.413448333740234 43.69713592529297 5.300000190734863
vertex -20.413448333740234 43.69713592529297 0
vertex -20.049108505249023 43.67250442504883 5.300000190734863
endloop
endfacet
facet normal 0 0 -1
outer loop
vertex -58.94791030883789 21.63936996459961 5.300000190734863
vertex -59.12549591064453 22.017616271972656 5.300000190734863
vertex -48.11671447753906 23.70586395263672 5.300000190734863
endloop
endfacet
facet normal 0 0 -1
outer loop
vertex -9.893320083618164 8.352344512939453 5.300000190734863
vertex -9.893320083618164 12.402344703674316 5.300000190734863
vertex 7.7066802978515625 8.352344512939453 5.300000190734863
endloop
endfacet
facet normal -0.00009447568629758925 0.9999999955371724 0
outer loop
vertex 52.39677429199219 -55.34888458251953 0
vertex 26.75702667236328 -55.3513069152832 0
vertex 52.39677429199219 -55.34888458251953 1.350000023841858
endloop
endfacet
facet normal 0 0 -1
outer loop
vertex -20.413448333740234 43.69713592529297 5.300000190734863
vertex -39.881717681884766 42.38969802856445 5.300000190734863
vertex -38.00579071044922 47.410343170166016 5.300000190734863
endloop
endfacet
facet normal 0 0 -1
outer loop
vertex -20.932544708251953 38.372344970703125 5.300000190734863
vertex -20.049108505249023 43.67250442504883 5.300000190734863
vertex -1.9767988920211792 38.322574615478516 5.300000190734863
endloop
endfacet
facet normal 0 0 -1
outer loop
vertex -1.9767988920211792 38.322574615478516 5.300000190734863
vertex -20.049108505249023 43.67250442504883 5.300000190734863
vertex 26.4865779876709 32.476436614990234 5.300000190734863
endloop
endfacet
facet normal 0 0 -1
outer loop
vertex -1.6019397974014282 37.97229766845703 5.300000190734863
vertex -1.9767988920211792 38.322574615478516 5.300000190734863
vertex 26.4865779876709 32.476436614990234 5.300000190734863
endloop
endfacet
facet normal 0 0 -1
outer loop
vertex 46.66320037841797 36.802574157714844 5.300000190734863
vertex -20.049108505249023 43.67250442504883 5.300000190734863
vertex -1.0491083860397339 43.669742584228516 5.300000190734863
endloop
endfacet
facet normal 0 0 -1
outer loop
vertex -59.972068786621094 22.928543090820312 5.300000190734863
vertex -68.02601623535156 26.413007736206055 5.300000190734863
vertex -71.0185546875 33.68782043457031 5.300000190734863
endloop
endfacet
facet normal -0.000094413756903411 0.9999999955429405 4.019883503417437e-7
outer loop
vertex 52.39677429199219 -55.34888458251953 1.350000023841858
vertex 26.75702667236328 -55.3513069152832 5.300000190734863
vertex 60.39677429199219 -55.34812927246094 1.350000023841858
endloop
endfacet
facet normal 0.6186932464319072 0.7856326538653721 0
outer loop
vertex -59.64378356933594 22.670015335083008 5.300000190734863
vertex -59.64378356933594 22.670015335083008 0
vertex -59.972068786621094 22.928543090820312 5.300000190734863
endloop
endfacet
facet normal 0.8287775473028725 0.5595782135560988 0
outer loop
vertex -59.12549591064453 22.017616271972656 5.300000190734863
vertex -59.12549591064453 22.017616271972656 0
vertex -59.35932159423828 22.363929748535156 5.300000190734863
endloop
endfacet
facet normal 0.9051988161882814 0.4249883565126626 0
outer loop
vertex -58.94791030883789 21.63936996459961 5.300000190734863
vertex -58.94791030883789 21.63936996459961 0
vertex -59.12549591064453 22.017616271972656 5.300000190734863
endloop
endfacet
facet normal 0 0 -1
outer loop
vertex -24.8969783782959 19.01247787475586 5.300000190734863
vertex -23.116973876953125 26.41141700744629 5.300000190734863
vertex -21.933319091796875 18.672344207763672 5.300000190734863
endloop
endfacet
facet normal 0 0 -1
outer loop
vertex -1.5333198308944702 37.67234420776367 5.300000190734863
vertex -1.6019397974014282 37.97229766845703 5.300000190734863
vertex 26.4865779876709 32.476436614990234 5.300000190734863
endloop
endfacet
facet normal 0 0 -1
outer loop
vertex 8.106728553771973 32.03372573852539 5.300000190734863
vertex -1.5333198308944702 37.67234420776367 5.300000190734863
vertex 8.4066801071167 32.10234451293945 5.300000190734863
endloop
endfacet
facet normal 0 0 -1
outer loop
vertex 7.756450176239014 31.658864974975586 5.300000190734863
vertex -1.5333198308944702 37.67234420776367 5.300000190734863
vertex 8.106728553771973 32.03372573852539 5.300000190734863
endloop
endfacet
facet normal 0 0 -1
outer loop
vertex 7.756450176239014 31.658864974975586 5.300000190734863
vertex -1.537316918373108 18.597644805908203 5.300000190734863
vertex -1.5333198308944702 37.67234420776367 5.300000190734863
endloop
endfacet
facet normal 0 0 -1
outer loop
vertex -25.70720672607422 18.544559478759766 5.300000190734863
vertex -29.116981506347656 17.665279388427734 5.300000190734863
vertex -29.302993774414062 17.78929901123047 5.300000190734863
endloop
endfacet
facet normal 0 0 -1
outer loop
vertex -29.518619537353516 17.848346710205078 5.300000190734863
vertex -25.70720672607422 18.544559478759766 5.300000190734863
vertex -29.302993774414062 17.78929901123047 5.300000190734863
endloop
endfacet
facet normal 0 0 -1
outer loop
vertex -25.70720672607422 18.544559478759766 5.300000190734863
vertex -28.904739379882812 17.27826499938965 5.300000190734863
vertex -28.979557037353516 17.48893928527832 5.300000190734863
endloop
endfacet
facet normal 0.8530159338305865 0.521884869134115 0
outer loop
vertex -70.20028686523438 28.267393112182617 0
vertex -70.67427825927734 29.04212760925293 0
vertex -70.67427825927734 29.04212760925293 5.300000190734863
endloop
endfacet
facet normal 0.6484103379818483 0.7612910308142774 0
outer loop
vertex -68.86832427978516 26.927526473999023 0
vertex -69.55975341796875 27.516433715820312 0
vertex -69.55975341796875 27.516433715820312 5.300000190734863
endloop
endfacet
facet normal 0 0 -1
outer loop
vertex -10.849841117858887 -49.997886657714844 5.300000190734863
vertex 26.15472984313965 -55.40414810180664 5.300000190734863
vertex -27.369937896728516 -55.3892707824707 5.300000190734863
endloop
endfacet
facet normal 0 0 -1
outer loop
vertex -11.433919906616211 -45.78635025024414 5.300000190734863
vertex -12.06627368927002 -45.32377243041992 5.300000190734863
vertex -11.600245475769043 -45.57678985595703 5.300000190734863
endloop
endfacet
facet normal 0 0 -1
outer loop
vertex -12.06627368927002 -45.32377243041992 5.300000190734863
vertex -11.816183090209961 -45.418827056884766 5.300000190734863
vertex -11.600245475769043 -45.57678985595703 5.300000190734863
endloop
endfacet
facet normal 0 0 -1
outer loop
vertex -11.329110145568848 -46.03251266479492 5.300000190734863
vertex -12.293319702148438 -45.29765701293945 5.300000190734863
vertex -12.06627368927002 -45.32377243041992 5.300000190734863
endloop
endfacet
facet normal 0 0 -1
outer loop
vertex -12.06627368927002 -45.32377243041992 5.300000190734863
vertex -11.433919906616211 -45.78635025024414 5.300000190734863
vertex -11.329110145568848 -46.03251266479492 5.300000190734863
endloop
endfacet
facet normal 0 0 -1
outer loop
vertex -11.293319702148438 -49.34765625 5.300000190734863
vertex -11.329110145568848 -46.03251266479492 5.300000190734863
vertex -11.293319702148438 -46.29765701293945 5.300000190734863
endloop
endfacet
facet normal 0 0 -1
outer loop
vertex -11.329110145568848 -46.03251266479492 5.300000190734863
vertex -27.369937896728516 -55.3892707824707 5.300000190734863
vertex -12.293319702148438 -45.29765701293945 5.300000190734863
endloop
endfacet
facet normal 0 0 -1
outer loop
vertex -11.293319702148438 -49.34765625 5.300000190734863
vertex -27.369937896728516 -55.3892707824707 5.300000190734863
vertex -11.329110145568848 -46.03251266479492 5.300000190734863
endloop
endfacet
facet normal 0 0 -1
outer loop
vertex -11.224699974060059 -49.647605895996094 5.300000190734863
vertex -27.369937896728516 -55.3892707824707 5.300000190734863
vertex -11.293319702148438 -49.34765625 5.300000190734863
endloop
endfacet
facet normal 0 0 -1
outer loop
vertex -27.369937896728516 -55.3892707824707 5.300000190734863
vertex -11.224699974060059 -49.647605895996094 5.300000190734863
vertex -10.849841117858887 -49.997886657714844 5.300000190734863
endloop
endfacet
facet normal 0 0 -1
outer loop
vertex -30.356651306152344 -41.19744110107422 5.300000190734863
vertex -30.66741180419922 -40.767757415771484 5.300000190734863
vertex -30.483030319213867 -40.96162414550781 5.300000190734863
endloop
endfacet
facet normal 0 0 -1
outer loop
vertex -30.297317504882812 -41.45832443237305 5.300000190734863
vertex -30.66741180419922 -40.767757415771484 5.300000190734863
vertex -30.356651306152344 -41.19744110107422 5.300000190734863
endloop
endfacet
facet normal 0.7608293216864672 0.6489520346390095 0
outer loop
vertex -69.55975341796875 27.516433715820312 0
vertex -70.20028686523438 28.267393112182617 0
vertex -70.20028686523438 28.267393112182617 5.300000190734863
endloop
endfacet
facet normal 0.5212839758146723 0.8533832764701028 0
outer loop
vertex -68.02601623535156 26.413007736206055 0
vertex -68.86832427978516 26.927526473999023 0
vertex -68.86832427978516 26.927526473999023 5.300000190734863
endloop
endfacet
facet normal 0 0 -1
outer loop
vertex -30.297317504882812 -41.45832443237305 5.300000190734863
vertex -30.896596908569336 -40.62971878051758 5.300000190734863
vertex -30.66741180419922 -40.767757415771484 5.300000190734863
endloop
endfacet
facet normal 0 0 -1
outer loop
vertex -30.297317504882812 -41.45832443237305 5.300000190734863
vertex -31.154178619384766 -40.5573844909668 5.300000190734863
vertex -30.896596908569336 -40.62971878051758 5.300000190734863
endloop
endfacet
facet normal 0 0 -1
outer loop
vertex -27.369937896728516 -55.3892707824707 5.300000190734863
vertex -29.84984016418457 -45.247886657714844 5.300000190734863
vertex -12.293319702148438 -45.29765701293945 5.300000190734863
endloop
endfacet
facet normal 0 0 -1
outer loop
vertex -30.297317504882812 -41.45832443237305 5.300000190734863
vertex -48.953739166259766 -55.3349609375 5.300000190734863
vertex -31.154178619384766 -40.5573844909668 5.300000190734863
endloop
endfacet
facet normal 0 0 -1
outer loop
vertex -30.293319702148438 -44.59765625 5.300000190734863
vertex -48.953739166259766 -55.3349609375 5.300000190734863
vertex -30.297317504882812 -41.45832443237305 5.300000190734863
endloop
endfacet
facet normal 0 0 -1
outer loop
vertex -30.224699020385742 -44.897605895996094 5.300000190734863
vertex -48.953739166259766 -55.3349609375 5.300000190734863
vertex -30.293319702148438 -44.59765625 5.300000190734863
endloop
endfacet
facet normal 0 0 -1
outer loop
vertex -29.84984016418457 -45.247886657714844 5.300000190734863
vertex -48.953739166259766 -55.3349609375 5.300000190734863
vertex -30.224699020385742 -44.897605895996094 5.300000190734863
endloop
endfacet
facet normal 0 0 -1
outer loop
vertex -29.9537410736084 -55.34640884399414 5.300000190734863
vertex -29.84984016418457 -45.247886657714844 5.300000190734863
vertex -27.369937896728516 -55.3892707824707 5.300000190734863
endloop
endfacet
facet normal 0 0 -1
outer loop
vertex -48.953739166259766 -55.3349609375 5.300000190734863
vertex -29.84984016418457 -45.247886657714844 5.300000190734863
vertex -29.9537410736084 -55.34640884399414 5.300000190734863
endloop
endfacet
facet normal 0.732507460135516 0.6807590034996346 0
outer loop
vertex -59.35932159423828 22.363929748535156 5.300000190734863
vertex -59.35932159423828 22.363929748535156 0
vertex -59.64378356933594 22.670015335083008 5.300000190734863
endloop
endfacet
facet normal 0.016586419041362103 0.9998624358897501 0
outer loop
vertex -29.9537410736084 -55.34640884399414 3.5999999046325684
vertex -29.9537410736084 -55.34640884399414 5.300000190734863
vertex -27.369937896728516 -55.3892707824707 5.300000190734863
endloop
endfacet
facet normal 0.3970720987959828 0.9177874200258758 0
outer loop
vertex -59.972068786621094 22.928543090820312 5.300000190734863
vertex -59.972068786621094 22.928543090820312 0
vertex -68.02601623535156 26.413007736206055 5.300000190734863
endloop
endfacet
facet normal 0.9599362757979306 0.2802183905585061 0
outer loop
vertex -58.83081817626953 21.238250732421875 5.300000190734863
vertex -58.83081817626953 21.238250732421875 0
vertex -58.94791030883789 21.63936996459961 5.300000190734863
endloop
endfacet
facet normal 0.991677782320292 0.12874461562452755 0
outer loop
vertex -58.779029846191406 20.83934211730957 5.300000190734863
vertex -58.83081817626953 21.238250732421875 0
vertex -58.83081817626953 21.238250732421875 5.300000190734863
endloop
endfacet
facet normal 0.0165864190413621 0.9998624358897499 0
outer loop
vertex -29.9537410736084 -55.34640884399414 3.5999999046325684
vertex -27.369937896728516 -55.3892707824707 5.300000190734863
vertex -27.369937896728516 -55.3892707824707 0
endloop
endfacet
facet normal 0.3970720987959828 0.9177874200258758 0
outer loop
vertex -59.972068786621094 22.928543090820312 0
vertex -68.02601623535156 26.413007736206055 0
vertex -68.02601623535156 26.413007736206055 5.300000190734863
endloop
endfacet
facet normal 0 0 -1
outer loop
vertex -28.893320083618164 17.15234375 5.300000190734863
vertex -28.904739379882812 17.27826499938965 5.300000190734863
vertex -25.70720672607422 18.544559478759766 5.300000190734863
endloop
endfacet
facet normal 0 0 -1
outer loop
vertex -59.64378356933594 22.670015335083008 5.300000190734863
vertex -59.972068786621094 22.928543090820312 5.300000190734863
vertex -65.8215103149414 31.274349212646484 5.300000190734863
endloop
endfacet
facet normal 0 0 -1
outer loop
vertex -28.979557037353516 17.48893928527832 5.300000190734863
vertex -29.116981506347656 17.665279388427734 5.300000190734863
vertex -25.70720672607422 18.544559478759766 5.300000190734863
endloop
endfacet
facet normal 0 0 -1
outer loop
vertex -49.24354934692383 17.408864974975586 5.300000190734863
vertex -56.47477722167969 -23.727792739868164 5.300000190734863
vertex -56.475860595703125 -4.727792263031006 5.300000190734863
endloop
endfacet
facet normal 0 0 -1
outer loop
vertex -49.24354934692383 17.408864974975586 5.300000190734863
vertex -56.474403381347656 -30.29505729675293 5.300000190734863
vertex -56.47477722167969 -23.727792739868164 5.300000190734863
endloop
endfacet
facet normal 0 0 -1
outer loop
vertex -49.24354934692383 17.408864974975586 5.300000190734863
vertex -56.47332000732422 -49.29505920410156 5.300000190734863
vertex -56.474403381347656 -30.29505729675293 5.300000190734863
endloop
endfacet
facet normal 0 0 -1
outer loop
vertex -49.29331970214844 -39.84765625 5.300000190734863
vertex -56.47332000732422 -49.29505920410156 5.300000190734863
vertex -49.24354934692383 17.408864974975586 5.300000190734863
endloop
endfacet
facet normal 0 0 -1
outer loop
vertex -56.475860595703125 -4.727792263031006 5.300000190734863
vertex -58.77601623535156 1.839342474937439 5.300000190734863
vertex -56.476234436035156 1.8394736051559448 5.300000190734863
endloop
endfacet
facet normal 0 0 -1
outer loop
vertex -56.475860595703125 -4.727792263031006 5.300000190734863
vertex -58.775672912597656 -4.727923393249512 5.300000190734863
vertex -58.77601623535156 1.839342474937439 5.300000190734863
endloop
endfacet
facet normal 0 0 -1
outer loop
vertex -29.518619537353516 17.848346710205078 5.300000190734863
vertex -44.5391845703125 22.574995040893555 5.300000190734863
vertex -25.70720672607422 18.544559478759766 5.300000190734863
endloop
endfacet
facet normal 0 0 -1
outer loop
vertex -39.881717681884766 42.38969802856445 5.300000190734863
vertex -38.477230072021484 47.53764343261719 5.300000190734863
vertex -38.00579071044922 47.410343170166016 5.300000190734863
endloop
endfacet
facet normal -0.00013694871732902137 -0.9999999906225243 0
outer loop
vertex 46.77724075317383 43.66319274902344 3.5999999046325684
vertex 46.77724075317383 43.66319274902344 5.300000190734863
vertex -20.046741485595703 43.67234420776367 0
endloop
endfacet
facet normal 0 0 -1
outer loop
vertex -39.881717681884766 42.38969802856445 5.300000190734863
vertex -55.55503845214844 54.78274154663086 5.300000190734863
vertex -38.477230072021484 47.53764343261719 5.300000190734863
endloop
endfacet
facet normal 0.9999999986335114 0.00005227788250514148 0
outer loop
vertex -58.77601623535156 1.839342474937439 0
vertex -58.77601623535156 1.839342474937439 5.300000190734863
vertex -58.775672912597656 -4.727923393249512 5.300000190734863
endloop
endfacet
facet normal 0 0 -1
outer loop
vertex 46.77724075317383 43.66319274902344 5.300000190734863
vertex 46.66320037841797 36.802574157714844 5.300000190734863
vertex -1.0491083860397339 43.669742584228516 5.300000190734863
endloop
endfacet
facet normal 0 0 -1
outer loop
vertex -39.881717681884766 42.38969802856445 5.300000190734863
vertex -55.99577713012695 54.94965744018555 5.300000190734863
vertex -55.55503845214844 54.78274154663086 5.300000190734863
endloop
endfacet
facet normal 0 0 -1
outer loop
vertex -39.881717681884766 42.38969802856445 5.300000190734863
vertex -56.955413818359375 55.18708038330078 5.300000190734863
vertex -55.99577713012695 54.94965744018555 5.300000190734863
endloop
endfacet
facet normal 0 0 -1
outer loop
vertex -56.955413818359375 55.18708038330078 5.300000190734863
vertex -39.881717681884766 42.38969802856445 5.300000190734863
vertex -57.62118148803711 49.90205764770508 5.300000190734863
endloop
endfacet
facet normal -0.2606880593557522 -0.9654230863768132 0
outer loop
vertex -38.477230072021484 47.53764343261719 5.300000190734863
vertex -38.477230072021484 47.53764343261719 0
vertex -38.00579071044922 47.410343170166016 5.300000190734863
endloop
endfacet
facet normal 0 0 -1
outer loop
vertex -56.474403381347656 -30.29505729675293 5.300000190734863
vertex -58.7746696472168 -23.727924346923828 5.300000190734863
vertex -56.47477722167969 -23.727792739868164 5.300000190734863
endloop
endfacet
facet normal 0 0 -1
outer loop
vertex -56.474403381347656 -30.29505729675293 5.300000190734863
vertex -58.774322509765625 -30.295188903808594 5.300000190734863
vertex -58.7746696472168 -23.727924346923828 5.300000190734863
endloop
endfacet
facet normal -0.39054835238337265 -0.9205824158925875 0
outer loop
vertex -55.55503845214844 54.78274154663086 5.300000190734863
vertex -55.55503845214844 54.78274154663086 0
vertex -38.477230072021484 47.53764343261719 5.300000190734863
endloop
endfacet
facet normal 0 0 -1
outer loop
vertex -56.955413818359375 55.18708038330078 5.300000190734863
vertex -57.93368911743164 49.96230697631836 5.300000190734863
vertex -57.86049270629883 55.26267623901367 5.300000190734863
endloop
endfacet
facet normal 0.9999999986029757 0.0000528587584191344 0
outer loop
vertex -58.774322509765625 -30.295188903808594 5.300000190734863
vertex -58.7746696472168 -23.727924346923828 0
vertex -58.7746696472168 -23.727924346923828 5.300000190734863
endloop
endfacet
facet normal 0.9599362757979306 0.2802183905585061 0
outer loop
vertex -58.83081817626953 21.238250732421875 0
vertex -58.94791030883789 21.63936996459961 0
vertex -58.94791030883789 21.63936996459961 5.300000190734863
endloop
endfacet
facet normal 0.991677782320292 0.12874461562452755 0
outer loop
vertex -58.779029846191406 20.83934211730957 0
vertex -58.83081817626953 21.238250732421875 0
vertex -58.779029846191406 20.83934211730957 5.300000190734863
endloop
endfacet
facet normal 0 0 -1
outer loop
vertex 29.017349243164062 -40.55165481567383 5.300000190734863
vertex 28.056909561157227 -44.85417556762695 5.300000190734863
vertex 28.756465911865234 -40.610984802246094 5.300000190734863
endloop
endfacet
facet normal 0 0 -1
outer loop
vertex 28.056909561157227 -44.85417556762695 5.300000190734863
vertex 28.520648956298828 -40.73736572265625 5.300000190734863
vertex 28.756465911865234 -40.610984802246094 5.300000190734863
endloop
endfacet
facet normal 0 0 -1
outer loop
vertex 28.056909561157227 -44.85417556762695 5.300000190734863
vertex 28.3267822265625 -40.921749114990234 5.300000190734863
vertex 28.520648956298828 -40.73736572265625 5.300000190734863
endloop
endfacet
facet normal 0 0 -1
outer loop
vertex 28.056909561157227 -44.85417556762695 5.300000190734863
vertex 28.18874168395996 -41.15093231201172 5.300000190734863
vertex 28.3267822265625 -40.921749114990234 5.300000190734863
endloop
endfacet
facet normal 0 0 -1
outer loop
vertex 28.056909561157227 -44.85417556762695 5.300000190734863
vertex 28.11640739440918 -41.40851593017578 5.300000190734863
vertex 28.18874168395996 -41.15093231201172 5.300000190734863
endloop
endfacet
facet normal 0.9051988161882814 0.4249883565126626 0
outer loop
vertex -58.94791030883789 21.63936996459961 0
vertex -59.12549591064453 22.017616271972656 0
vertex -59.12549591064453 22.017616271972656 5.300000190734863
endloop
endfacet
facet normal 0 0 -1
outer loop
vertex 46.39680480957031 -55.34945297241211 5.300000190734863
vertex 26.75702667236328 -55.3513069152832 5.300000190734863
vertex 29.017349243164062 -40.55165481567383 5.300000190734863
endloop
endfacet
facet normal 0.8287775473028725 0.5595782135560988 0
outer loop
vertex -59.12549591064453 22.017616271972656 0
vertex -59.35932159423828 22.363929748535156 0
vertex -59.35932159423828 22.363929748535156 5.300000190734863
endloop
endfacet
facet normal 0 0 -1
outer loop
vertex 29.017349243164062 -40.55165481567383 5.300000190734863
vertex 26.15472984313965 -55.40414810180664 5.300000190734863
vertex 28.056909561157227 -44.85417556762695 5.300000190734863
endloop
endfacet
facet normal 0 0 -1
outer loop
vertex 27.706632614135742 -45.229034423828125 5.300000190734863
vertex 28.056909561157227 -44.85417556762695 5.300000190734863
vertex 26.15472984313965 -55.40414810180664 5.300000190734863
endloop
endfacet
facet normal 0 0 -1
outer loop
vertex 27.406681060791016 -45.29765701293945 5.300000190734863
vertex 27.706632614135742 -45.229034423828125 5.300000190734863
vertex 26.15472984313965 -55.40414810180664 5.300000190734863
endloop
endfacet
facet normal 0 0 -1
outer loop
vertex 26.75702667236328 -55.3513069152832 5.300000190734863
vertex 26.15472984313965 -55.40414810180664 5.300000190734863
vertex 29.017349243164062 -40.55165481567383 5.300000190734863
endloop
endfacet
facet normal 0 0 -1
outer loop
vertex 26.15472984313965 -55.40414810180664 5.300000190734863
vertex 10.017349243164062 -45.30165481567383 5.300000190734863
vertex 27.406681060791016 -45.29765701293945 5.300000190734863
endloop
endfacet
facet normal 0.6186932464319072 0.7856326538653721 0
outer loop
vertex -59.64378356933594 22.670015335083008 0
vertex -59.972068786621094 22.928543090820312 0
vertex -59.972068786621094 22.928543090820312 5.300000190734863
endloop
endfacet
facet normal 0.732507460135516 0.6807590034996346 0
outer loop
vertex -59.35932159423828 22.363929748535156 0
vertex -59.64378356933594 22.670015335083008 0
vertex -59.64378356933594 22.670015335083008 5.300000190734863
endloop
endfacet
facet normal 0 0 -1
outer loop
vertex -60.64142608642578 54.604949951171875 5.300000190734863
vertex -59.728538513183594 54.980255126953125 5.300000190734863
vertex -58.4233283996582 49.73762512207031 5.300000190734863
endloop
endfacet
facet normal -0.08739709388668077 0.996173553142304 0
outer loop
vertex 26.75702667236328 -55.3513069152832 5.300000190734863
vertex 26.75702667236328 -55.3513069152832 0
vertex 26.15472984313965 -55.40414810180664 5.300000190734863
endloop
endfacet
facet normal 0 0 -1
outer loop
vertex -57.93368911743164 49.96230697631836 5.300000190734863
vertex -58.4233283996582 49.73762512207031 5.300000190734863
vertex -58.84483337402344 55.189884185791016 5.300000190734863
endloop
endfacet
facet normal 0 0 -1
outer loop
vertex -60.64142608642578 54.604949951171875 5.300000190734863
vertex -61.163734436035156 51.03520584106445 5.300000190734863
vertex -61.41611862182617 54.13088607788086 5.300000190734863
endloop
endfacet
facet normal -0.08739709388668077 0.996173553142304 0
outer loop
vertex 26.75702667236328 -55.3513069152832 0
vertex 26.15472984313965 -55.40414810180664 0
vertex 26.15472984313965 -55.40414810180664 5.300000190734863
endloop
endfacet
facet normal 0 0 -1
outer loop
vertex 26.15472984313965 -55.40414810180664 5.300000190734863
vertex 9.056910514831543 -49.60417556762695 5.300000190734863
vertex 10.017349243164062 -45.30165481567383 5.300000190734863
endloop
endfacet
facet normal 0 0 -1
outer loop
vertex 9.056910514831543 -49.60417556762695 5.300000190734863
vertex 9.756464958190918 -45.360984802246094 5.300000190734863
vertex 10.017349243164062 -45.30165481567383 5.300000190734863
endloop
endfacet
facet normal 0 0 -1
outer loop
vertex 9.056910514831543 -49.60417556762695 5.300000190734863
vertex 9.520649909973145 -45.48736572265625 5.300000190734863
vertex 9.756464958190918 -45.360984802246094 5.300000190734863
endloop
endfacet
facet normal 0 0 -1
outer loop
vertex 9.056910514831543 -49.60417556762695 5.300000190734863
vertex 9.326783180236816 -45.671749114990234 5.300000190734863
vertex 9.520649909973145 -45.48736572265625 5.300000190734863
endloop
endfacet
facet normal 0 0 -1
outer loop
vertex 26.15472984313965 -55.40414810180664 5.300000190734863
vertex 8.706631660461426 -49.979034423828125 5.300000190734863
vertex 9.056910514831543 -49.60417556762695 5.300000190734863
endloop
endfacet
facet normal 0 0 -1
outer loop
vertex 26.15472984313965 -55.40414810180664 5.300000190734863
vertex 8.4066801071167 -50.04765701293945 5.300000190734863
vertex 8.706631660461426 -49.979034423828125 5.300000190734863
endloop
endfacet
facet normal -0.00009447568629758925 0.9999999955371723 0
outer loop
vertex 26.75702667236328 -55.3513069152832 0
vertex 26.75702667236328 -55.3513069152832 5.300000190734863
vertex 52.39677429199219 -55.34888458251953 1.350000023841858
endloop
endfacet
facet normal 0 0 -1
outer loop
vertex 9.056910514831543 -49.60417556762695 5.300000190734863
vertex 9.188741683959961 -45.90093231201172 5.300000190734863
vertex 9.326783180236816 -45.671749114990234 5.300000190734863
endloop
endfacet
facet normal 0 0 -1
outer loop
vertex 9.056910514831543 -49.60417556762695 5.300000190734863
vertex 9.11640739440918 -46.15851593017578 5.300000190734863
vertex 9.188741683959961 -45.90093231201172 5.300000190734863
endloop
endfacet
facet normal 0 0 -1
outer loop
vertex 26.15472984313965 -55.40414810180664 5.300000190734863
vertex -10.849841117858887 -49.997886657714844 5.300000190734863
vertex 8.4066801071167 -50.04765701293945 5.300000190734863
endloop
endfacet
facet normal 0 0 -1
outer loop
vertex -63.279502868652344 51.934814453125 5.300000190734863
vertex -61.41611862182617 54.13088607788086 5.300000190734863
vertex -61.163734436035156 51.03520584106445 5.300000190734863
endloop
endfacet
facet normal 0.00027795256634844686 0.9999999613711846 0
outer loop
vertex 26.15472984313965 -55.40414810180664 0
vertex -27.369937896728516 -55.3892707824707 5.300000190734863
vertex 26.15472984313965 -55.40414810180664 5.300000190734863
endloop
endfacet
facet normal 0 0 -1
outer loop
vertex -61.163734436035156 51.03520584106445 5.300000190734863
vertex -60.64142608642578 54.604949951171875 5.300000190734863
vertex -58.4233283996582 49.73762512207031 5.300000190734863
endloop
endfacet
facet normal -0.9999999657658601 0.0002616644385930138 0
outer loop
vertex 71.40596008300781 -4.127119064331055 0
vertex 71.40496826171875 -7.917551040649414 0
vertex 71.40596008300781 -4.127119064331055 5.300000190734863
endloop
endfacet
facet normal 0 0 -1
outer loop
vertex 7.756450176239014 31.658864974975586 5.300000190734863
vertex -1.5963653326034546 18.38201904296875 5.300000190734863
vertex -1.537316918373108 18.597644805908203 5.300000190734863
endloop
endfacet
facet normal 0 0 -1
outer loop
vertex 7.7066802978515625 8.352344512939453 5.300000190734863
vertex -1.5963653326034546 18.38201904296875 5.300000190734863
vertex 7.756450176239014 31.658864974975586 5.300000190734863
endloop
endfacet
facet normal 0 0 -1
outer loop
vertex 7.7066802978515625 8.352344512939453 5.300000190734863
vertex -1.7203845977783203 18.196006774902344 5.300000190734863
vertex -1.5963653326034546 18.38201904296875 5.300000190734863
endloop
endfacet
facet normal 0 0 -1
outer loop
vertex 7.7066802978515625 8.352344512939453 5.300000190734863
vertex -1.8967247009277344 18.058582305908203 5.300000190734863
vertex -1.7203845977783203 18.196006774902344 5.300000190734863
endloop
endfacet
facet normal 0 0 -1
outer loop
vertex 7.7066802978515625 8.352344512939453 5.300000190734863
vertex -2.107398271560669 17.983762741088867 5.300000190734863
vertex -1.8967247009277344 18.058582305908203 5.300000190734863
endloop
endfacet
facet normal 0 0 -1
outer loop
vertex 7.7066802978515625 8.352344512939453 5.300000190734863
vertex -2.2333197593688965 17.97234344482422 5.300000190734863
vertex -2.107398271560669 17.983762741088867 5.300000190734863
endloop
endfacet
facet normal -0.29934382334547077 -0.9541453114829606 0
outer loop
vertex 66.77729797363281 43.516151428222656 0
vertex 67.64388275146484 43.24427795410156 0
vertex 67.64388275146484 43.24427795410156 5.300000190734863
endloop
endfacet
facet normal -0.14633421382373532 -0.9892352085649748 0
outer loop
vertex 66.77729797363281 43.516151428222656 0
vertex 66.77729797363281 43.516151428222656 5.300000190734863
vertex 65.80089569091797 43.660587310791016 0
endloop
endfacet
facet normal -0.9999999652371555 0.00026367724182739885 0
outer loop
vertex 71.39997100830078 -26.917551040649414 3.859876624595117e-15
vertex 71.39897155761719 -30.707983016967773 0
vertex 71.39997100830078 -26.917551040649414 5.300000190734863
endloop
endfacet
facet normal -0.0001369275806897028 -0.999999990625406 1.5976708643388365e-7
outer loop
vertex 65.80089569091797 43.660587310791016 0
vertex 65.77723693847656 43.66059112548828 3.5999999046325684
vertex 46.77724075317383 43.66319274902344 3.5999999046325684
endloop
endfacet
facet normal 0 0 -1
outer loop
vertex -62.16701889038086 53.49028778076172 5.300000190734863
vertex -61.41611862182617 54.13088607788086 5.300000190734863
vertex -63.279502868652344 51.934814453125 5.300000190734863
endloop
endfacet
facet normal 0 0 -1
outer loop
vertex -62.755863189697266 52.798805236816406 5.300000190734863
vertex -62.16701889038086 53.49028778076172 5.300000190734863
vertex -63.279502868652344 51.934814453125 5.300000190734863
endloop
endfacet
facet normal 0 0 -1
outer loop
vertex -58.4233283996582 49.73762512207031 5.300000190734863
vertex -68.59825897216797 33.550132751464844 5.300000190734863
vertex -61.163734436035156 51.03520584106445 5.300000190734863
endloop
endfacet
facet normal -0.3541703261003223 -0.9351809344239175 0
outer loop
vertex -55.99577713012695 54.94965744018555 5.300000190734863
vertex -55.99577713012695 54.94965744018555 0
vertex -55.55503845214844 54.78274154663086 5.300000190734863
endloop
endfacet
facet normal -0.24016786964515655 -0.9707313708694632 0
outer loop
vertex -56.955413818359375 55.18708038330078 5.300000190734863
vertex -56.955413818359375 55.18708038330078 0
vertex -55.99577713012695 54.94965744018555 5.300000190734863
endloop
endfacet
facet normal -0.08323422407857602 -0.9965300115611356 0
outer loop
vertex -57.86049270629883 55.26267623901367 5.300000190734863
vertex -57.86049270629883 55.26267623901367 0
vertex -56.955413818359375 55.18708038330078 5.300000190734863
endloop
endfacet
facet normal -0.9892346490887088 0.14633799589422825 0
outer loop
vertex 71.39397430419922 -49.731597900390625 0
vertex 71.2495346069336 -50.70800018310547 0
vertex 71.2495346069336 -50.70800018310547 5.300000190734863
endloop
endfacet
facet normal -0.9541453114829606 0.29934382334547077 0
outer loop
vertex 71.2495346069336 -50.70800018310547 0
vertex 70.9776611328125 -51.5745849609375 0
vertex 70.9776611328125 -51.5745849609375 5.300000190734863
endloop
endfacet
facet normal -0.8946728600094774 0.4467219197246337 0
outer loop
vertex 70.9776611328125 -51.5745849609375 0
vertex 70.53673553466797 -52.45764923095703 0
vertex 70.53673553466797 -52.45764923095703 5.300000190734863
endloop
endfacet
facet normal -0.8137368767190235 0.5812334259723617 0
outer loop
vertex 70.53673553466797 -52.45764923095703 0
vertex 70.00884246826172 -53.19670867919922 0
vertex 70.00884246826172 -53.19670867919922 5.300000190734863
endloop
endfacet
facet normal -0.7113741369752885 0.7028135152675022 0
outer loop
vertex 70.00884246826172 -53.19670867919922 0
vertex 69.31514739990234 -53.89885330200195 0
vertex 69.31514739990234 -53.89885330200195 5.300000190734863
endloop
endfacet
facet normal -0.5926200675361555 0.8054821261539218 0
outer loop
vertex 69.31514739990234 -53.89885330200195 0
vertex 68.58358001708984 -54.43709182739258 0
vertex 68.58358001708984 -54.43709182739258 5.300000190734863
endloop
endfacet
facet normal -0.45752911981443667 0.8891946381540021 0
outer loop
vertex 68.58358001708984 -54.43709182739258 0
vertex 67.70592498779297 -54.8886833190918 0
vertex 67.70592498779297 -54.8886833190918 5.300000190734863
endloop
endfacet
facet normal 0 0 -1
outer loop
vertex 47.296390533447266 18.266313552856445 5.300000190734863
vertex 47.17000961303711 18.50212860107422 5.300000190734863
vertex 47.48077392578125 18.072446823120117 5.300000190734863
endloop
endfacet
facet normal 0 0 -1
outer loop
vertex 47.48077392578125 18.072446823120117 5.300000190734863
vertex 47.17000961303711 18.50212860107422 5.300000190734863
vertex 47.110679626464844 18.76301383972168 5.300000190734863
endloop
endfacet
facet normal 0 0 -1
outer loop
vertex 47.709957122802734 17.934406280517578 5.300000190734863
vertex 47.110679626464844 18.76301383972168 5.300000190734863
vertex 47.9675407409668 17.862071990966797 5.300000190734863
endloop
endfacet
facet normal 0 0 -1
outer loop
vertex 47.48077392578125 18.072446823120117 5.300000190734863
vertex 47.110679626464844 18.76301383972168 5.300000190734863
vertex 47.709957122802734 17.934406280517578 5.300000190734863
endloop
endfacet
facet normal 0 0 -1
outer loop
vertex 47.110679626464844 18.76301383972168 5.300000190734863
vertex 65.66320037841797 17.802574157714844 5.300000190734863
vertex 47.9675407409668 17.862071990966797 5.300000190734863
endloop
endfacet
facet normal -0.31273279996947806 0.949841142414483 0
outer loop
vertex 67.70592498779297 -54.8886833190918 0
vertex 66.84324645996094 -55.1727180480957 0
vertex 66.84324645996094 -55.1727180480957 5.300000190734863
endloop
endfacet
facet normal -0.15819336816027005 0.9874081518146937 0
outer loop
vertex 66.84324645996094 -55.1727180480957 0
vertex 65.86711120605469 -55.329105377197266 0
vertex 65.86711120605469 -55.329105377197266 5.300000190734863
endloop
endfacet
facet normal -0.0000945643370566237 0.9999999955287892 -8.795007792837946e-8
outer loop
vertex 60.39677429199219 -55.34812927246094 1.350000023841858
vertex 46.39680480957031 -55.34945297241211 3.5999999046325684
vertex 65.39680480957031 -55.34765625 3.5999999046325684
endloop
endfacet
facet normal 0 0 -1
outer loop
vertex -48.8498420715332 -40.497886657714844 5.300000190734863
vertex -56.47332000732422 -49.29505920410156 5.300000190734863
vertex -49.224700927734375 -40.147605895996094 5.300000190734863
endloop
endfacet
facet normal 0 0 -1
outer loop
vertex -56.47332000732422 -49.29505920410156 5.300000190734863
vertex -49.29331970214844 -39.84765625 5.300000190734863
vertex -49.224700927734375 -40.147605895996094 5.300000190734863
endloop
endfacet
facet normal 0 0 -1
outer loop
vertex -31.154178619384766 -40.5573844909668 5.300000190734863
vertex -56.47332000732422 -49.29505920410156 5.300000190734863
vertex -48.8498420715332 -40.497886657714844 5.300000190734863
endloop
endfacet
facet normal 0.07374868529001023 -0.9972768579577062 0
outer loop
vertex -58.84483337402344 55.189884185791016 5.300000190734863
vertex -58.84483337402344 55.189884185791016 0
vertex -57.86049270629883 55.26267623901367 5.300000190734863
endloop
endfacet
facet normal 0 0 -1
outer loop
vertex 69.1121597290039 18.66389274597168 5.300000190734863
vertex 68.58358001708984 -54.43709182739258 5.300000190734863
vertex 69.11695098876953 37.66389083862305 5.300000190734863
endloop
endfacet
facet normal 0.23081090852382505 -0.9729986251307893 0
outer loop
vertex -59.728538513183594 54.980255126953125 5.300000190734863
vertex -59.728538513183594 54.980255126953125 0
vertex -58.84483337402344 55.189884185791016 5.300000190734863
endloop
endfacet
facet normal 0 0 -1
outer loop
vertex 66.0569076538086 -40.10417556762695 5.300000190734863
vertex 66.10668182373047 17.15234375 5.300000190734863
vertex 66.77729797363281 43.516151428222656 5.300000190734863
endloop
endfacet
facet normal 0.38023890155487705 -0.9248883055506436 0
outer loop
vertex -60.64142608642578 54.604949951171875 5.300000190734863
vertex -60.64142608642578 54.604949951171875 0
vertex -59.728538513183594 54.980255126953125 5.300000190734863
endloop
endfacet
facet normal 0 0 -1
outer loop
vertex 69.11695098876953 37.66389083862305 5.300000190734863
vertex 68.58358001708984 -54.43709182739258 5.300000190734863
vertex 68.52694702148438 42.803348541259766 5.300000190734863
endloop
endfacet
facet normal 0 0 -1
outer loop
vertex 68.52694702148438 42.803348541259766 5.300000190734863
vertex 66.84324645996094 -55.1727180480957 5.300000190734863
vertex 67.64388275146484 43.24427795410156 5.300000190734863
endloop
endfacet
facet normal 0.5219635019666097 -0.8529678203864158 0
outer loop
vertex -61.41611862182617 54.13088607788086 5.300000190734863
vertex -61.41611862182617 54.13088607788086 0
vertex -60.64142608642578 54.604949951171875 5.300000190734863
endloop
endfacet
facet normal 0.6490196422861103 -0.7607716503174978 0
outer loop
vertex -62.16701889038086 53.49028778076172 5.300000190734863
vertex -62.16701889038086 53.49028778076172 0
vertex -61.41611862182617 54.13088607788086 5.300000190734863
endloop
endfacet
facet normal -0.999999965237173 0.00026367717548611265 0
outer loop
vertex 71.41195678710938 18.663312911987305 5.300000190734863
vertex 71.41195678710938 18.663312911987305 1.6377980252180895e-16
vertex 71.41095733642578 14.872879981994629 5.300000190734863
endloop
endfacet
facet normal -0.702815447548856 -0.711372227941674 0
outer loop
vertex 69.26600646972656 42.275455474853516 0
vertex 69.96814727783203 41.58176040649414 0
vertex 69.96814727783203 41.58176040649414 5.300000190734863
endloop
endfacet
facet normal -0.8891954471908633 -0.4575275474712321 0
outer loop
vertex 70.50638580322266 40.850196838378906 0
vertex 70.95797729492188 39.972537994384766 0
vertex 70.95797729492188 39.972537994384766 5.300000190734863
endloop
endfacet
facet normal 0 0 -1
outer loop
vertex 65.66320037841797 17.802574157714844 5.300000190734863
vertex 47.110679626464844 18.76301383972168 5.300000190734863
vertex 65.80089569091797 43.660587310791016 5.300000190734863
endloop
endfacet
facet normal 0 0 -1
outer loop
vertex 67.64388275146484 43.24427795410156 5.300000190734863
vertex 66.0569076538086 -40.10417556762695 5.300000190734863
vertex 66.77729797363281 43.516151428222656 5.300000190734863
endloop
endfacet
facet normal 0 0 -1
outer loop
vertex 69.1121597290039 18.66389274597168 5.300000190734863
vertex 71.41095733642578 14.872879981994629 5.300000190734863
vertex 69.11119842529297 14.87346076965332 5.300000190734863
endloop
endfacet
facet normal 0 0 -1
outer loop
vertex 71.41195678710938 18.663312911987305 5.300000190734863
vertex 71.41095733642578 14.872879981994629 5.300000190734863
vertex 69.1121597290039 18.66389274597168 5.300000190734863
endloop
endfacet
facet normal -0.8054806510705651 -0.5926220724466299 0
outer loop
vertex 69.96814727783203 41.58176040649414 0
vertex 70.50638580322266 40.850196838378906 0
vertex 70.50638580322266 40.850196838378906 5.300000190734863
endloop
endfacet
facet normal -0.949840731632363 -0.3127340476061044 0
outer loop
vertex 70.95797729492188 39.972537994384766 0
vertex 71.24201202392578 39.10986328125 0
vertex 71.24201202392578 39.10986328125 5.300000190734863
endloop
endfacet
facet normal -0.9874081518146937 -0.15819336816027005 0
outer loop
vertex 71.24201202392578 39.10986328125 0
vertex 71.39839935302734 38.13372802734375 0
vertex 71.39839935302734 38.13372802734375 5.300000190734863
endloop
endfacet
facet normal -0.9992230289194808 -0.039412415260380605 5.673450087351972e-7
outer loop
vertex 71.39839935302734 38.13372802734375 0
vertex 71.41695404052734 37.66331100463867 0
vertex 71.41695404052734 37.663387298583984 5.300000190734863
endloop
endfacet
facet normal 0 0 -1
outer loop
vertex -48.953739166259766 -55.3349609375 5.300000190734863
vertex -52.97737121582031 -55.30821228027344 5.300000190734863
vertex -31.154178619384766 -40.5573844909668 5.300000190734863
endloop
endfacet
facet normal 0 0 -1
outer loop
vertex -52.97737121582031 -55.30821228027344 5.300000190734863
vertex -53.62760925292969 -55.250545501708984 5.300000190734863
vertex -31.154178619384766 -40.5573844909668 5.300000190734863
endloop
endfacet
facet normal 0 0 -1
outer loop
vertex 66.77729797363281 43.516151428222656 5.300000190734863
vertex 66.10668182373047 17.15234375 5.300000190734863
vertex 66.0380630493164 17.452295303344727 5.300000190734863
endloop
endfacet
facet normal 0 0 -1
outer loop
vertex 66.0380630493164 17.452295303344727 5.300000190734863
vertex 65.66320037841797 17.802574157714844 5.300000190734863
vertex 66.77729797363281 43.516151428222656 5.300000190734863
endloop
endfacet
facet normal -0.5812334259723617 -0.8137368767190235 0
outer loop
vertex 68.52694702148438 42.803348541259766 0
vertex 69.26600646972656 42.275455474853516 0
vertex 69.26600646972656 42.275455474853516 5.300000190734863
endloop
endfacet
facet normal 0 0 -1
outer loop
vertex 8.4066801071167 32.10234451293945 5.300000190734863
vertex -1.5333198308944702 37.67234420776367 5.300000190734863
vertex 26.4865779876709 32.476436614990234 5.300000190734863
endloop
endfacet
facet normal 0 0 -1
outer loop
vertex -31.154178619384766 -40.5573844909668 5.300000190734863
vertex -58.43050765991211 -51.30878829956055 5.300000190734863
vertex -56.47332000732422 -49.29505920410156 5.300000190734863
endloop
endfacet
facet normal 0 0 -1
outer loop
vertex -53.62760925292969 -55.250545501708984 5.300000190734863
vertex -54.267730712890625 -55.12256622314453 5.300000190734863
vertex -31.154178619384766 -40.5573844909668 5.300000190734863
endloop
endfacet
facet normal 0 0 -1
outer loop
vertex -54.267730712890625 -55.12256622314453 5.300000190734863
vertex -54.89015579223633 -54.92579650878906 5.300000190734863
vertex -31.154178619384766 -40.5573844909668 5.300000190734863
endloop
endfacet
facet normal 0 0 -1
outer loop
vertex -54.89015579223633 -54.92579650878906 5.300000190734863
vertex -55.487518310546875 -54.662559509277344 5.300000190734863
vertex -31.154178619384766 -40.5573844909668 5.300000190734863
endloop
endfacet
facet normal 0 0 -1
outer loop
vertex -31.154178619384766 -40.5573844909668 5.300000190734863
vertex -56.05274200439453 -54.335975646972656 5.300000190734863
vertex -56.579132080078125 -53.94990921020508 5.300000190734863
endloop
endfacet
facet normal 0 0 -1
outer loop
vertex -56.579132080078125 -53.94990921020508 5.300000190734863
vertex -57.06045913696289 -53.50893783569336 5.300000190734863
vertex -31.154178619384766 -40.5573844909668 5.300000190734863
endloop
endfacet
facet normal 0 0 -1
outer loop
vertex -55.487518310546875 -54.662559509277344 5.300000190734863
vertex -56.05274200439453 -54.335975646972656 5.300000190734863
vertex -31.154178619384766 -40.5573844909668 5.300000190734863
endloop
endfacet
facet normal 0 0 -1
outer loop
vertex -31.154178619384766 -40.5573844909668 5.300000190734863
vertex -58.18012619018555 -51.91164779663086 5.300000190734863
vertex -58.43050765991211 -51.30878829956055 5.300000190734863
endloop
endfacet
facet normal 0 0 -1
outer loop
vertex -57.491024017333984 -53.01827621459961 5.300000190734863
vertex -57.86572265625 -52.48373794555664 5.300000190734863
vertex -31.154178619384766 -40.5573844909668 5.300000190734863
endloop
endfacet
facet normal 0 0 -1
outer loop
vertex -58.18012619018555 -51.91164779663086 5.300000190734863
vertex -31.154178619384766 -40.5573844909668 5.300000190734863
vertex -57.86572265625 -52.48373794555664 5.300000190734863
endloop
endfacet
facet normal 0 0 -1
outer loop
vertex -57.491024017333984 -53.01827621459961 5.300000190734863
vertex -31.154178619384766 -40.5573844909668 5.300000190734863
vertex -57.06045913696289 -53.50893783569336 5.300000190734863
endloop
endfacet
facet normal 0.6484103379818483 0.7612910308142774 0
outer loop
vertex -68.86832427978516 26.927526473999023 5.300000190734863
vertex -68.86832427978516 26.927526473999023 0
vertex -69.55975341796875 27.516433715820312 5.300000190734863
endloop
endfacet
facet normal 0.5212839758146723 0.8533832764701028 0
outer loop
vertex -68.02601623535156 26.413007736206055 5.300000190734863
vertex -68.02601623535156 26.413007736206055 0
vertex -68.86832427978516 26.927526473999023 5.300000190734863
endloop
endfacet
facet normal 0.7608293216864672 0.6489520346390095 0
outer loop
vertex -69.55975341796875 27.516433715820312 5.300000190734863
vertex -69.55975341796875 27.516433715820312 0
vertex -70.20028686523438 28.267393112182617 5.300000190734863
endloop
endfacet
facet normal 0.8530159338305865 0.521884869134115 0
outer loop
vertex -70.20028686523438 28.267393112182617 5.300000190734863
vertex -70.20028686523438 28.267393112182617 0
vertex -70.67427825927734 29.04212760925293 5.300000190734863
endloop
endfacet
facet normal 0.006647741604095911 0.9999779035216554 0
outer loop
vertex -52.97737121582031 -55.30821228027344 0
vertex -48.953739166259766 -55.3349609375 5.300000190734863
vertex -48.953739166259766 -55.3349609375 3.5999999046325684
endloop
endfacet
facet normal 0.006647741604095911 0.9999779035216555 0
outer loop
vertex -48.953739166259766 -55.3349609375 5.300000190734863
vertex -52.97737121582031 -55.30821228027344 0
vertex -52.97737121582031 -55.30821228027344 5.300000190734863
endloop
endfacet
facet normal 0.08833892447816775 0.9960904750182287 0
outer loop
vertex -52.97737121582031 -55.30821228027344 5.300000190734863
vertex -52.97737121582031 -55.30821228027344 0
vertex -53.62760925292969 -55.250545501708984 5.300000190734863
endloop
endfacet
facet normal 0.1960498313261951 0.9805939341220556 0
outer loop
vertex -53.62760925292969 -55.250545501708984 5.300000190734863
vertex -53.62760925292969 -55.250545501708984 0
vertex -54.267730712890625 -55.12256622314453 5.300000190734863
endloop
endfacet
facet normal 0 0 -1
outer loop
vertex -57.62118148803711 49.90205764770508 5.300000190734863
vertex -57.93368911743164 49.96230697631836 5.300000190734863
vertex -56.955413818359375 55.18708038330078 5.300000190734863
endloop
endfacet
facet normal 0.4032486983522534 0.9150904257379231 0
outer loop
vertex -54.89015579223633 -54.92579650878906 5.300000190734863
vertex -54.89015579223633 -54.92579650878906 0
vertex -55.487518310546875 -54.662559509277344 5.300000190734863
endloop
endfacet
facet normal -0.44672501329094655 -0.8946713153444696 0
outer loop
vertex 68.52694702148438 42.803348541259766 0
vertex 68.52694702148438 42.803348541259766 5.300000190734863
vertex 67.64388275146484 43.24427795410156 0
endloop
endfacet
facet normal 0.7613499596782975 -0.6483411439187357 0
outer loop
vertex -62.755863189697266 52.798805236816406 5.300000190734863
vertex -62.755863189697266 52.798805236816406 0
vertex -62.16701889038086 53.49028778076172 5.300000190734863
endloop
endfacet
facet normal 0.8551939263448635 -0.5183081596336838 0
outer loop
vertex -63.279502868652344 51.934814453125 5.300000190734863
vertex -63.279502868652344 51.934814453125 0
vertex -62.755863189697266 52.798805236816406 5.300000190734863
endloop
endfacet
facet normal 0 0 -1
outer loop
vertex -68.59825897216797 33.550132751464844 5.300000190734863
vertex -58.4233283996582 49.73762512207031 5.300000190734863
vertex -65.97114562988281 32.061859130859375 5.300000190734863
endloop
endfacet
facet normal 0 0 -1
outer loop
vertex -66.03130340576172 31.747318267822266 5.300000190734863
vertex -68.59825897216797 33.550132751464844 5.300000190734863
vertex -65.97114562988281 32.061859130859375 5.300000190734863
endloop
endfacet
facet normal 0 0 -1
outer loop
vertex -65.8215103149414 31.274349212646484 5.300000190734863
vertex -68.59825897216797 33.550132751464844 5.300000190734863
vertex -66.03130340576172 31.747318267822266 5.300000190734863
endloop
endfacet
facet normal 0 0 -1
outer loop
vertex -65.8215103149414 31.274349212646484 5.300000190734863
vertex -59.972068786621094 22.928543090820312 5.300000190734863
vertex -68.59825897216797 33.550132751464844 5.300000190734863
endloop
endfacet
facet normal 0 0 -1
outer loop
vertex -59.972068786621094 22.928543090820312 5.300000190734863
vertex -71.0185546875 33.68782043457031 5.300000190734863
vertex -68.59825897216797 33.550132751464844 5.300000190734863
endloop
endfacet
facet normal 0 0 -1
outer loop
vertex -71.0185546875 33.68782043457031 5.300000190734863
vertex -70.71485900878906 34.450096130371094 5.300000190734863
vertex -68.59825897216797 33.550132751464844 5.300000190734863
endloop
endfacet
facet normal 0 0 -1
outer loop
vertex -58.43050765991211 -51.30878829956055 5.300000190734863
vertex -58.773319244384766 -49.295188903808594 5.300000190734863
vertex -56.47332000732422 -49.29505920410156 5.300000190734863
endloop
endfacet
facet normal 0 0 -1
outer loop
vertex -58.773319244384766 -49.295188903808594 5.300000190734863
vertex -58.61390686035156 -50.682289123535156 5.300000190734863
vertex -58.72814178466797 -50.039573669433594 5.300000190734863
endloop
endfacet
facet normal 0 0 -1
outer loop
vertex -58.43050765991211 -51.30878829956055 5.300000190734863
vertex -58.61390686035156 -50.682289123535156 5.300000190734863
vertex -58.773319244384766 -49.295188903808594 5.300000190734863
endloop
endfacet
facet normal 0 0 -1
outer loop
vertex -71.0185546875 33.68782043457031 5.300000190734863
vertex -71.33174896240234 31.823123931884766 5.300000190734863
vertex -71.25606536865234 32.72819519042969 5.300000190734863
endloop
endfacet
facet normal 0.9981633731573766 0.06057953851827859 0
outer loop
vertex -58.72814178466797 -50.039573669433594 5.300000190734863
vertex -58.773319244384766 -49.295188903808594 0
vertex -58.773319244384766 -49.295188903808594 5.300000190734863
endloop
endfacet
facet normal 0.9845692654863184 0.17499531839375426 0
outer loop
vertex -58.61390686035156 -50.682289123535156 5.300000190734863
vertex -58.61390686035156 -50.682289123535156 0
vertex -58.72814178466797 -50.039573669433594 5.300000190734863
endloop
endfacet
facet normal 0 0 -1
outer loop
vertex -10.518620491027832 13.098346710205078 5.300000190734863
vertex -28.893320083618164 13.102344512939453 5.300000190734863
vertex -28.893320083618164 17.15234375 5.300000190734863
endloop
endfacet
facet normal 0.8188561783944242 0.5739987448638534 0
outer loop
vertex -57.491024017333984 -53.01827621459961 5.300000190734863
vertex -57.491024017333984 -53.01827621459961 0
vertex -57.86572265625 -52.48373794555664 5.300000190734863
endloop
endfacet
facet normal 0.7516376320563026 0.6595762807111805 0
outer loop
vertex -57.06045913696289 -53.50893783569336 5.300000190734863
vertex -57.06045913696289 -53.50893783569336 0
vertex -57.491024017333984 -53.01827621459961 5.300000190734863
endloop
endfacet
facet normal 0.6755205801601395 0.7373411325703378 0
outer loop
vertex -56.579132080078125 -53.94990921020508 5.300000190734863
vertex -56.579132080078125 -53.94990921020508 0
vertex -57.06045913696289 -53.50893783569336 5.300000190734863
endloop
endfacet
facet normal 0.9597235347254854 0.28094614589636163 0
outer loop
vertex -58.43050765991211 -51.30878829956055 5.300000190734863
vertex -58.43050765991211 -51.30878829956055 0
vertex -58.61390686035156 -50.682289123535156 5.300000190734863
endloop
endfacet
facet normal 0.876375019550075 0.4816293441108064 0
outer loop
vertex -57.86572265625 -52.48373794555664 5.300000190734863
vertex -57.86572265625 -52.48373794555664 0
vertex -58.18012619018555 -51.91164779663086 5.300000190734863
endloop
endfacet
facet normal 0.9235168435688668 0.3835578700073789 0
outer loop
vertex -58.18012619018555 -51.91164779663086 5.300000190734863
vertex -58.18012619018555 -51.91164779663086 0
vertex -58.43050765991211 -51.30878829956055 5.300000190734863
endloop
endfacet
facet normal 0.5002892808655127 0.865858322966909 0
outer loop
vertex -55.487518310546875 -54.662559509277344 5.300000190734863
vertex -55.487518310546875 -54.662559509277344 0
vertex -56.05274200439453 -54.335975646972656 5.300000190734863
endloop
endfacet
facet normal 0.00027795256634844686 0.9999999613711846 0
outer loop
vertex 26.15472984313965 -55.40414810180664 0
vertex -27.369937896728516 -55.3892707824707 0
vertex -27.369937896728516 -55.3892707824707 5.300000190734863
endloop
endfacet
facet normal 0.0006022452215933172 0.9999998186499354 8.884432212479177e-7
outer loop
vertex -43.581459045410156 -55.338199615478516 1.350000023841858
vertex -29.9537410736084 -55.34640884399414 3.5999999046325684
vertex -35.581459045410156 -55.343017578125 1.350000023841858
endloop
endfacet
facet normal 0.0041668097894323845 0.9999515799360682 -0.008914902104878598
outer loop
vertex -27.369937896728516 -55.3892707824707 0
vertex -35.581459045410156 -55.343017578125 1.350000023841858
vertex -29.9537410736084 -55.34640884399414 3.5999999046325684
endloop
endfacet
facet normal 0 0 -1
outer loop
vertex 26.4865779876709 32.476436614990234 5.300000190734863
vertex -20.049108505249023 43.67250442504883 5.300000190734863
vertex 26.624618530273438 32.70561981201172 5.300000190734863
endloop
endfacet
facet normal 0.005632631247666117 0.9999841366067902 0
outer loop
vertex -35.581459045410156 -55.343017578125 1.350000023841858
vertex -27.369937896728516 -55.3892707824707 0
vertex -35.581459045410156 -55.343017578125 0
endloop
endfacet
facet normal 0 0 -1
outer loop
vertex 26.624618530273438 32.70561981201172 5.300000190734863
vertex -20.049108505249023 43.67250442504883 5.300000190734863
vertex 26.69695281982422 32.96320343017578 5.300000190734863
endloop
endfacet
facet normal 0 0 -1
outer loop
vertex 26.69695281982422 32.96320343017578 5.300000190734863
vertex -20.049108505249023 43.67250442504883 5.300000190734863
vertex 26.756450653076172 36.40886688232422 5.300000190734863
endloop
endfacet
facet normal 0 0 -1
outer loop
vertex -71.0185546875 33.68782043457031 5.300000190734863
vertex -71.25904846191406 30.838777542114258 5.300000190734863
vertex -71.33174896240234 31.823123931884766 5.300000190734863
endloop
endfacet
facet normal 0 0 -1
outer loop
vertex -71.0185546875 33.68782043457031 5.300000190734863
vertex -70.67427825927734 29.04212760925293 5.300000190734863
vertex -71.04949951171875 29.95505142211914 5.300000190734863
endloop
endfacet
facet normal -0.00009421891505090688 0.9999999955592734 0.0000020613378488091347
outer loop
vertex 60.39677429199219 -55.34812927246094 1.350000023841858
vertex 26.75702667236328 -55.3513069152832 5.300000190734863
vertex 46.39680480957031 -55.34945297241211 3.5999999046325684
endloop
endfacet
facet normal -0.00009439734246902688 0.9999999955445709 0
outer loop
vertex 26.75702667236328 -55.3513069152832 5.300000190734863
vertex 46.39680480957031 -55.34945297241211 5.300000190734863
vertex 46.39680480957031 -55.34945297241211 3.5999999046325684
endloop
endfacet
facet normal 0 0 -1
outer loop
vertex 26.756450653076172 36.40886688232422 5.300000190734863
vertex -20.049108505249023 43.67250442504883 5.300000190734863
vertex 27.10672950744629 36.78372573852539 5.300000190734863
endloop
endfacet
facet normal 0 0 -1
outer loop
vertex 27.10672950744629 36.78372573852539 5.300000190734863
vertex -20.049108505249023 43.67250442504883 5.300000190734863
vertex 27.406681060791016 36.85234451293945 5.300000190734863
endloop
endfacet
facet normal 0 0 -1
outer loop
vertex 27.406681060791016 36.85234451293945 5.300000190734863
vertex -20.049108505249023 43.67250442504883 5.300000190734863
vertex 46.66320037841797 36.802574157714844 5.300000190734863
endloop
endfacet
facet normal -0.0001369446128961117 -0.9999999906230863 0
outer loop
vertex -1.0491083860397339 43.669742584228516 3.5999999046325684
vertex -20.046741485595703 43.67234420776367 3.5999999046325684
vertex -20.046741485595703 43.67234420776367 0
endloop
endfacet
facet normal 0 0 -1
outer loop
vertex -71.04949951171875 29.95505142211914 5.300000190734863
vertex -71.25904846191406 30.838777542114258 5.300000190734863
vertex -71.0185546875 33.68782043457031 5.300000190734863
endloop
endfacet
facet normal 0 0 -1
outer loop
vertex 29.017349243164062 -40.55165481567383 5.300000190734863
vertex 65.39680480957031 -55.34765625 5.300000190734863
vertex 46.39680480957031 -55.34945297241211 5.300000190734863
endloop
endfacet
facet normal 0 0 -1
outer loop
vertex 65.39680480957031 -55.34765625 5.300000190734863
vertex 29.017349243164062 -40.55165481567383 5.300000190734863
vertex 65.40667724609375 -40.54765701293945 5.300000190734863
endloop
endfacet
facet normal 0 0 -1
outer loop
vertex -71.0185546875 33.68782043457031 5.300000190734863
vertex -69.55975341796875 27.516433715820312 5.300000190734863
vertex -70.20028686523438 28.267393112182617 5.300000190734863
endloop
endfacet
facet normal -0.06745239246421703 -0.9977224938583139 0
outer loop
vertex -20.413448333740234 43.69713592529297 0
vertex -20.046741485595703 43.67234420776367 0
vertex -20.046741485595703 43.67234420776367 3.5999999046325684
endloop
endfacet
facet normal -0.20651938963344532 -0.9784425081247385 0
outer loop
vertex -38.00579071044922 47.410343170166016 0
vertex -20.413448333740234 43.69713592529297 0
vertex -20.413448333740234 43.69713592529297 5.300000190734863
endloop
endfacet
facet normal -0.03941357931310502 0.9992229830051597 0
outer loop
vertex 65.39680480957031 -55.34765625 5.300000190734863
vertex 65.86711120605469 -55.329105377197266 0
vertex 65.39680480957031 -55.34765625 3.5999999046325684
endloop
endfacet
facet normal -0.03941357931310502 0.9992229830051597 0
outer loop
vertex 65.86711120605469 -55.329105377197266 0
vertex 65.39680480957031 -55.34765625 5.300000190734863
vertex 65.86711120605469 -55.329105377197266 5.300000190734863
endloop
endfacet
facet normal -0.15819336816027005 0.9874081518146937 0
outer loop
vertex 66.84324645996094 -55.1727180480957 5.300000190734863
vertex 66.84324645996094 -55.1727180480957 0
vertex 65.86711120605469 -55.329105377197266 5.300000190734863
endloop
endfacet
facet normal -0.31273279996947806 0.949841142414483 0
outer loop
vertex 67.70592498779297 -54.8886833190918 5.300000190734863
vertex 67.70592498779297 -54.8886833190918 0
vertex 66.84324645996094 -55.1727180480957 5.300000190734863
endloop
endfacet
facet normal -0.45752911981443667 0.8891946381540021 0
outer loop
vertex 68.58358001708984 -54.43709182739258 5.300000190734863
vertex 68.58358001708984 -54.43709182739258 0
vertex 67.70592498779297 -54.8886833190918 5.300000190734863
endloop
endfacet
facet normal -0.5926200675361555 0.8054821261539218 0
outer loop
vertex 69.31514739990234 -53.89885330200195 5.300000190734863
vertex 69.31514739990234 -53.89885330200195 0
vertex 68.58358001708984 -54.43709182739258 5.300000190734863
endloop
endfacet
facet normal -0.7113741369752885 0.7028135152675022 0
outer loop
vertex 70.00884246826172 -53.19670867919922 5.300000190734863
vertex 70.00884246826172 -53.19670867919922 0
vertex 69.31514739990234 -53.89885330200195 5.300000190734863
endloop
endfacet
facet normal -0.8137368767190235 0.5812334259723617 0
outer loop
vertex 70.53673553466797 -52.45764923095703 5.300000190734863
vertex 70.53673553466797 -52.45764923095703 0
vertex 70.00884246826172 -53.19670867919922 5.300000190734863
endloop
endfacet
facet normal -0.8946728600094774 0.4467219197246337 0
outer loop
vertex 70.9776611328125 -51.5745849609375 5.300000190734863
vertex 70.9776611328125 -51.5745849609375 0
vertex 70.53673553466797 -52.45764923095703 5.300000190734863
endloop
endfacet
facet normal -0.9541453114829606 0.29934382334547077 0
outer loop
vertex 71.2495346069336 -50.70800018310547 5.300000190734863
vertex 71.2495346069336 -50.70800018310547 0
vertex 70.9776611328125 -51.5745849609375 5.300000190734863
endloop
endfacet
facet normal 0 0 -1
outer loop
vertex -59.35932159423828 22.363929748535156 5.300000190734863
vertex -59.64378356933594 22.670015335083008 5.300000190734863
vertex -48.11671447753906 23.70586395263672 5.300000190734863
endloop
endfacet
facet normal 0 0 -1
outer loop
vertex -48.11671447753906 23.70586395263672 5.300000190734863
vertex -59.12549591064453 22.017616271972656 5.300000190734863
vertex -59.35932159423828 22.363929748535156 5.300000190734863
endloop
endfacet
facet normal -0.9897292066029268 0.1429534603558023 -0.0006370003475065086
outer loop
vertex 71.39397430419922 -49.731597900390625 0
vertex 71.2495346069336 -50.70800018310547 5.300000190734863
vertex 71.39397430419922 -49.70798110961914 5.300000190734863
endloop
endfacet
facet normal 0 0 -1
outer loop
vertex -48.11671447753906 23.70586395263672 5.300000190734863
vertex -59.64378356933594 22.670015335083008 5.300000190734863
vertex -65.8215103149414 31.274349212646484 5.300000190734863
endloop
endfacet
facet normal 0 0 -1
outer loop
vertex -68.02601623535156 26.413007736206055 5.300000190734863
vertex -68.86832427978516 26.927526473999023 5.300000190734863
vertex -71.0185546875 33.68782043457031 5.300000190734863
endloop
endfacet
facet normal 0 0 -1
outer loop
vertex -68.86832427978516 26.927526473999023 5.300000190734863
vertex -69.55975341796875 27.516433715820312 5.300000190734863
vertex -71.0185546875 33.68782043457031 5.300000190734863
endloop
endfacet
facet normal 0 0 -1
outer loop
vertex -70.67427825927734 29.04212760925293 5.300000190734863
vertex -71.0185546875 33.68782043457031 5.300000190734863
vertex -70.20028686523438 28.267393112182617 5.300000190734863
endloop
endfacet
facet normal 0.9289851737912146 -0.37011383731779735 -0.001514695349503583
outer loop
vertex -71.0185546875 33.68782043457031 5.300000190734863
vertex -70.85182189941406 34.12800979614258 0
vertex -70.71485900878906 34.450096130371094 5.300000190734863
endloop
endfacet
facet normal 0.9707100079105785 -0.24025419984309285 0
outer loop
vertex -71.25606536865234 32.72819519042969 5.300000190734863
vertex -71.25606536865234 32.72819519042969 0
vertex -71.0185546875 33.68782043457031 5.300000190734863
endloop
endfacet
facet normal 0.9965219358791262 -0.08333085450011112 0
outer loop
vertex -71.33174896240234 31.823123931884766 5.300000190734863
vertex -71.33174896240234 31.823123931884766 0
vertex -71.25606536865234 32.72819519042969 5.300000190734863
endloop
endfacet
facet normal 0.9972837071881475 0.07365600706707558 0
outer loop
vertex -71.25904846191406 30.838777542114258 5.300000190734863
vertex -71.25904846191406 30.838777542114258 0
vertex -71.33174896240234 31.823123931884766 5.300000190734863
endloop
endfacet
facet normal 0 0 -1
outer loop
vertex 69.31514739990234 -53.89885330200195 5.300000190734863
vertex 68.58358001708984 -54.43709182739258 5.300000190734863
vertex 69.09490966796875 -49.707401275634766 5.300000190734863
endloop
endfacet
facet normal 0.9730196602641381 0.2307222155308438 0
outer loop
vertex -71.04949951171875 29.95505142211914 5.300000190734863
vertex -71.04949951171875 29.95505142211914 0
vertex -71.25904846191406 30.838777542114258 5.300000190734863
endloop
endfacet
facet normal 0.9249235120145198 0.3801532545207609 0
outer loop
vertex -70.67427825927734 29.04212760925293 5.300000190734863
vertex -70.67427825927734 29.04212760925293 0
vertex -71.04949951171875 29.95505142211914 5.300000190734863
endloop
endfacet
facet normal 0 0 -1
outer loop
vertex 70.00884246826172 -53.19670867919922 5.300000190734863
vertex 69.31514739990234 -53.89885330200195 5.300000190734863
vertex 69.09490966796875 -49.707401275634766 5.300000190734863
endloop
endfacet
facet normal 0 0 -1
outer loop
vertex 70.53673553466797 -52.45764923095703 5.300000190734863
vertex 70.00884246826172 -53.19670867919922 5.300000190734863
vertex 69.09490966796875 -49.707401275634766 5.300000190734863
endloop
endfacet
facet normal 0 0 -1
outer loop
vertex 70.9776611328125 -51.5745849609375 5.300000190734863
vertex 70.53673553466797 -52.45764923095703 5.300000190734863
vertex 69.09490966796875 -49.707401275634766 5.300000190734863
endloop
endfacet
facet normal 0 0 -1
outer loop
vertex 65.39680480957031 -55.34765625 5.300000190734863
vertex 65.70663452148438 -40.479034423828125 5.300000190734863
vertex 65.86711120605469 -55.329105377197266 5.300000190734863
endloop
endfacet
facet normal 0 0 -1
outer loop
vertex 65.70663452148438 -40.479034423828125 5.300000190734863
vertex 65.39680480957031 -55.34765625 5.300000190734863
vertex 65.40667724609375 -40.54765701293945 5.300000190734863
endloop
endfacet
facet normal 0 0 -1
outer loop
vertex 65.86711120605469 -55.329105377197266 5.300000190734863
vertex 65.70663452148438 -40.479034423828125 5.300000190734863
vertex 66.0569076538086 -40.10417556762695 5.300000190734863
endloop
endfacet
facet normal 0 0 -1
outer loop
vertex 69.09490966796875 -49.707401275634766 5.300000190734863
vertex 68.58358001708984 -54.43709182739258 5.300000190734863
vertex 69.09970092773438 -30.7074031829834 5.300000190734863
endloop
endfacet
facet normal 0 0 -1
outer loop
vertex 71.2495346069336 -50.70800018310547 5.300000190734863
vertex 70.9776611328125 -51.5745849609375 5.300000190734863
vertex 69.09490966796875 -49.707401275634766 5.300000190734863
endloop
endfacet
facet normal 0 0 -1
outer loop
vertex 71.39397430419922 -49.70798110961914 5.300000190734863
vertex 71.2495346069336 -50.70800018310547 5.300000190734863
vertex 69.09490966796875 -49.707401275634766 5.300000190734863
endloop
endfacet
facet normal -0.9999999652371555 0.0002636772418273988 0
outer loop
vertex 71.39997100830078 -26.917551040649414 5.300000190734863
vertex 71.39897155761719 -30.707983016967773 0
vertex 71.39897155761719 -30.707983016967773 5.300000190734863
endloop
endfacet
facet normal 0 0 -1
outer loop
vertex 69.09970092773438 -30.7074031829834 5.300000190734863
vertex 68.58358001708984 -54.43709182739258 5.300000190734863
vertex 69.10066223144531 -26.91697120666504 5.300000190734863
endloop
endfacet
facet normal 0 0 -1
outer loop
vertex 69.10066223144531 -26.91697120666504 5.300000190734863
vertex 68.58358001708984 -54.43709182739258 5.300000190734863
vertex 69.10545349121094 -7.916970729827881 5.300000190734863
endloop
endfacet
facet normal 0 0 -1
outer loop
vertex 69.09970092773438 -30.7074031829834 5.300000190734863
vertex 69.10066223144531 -26.91697120666504 5.300000190734863
vertex 71.39897155761719 -30.707983016967773 5.300000190734863
endloop
endfacet
facet normal 0 0 -1
outer loop
vertex 65.80089569091797 43.660587310791016 5.300000190734863
vertex 47.110679626464844 18.76301383972168 5.300000190734863
vertex 47.10668182373047 36.15234375 5.300000190734863
endloop
endfacet
facet normal 0 0 -1
outer loop
vertex -45.21749496459961 23.744375228881836 5.300000190734863
vertex -46.632774353027344 24.20305061340332 5.300000190734863
vertex -45.44723129272461 23.881500244140625 5.300000190734863
endloop
endfacet
facet normal 0 0 -1
outer loop
vertex 65.80089569091797 43.660587310791016 5.300000190734863
vertex 47.10668182373047 36.15234375 5.300000190734863
vertex 47.03805923461914 36.45229721069336 5.300000190734863
endloop
endfacet
facet normal 0 0 -1
outer loop
vertex 65.80089569091797 43.660587310791016 5.300000190734863
vertex 47.03805923461914 36.45229721069336 5.300000190734863
vertex 46.66320037841797 36.802574157714844 5.300000190734863
endloop
endfacet
facet normal 0 0 -1
outer loop
vertex 65.80089569091797 43.660587310791016 5.300000190734863
vertex 46.66320037841797 36.802574157714844 5.300000190734863
vertex 46.77724075317383 43.66319274902344 5.300000190734863
endloop
endfacet
facet normal 0 0 -1
outer loop
vertex -44.5391845703125 22.574995040893555 5.300000190734863
vertex -29.518619537353516 17.848346710205078 5.300000190734863
vertex -48.593318939208984 17.852344512939453 5.300000190734863
endloop
endfacet
facet normal -0.999999965237173 0.00026367717548611265 0
outer loop
vertex 71.41195678710938 18.663312911987305 1.6377980252180895e-16
vertex 71.41095733642578 14.872879981994629 0
vertex 71.41095733642578 14.872879981994629 5.300000190734863
endloop
endfacet
facet normal 0 0 -1
outer loop
vertex -49.24354934692383 17.408864974975586 5.300000190734863
vertex -56.475860595703125 -4.727792263031006 5.300000190734863
vertex -56.476234436035156 1.8394736051559448 5.300000190734863
endloop
endfacet
facet normal 0 0 -1
outer loop
vertex -49.24354934692383 17.408864974975586 5.300000190734863
vertex -56.476234436035156 1.8394736051559448 5.300000190734863
vertex -56.477317810058594 20.839473724365234 5.300000190734863
endloop
endfacet
facet normal 0 0 -1
outer loop
vertex -49.24354934692383 17.408864974975586 5.300000190734863
vertex -56.477317810058594 20.839473724365234 5.300000190734863
vertex -47.94213104248047 23.658031463623047 5.300000190734863
endloop
endfacet
facet normal 0 0 -1
outer loop
vertex -49.24354934692383 17.408864974975586 5.300000190734863
vertex -47.94213104248047 23.658031463623047 5.300000190734863
vertex -48.893272399902344 17.783723831176758 5.300000190734863
endloop
endfacet
facet normal 0 0 -1
outer loop
vertex -48.893272399902344 17.783723831176758 5.300000190734863
vertex -45.21749496459961 23.744375228881836 5.300000190734863
vertex -48.593318939208984 17.852344512939453 5.300000190734863
endloop
endfacet
facet normal 0.9249235120145198 0.3801532545207609 0
outer loop
vertex -70.67427825927734 29.04212760925293 0
vertex -71.04949951171875 29.95505142211914 0
vertex -71.04949951171875 29.95505142211914 5.300000190734863
endloop
endfacet
facet normal 0.9730196602641381 0.2307222155308438 0
outer loop
vertex -71.04949951171875 29.95505142211914 0
vertex -71.25904846191406 30.838777542114258 0
vertex -71.25904846191406 30.838777542114258 5.300000190734863
endloop
endfacet
facet normal -0.44672501329094655 -0.8946713153444696 0
outer loop
vertex 67.64388275146484 43.24427795410156 5.300000190734863
vertex 67.64388275146484 43.24427795410156 0
vertex 68.52694702148438 42.803348541259766 5.300000190734863
endloop
endfacet
facet normal -0.5812334259723617 -0.8137368767190235 0
outer loop
vertex 68.52694702148438 42.803348541259766 5.300000190734863
vertex 68.52694702148438 42.803348541259766 0
vertex 69.26600646972656 42.275455474853516 5.300000190734863
endloop
endfacet
facet normal -0.9992227771281339 -0.039418798413191264 0
outer loop
vertex 71.39839935302734 38.13372802734375 5.300000190734863
vertex 71.39839935302734 38.13372802734375 0
vertex 71.41695404052734 37.663387298583984 5.300000190734863
endloop
endfacet
facet normal -0.9874081518146937 -0.15819336816027005 0
outer loop
vertex 71.24201202392578 39.10986328125 5.300000190734863
vertex 71.24201202392578 39.10986328125 0
vertex 71.39839935302734 38.13372802734375 5.300000190734863
endloop
endfacet
facet normal 0.9972837071881475 0.07365600706707558 0
outer loop
vertex -71.33174896240234 31.823123931884766 0
vertex -71.33174896240234 31.823123931884766 5.300000190734863
vertex -71.25904846191406 30.838777542114258 0
endloop
endfacet
facet normal -0.8054806510705651 -0.5926220724466299 0
outer loop
vertex 69.96814727783203 41.58176040649414 5.300000190734863
vertex 69.96814727783203 41.58176040649414 0
vertex 70.50638580322266 40.850196838378906 5.300000190734863
endloop
endfacet
facet normal -0.8891954471908633 -0.4575275474712321 0
outer loop
vertex 70.50638580322266 40.850196838378906 5.300000190734863
vertex 70.50638580322266 40.850196838378906 0
vertex 70.95797729492188 39.972537994384766 5.300000190734863
endloop
endfacet
facet normal -0.949840731632363 -0.3127340476061044 0
outer loop
vertex 70.95797729492188 39.972537994384766 5.300000190734863
vertex 70.95797729492188 39.972537994384766 0
vertex 71.24201202392578 39.10986328125 5.300000190734863
endloop
endfacet
facet normal -0.702815447548856 -0.711372227941674 0
outer loop
vertex 69.26600646972656 42.275455474853516 5.300000190734863
vertex 69.26600646972656 42.275455474853516 0
vertex 69.96814727783203 41.58176040649414 5.300000190734863
endloop
endfacet
facet normal 0 0 -1
outer loop
vertex -48.593318939208984 17.852344512939453 5.300000190734863
vertex -44.83185577392578 22.994043350219727 5.300000190734863
vertex -44.5391845703125 22.574995040893555 5.300000190734863
endloop
endfacet
facet normal 0 0 -1
outer loop
vertex 66.77729797363281 43.516151428222656 5.300000190734863
vertex 65.66320037841797 17.802574157714844 5.300000190734863
vertex 65.80089569091797 43.660587310791016 5.300000190734863
endloop
endfacet
facet normal 0 0 -1
outer loop
vertex -46.36629867553711 24.179153442382812 5.300000190734863
vertex -45.44723129272461 23.881500244140625 5.300000190734863
vertex -46.632774353027344 24.20305061340332 5.300000190734863
endloop
endfacet
facet normal 0 0 -1
outer loop
vertex 68.52694702148438 42.803348541259766 5.300000190734863
vertex 69.26600646972656 42.275455474853516 5.300000190734863
vertex 69.11695098876953 37.66389083862305 5.300000190734863
endloop
endfacet
facet normal 0 0 -1
outer loop
vertex 69.26600646972656 42.275455474853516 5.300000190734863
vertex 71.41695404052734 37.663387298583984 5.300000190734863
vertex 69.11695098876953 37.66389083862305 5.300000190734863
endloop
endfacet
facet normal 0 0 -1
outer loop
vertex 71.24201202392578 39.10986328125 5.300000190734863
vertex 71.39839935302734 38.13372802734375 5.300000190734863
vertex 71.41695404052734 37.663387298583984 5.300000190734863
endloop
endfacet
facet normal 0 0 -1
outer loop
vertex 70.50638580322266 40.850196838378906 5.300000190734863
vertex 70.95797729492188 39.972537994384766 5.300000190734863
vertex 71.41695404052734 37.663387298583984 5.300000190734863
endloop
endfacet
facet normal 0 0 -1
outer loop
vertex 70.95797729492188 39.972537994384766 5.300000190734863
vertex 71.24201202392578 39.10986328125 5.300000190734863
vertex 71.41695404052734 37.663387298583984 5.300000190734863
endloop
endfacet
facet normal 0.9965219358791262 -0.08333085450011112 0
outer loop
vertex -71.33174896240234 31.823123931884766 0
vertex -71.25606536865234 32.72819519042969 0
vertex -71.25606536865234 32.72819519042969 5.300000190734863
endloop
endfacet
facet normal 0.9707100079105785 -0.24025419984309285 0
outer loop
vertex -71.0185546875 33.68782043457031 0
vertex -71.0185546875 33.68782043457031 5.300000190734863
vertex -71.25606536865234 32.72819519042969 0
endloop
endfacet
facet normal 0.9351633907426251 -0.3542166464393738 0
outer loop
vertex -71.0185546875 33.68782043457031 0
vertex -70.85182189941406 34.12800979614258 0
vertex -71.0185546875 33.68782043457031 5.300000190734863
endloop
endfacet
facet normal 0.9999999986335114 0.00005227788250514148 0
outer loop
vertex -58.775672912597656 -4.727923393249512 5.300000190734863
vertex -58.775672912597656 -4.727923393249512 0
vertex -58.77601623535156 1.839342474937439 0
endloop
endfacet
facet normal 0 0 -1
outer loop
vertex -58.84483337402344 55.189884185791016 5.300000190734863
vertex -57.86049270629883 55.26267623901367 5.300000190734863
vertex -57.93368911743164 49.96230697631836 5.300000190734863
endloop
endfacet
facet normal -0.00013695073328843406 -0.9999999906222476 3.742067835817184e-8
outer loop
vertex -20.046741485595703 43.67234420776367 0
vertex 65.80089569091797 43.660587310791016 0
vertex 46.77724075317383 43.66319274902344 3.5999999046325684
endloop
endfacet
facet normal 0.9202525284152625 -0.3913250361851597 0
outer loop
vertex -70.85182189941406 34.12800979614258 0
vertex -70.71485900878906 34.450096130371094 0
vertex -70.71485900878906 34.450096130371094 5.300000190734863
endloop
endfacet
facet normal 0 0 -1
outer loop
vertex 71.41695404052734 37.663387298583984 5.300000190734863
vertex 69.26600646972656 42.275455474853516 5.300000190734863
vertex 69.96814727783203 41.58176040649414 5.300000190734863
endloop
endfacet
facet normal 0 0 -1
outer loop
vertex 69.96814727783203 41.58176040649414 5.300000190734863
vertex 70.50638580322266 40.850196838378906 5.300000190734863
vertex 71.41695404052734 37.663387298583984 5.300000190734863
endloop
endfacet
facet normal 0 0 -1
outer loop
vertex 26.29271125793457 32.292057037353516 5.300000190734863
vertex 25.796010971069336 32.10634231567383 5.300000190734863
vertex 26.4865779876709 32.476436614990234 5.300000190734863
endloop
endfacet
facet normal 0 0 -1
outer loop
vertex 25.796010971069336 32.10634231567383 5.300000190734863
vertex 26.29271125793457 32.292057037353516 5.300000190734863
vertex 26.056894302368164 32.16567611694336 5.300000190734863
endloop
endfacet
facet normal 0 0 -1
outer loop
vertex 25.796010971069336 32.10634231567383 5.300000190734863
vertex 8.4066801071167 32.10234451293945 5.300000190734863
vertex 26.4865779876709 32.476436614990234 5.300000190734863
endloop
endfacet
facet normal 0 0 -1
outer loop
vertex -58.84483337402344 55.189884185791016 5.300000190734863
vertex -58.4233283996582 49.73762512207031 5.300000190734863
vertex -59.728538513183594 54.980255126953125 5.300000190734863
endloop
endfacet
facet normal 0.9999999986029757 0.0000528587584191344 0
outer loop
vertex -58.774322509765625 -30.295188903808594 5.300000190734863
vertex -58.774322509765625 -30.295188903808594 0
vertex -58.7746696472168 -23.727924346923828 0
endloop
endfacet
facet normal -0.00013695034769621234 -0.9999999906223012 0
outer loop
vertex 46.77724075317383 43.66319274902344 5.300000190734863
vertex -1.0491083860397339 43.669742584228516 5.300000190734863
vertex -1.0491083860397339 43.669742584228516 3.5999999046325684
endloop
endfacet
facet normal -0.00013695167177752834 -0.999999990622119 3.725056814332326e-8
outer loop
vertex -1.0491083860397339 43.669742584228516 3.5999999046325684
vertex -20.046741485595703 43.67234420776367 0
vertex 46.77724075317383 43.66319274902344 5.300000190734863
endloop
endfacet
facet normal -0.0022794121424729035 0.999985615736163 0.004855162309522437
outer loop
vertex 65.86711120605469 -55.329105377197266 0
vertex 60.39677429199219 -55.34812927246094 1.350000023841858
vertex 65.39680480957031 -55.34765625 3.5999999046325684
endloop
endfacet
facet normal 0 0 -1
outer loop
vertex -48.593318939208984 17.852344512939453 5.300000190734863
vertex -44.90502166748047 23.31593894958496 5.300000190734863
vertex -44.83185577392578 22.994043350219727 5.300000190734863
endloop
endfacet
facet normal 0 0 -1
outer loop
vertex -44.90502166748047 23.31593894958496 5.300000190734863
vertex -48.593318939208984 17.852344512939453 5.300000190734863
vertex -45.03234100341797 23.551246643066406 5.300000190734863
endloop
endfacet
facet normal 0 0 -1
outer loop
vertex -58.779029846191406 20.83934211730957 5.300000190734863
vertex -58.83081817626953 21.238250732421875 5.300000190734863
vertex -48.11671447753906 23.70586395263672 5.300000190734863
endloop
endfacet
facet normal -0.141401732865625 -0.9899518616275007 -0.0009282256429212568
outer loop
vertex 65.77723693847656 43.66059112548828 3.5999999046325684
vertex 65.80089569091797 43.660587310791016 0
vertex 66.77729797363281 43.516151428222656 5.300000190734863
endloop
endfacet
facet normal -0.29934382334547077 -0.9541453114829606 0
outer loop
vertex 66.77729797363281 43.516151428222656 5.300000190734863
vertex 66.77729797363281 43.516151428222656 0
vertex 67.64388275146484 43.24427795410156 5.300000190734863
endloop
endfacet
facet normal 0 0 -1
outer loop
vertex -48.11671447753906 23.70586395263672 5.300000190734863
vertex -58.83081817626953 21.238250732421875 5.300000190734863
vertex -58.94791030883789 21.63936996459961 5.300000190734863
endloop
endfacet
facet normal 0 0 -1
outer loop
vertex -56.477317810058594 20.839473724365234 5.300000190734863
vertex -58.779029846191406 20.83934211730957 5.300000190734863
vertex -48.11671447753906 23.70586395263672 5.300000190734863
endloop
endfacet
facet normal -0.1463339110315133 -0.9892331616566062 0.002034296216366875
outer loop
vertex 66.77729797363281 43.516151428222656 5.300000190734863
vertex 65.80089569091797 43.660587310791016 5.300000190734863
vertex 65.77723693847656 43.66059112548828 3.5999999046325684
endloop
endfacet
facet normal 0 0 -1
outer loop
vertex -47.94213104248047 23.658031463623047 5.300000190734863
vertex -56.477317810058594 20.839473724365234 5.300000190734863
vertex -48.11671447753906 23.70586395263672 5.300000190734863
endloop
endfacet
facet normal 0 0 -1
outer loop
vertex -48.893272399902344 17.783723831176758 5.300000190734863
vertex -47.94213104248047 23.658031463623047 5.300000190734863
vertex -47.66730880737305 23.673696517944336 5.300000190734863
endloop
endfacet
facet normal 0 0 -1
outer loop
vertex -45.21749496459961 23.744375228881836 5.300000190734863
vertex -46.89604949951172 24.155439376831055 5.300000190734863
vertex -46.632774353027344 24.20305061340332 5.300000190734863
endloop
endfacet
facet normal 0.0006025075923291654 0.9999769923803403 0.00675660377483094
outer loop
vertex -48.953739166259766 -55.3349609375 3.5999999046325684
vertex -29.9537410736084 -55.34640884399414 3.5999999046325684
vertex -52.97737121582031 -55.30821228027344 0
endloop
endfacet
facet normal 0 0 -1
outer loop
vertex -48.893272399902344 17.783723831176758 5.300000190734863
vertex -47.66730880737305 23.673696517944336 5.300000190734863
vertex -47.13727951049805 24.03972816467285 5.300000190734863
endloop
endfacet
facet normal -0.003477624966409368 0.9999939530440136 0
outer loop
vertex 65.86711120605469 -55.329105377197266 0
vertex 60.39677429199219 -55.34812927246094 0
vertex 60.39677429199219 -55.34812927246094 1.350000023841858
endloop
endfacet
facet normal 0 0 -1
outer loop
vertex -48.893272399902344 17.783723831176758 5.300000190734863
vertex -47.13727951049805 24.03972816467285 5.300000190734863
vertex -46.89604949951172 24.155439376831055 5.300000190734863
endloop
endfacet
facet normal 0.02040186474446982 0.9925705416518216 -0.11994783766270181
outer loop
vertex -29.9537410736084 -55.34640884399414 3.5999999046325684
vertex -43.581459045410156 -55.338199615478516 1.350000023841858
vertex -52.97737121582031 -55.30821228027344 0
endloop
endfacet
facet normal -0.2606880593557522 -0.9654230863768132 0
outer loop
vertex -38.00579071044922 47.410343170166016 0
vertex -38.00579071044922 47.410343170166016 5.300000190734863
vertex -38.477230072021484 47.53764343261719 0
endloop
endfacet
facet normal 0.1960498313261951 0.9805939341220556 0
outer loop
vertex -53.62760925292969 -55.250545501708984 0
vertex -54.267730712890625 -55.12256622314453 0
vertex -54.267730712890625 -55.12256622314453 5.300000190734863
endloop
endfacet
facet normal 0.08833892447816775 0.9960904750182287 0
outer loop
vertex -52.97737121582031 -55.30821228027344 0
vertex -53.62760925292969 -55.250545501708984 0
vertex -53.62760925292969 -55.250545501708984 5.300000190734863
endloop
endfacet
facet normal 0.3014300445570334 0.9534882947568601 0
outer loop
vertex -54.267730712890625 -55.12256622314453 0
vertex -54.89015579223633 -54.92579650878906 0
vertex -54.89015579223633 -54.92579650878906 5.300000190734863
endloop
endfacet
facet normal 0.4032486983522534 0.9150904257379231 0
outer loop
vertex -54.89015579223633 -54.92579650878906 0
vertex -55.487518310546875 -54.662559509277344 0
vertex -55.487518310546875 -54.662559509277344 5.300000190734863
endloop
endfacet
facet normal -0.39054835238337265 -0.9205824158925875 0
outer loop
vertex -55.55503845214844 54.78274154663086 0
vertex -38.477230072021484 47.53764343261719 0
vertex -38.477230072021484 47.53764343261719 5.300000190734863
endloop
endfacet
facet normal -0.3541703261003223 -0.9351809344239175 0
outer loop
vertex -55.99577713012695 54.94965744018555 0
vertex -55.55503845214844 54.78274154663086 0
vertex -55.55503845214844 54.78274154663086 5.300000190734863
endloop
endfacet
facet normal -0.24016786964515655 -0.9707313708694632 0
outer loop
vertex -56.955413818359375 55.18708038330078 0
vertex -55.99577713012695 54.94965744018555 0
vertex -55.99577713012695 54.94965744018555 5.300000190734863
endloop
endfacet
facet normal -0.08323422407857602 -0.9965300115611356 0
outer loop
vertex -56.955413818359375 55.18708038330078 0
vertex -56.955413818359375 55.18708038330078 5.300000190734863
vertex -57.86049270629883 55.26267623901367 0
endloop
endfacet
facet normal 0 0 -1
outer loop
vertex 66.84324645996094 -55.1727180480957 5.300000190734863
vertex 65.86711120605469 -55.329105377197266 5.300000190734863
vertex 67.64388275146484 43.24427795410156 5.300000190734863
endloop
endfacet
facet normal 0 0 -1
outer loop
vertex 67.70592498779297 -54.8886833190918 5.300000190734863
vertex 66.84324645996094 -55.1727180480957 5.300000190734863
vertex 68.52694702148438 42.803348541259766 5.300000190734863
endloop
endfacet
facet normal 0 0 -1
outer loop
vertex 68.58358001708984 -54.43709182739258 5.300000190734863
vertex 67.70592498779297 -54.8886833190918 5.300000190734863
vertex 68.52694702148438 42.803348541259766 5.300000190734863
endloop
endfacet
facet normal 0 0 -1
outer loop
vertex -45.03234100341797 23.551246643066406 5.300000190734863
vertex -48.593318939208984 17.852344512939453 5.300000190734863
vertex -45.21749496459961 23.744375228881836 5.300000190734863
endloop
endfacet
facet normal 0 0 -1
outer loop
vertex -45.21749496459961 23.744375228881836 5.300000190734863
vertex -48.893272399902344 17.783723831176758 5.300000190734863
vertex -46.89604949951172 24.155439376831055 5.300000190734863
endloop
endfacet
facet normal 0.0031915137071235893 0.9999949071071599 0
outer loop
vertex -43.581459045410156 -55.338199615478516 0
vertex -52.97737121582031 -55.30821228027344 0
vertex -43.581459045410156 -55.338199615478516 1.350000023841858
endloop
endfacet
facet normal 0.8551939263448635 -0.5183081596336838 0
outer loop
vertex -63.279502868652344 51.934814453125 0
vertex -62.755863189697266 52.798805236816406 0
vertex -62.755863189697266 52.798805236816406 5.300000190734863
endloop
endfacet
facet normal 0.7613499596782975 -0.6483411439187357 0
outer loop
vertex -62.755863189697266 52.798805236816406 0
vertex -62.16701889038086 53.49028778076172 0
vertex -62.16701889038086 53.49028778076172 5.300000190734863
endloop
endfacet
facet normal 0.6490196422861103 -0.7607716503174978 0
outer loop
vertex -62.16701889038086 53.49028778076172 0
vertex -61.41611862182617 54.13088607788086 0
vertex -61.41611862182617 54.13088607788086 5.300000190734863
endloop
endfacet
facet normal 0.5219635019666097 -0.8529678203864158 0
outer loop
vertex -60.64142608642578 54.604949951171875 0
vertex -60.64142608642578 54.604949951171875 5.300000190734863
vertex -61.41611862182617 54.13088607788086 0
endloop
endfacet
facet normal 0.9981633731573766 0.06057953851827859 0
outer loop
vertex -58.72814178466797 -50.039573669433594 5.300000190734863
vertex -58.72814178466797 -50.039573669433594 0
vertex -58.773319244384766 -49.295188903808594 0
endloop
endfacet
facet normal 0.9845692654863184 0.17499531839375426 0
outer loop
vertex -58.61390686035156 -50.682289123535156 0
vertex -58.72814178466797 -50.039573669433594 0
vertex -58.72814178466797 -50.039573669433594 5.300000190734863
endloop
endfacet
facet normal 0.38023890155487705 -0.9248883055506436 0
outer loop
vertex -59.728538513183594 54.980255126953125 0
vertex -59.728538513183594 54.980255126953125 5.300000190734863
vertex -60.64142608642578 54.604949951171875 0
endloop
endfacet
facet normal 0.5914105303644885 0.8063706248208663 0
outer loop
vertex -56.05274200439453 -54.335975646972656 0
vertex -56.579132080078125 -53.94990921020508 0
vertex -56.579132080078125 -53.94990921020508 5.300000190734863
endloop
endfacet
facet normal 0.7516376320563026 0.6595762807111805 0
outer loop
vertex -57.06045913696289 -53.50893783569336 0
vertex -57.491024017333984 -53.01827621459961 0
vertex -57.491024017333984 -53.01827621459961 5.300000190734863
endloop
endfacet
facet normal 0.6755205801601395 0.7373411325703378 0
outer loop
vertex -56.579132080078125 -53.94990921020508 0
vertex -57.06045913696289 -53.50893783569336 0
vertex -57.06045913696289 -53.50893783569336 5.300000190734863
endloop
endfacet
facet normal 0.9597235347254854 0.28094614589636163 0
outer loop
vertex -58.61390686035156 -50.682289123535156 0
vertex -58.61390686035156 -50.682289123535156 5.300000190734863
vertex -58.43050765991211 -51.30878829956055 0
endloop
endfacet
facet normal 0.9235168435688668 0.3835578700073789 0
outer loop
vertex -58.18012619018555 -51.91164779663086 0
vertex -58.43050765991211 -51.30878829956055 0
vertex -58.43050765991211 -51.30878829956055 5.300000190734863
endloop
endfacet
facet normal 0.876375019550075 0.4816293441108064 0
outer loop
vertex -57.86572265625 -52.48373794555664 0
vertex -58.18012619018555 -51.91164779663086 0
vertex -58.18012619018555 -51.91164779663086 5.300000190734863
endloop
endfacet
facet normal 0.8188561783944242 0.5739987448638534 0
outer loop
vertex -57.491024017333984 -53.01827621459961 0
vertex -57.86572265625 -52.48373794555664 0
vertex -57.86572265625 -52.48373794555664 5.300000190734863
endloop
endfacet
facet normal 0.5002892808655127 0.865858322966909 0
outer loop
vertex -55.487518310546875 -54.662559509277344 0
vertex -56.05274200439453 -54.335975646972656 0
vertex -56.05274200439453 -54.335975646972656 5.300000190734863
endloop
endfacet
facet normal 0.23081090852382505 -0.9729986251307893 0
outer loop
vertex -59.728538513183594 54.980255126953125 0
vertex -58.84483337402344 55.189884185791016 0
vertex -58.84483337402344 55.189884185791016 5.300000190734863
endloop
endfacet
facet normal 0.07374868529001023 -0.9972768579577062 0
outer loop
vertex -58.84483337402344 55.189884185791016 0
vertex -57.86049270629883 55.26267623901367 0
vertex -57.86049270629883 55.26267623901367 5.300000190734863
endloop
endfacet
facet normal 0 0 -1
outer loop
vertex 71.40596008300781 -4.127119064331055 5.300000190734863
vertex 71.40496826171875 -7.917551040649414 5.300000190734863
vertex 69.10640716552734 -4.1265387535095215 5.300000190734863
endloop
endfacet
facet normal 0 0 -1
outer loop
vertex 71.40496826171875 -7.917551040649414 5.300000190734863
vertex 69.10545349121094 -7.916970729827881 5.300000190734863
vertex 69.10640716552734 -4.1265387535095215 5.300000190734863
endloop
endfacet
facet normal 0 0 -1
outer loop
vertex 69.11119842529297 14.87346076965332 5.300000190734863
vertex 68.58358001708984 -54.43709182739258 5.300000190734863
vertex 69.1121597290039 18.66389274597168 5.300000190734863
endloop
endfacet
facet normal -0.9999999657658601 0.0002616644385930138 0
outer loop
vertex 71.40596008300781 -4.127119064331055 5.300000190734863
vertex 71.40496826171875 -7.917551040649414 0
vertex 71.40496826171875 -7.917551040649414 5.300000190734863
endloop
endfacet
facet normal 0 0 -1
outer loop
vertex 69.10640716552734 -4.1265387535095215 5.300000190734863
vertex 68.58358001708984 -54.43709182739258 5.300000190734863
vertex 69.11119842529297 14.87346076965332 5.300000190734863
endloop
endfacet
facet normal 0 0 -1
outer loop
vertex 67.64388275146484 43.24427795410156 5.300000190734863
vertex 65.86711120605469 -55.329105377197266 5.300000190734863
vertex 66.0569076538086 -40.10417556762695 5.300000190734863
endloop
endfacet
facet normal 0 0 -1
outer loop
vertex 71.39997100830078 -26.917551040649414 5.300000190734863
vertex 71.39897155761719 -30.707983016967773 5.300000190734863
vertex 69.10066223144531 -26.91697120666504 5.300000190734863
endloop
endfacet
facet normal 0.5914105303644885 0.8063706248208663 0
outer loop
vertex -56.05274200439453 -54.335975646972656 5.300000190734863
vertex -56.05274200439453 -54.335975646972656 0
vertex -56.579132080078125 -53.94990921020508 5.300000190734863
endloop
endfacet
facet normal 0 0 -1
outer loop
vertex 52.39677429199219 -55.84765625 -0.44999998807907104
vertex 52.39677429199219 -55.34888458251953 -0.44999998807907104
vertex 60.39677429199219 -55.04765701293945 -0.44999998807907104
endloop
endfacet
facet normal 0 1 0
outer loop
vertex 60.39677429199219 -55.04765701293945 -0.44999998807907104
vertex 52.39677429199219 -55.04765701293945 -0.44999998807907104
vertex 60.39677429199219 -55.04765701293945 1.350000023841858
endloop
endfacet
facet normal 0 0 -1
outer loop
vertex 60.39677429199219 -55.34812927246094 -0.44999998807907104
vertex 52.39677429199219 -55.84765625 -0.44999998807907104
vertex 60.39677429199219 -55.04765701293945 -0.44999998807907104
endloop
endfacet
facet normal 0 0 -1
outer loop
vertex 60.39677429199219 -55.84765625 -0.44999998807907104
vertex 52.39677429199219 -55.84765625 -0.44999998807907104
vertex 60.39677429199219 -55.34812927246094 -0.44999998807907104
endloop
endfacet
facet normal 0 0 1
outer loop
vertex 52.39677429199219 -55.04765701293945 1.350000023841858
vertex 52.39677429199219 -55.34888458251953 1.350000023841858
vertex 60.39677429199219 -55.04765701293945 1.350000023841858
endloop
endfacet
facet normal 0 1 0
outer loop
vertex 52.39677429199219 -55.04765701293945 -0.44999998807907104
vertex 52.39677429199219 -55.04765701293945 1.350000023841858
vertex 60.39677429199219 -55.04765701293945 1.350000023841858
endloop
endfacet
facet normal 1 0 0
outer loop
vertex 60.39677429199219 -55.34812927246094 1.350000023841858
vertex 60.39677429199219 -55.34812927246094 0
vertex 60.39677429199219 -55.04765701293945 1.350000023841858
endloop
endfacet
facet normal -1 0 0
outer loop
vertex 52.39677429199219 -55.04765701293945 1.350000023841858
vertex 52.39677429199219 -55.34888458251953 0
vertex 52.39677429199219 -55.34888458251953 1.350000023841858
endloop
endfacet
facet normal -1 0 0
outer loop
vertex 52.39677429199219 -55.04765701293945 -0.44999998807907104
vertex 52.39677429199219 -55.34888458251953 0
vertex 52.39677429199219 -55.04765701293945 1.350000023841858
endloop
endfacet
facet normal -1 0 0
outer loop
vertex 52.39677429199219 -55.04765701293945 -0.44999998807907104
vertex 52.39677429199219 -55.34888458251953 -0.44999998807907104
vertex 52.39677429199219 -55.34888458251953 0
endloop
endfacet
facet normal 1 0 0
outer loop
vertex 60.39677429199219 -55.34812927246094 0
vertex 60.39677429199219 -55.04765701293945 -0.44999998807907104
vertex 60.39677429199219 -55.04765701293945 1.350000023841858
endloop
endfacet
facet normal 0 0 -1
outer loop
vertex 60.39677429199219 -55.04765701293945 -0.44999998807907104
vertex 52.39677429199219 -55.34888458251953 -0.44999998807907104
vertex 52.39677429199219 -55.04765701293945 -0.44999998807907104
endloop
endfacet
facet normal 0 0 1
outer loop
vertex 60.39677429199219 -55.04765701293945 1.350000023841858
vertex 52.39677429199219 -55.34888458251953 1.350000023841858
vertex 60.39677429199219 -55.34812927246094 1.350000023841858
endloop
endfacet
facet normal 1 0 0
outer loop
vertex 60.39677429199219 -55.34812927246094 -0.44999998807907104
vertex 60.39677429199219 -55.04765701293945 -0.44999998807907104
vertex 60.39677429199219 -55.34812927246094 0
endloop
endfacet
facet normal 0 0 -1
outer loop
vertex -43.581459045410156 -55.84765625 -0.44999998807907104
vertex -43.581459045410156 -55.338199615478516 -0.44999998807907104
vertex -35.581459045410156 -55.04765701293945 -0.44999998807907104
endloop
endfacet
facet normal 0 0 1
outer loop
vertex -35.581459045410156 -55.04765701293945 1.350000023841858
vertex -43.581459045410156 -55.04765701293945 1.350000023841858
vertex -35.581459045410156 -55.343017578125 1.350000023841858
endloop
endfacet
facet normal 0 0 1
outer loop
vertex -43.581459045410156 -55.04765701293945 1.350000023841858
vertex -43.581459045410156 -55.338199615478516 1.350000023841858
vertex -35.581459045410156 -55.343017578125 1.350000023841858
endloop
endfacet
facet normal 0 1 0
outer loop
vertex -35.581459045410156 -55.04765701293945 1.350000023841858
vertex -43.581459045410156 -55.04765701293945 -0.44999998807907104
vertex -43.581459045410156 -55.04765701293945 1.350000023841858
endloop
endfacet
facet normal -1 0 0
outer loop
vertex -43.581459045410156 -55.04765701293945 1.350000023841858
vertex -43.581459045410156 -55.338199615478516 0
vertex -43.581459045410156 -55.338199615478516 1.350000023841858
endloop
endfacet
facet normal 0 1 0
outer loop
vertex -35.581459045410156 -55.04765701293945 -0.44999998807907104
vertex -43.581459045410156 -55.04765701293945 -0.44999998807907104
vertex -35.581459045410156 -55.04765701293945 1.350000023841858
endloop
endfacet
facet normal -1 0 0
outer loop
vertex -43.581459045410156 -55.04765701293945 -0.44999998807907104
vertex -43.581459045410156 -55.338199615478516 0
vertex -43.581459045410156 -55.04765701293945 1.350000023841858
endloop
endfacet
facet normal -1 0 0
outer loop
vertex -43.581459045410156 -55.04765701293945 -0.44999998807907104
vertex -43.581459045410156 -55.338199615478516 -0.44999998807907104
vertex -43.581459045410156 -55.338199615478516 0
endloop
endfacet
facet normal 0 0 -1
outer loop
vertex -35.581459045410156 -55.343017578125 -0.44999998807907104
vertex -43.581459045410156 -55.84765625 -0.44999998807907104
vertex -35.581459045410156 -55.04765701293945 -0.44999998807907104
endloop
endfacet
facet normal 0 0 -1
outer loop
vertex -35.581459045410156 -55.84765625 -0.44999998807907104
vertex -43.581459045410156 -55.84765625 -0.44999998807907104
vertex -35.581459045410156 -55.343017578125 -0.44999998807907104
endloop
endfacet
facet normal 0 0 -1
outer loop
vertex -35.581459045410156 -55.04765701293945 -0.44999998807907104
vertex -43.581459045410156 -55.338199615478516 -0.44999998807907104
vertex -43.581459045410156 -55.04765701293945 -0.44999998807907104
endloop
endfacet
facet normal 1 0 0
outer loop
vertex -35.581459045410156 -55.04765701293945 1.350000023841858
vertex -35.581459045410156 -55.343017578125 1.350000023841858
vertex -35.581459045410156 -55.343017578125 0
endloop
endfacet
facet normal 1 0 0
outer loop
vertex -35.581459045410156 -55.343017578125 0
vertex -35.581459045410156 -55.343017578125 -0.44999998807907104
vertex -35.581459045410156 -55.04765701293945 1.350000023841858
endloop
endfacet
facet normal 1 0 0
outer loop
vertex -35.581459045410156 -55.343017578125 -0.44999998807907104
vertex -35.581459045410156 -55.04765701293945 -0.44999998807907104
vertex -35.581459045410156 -55.04765701293945 1.350000023841858
endloop
endfacet
facet normal 0 0 1
outer loop
vertex 46.39680480957031 -55.34945297241211 3.5999999046325684
vertex 46.39692687988281 -56.54962158203125 3.5999999046325684
vertex 65.39680480957031 -55.34765625 3.5999999046325684
endloop
endfacet
facet normal 0 0 -1
outer loop
vertex 46.39680480957031 -55.34945297241211 5.300000190734863
vertex 65.39692687988281 -56.54765701293945 5.300000190734863
vertex 46.39692687988281 -56.54962158203125 5.300000190734863
endloop
endfacet
facet normal -0.00010339837269973953 0.9999999946543882 0
outer loop
vertex 65.39692687988281 -56.54765701293945 3.5999999046325684
vertex 46.39692687988281 -56.54962158203125 3.5999999046325684
vertex 46.39692687988281 -56.54962158203125 5.300000190734863
endloop
endfacet
facet normal 0.9999999948274393 0.00010171096868407638 0
outer loop
vertex 46.39680480957031 -55.34945297241211 5.300000190734863
vertex 46.39692687988281 -56.54962158203125 5.300000190734863
vertex 46.39680480957031 -55.34945297241211 3.5999999046325684
endloop
endfacet
facet normal 0.9999999948274393 0.00010171096868407638 0
outer loop
vertex 46.39692687988281 -56.54962158203125 3.5999999046325684
vertex 46.39680480957031 -55.34945297241211 3.5999999046325684
vertex 46.39692687988281 -56.54962158203125 5.300000190734863
endloop
endfacet
facet normal -0.00010339837269973953 0.9999999946543882 0
outer loop
vertex 65.39692687988281 -56.54765701293945 3.5999999046325684
vertex 46.39692687988281 -56.54962158203125 5.300000190734863
vertex 65.39692687988281 -56.54765701293945 5.300000190734863
endloop
endfacet
facet normal -0.9999999948259922 -0.00010172519521520204 0
outer loop
vertex 65.39680480957031 -55.34765625 3.5999999046325684
vertex 65.39692687988281 -56.54765701293945 3.5999999046325684
vertex 65.39680480957031 -55.34765625 5.300000190734863
endloop
endfacet
facet normal -0.9999999948259922 -0.00010172519521520204 0
outer loop
vertex 65.39692687988281 -56.54765701293945 5.300000190734863
vertex 65.39680480957031 -55.34765625 5.300000190734863
vertex 65.39692687988281 -56.54765701293945 3.5999999046325684
endloop
endfacet
facet normal 0 0 -1
outer loop
vertex 65.39692687988281 -56.54765701293945 5.300000190734863
vertex 46.39680480957031 -55.34945297241211 5.300000190734863
vertex 65.39680480957031 -55.34765625 5.300000190734863
endloop
endfacet
facet normal 0 0 1
outer loop
vertex 65.39692687988281 -56.54765701293945 3.5999999046325684
vertex 65.39680480957031 -55.34765625 3.5999999046325684
vertex 46.39692687988281 -56.54962158203125 3.5999999046325684
endloop
endfacet
facet normal 0 0 1
outer loop
vertex 46.77739334106445 44.86391830444336 3.5999999046325684
vertex 46.77724075317383 43.66319274902344 3.5999999046325684
vertex 65.77738952636719 44.86152267456055 3.5999999046325684
endloop
endfacet
facet normal 0 0 -1
outer loop
vertex 65.80089569091797 43.660587310791016 5.300000190734863
vertex 46.77739334106445 44.86391830444336 5.300000190734863
vertex 65.77738952636719 44.86152267456055 5.300000190734863
endloop
endfacet
facet normal -0.9997117297569912 -0.019567571354759193 0.0139128551189588
outer loop
vertex 65.77723693847656 43.66059112548828 3.5999999046325684
vertex 65.80089569091797 43.660587310791016 5.300000190734863
vertex 65.77738952636719 44.86152267456055 5.300000190734863
endloop
endfacet
facet normal -0.9999999919281398 0.00012705794057222322 0
outer loop
vertex 65.77723693847656 43.66059112548828 3.5999999046325684
vertex 65.77738952636719 44.86152267456055 5.300000190734863
vertex 65.77738952636719 44.86152267456055 3.5999999046325684
endloop
endfacet
facet normal -0.00012608580761838242 -0.9999999920511846 0
outer loop
vertex 46.77739334106445 44.86391830444336 3.5999999046325684
vertex 65.77738952636719 44.86152267456055 3.5999999046325684
vertex 65.77738952636719 44.86152267456055 5.300000190734863
endloop
endfacet
facet normal 0 0 1
outer loop
vertex 65.77723693847656 43.66059112548828 3.5999999046325684
vertex 65.77738952636719 44.86152267456055 3.5999999046325684
vertex 46.77724075317383 43.66319274902344 3.5999999046325684
endloop
endfacet
facet normal 0 0 -1
outer loop
vertex 46.77724075317383 43.66319274902344 5.300000190734863
vertex 46.77739334106445 44.86391830444336 5.300000190734863
vertex 65.80089569091797 43.660587310791016 5.300000190734863
endloop
endfacet
facet normal -0.00012608580761838242 -0.9999999920511846 0
outer loop
vertex 46.77739334106445 44.86391830444336 3.5999999046325684
vertex 65.77738952636719 44.86152267456055 5.300000190734863
vertex 46.77739334106445 44.86391830444336 5.300000190734863
endloop
endfacet
facet normal 0.99999999192537 -0.0001270797383333327 0
outer loop
vertex 46.77724075317383 43.66319274902344 5.300000190734863
vertex 46.77739334106445 44.86391830444336 3.5999999046325684
vertex 46.77739334106445 44.86391830444336 5.300000190734863
endloop
endfacet
facet normal 0.99999999192537 -0.0001270797383333327 0
outer loop
vertex 46.77724075317383 43.66319274902344 5.300000190734863
vertex 46.77724075317383 43.66319274902344 3.5999999046325684
vertex 46.77739334106445 44.86391830444336 3.5999999046325684
endloop
endfacet
facet normal 0 0 -1
outer loop
vertex -20.04895782470703 44.872344970703125 5.300000190734863
vertex -1.0491083860397339 43.669742584228516 5.300000190734863
vertex -20.049108505249023 43.67250442504883 5.300000190734863
endloop
endfacet
facet normal 0 0 -1
outer loop
vertex -1.0491083860397339 43.669742584228516 5.300000190734863
vertex -20.04895782470703 44.872344970703125 5.300000190734863
vertex -1.048957109451294 44.86994934082031 5.300000190734863
endloop
endfacet
facet normal -0.9999999920566938 0.00012604210600170444 0
outer loop
vertex -1.0491083860397339 43.669742584228516 5.300000190734863
vertex -1.048957109451294 44.86994934082031 5.300000190734863
vertex -1.0491083860397339 43.669742584228516 3.5999999046325684
endloop
endfacet
facet normal -0.9999999920566938 0.00012604210600170444 0
outer loop
vertex -1.048957109451294 44.86994934082031 3.5999999046325684
vertex -1.0491083860397339 43.669742584228516 3.5999999046325684
vertex -1.048957109451294 44.86994934082031 5.300000190734863
endloop
endfacet
facet normal -0.0001260857775571849 -0.9999999920511883 0
outer loop
vertex -20.04895782470703 44.872344970703125 3.5999999046325684
vertex -1.048957109451294 44.86994934082031 3.5999999046325684
vertex -1.048957109451294 44.86994934082031 5.300000190734863
endloop
endfacet
facet normal 0 0 1
outer loop
vertex -1.0491083860397339 43.669742584228516 3.5999999046325684
vertex -1.048957109451294 44.86994934082031 3.5999999046325684
vertex -20.046741485595703 43.67234420776367 3.5999999046325684
endloop
endfacet
facet normal -0.0001260857775571849 -0.9999999920511883 0
outer loop
vertex -20.04895782470703 44.872344970703125 3.5999999046325684
vertex -1.048957109451294 44.86994934082031 5.300000190734863
vertex -20.04895782470703 44.872344970703125 5.300000190734863
endloop
endfacet
facet normal 0 0 1
outer loop
vertex -20.04895782470703 44.872344970703125 3.5999999046325684
vertex -20.046741485595703 43.67234420776367 3.5999999046325684
vertex -1.048957109451294 44.86994934082031 3.5999999046325684
endloop
endfacet
facet normal 0.9999999921143541 -0.00012558380473949146 0
outer loop
vertex -20.04895782470703 44.872344970703125 5.300000190734863
vertex -20.049108505249023 43.67250442504883 5.300000190734863
vertex -20.04895782470703 44.872344970703125 3.5999999046325684
endloop
endfacet
facet normal 0.9999973253053384 0.001846943145159952 0.0013921864774948118
outer loop
vertex -20.046741485595703 43.67234420776367 3.5999999046325684
vertex -20.04895782470703 44.872344970703125 3.5999999046325684
vertex -20.049108505249023 43.67250442504883 5.300000190734863
endloop
endfacet
facet normal 0 0 -1
outer loop
vertex -29.9537410736084 -55.34640884399414 5.300000190734863
vertex -29.954410552978516 -56.5464973449707 5.300000190734863
vertex -48.953739166259766 -55.3349609375 5.300000190734863
endloop
endfacet
facet normal -0.9999998443970768 0.0005578582457872541 0
outer loop
vertex -29.954410552978516 -56.5464973449707 5.300000190734863
vertex -29.9537410736084 -55.34640884399414 5.300000190734863
vertex -29.954410552978516 -56.5464973449707 3.5999999046325684
endloop
endfacet
facet normal -0.9999998443970768 0.0005578582457872541 0
outer loop
vertex -29.9537410736084 -55.34640884399414 3.5999999046325684
vertex -29.954410552978516 -56.5464973449707 3.5999999046325684
vertex -29.9537410736084 -55.34640884399414 5.300000190734863
endloop
endfacet
facet normal 0.0005585520141174538 0.9999998440098117 0
outer loop
vertex -29.954410552978516 -56.5464973449707 3.5999999046325684
vertex -48.95440673828125 -56.535884857177734 5.300000190734863
vertex -29.954410552978516 -56.5464973449707 5.300000190734863
endloop
endfacet
facet normal 0 0 -1
outer loop
vertex -48.953739166259766 -55.3349609375 5.300000190734863
vertex -29.954410552978516 -56.5464973449707 5.300000190734863
vertex -48.95440673828125 -56.535884857177734 5.300000190734863
endloop
endfacet
facet normal 0.0005585520141174538 0.9999998440098117 0
outer loop
vertex -29.954410552978516 -56.5464973449707 3.5999999046325684
vertex -48.95440673828125 -56.535884857177734 3.5999999046325684
vertex -48.95440673828125 -56.535884857177734 5.300000190734863
endloop
endfacet
facet normal 0 0 1
outer loop
vertex -29.9537410736084 -55.34640884399414 3.5999999046325684
vertex -48.953739166259766 -55.3349609375 3.5999999046325684
vertex -48.95440673828125 -56.535884857177734 3.5999999046325684
endloop
endfacet
facet normal 0.9999998454976226 -0.0005558819400666549 0
outer loop
vertex -48.953739166259766 -55.3349609375 3.5999999046325684
vertex -48.953739166259766 -55.3349609375 5.300000190734863
vertex -48.95440673828125 -56.535884857177734 5.300000190734863
endloop
endfacet
facet normal 0.9999998454976226 -0.0005558819400666549 0
outer loop
vertex -48.953739166259766 -55.3349609375 3.5999999046325684
vertex -48.95440673828125 -56.535884857177734 5.300000190734863
vertex -48.95440673828125 -56.535884857177734 3.5999999046325684
endloop
endfacet
facet normal 0 0 1
outer loop
vertex -29.9537410736084 -55.34640884399414 3.5999999046325684
vertex -48.95440673828125 -56.535884857177734 3.5999999046325684
vertex -29.954410552978516 -56.5464973449707 3.5999999046325684
endloop
endfacet
endsolid auto-kdk-case
