solid auto-kdk-case
facet normal -0.23344551471687255 0.9723698841791505 0
outer loop
vertex -6.068384647369385 52.35436248779297 -1
vertex -8.815223693847656 51.69490432739258 -4.978755474090576
vertex -8.815223693847656 51.69490432739258 -1
endloop
endfacet
facet normal 0.4826360537385718 -0.8758210089005963 0
outer loop
vertex 55.433074951171875 -54.73094940185547 -12.514314651489258
vertex 55.47150802612305 -54.70977020263672 -12.52354621887207
vertex 55.433074951171875 -54.73094940185547 -1
endloop
endfacet
facet normal 0.7516538470338663 0.6595578020452568 -6.470090660673693e-7
outer loop
vertex 62.46184158325195 52.68667221069336 -1
vertex 61.89406204223633 53.3337287902832 -4.803406238555908
vertex 62.28284454345703 52.890663146972656 -1
endloop
endfacet
facet normal 0.07845913820110079 0.9969173303901065 7.768862425775624e-7
outer loop
vertex 0.00860558357089758 52.39312744140625 -4.93955135345459
vertex -2.783623218536377 52.61288070678711 -4.905047416687012
vertex 0.03255937248468399 52.391239166259766 -1
endloop
endfacet
facet normal 0.8467887779360008 0.531929286241747 0
outer loop
vertex 62.801002502441406 52.14675521850586 -1
vertex 62.46184158325195 52.68667221069336 -4.775799751281738
vertex 62.46184158325195 52.68667221069336 -1
endloop
endfacet
facet normal -0.000009843259810804192 -0.9999999999515551 0
outer loop
vertex -46.021080017089844 -55.29327392578125 -4
vertex -46.021080017089844 -55.29327392578125 -5
vertex -5.716493606567383 -55.293670654296875 -4.949999809265137
endloop
endfacet
facet normal 0.9042942555499957 0.42690970869643985 0
outer loop
vertex 62.96269226074219 51.88935852050781 -4.877116680145264
vertex 62.96269226074219 51.88935852050781 -1
vertex 63.15492248535156 51.48217010498047 -1
endloop
endfacet
facet normal 0 1 0
outer loop
vertex -2.783623218536377 52.61288070678711 -4.905047416687012
vertex -3.0188825130462646 52.61288070678711 -4.9235334396362305
vertex -2.783623218536377 52.61288070678711 -1
endloop
endfacet
facet normal 0.846788647441722 0.5319294939781202 0
outer loop
vertex 62.46184158325195 52.68667221069336 -4.775799751281738
vertex 62.96269226074219 51.88935852050781 -1
vertex 62.96269226074219 51.88935852050781 -4.877116680145264
endloop
endfacet
facet normal 0.998137178747208 -0.06100960910024299 0
outer loop
vertex 70.96892547607422 30.96217918395996 -6.177474021911621
vertex 71.02625274658203 31.90007209777832 -6.25428581237793
vertex 70.96892547607422 30.96217918395996 -1
endloop
endfacet
facet normal 0.9207417767590054 0.39017250099240697 0
outer loop
vertex 63.15492248535156 51.48217010498047 -1
vertex 70.7046890258789 33.665985107421875 -1
vertex 63.15492248535156 51.48217010498047 -4.888730525970459
endloop
endfacet
facet normal -0.8240580509875959 -0.5665053386242227 -0.00017295311400843645
outer loop
vertex -70.35655975341797 -52.18022918701172 -12.320878028869629
vertex -69.88245391845703 -52.86984634399414 -12.430325508117676
vertex -69.82423400878906 -52.95454025268555 -12.413175582885742
endloop
endfacet
facet normal 0.6392523220202927 0.7689970538250871 0
outer loop
vertex 61.89406204223633 53.3337287902832 -1
vertex 61.171478271484375 53.93439865112305 -4.719231128692627
vertex 61.171478271484375 53.93439865112305 -1
endloop
endfacet
facet normal 0.5092578683614881 0.8606139805463964 0
outer loop
vertex 61.171478271484375 53.93439865112305 -1
vertex 60.43062210083008 54.3727912902832 -4.76337194442749
vertex 60.43062210083008 54.3727912902832 -1
endloop
endfacet
facet normal 0.7516510935333017 0.6595609400125144 0
outer loop
vertex 61.89406204223633 53.3337287902832 -4.803406238555908
vertex 61.89406204223633 53.3337287902832 -1
vertex 62.28284454345703 52.890663146972656 -1
endloop
endfacet
facet normal 0.36839574895419036 0.9296690659328626 0
outer loop
vertex 60.43062210083008 54.3727912902832 -1
vertex 59.557064056396484 54.71895217895508 -4.684382438659668
vertex 59.557064056396484 54.71895217895508 -1
endloop
endfacet
facet normal -0.9593681942386881 -0.2821571638928191 0.00005241335078181312
outer loop
vertex -70.99242401123047 -50.5018424987793 -12.215682983398438
vertex -70.7662582397461 -51.27085876464844 -12.353067398071289
vertex -70.72730255126953 -51.4033088684082 -12.332025527954102
endloop
endfacet
facet normal 0.21635508423855682 0.9763142822079935 -0.000948620481173461
outer loop
vertex 59.557064056396484 54.71895217895508 -1
vertex 58.69388198852539 54.90658950805664 -4.753687381744385
vertex 58.71660614013672 54.90520095825195 -1
endloop
endfacet
facet normal 0.06100556448063967 0.9981374259601724 0
outer loop
vertex 58.71660614013672 54.90520095825195 -1
vertex 57.77871322631836 54.9625244140625 -4.673933029174805
vertex 57.77871322631836 54.9625244140625 -1
endloop
endfacet
facet normal -0.013489177313418333 -0.999909016908742 0
outer loop
vertex -62.83864974975586 -55.05927276611328 -12.638931274414062
vertex -65.9906997680664 -55.01675033569336 -1
vertex -65.9906997680664 -55.01675033569336 -12.450961112976074
endloop
endfacet
facet normal -0.17833880018280554 -0.9839691419700912 0
outer loop
vertex -61.847007751464844 -55.2390022277832 -12.554898262023926
vertex -62.83864974975586 -55.05927276611328 -1
vertex -62.83864974975586 -55.05927276611328 -12.638931274414062
endloop
endfacet
facet normal -0.0872661774407785 -0.9961850301399207 0
outer loop
vertex -61.23700714111328 -55.29243850708008 -12.552366256713867
vertex -61.847007751464844 -55.2390022277832 -1
vertex -61.847007751464844 -55.2390022277832 -12.554898262023926
endloop
endfacet
facet normal -0.6069989193686194 -0.7947026562717204 0
outer loop
vertex -68.55000305175781 -54.09721374511719 -12.491114616394043
vertex -69.23025512695312 -53.577632904052734 -1
vertex -69.23025512695312 -53.577632904052734 -12.39183521270752
endloop
endfacet
facet normal -0.4733385928407376 -0.8808805688216482 0
outer loop
vertex -67.72521209716797 -54.55546569824219 -12.44216537475586
vertex -68.48351287841797 -54.14799499511719 -1
vertex -68.48351287841797 -54.14799499511719 -12.478604316711426
endloop
endfacet
facet normal -0.6069663297829229 -0.7947275473396634 0.0000030547128358267688
outer loop
vertex -68.55000305175781 -54.09721374511719 -12.491114616394043
vertex -68.48351287841797 -54.14799499511719 -12.478604316711426
vertex -69.23025512695312 -53.577632904052734 -1
endloop
endfacet
facet normal -0.3297522611624482 -0.94406750090142 0
outer loop
vertex -67.72521209716797 -54.55546569824219 -12.44216537475586
vertex -66.87981414794922 -54.85075378417969 -12.527092933654785
vertex -67.72521209716797 -54.55546569824219 -1
endloop
endfacet
facet normal -0.3297500780016204 -0.9440682634523273 1.7964736611729717e-7
outer loop
vertex -66.87981414794922 -54.85075378417969 -12.527092933654785
vertex -66.83812713623047 -54.86531448364258 -12.520917892456055
vertex -67.72521209716797 -54.55546569824219 -1
endloop
endfacet
facet normal -0.8240484390992419 -0.5665193465523513 0
outer loop
vertex -70.35655975341797 -52.18022918701172 -12.320878028869629
vertex -69.82423400878906 -52.95454025268555 -12.413175582885742
vertex -70.35655975341797 -52.18022918701172 -1
endloop
endfacet
facet normal -0.9025081665114679 -0.4306727404655515 0
outer loop
vertex -70.72730255126953 -51.4033088684082 -12.332025527954102
vertex -70.35655975341797 -52.18022918701172 -12.320878028869629
vertex -70.72730255126953 -51.4033088684082 -1
endloop
endfacet
facet normal -0.723814537761283 -0.6899945760115946 0
outer loop
vertex -69.82423400878906 -52.95454025268555 -12.413175582885742
vertex -69.23025512695312 -53.577632904052734 -12.39183521270752
vertex -69.82423400878906 -52.95454025268555 -1
endloop
endfacet
facet normal -0.9593700266198936 -0.2821509383704842 0
outer loop
vertex -70.99242401123047 -50.5018424987793 -12.215682983398438
vertex -70.72730255126953 -51.4033088684082 -12.332025527954102
vertex -70.99242401123047 -50.5018424987793 -1
endloop
endfacet
facet normal -0.17591394679390318 -0.9844055481981965 0
outer loop
vertex -65.9906997680664 -55.01675033569336 -12.450961112976074
vertex -66.83812713623047 -54.86531448364258 -1
vertex -66.83812713623047 -54.86531448364258 -12.520917892456055
endloop
endfacet
facet normal -0.9948140699002866 -0.10171020759209809 0
outer loop
vertex -70.99242401123047 -50.5018424987793 -12.215682983398438
vertex -71.11149597167969 -49.337215423583984 -1
vertex -71.11149597167969 -49.337215423583984 -12.225005149841309
endloop
endfacet
facet normal -0.0002218173309319248 -0.9999999753985356 0
outer loop
vertex -61.23700714111328 -55.29243850708008 -12.552366256713867
vertex -58.021080017089844 -55.29315185546875 -5
vertex -58.021080017089844 -55.29315185546875 -4
endloop
endfacet
facet normal -0.000010172525999829849 -0.9999999958872734 -0.00009012199095221509
outer loop
vertex -58.021080017089844 -55.29315185546875 -5
vertex -61.23700714111328 -55.29243850708008 -12.552366256713867
vertex -46.021080017089844 -55.29327392578125 -5
endloop
endfacet
facet normal -0.000009730353023736047 -0.999999995810991 -0.00009101284707439361
outer loop
vertex -46.021080017089844 -55.29327392578125 -5
vertex -61.23700714111328 -55.29243850708008 -12.552366256713867
vertex -5.716493606567383 -55.293670654296875 -4.949999809265137
endloop
endfacet
facet normal -0.9999999810297762 0.00003155764049524704 -0.0001922096838065465
outer loop
vertex -71.11148834228516 -49.191104888916016 -12.24070930480957
vertex -71.11149597167969 -49.337215423583984 -12.225005149841309
vertex -71.10999298095703 38.034080505371094 -5.699625015258789
endloop
endfacet
facet normal -0.000020527241250951147 -0.99999999735412 -0.00006978819535027415
outer loop
vertex -61.23700714111328 -55.29243850708008 -12.552366256713867
vertex -4.216493606567383 -55.29368591308594 -11.449999809265137
vertex -4.790518760681152 -55.29368209838867 -11.335819244384766
endloop
endfacet
facet normal -0.00002158785793501629 -0.9999999995552816 -0.000020576710722802514
outer loop
vertex -4.790518760681152 -55.29368209838867 -11.335819244384766
vertex -5.277153491973877 -55.293678283691406 -11.010660171508789
vertex -61.23700714111328 -55.29243850708008 -12.552366256713867
endloop
endfacet
facet normal -0.000021966347735843246 -0.9999999997353569 -0.000006838532063477932
outer loop
vertex -5.277153491973877 -55.293678283691406 -11.010660171508789
vertex -5.602313041687012 -55.29367446899414 -10.524024963378906
vertex -61.23700714111328 -55.29243850708008 -12.552366256713867
endloop
endfacet
facet normal -0.00001017252417703082 -0.9999998166988378 -0.0006053914523941107
outer loop
vertex -4.216493606567383 -55.29368591308594 -11.449999809265137
vertex -61.23700714111328 -55.29243850708008 -12.552366256713867
vertex 7.783506393432617 -55.29380798339844 -11.449999809265137
endloop
endfacet
facet normal -0.000022296260194087462 -0.9999999997489951 0.0000022105262668251694
outer loop
vertex -5.602313041687012 -55.29367446899414 -10.524024963378906
vertex -5.716493606567383 -55.293670654296875 -9.949999809265137
vertex -61.23700714111328 -55.29243850708008 -12.552366256713867
endloop
endfacet
facet normal -0.000009809219604553904 -0.9999998026729584 -0.0006281383792547107
outer loop
vertex 7.783506393432617 -55.29380798339844 -11.449999809265137
vertex -61.23700714111328 -55.29243850708008 -12.552366256713867
vertex 14.783506393432617 -55.29387664794922 -11.449999809265137
endloop
endfacet
facet normal -0.000009854632677611656 -0.999999804634773 -0.00062500664178061
outer loop
vertex 14.783506393432617 -55.29387664794922 -11.449999809265137
vertex -61.23700714111328 -55.29243850708008 -12.552366256713867
vertex 26.783506393432617 -55.29399490356445 -11.449999809265137
endloop
endfacet
facet normal -0.09800452126424801 0.9951859694608407 2.286819816496248e-7
outer loop
vertex 57.77871322631836 54.9625244140625 -1
vertex 56.92201232910156 54.87815856933594 -4.744609832763672
vertex 57.26069259643555 54.9115104675293 -1
endloop
endfacet
facet normal -0.09800201713191138 0.9951862160611332 0
outer loop
vertex 56.92201232910156 54.87815856933594 -4.744609832763672
vertex 56.92201232910156 54.87815856933594 -1
vertex 57.26069259643555 54.9115104675293 -1
endloop
endfacet
facet normal -0.2524330380526981 0.9676143660044536 -0.0000011332936360355136
outer loop
vertex 56.01279830932617 54.64095687866211 -4.623319149017334
vertex 56.40950012207031 54.74445343017578 -1
vertex 56.92201232910156 54.87815856933594 -1
endloop
endfacet
facet normal -0.25244272948071894 0.9676118376354873 0
outer loop
vertex 56.01279830932617 54.64095687866211 -4.623319149017334
vertex 56.01279830932617 54.64095687866211 -1
vertex 56.40950012207031 54.74445343017578 -1
endloop
endfacet
facet normal -0.00002219264805118896 -0.9999999997537431 0
outer loop
vertex -5.716493606567383 -55.293670654296875 -4.949999809265137
vertex -61.23700714111328 -55.29243850708008 -12.552366256713867
vertex -5.716493606567383 -55.293670654296875 -9.949999809265137
endloop
endfacet
facet normal -0.00001049041747989152 -0.9999999999449756 0
outer loop
vertex 13.283506393432617 -55.293861389160156 -9.949999809265137
vertex 13.283506393432617 -55.293861389160156 -4.949999809265137
vertex 9.283506393432617 -55.293819427490234 -9.949999809265137
endloop
endfacet
facet normal -0.000010490417479868681 -0.9999999999427983 0.0000020866712636166556
outer loop
vertex 9.169325828552246 -55.293819427490234 -10.524024963378906
vertex 13.283506393432617 -55.293861389160156 -9.949999809265137
vertex 9.283506393432617 -55.293819427490234 -9.949999809265137
endloop
endfacet
facet normal 0.6392523220202927 0.7689970538250871 0
outer loop
vertex 61.89406204223633 53.3337287902832 -4.803406238555908
vertex 61.171478271484375 53.93439865112305 -4.719231128692627
vertex 61.89406204223633 53.3337287902832 -1
endloop
endfacet
facet normal 0.36838823909501783 0.9296720417956388 0
outer loop
vertex 60.43062210083008 54.3727912902832 -4.76337194442749
vertex 60.36520767211914 54.398712158203125 -4.7793474197387695
vertex 60.43062210083008 54.3727912902832 -1
endloop
endfacet
facet normal 0.3683963403524127 0.9296688315819365 -1.6223717525806473e-7
outer loop
vertex 60.36520767211914 54.398712158203125 -4.7793474197387695
vertex 59.557064056396484 54.71895217895508 -4.684382438659668
vertex 60.43062210083008 54.3727912902832 -1
endloop
endfacet
facet normal 0.5092578683614881 0.8606139805463965 0
outer loop
vertex 61.171478271484375 53.93439865112305 -4.719231128692627
vertex 60.43062210083008 54.3727912902832 -4.76337194442749
vertex 61.171478271484375 53.93439865112305 -1
endloop
endfacet
facet normal 0.2124178113452298 0.9771789362359907 0
outer loop
vertex 59.557064056396484 54.71895217895508 -4.684382438659668
vertex 58.69388198852539 54.90658950805664 -4.753687381744385
vertex 59.557064056396484 54.71895217895508 -1
endloop
endfacet
facet normal 0.06100592247863849 0.9981374040794795 -9.173222824484948e-8
outer loop
vertex 58.69388198852539 54.90658950805664 -4.753687381744385
vertex 57.77871322631836 54.9625244140625 -4.673933029174805
vertex 58.71660614013672 54.90520095825195 -1
endloop
endfacet
facet normal -0.2524372665572719 0.9676132628551 0
outer loop
vertex 56.01279830932617 54.64095687866211 -4.623319149017334
vertex 56.92201232910156 54.87815856933594 -1
vertex 56.92201232910156 54.87815856933594 -4.744609832763672
endloop
endfacet
facet normal -0.09800235372276091 0.9951861829149353 0
outer loop
vertex 57.77871322631836 54.9625244140625 -1
vertex 57.77871322631836 54.9625244140625 -4.673933029174805
vertex 56.95423126220703 54.88133239746094 -4.754505157470703
endloop
endfacet
facet normal -0.000009293625996791422 -0.9999999998681961 0.000013313007293726061
outer loop
vertex 27.357532501220703 -55.29399871826172 -11.335819244384766
vertex 26.783506393432617 -55.29399490356445 -11.449999809265137
vertex 53.11637878417969 -55.294254302978516 -12.552045822143555
endloop
endfacet
facet normal -0.000010302085175033141 -0.9999999999145688 -0.00000804546769617614
outer loop
vertex 27.844165802001953 -55.29400634765625 -11.010660171508789
vertex 27.357532501220703 -55.29399871826172 -11.335819244384766
vertex 53.11637878417969 -55.294254302978516 -12.552045822143555
endloop
endfacet
facet normal -0.12874293627175828 0.9916780003409 0
outer loop
vertex -30.010526657104492 43.43760681152344 -5.734172344207764
vertex -30.470970153808594 43.377830505371094 -5.800535202026367
vertex -30.010526657104492 43.43760681152344 -1
endloop
endfacet
facet normal -0.30044843238066476 0.953798060115453 0
outer loop
vertex -29.454105377197266 43.61288070678711 -5.534610748291016
vertex -30.010526657104492 43.43760681152344 -5.734172344207764
vertex -29.454105377197266 43.61288070678711 -1
endloop
endfacet
facet normal -0.00045883102195789957 0.9999998947370212 1.9954566481447234e-7
outer loop
vertex -21.098609924316406 43.61671447753906 -5.583876609802246
vertex -29.454105377197266 43.61288070678711 -5.534610748291016
vertex -20.739116668701172 43.616878509521484 -1
endloop
endfacet
facet normal -0.128753754831996 0.9916765957792817 5.267044996275488e-7
outer loop
vertex -20.311689376831055 43.67237091064453 -5.682717323303223
vertex -20.68303871154785 43.6241569519043 -5.619544506072998
vertex -20.278675079345703 43.67665481567383 -1
endloop
endfacet
facet normal -0.00045628662786907545 0.9999998959012512 0
outer loop
vertex -20.739116668701172 43.616878509521484 -5.622001647949219
vertex -21.098609924316406 43.61671447753906 -5.583876609802246
vertex -20.739116668701172 43.616878509521484 -1
endloop
endfacet
facet normal -0.12871176334801498 0.9916820468101329 -0.0000032108926674636686
outer loop
vertex -20.68303871154785 43.6241569519043 -5.619544506072998
vertex -20.739116668701172 43.616878509521484 -5.622001647949219
vertex -20.278675079345703 43.67665481567383 -1
endloop
endfacet
facet normal -0.27028308975238463 0.9627808948010468 0
outer loop
vertex -19.832969665527344 43.8067626953125 -5.7137627601623535
vertex -20.311689376831055 43.67237091064453 -5.682717323303223
vertex -19.832969665527344 43.8067626953125 -1
endloop
endfacet
facet normal -0.4249928722512543 0.9051966960476763 0
outer loop
vertex -19.412681579589844 44.00408935546875 -5.660498142242432
vertex -19.832969665527344 43.8067626953125 -5.7137627601623535
vertex -19.412681579589844 44.00408935546875 -1
endloop
endfacet
facet normal -0.5595689447471298 0.8287838053881994 -9.158385963335797e-7
outer loop
vertex -19.339101791381836 44.053768157958984 -5.635894775390625
vertex -19.412681579589844 44.00408935546875 -5.660498142242432
vertex -19.027873992919922 44.2639045715332 -1
endloop
endfacet
facet normal -0.5595783150080003 0.8287774788040557 0
outer loop
vertex -19.027873992919922 44.2639045715332 -5.578315734863281
vertex -19.339101791381836 44.053768157958984 -5.635894775390625
vertex -19.027873992919922 44.2639045715332 -1
endloop
endfacet
facet normal -0.6944413565902677 0.7195493049521127 0
outer loop
vertex -18.984691619873047 44.305580139160156 -5.55747652053833
vertex -19.027873992919922 44.2639045715332 -5.578315734863281
vertex -19.027873992919922 44.2639045715332 -1
endloop
endfacet
facet normal -0.6944357599595555 0.7195547062519865 -1.0923039315732719e-7
outer loop
vertex -18.680086135864258 44.599552154541016 -5.4989013671875
vertex -18.984691619873047 44.305580139160156 -5.55747652053833
vertex -18.61275291442871 44.66453552246094 -1
endloop
endfacet
facet normal -0.694439538681282 0.7195510594225599 0
outer loop
vertex -18.61275291442871 44.66453552246094 -5.505453586578369
vertex -18.680086135864258 44.599552154541016 -5.4989013671875
vertex -18.61275291442871 44.66453552246094 -1
endloop
endfacet
facet normal -0.7604051692130259 0.6494489807784053 0
outer loop
vertex -18.590089797973633 44.691070556640625 -5.504181385040283
vertex -18.61275291442871 44.66453552246094 -5.505453586578369
vertex -18.61275291442871 44.66453552246094 -1
endloop
endfacet
facet normal -0.00011495284586728106 0.999999992497168 -0.000042326200268841984
outer loop
vertex -30.470970153808594 43.377830505371094 -1
vertex -51.021080017089844 43.375362396240234 -3.5
vertex -36.37788009643555 43.37715148925781 -1
endloop
endfacet
facet normal -0.00011443837811841783 0.999999993392264 0.000010923810885361735
outer loop
vertex -50.82107925415039 43.3754997253418 -1.100000023841858
vertex -65.41185760498047 43.37382888793945 -1
vertex -36.37788009643555 43.37715148925781 -1
endloop
endfacet
facet normal -0.00011436274520467013 0.9999999934605812 0
outer loop
vertex -36.37788009643555 43.37715148925781 -1
vertex -50.82107925415039 43.3754997253418 -2.5
vertex -50.82107925415039 43.3754997253418 -1.100000023841858
endloop
endfacet
facet normal -0.00012650499455112388 0.9999999906131284 0.00005263297143513606
outer loop
vertex -30.470970153808594 43.377830505371094 -1
vertex -51.02109146118164 43.3754768371582 -5.674347400665283
vertex -51.021080017089844 43.375362396240234 -3.5
endloop
endfacet
facet normal -0.00011433943057481451 0.9999999934632221 -2.2449189777024848e-7
outer loop
vertex -36.37788009643555 43.37715148925781 -1
vertex -53.02106857299805 43.375247955322266 -3.5
vertex -50.82107925415039 43.3754997253418 -2.5
endloop
endfacet
facet normal -0.00005722078216890138 0.9999999259807487 -0.00038047901289414634
outer loop
vertex -51.021080017089844 43.375362396240234 -3.5
vertex -53.02106857299805 43.375247955322266 -3.5
vertex -36.37788009643555 43.37715148925781 -1
endloop
endfacet
facet normal -0.00011444084445982102 0.9999999934516466 -1.3824310587162013e-9
outer loop
vertex -53.02106857299805 43.375247955322266 -3.5
vertex -53.2210807800293 43.37522506713867 -2.5
vertex -50.82107925415039 43.3754997253418 -2.5
endloop
endfacet
facet normal -0.00011444084445343538 0.999999993395848 0.000010563953555241712
outer loop
vertex -53.2210807800293 43.37522506713867 -1.100000023841858
vertex -65.41185760498047 43.37382888793945 -1
vertex -50.82107925415039 43.3754997253418 -1.100000023841858
endloop
endfacet
facet normal -0.00011452749977381498 0.999999993441726 0
outer loop
vertex -53.2210807800293 43.37522506713867 -2.5
vertex -65.41185760498047 43.37382888793945 -1
vertex -53.2210807800293 43.37522506713867 -1.100000023841858
endloop
endfacet
facet normal 0.9999999983902793 -0.000056739926942466706 1.4741620080406168e-7
outer loop
vertex 58.657386779785156 1.0156906843185425 -1
vertex 58.65451431274414 -49.63874435424805 -12.273571014404297
vertex 58.65850830078125 20.765689849853516 -7.155934810638428
endloop
endfacet
facet normal -0.7604060043710479 0.6494480029351526 0
outer loop
vertex -16.773422241210938 46.818115234375 -5.2787675857543945
vertex -18.590089797973633 44.691070556640625 -5.504181385040283
vertex -16.773422241210938 46.818115234375 -1
endloop
endfacet
facet normal -0.7071108266165665 0.7071027357333841 0
outer loop
vertex -16.60672950744629 46.98480987548828 -5.281004428863525
vertex -16.773422241210938 46.818115234375 -5.2787675857543945
vertex -16.60672950744629 46.98480987548828 -1
endloop
endfacet
facet normal -0.649431656557202 0.7604199650675554 -0.00001371226863598057
outer loop
vertex -16.523801803588867 47.055633544921875 -5.291495323181152
vertex -16.60672950744629 46.98480987548828 -5.281004428863525
vertex -14.458664894104004 48.819427490234375 -1
endloop
endfacet
facet normal -0.09803168707276329 0.9951832938144437 0.000006504023538338873
outer loop
vertex 56.95423126220703 54.88133239746094 -4.754505157470703
vertex 56.92201232910156 54.87815856933594 -4.744609832763672
vertex 57.77871322631836 54.9625244140625 -1
endloop
endfacet
facet normal 0.9999999984084355 -0.0000564040020724732 -0.0000013106126162046229
outer loop
vertex 58.65450668334961 -49.78485107421875 -12.248608589172363
vertex 58.657386779785156 1.0156906843185425 -1
vertex 58.65708923339844 -4.259580135345459 -1
endloop
endfacet
facet normal -0.000009427194312701347 -0.999999999935725 0.000006299046413677309
outer loop
vertex 28.16932487487793 -55.29400634765625 -10.524024963378906
vertex 27.844165802001953 -55.29400634765625 -11.010660171508789
vertex 53.11637878417969 -55.294254302978516 -12.552045822143555
endloop
endfacet
facet normal -0.000010312737142640353 -0.9999999999362705 -0.000004594177204745298
outer loop
vertex 28.283506393432617 -55.294010162353516 -9.949999809265137
vertex 28.16932487487793 -55.29400634765625 -10.524024963378906
vertex 53.11637878417969 -55.294254302978516 -12.552045822143555
endloop
endfacet
facet normal 0.9155226335390868 -0.40226646317097137 0.000009250546457794079
outer loop
vertex 58.043697357177734 -52.1701545715332 -12.370678901672363
vertex 58.092227935791016 -52.0597038269043 -12.3936767578125
vertex 58.29316329956055 -51.60239028930664 -12.2827730178833
endloop
endfacet
facet normal -0.000009838748448401892 -0.9999999999515969 -7.062123987531155e-8
outer loop
vertex 28.283506393432617 -55.294010162353516 -9.949999809265137
vertex 53.11637878417969 -55.294254302978516 -12.552045822143555
vertex 37.94102096557617 -55.294105529785156 -5
endloop
endfacet
facet normal -0.000009854634602386022 -0.999999999951438 -1.0254346026059879e-7
outer loop
vertex 37.94102096557617 -55.294105529785156 -5
vertex 53.11637878417969 -55.294254302978516 -12.552045822143555
vertex 49.94102096557617 -55.29422378540039 -5
endloop
endfacet
facet normal 0.07547197848676461 -0.9971479230602114 0
outer loop
vertex 53.11637878417969 -55.294254302978516 -12.552045822143555
vertex 53.65515899658203 -55.253475189208984 -12.470425605773926
vertex 53.11637878417969 -55.294254302978516 -1
endloop
endfacet
facet normal 0.17606016016913448 -0.9843794085621757 0
outer loop
vertex 54.265625 -55.144290924072266 -12.426619529724121
vertex 53.65515899658203 -55.253475189208984 -1
vertex 53.65515899658203 -55.253475189208984 -12.470425605773926
endloop
endfacet
facet normal 0.28197316128148553 -0.9594222930060179 0
outer loop
vertex 54.86061096191406 -54.969425201416016 -12.441307067871094
vertex 54.265625 -55.144290924072266 -1
vertex 54.265625 -55.144290924072266 -12.426619529724121
endloop
endfacet
facet normal 0.3845454994702614 -0.9231060387827431 0
outer loop
vertex 54.86061096191406 -54.969425201416016 -12.441307067871094
vertex 55.433074951171875 -54.73094940185547 -12.514314651489258
vertex 54.86061096191406 -54.969425201416016 -1
endloop
endfacet
facet normal 0.48257119736428716 -0.8758567459775134 -2.819889384521983e-7
outer loop
vertex 55.433074951171875 -54.73094940185547 -1
vertex 55.47150802612305 -54.70977020263672 -12.52354621887207
vertex 55.97623825073242 -54.431678771972656 -12.47641658782959
endloop
endfacet
facet normal 0.660381880755398 -0.7509299378570303 0
outer loop
vertex 56.48366928100586 -54.075164794921875 -12.482147216796875
vertex 56.54615020751953 -54.02021789550781 -12.49090576171875
vertex 56.48366928100586 -54.075164794921875 -1
endloop
endfacet
facet normal 0.6603791430793662 -0.7509323454118627 -2.6398285258485905e-8
outer loop
vertex 56.94935989379883 -53.66563034057617 -12.383787155151367
vertex 56.48366928100586 -54.075164794921875 -1
vertex 56.54615020751953 -54.02021789550781 -12.49090576171875
endloop
endfacet
facet normal 0.7380667957974183 -0.6747276524208357 0
outer loop
vertex 56.94935989379883 -53.66563034057617 -12.383787155151367
vertex 57.367794036865234 -53.207916259765625 -12.31781005859375
vertex 57.367794036865234 -53.207916259765625 -1
endloop
endfacet
facet normal 0.8070057295330708 -0.5905436076199592 0
outer loop
vertex 57.367794036865234 -53.207916259765625 -1
vertex 57.367794036865234 -53.207916259765625 -12.31781005859375
vertex 57.7340202331543 -52.70745086669922 -12.313423156738281
endloop
endfacet
facet normal -0.000009923861428104024 -0.9999999999488102 -0.000001973976393778147
outer loop
vertex 13.397686958312988 -55.293861389160156 -10.524024963378906
vertex 13.283506393432617 -55.293861389160156 -9.949999809265137
vertex 9.169325828552246 -55.293819427490234 -10.524024963378906
endloop
endfacet
facet normal 0.8663959553702779 -0.4993576358863688 0
outer loop
vertex 57.7340202331543 -52.70745086669922 -12.313423156738281
vertex 58.043697357177734 -52.1701545715332 -12.370678901672363
vertex 57.7340202331543 -52.70745086669922 -1
endloop
endfacet
facet normal 0.9155231610507071 -0.40226526270574353 0
outer loop
vertex 58.29316329956055 -51.60239028930664 -12.2827730178833
vertex 58.043697357177734 -52.1701545715332 -1
vertex 58.043697357177734 -52.1701545715332 -12.370678901672363
endloop
endfacet
facet normal -0.000009923861428116118 -0.9999999999500288 -0.0000012080171641867152
outer loop
vertex 8.84416675567627 -55.29381561279297 -11.010660171508789
vertex 13.397686958312988 -55.293861389160156 -10.524024963378906
vertex 9.169325828552246 -55.293819427490234 -10.524024963378906
endloop
endfacet
facet normal -0.000010164854389884926 -0.9999999999477897 0.0000010469909032055982
outer loop
vertex 13.397686958312988 -55.293861389160156 -10.524024963378906
vertex 8.84416675567627 -55.29381561279297 -11.010660171508789
vertex 13.722846031188965 -55.29386520385742 -11.010660171508789
endloop
endfacet
facet normal 0.9999999983894147 -0.00005675525058920607 1.109573329583233e-7
outer loop
vertex 58.65592575073242 -24.759580612182617 -1
vertex 58.65450668334961 -49.78485107421875 -12.248608589172363
vertex 58.65708923339844 -4.259580135345459 -1
endloop
endfacet
facet normal -0.00006474428420842757 -0.9999999961598209 -0.000059063827607310225
outer loop
vertex -58.021080017089844 -55.29315185546875 -4
vertex -61.229225158691406 -55.293121337890625 -1
vertex -61.23700714111328 -55.29243850708008 -12.552366256713867
endloop
endfacet
facet normal -0.723814537761283 -0.6899945760115945 0
outer loop
vertex -69.82423400878906 -52.95454025268555 -1
vertex -69.23025512695312 -53.577632904052734 -12.39183521270752
vertex -69.23025512695312 -53.577632904052734 -1
endloop
endfacet
facet normal -0.47333859284073754 -0.8808805688216482 0
outer loop
vertex -68.48351287841797 -54.14799499511719 -1
vertex -67.72521209716797 -54.55546569824219 -12.44216537475586
vertex -67.72521209716797 -54.55546569824219 -1
endloop
endfacet
facet normal -0.6069959853860638 -0.794704897257593 0
outer loop
vertex -69.23025512695312 -53.577632904052734 -1
vertex -68.48351287841797 -54.14799499511719 -12.478604316711426
vertex -68.48351287841797 -54.14799499511719 -1
endloop
endfacet
facet normal -0.32975215745417413 -0.9440675371255584 0
outer loop
vertex -67.72521209716797 -54.55546569824219 -1
vertex -66.83812713623047 -54.86531448364258 -12.520917892456055
vertex -66.83812713623047 -54.86531448364258 -1
endloop
endfacet
facet normal -0.8240484390992419 -0.5665193465523513 0
outer loop
vertex -69.82423400878906 -52.95454025268555 -12.413175582885742
vertex -69.82423400878906 -52.95454025268555 -1
vertex -70.35655975341797 -52.18022918701172 -1
endloop
endfacet
facet normal -0.9025068508586236 -0.43067549750740425 0
outer loop
vertex -70.35655975341797 -52.18022918701172 -12.320878028869629
vertex -70.35655975341797 -52.18022918701172 -1
vertex -70.56178283691406 -51.75017166137695 -1
endloop
endfacet
facet normal -0.902509797716072 -0.4306693221329004 -2.8801029768872033e-7
outer loop
vertex -70.72730255126953 -51.4033088684082 -1
vertex -70.35655975341797 -52.18022918701172 -12.320878028869629
vertex -70.56178283691406 -51.75017166137695 -1
endloop
endfacet
facet normal -0.9593700266198936 -0.2821509383704842 0
outer loop
vertex -70.99242401123047 -50.5018424987793 -1
vertex -70.72730255126953 -51.4033088684082 -12.332025527954102
vertex -70.72730255126953 -51.4033088684082 -1
endloop
endfacet
facet normal -0.9948147326324273 -0.10170372528807577 0
outer loop
vertex -70.99242401123047 -50.5018424987793 -1
vertex -71.0348129272461 -50.087215423583984 -1
vertex -70.99242401123047 -50.5018424987793 -12.215682983398438
endloop
endfacet
facet normal -0.9948137035002128 -0.10171379123820637 3.7601270176427105e-7
outer loop
vertex -71.0348129272461 -50.087215423583984 -1
vertex -71.11149597167969 -49.337215423583984 -1
vertex -70.99242401123047 -50.5018424987793 -12.215682983398438
endloop
endfacet
facet normal -0.17591394679390318 -0.9844055481981965 0
outer loop
vertex -66.83812713623047 -54.86531448364258 -1
vertex -65.9906997680664 -55.01675033569336 -12.450961112976074
vertex -65.9906997680664 -55.01675033569336 -1
endloop
endfacet
facet normal -0.013489177313418333 -0.999909016908742 0
outer loop
vertex -65.9906997680664 -55.01675033569336 -1
vertex -62.83864974975586 -55.05927276611328 -12.638931274414062
vertex -62.83864974975586 -55.05927276611328 -1
endloop
endfacet
facet normal -0.1783388001828055 -0.9839691419700911 0
outer loop
vertex -62.83864974975586 -55.05927276611328 -1
vertex -61.847007751464844 -55.2390022277832 -12.554898262023926
vertex -61.847007751464844 -55.2390022277832 -1
endloop
endfacet
facet normal -0.08726797973856062 -0.9961848722563202 -9.589718977720579e-8
outer loop
vertex -61.847007751464844 -55.2390022277832 -1
vertex -61.23700714111328 -55.29243850708008 -12.552366256713867
vertex -61.229225158691406 -55.293121337890625 -1
endloop
endfacet
facet normal 0.9538108077707846 -0.30040796091256167 0
outer loop
vertex 58.29316329956055 -51.60239028930664 -12.2827730178833
vertex 58.479461669921875 -51.01088333129883 -12.20610237121582
vertex 58.479461669921875 -51.01088333129883 -1
endloop
endfacet
facet normal -0.000010164854389828914 -0.9999999999422792 0.000003481000103082651
outer loop
vertex 8.84416675567627 -55.29381561279297 -11.010660171508789
vertex 8.357531547546387 -55.2938117980957 -11.335819244384766
vertex 13.722846031188965 -55.29386520385742 -11.010660171508789
endloop
endfacet
facet normal 0.9961849191020757 -0.08726744498145188 0
outer loop
vertex 58.65450668334961 -49.78485107421875 -12.248608589172363
vertex 58.60038757324219 -50.40263748168945 -1
vertex 58.60038757324219 -50.40263748168945 -12.194668769836426
endloop
endfacet
facet normal 0.9808043184414661 -0.19499458691607593 0
outer loop
vertex 58.479461669921875 -51.01088333129883 -1
vertex 58.479461669921875 -51.01088333129883 -12.20610237121582
vertex 58.60038757324219 -50.40263748168945 -12.194668769836426
endloop
endfacet
facet normal 0.9999999984678352 -0.0000541675211409422 -0.000011410923443523496
outer loop
vertex 58.65450668334961 -49.78485107421875 -12.248608589172363
vertex 58.65451431274414 -49.63874435424805 -12.273571014404297
vertex 58.657386779785156 1.0156906843185425 -1
endloop
endfacet
facet normal -0.00000977801621600535 -0.9999999999479843 -0.0000029020555465370024
outer loop
vertex 13.722846031188965 -55.29386520385742 -11.010660171508789
vertex 8.357531547546387 -55.2938117980957 -11.335819244384766
vertex 14.209481239318848 -55.29386901855469 -11.335819244384766
endloop
endfacet
facet normal -0.000009809221538203864 -0.9999999997986887 0.00001750433295372606
outer loop
vertex 14.209481239318848 -55.29386901855469 -11.335819244384766
vertex 7.783506393432617 -55.29380798339844 -11.449999809265137
vertex 14.783506393432617 -55.29387664794922 -11.449999809265137
endloop
endfacet
facet normal -0.000009778016214834034 -0.9999999998281934 0.000015748126676036023
outer loop
vertex 8.357531547546387 -55.2938117980957 -11.335819244384766
vertex 7.783506393432617 -55.29380798339844 -11.449999809265137
vertex 14.209481239318848 -55.29386901855469 -11.335819244384766
endloop
endfacet
facet normal -0.00001049041747989152 -0.9999999999449756 0
outer loop
vertex 9.283506393432617 -55.293819427490234 -9.949999809265137
vertex 13.283506393432617 -55.293861389160156 -4.949999809265137
vertex 9.283506393432617 -55.293819427490234 -4.949999809265137
endloop
endfacet
facet normal -0.6494481330845534 0.7604058932129524 0
outer loop
vertex -16.523801803588867 47.055633544921875 -5.291495323181152
vertex -14.458664894104004 48.819427490234375 -1
vertex -14.458664894104004 48.819427490234375 -5.144505023956299
endloop
endfacet
facet normal -0.9999999998489082 0.00001738342889610721 0
outer loop
vertex -71.11149597167969 -49.337215423583984 -12.225005149841309
vertex -71.11149597167969 -49.337215423583984 -1
vertex -71.11115264892578 -29.58721351623535 -1
endloop
endfacet
facet normal -0.9999999998604853 0.000016654924942257127 0.0000012817770940825085
outer loop
vertex -71.11149597167969 -49.337215423583984 -12.225005149841309
vertex -71.11115264892578 -29.58721351623535 -1
vertex -71.11111450195312 -27.296781539916992 -1
endloop
endfacet
facet normal -0.000015878408088799298 -0.9999999895020103 -0.00014402727361324932
outer loop
vertex 26.783506393432617 -55.29399490356445 -11.449999809265137
vertex -61.23700714111328 -55.29243850708008 -12.552366256713867
vertex 53.11637878417969 -55.294254302978516 -12.552045822143555
endloop
endfacet
facet normal -0.000010490417479868681 -0.9999999999427983 0.0000020866712636166556
outer loop
vertex 9.283506393432617 -55.293819427490234 -4.949999809265137
vertex 13.283506393432617 -55.293861389160156 -4.949999809265137
vertex 13.397686958312988 -55.293861389160156 -4.375974655151367
endloop
endfacet
facet normal -0.000009923861428104024 -0.9999999999488102 -0.000001973976393778147
outer loop
vertex 9.283506393432617 -55.293819427490234 -4.949999809265137
vertex 13.397686958312988 -55.293861389160156 -4.375974655151367
vertex 9.169325828552246 -55.293819427490234 -4.375974655151367
endloop
endfacet
facet normal -0.000009923861428116117 -0.9999999999500286 -0.0000012080183478824824
outer loop
vertex 13.722846031188965 -55.29386520385742 -3.8893399238586426
vertex 9.169325828552246 -55.293819427490234 -4.375974655151367
vertex 13.397686958312988 -55.293861389160156 -4.375974655151367
endloop
endfacet
facet normal -0.000010164854389884928 -0.9999999999477898 0.000001046991929117098
outer loop
vertex 9.169325828552246 -55.293819427490234 -4.375974655151367
vertex 13.722846031188965 -55.29386520385742 -3.8893399238586426
vertex 8.84416675567627 -55.29381561279297 -3.8893399238586426
endloop
endfacet
facet normal -0.000010164854389828912 -0.9999999999422791 0.000003480997550687349
outer loop
vertex 14.209481239318848 -55.29386901855469 -3.564180612564087
vertex 8.84416675567627 -55.29381561279297 -3.8893399238586426
vertex 13.722846031188965 -55.29386520385742 -3.8893399238586426
endloop
endfacet
facet normal -0.000009874945662630013 -0.9999999999512428 0
outer loop
vertex 28.283506393432617 -55.294010162353516 -4.949999809265137
vertex 28.283506393432617 -55.294010162353516 -9.949999809265137
vertex 37.94102096557617 -55.294105529785156 -5
endloop
endfacet
facet normal -0.000009874945662630013 -0.9999999999512427 0
outer loop
vertex 28.283506393432617 -55.294010162353516 -4.949999809265137
vertex 37.94102096557617 -55.294105529785156 -5
vertex 37.94102096557617 -55.294105529785156 -4
endloop
endfacet
facet normal -0.00000977801621600535 -0.9999999999479843 -0.0000029020534186448097
outer loop
vertex 8.357531547546387 -55.2938117980957 -3.564180612564087
vertex 8.84416675567627 -55.29381561279297 -3.8893399238586426
vertex 14.209481239318848 -55.29386901855469 -3.564180612564087
endloop
endfacet
facet normal -0.12874293627175826 0.9916780003408998 0
outer loop
vertex -30.010526657104492 43.43760681152344 -1
vertex -30.470970153808594 43.377830505371094 -5.800535202026367
vertex -30.470970153808594 43.377830505371094 -1
endloop
endfacet
facet normal -0.30044843238066476 0.9537980601154529 0
outer loop
vertex -29.454105377197266 43.61288070678711 -1
vertex -30.010526657104492 43.43760681152344 -5.734172344207764
vertex -30.010526657104492 43.43760681152344 -1
endloop
endfacet
facet normal -0.00045811844348474104 0.9999998950637403 0
outer loop
vertex -29.454105377197266 43.61288070678711 -5.534610748291016
vertex -29.454105377197266 43.61288070678711 -1
vertex -27.039310455322266 43.61398696899414 -1
endloop
endfacet
facet normal -0.00011452986058430747 0.9999999934414554 -1.9186742811879097e-8
outer loop
vertex -53.02106857299805 43.375247955322266 -3.5
vertex -65.41185760498047 43.37382888793945 -1
vertex -53.2210807800293 43.37522506713867 -2.5
endloop
endfacet
facet normal -0.00011452598941385364 0.9999999934418988 0
outer loop
vertex -53.02106857299805 43.375247955322266 -3.5
vertex -53.02106857299805 43.375247955322266 -5.662066459655762
vertex -65.41185760498047 43.37382888793945 -1
endloop
endfacet
facet normal -0.0396208172388427 0.9992147871410125 2.589974357029909e-7
outer loop
vertex -65.41185760498047 43.37382888793945 -1
vertex -65.8420181274414 43.356773376464844 -5.603042125701904
vertex -65.8612289428711 43.35601043701172 -1
endloop
endfacet
facet normal -0.000009778016214834034 -0.9999999998281934 -0.000015748126676036023
outer loop
vertex 14.209481239318848 -55.29386901855469 -3.564180612564087
vertex 7.783506393432617 -55.29380798339844 -3.450000047683716
vertex 8.357531547546387 -55.2938117980957 -3.564180612564087
endloop
endfacet
facet normal -0.15870686896487526 0.9873257465210589 0
outer loop
vertex -65.8612289428711 43.35601043701172 -1
vertex -66.79088592529297 43.206573486328125 -5.532524585723877
vertex -66.79088592529297 43.206573486328125 -1
endloop
endfacet
facet normal -0.000010217941887987476 -0.9999999999477961 3.977784876142611e-8
outer loop
vertex -58.021080017089844 -55.29315185546875 -4
vertex -52.42108154296875 -55.293209075927734 -4
vertex -55.77157974243164 -55.293174743652344 -1.5594584941864014
endloop
endfacet
facet normal -0.31337609550716766 0.9496290974715774 0
outer loop
vertex -66.79088592529297 43.206573486328125 -1
vertex -67.60836791992188 42.936805725097656 -5.609251976013184
vertex -67.60836791992188 42.936805725097656 -1
endloop
endfacet
facet normal -0.4580315458489602 0.8889359386408066 0
outer loop
vertex -67.60836791992188 42.936805725097656 -1
vertex -68.44364929199219 42.50642013549805 -5.564293384552002
vertex -68.44364929199219 42.50642013549805 -1
endloop
endfacet
facet normal -0.000009750232048456745 -0.999999999952434 -2.541938173986509e-7
outer loop
vertex -61.229225158691406 -55.293121337890625 -1
vertex -58.021080017089844 -55.29315185546875 -4
vertex -56.521080017089844 -55.29316711425781 -1.5080393552780151
endloop
endfacet
facet normal -0.711776189250642 0.7024063328414929 0
outer loop
vertex -69.13670349121094 41.99579620361328 -1
vertex -69.79671478271484 41.32698059082031 -5.618184566497803
vertex -69.79671478271484 41.32698059082031 -1
endloop
endfacet
facet normal 0.9676121249694926 0.25244162812463755 0.0000013436123527118086
outer loop
vertex 70.8067855834961 33.274620056152344 -1
vertex 70.94188690185547 32.75677490234375 -1
vertex 70.7046890258789 33.665985107421875 -6.182793617248535
endloop
endfacet
facet normal -0.000010179039540608332 -0.9999999999481937 3.920707665947033e-9
outer loop
vertex -56.521080017089844 -55.29316711425781 -1.5080393552780151
vertex -58.021080017089844 -55.29315185546875 -4
vertex -55.77157974243164 -55.293174743652344 -1.5594584941864014
endloop
endfacet
facet normal -0.000011193566043247548 -0.9999999999365984 -0.0000012277534990590533
outer loop
vertex -52.42108154296875 -55.293209075927734 -4
vertex -54.38545608520508 -55.293190002441406 -1.6258509159088135
vertex -55.070438385009766 -55.293182373046875 -1.5949000120162964
endloop
endfacet
facet normal -0.000010928705771327216 -0.9999999999398437 -9.359945796006115e-7
outer loop
vertex -55.77157974243164 -55.293174743652344 -1.5594584941864014
vertex -52.42108154296875 -55.293209075927734 -4
vertex -55.070438385009766 -55.293182373046875 -1.5949000120162964
endloop
endfacet
facet normal -0.5931718578859277 0.8050758641321917 0.0000019903199019434913
outer loop
vertex -69.13670349121094 41.99579620361328 -5.644357681274414
vertex -68.58240509033203 42.4041862487793 -1
vertex -68.44364929199219 42.50642013549805 -1
endloop
endfacet
facet normal -0.593161048900539 0.8050838279752068 0
outer loop
vertex -69.13670349121094 41.99579620361328 -5.644357681274414
vertex -69.13670349121094 41.99579620361328 -1
vertex -68.58240509033203 42.4041862487793 -1
endloop
endfacet
facet normal -0.00045896052101443343 0.999999894677514 4.484276782875328e-7
outer loop
vertex -20.739116668701172 43.616878509521484 -1
vertex -29.454105377197266 43.61288070678711 -5.534610748291016
vertex -27.039310455322266 43.61398696899414 -1
endloop
endfacet
facet normal 0.9676164711308313 0.2524249686467588 0
outer loop
vertex 70.8067855834961 33.274620056152344 -1
vertex 70.7046890258789 33.665985107421875 -6.182793617248535
vertex 70.7046890258789 33.665985107421875 -1
endloop
endfacet
facet normal 0.9951860882310518 0.09800331520605372 0
outer loop
vertex 71.02625274658203 31.90007209777832 -1
vertex 70.94188690185547 32.75677490234375 -6.177947998046875
vertex 70.94188690185547 32.75677490234375 -1
endloop
endfacet
facet normal 0.9763147214915371 -0.21635518158551753 0
outer loop
vertex 70.78267669677734 30.121721267700195 -1
vertex 70.96892547607422 30.96217918395996 -6.177474021911621
vertex 70.96892547607422 30.96217918395996 -1
endloop
endfacet
facet normal 0.9981371787472079 -0.06100960910024298 0
outer loop
vertex 70.96892547607422 30.96217918395996 -1
vertex 71.02625274658203 31.90007209777832 -6.25428581237793
vertex 71.02625274658203 31.90007209777832 -1
endloop
endfacet
facet normal -0.2802190895470486 0.9599354444421266 0.00109743205714361
outer loop
vertex -19.832969665527344 43.8067626953125 -1
vertex -20.311689376831055 43.67237091064453 -5.682717323303223
vertex -20.278675079345703 43.67665481567383 -1
endloop
endfacet
facet normal -0.4249928722512543 0.9051966960476763 0
outer loop
vertex -19.412681579589844 44.00408935546875 -1
vertex -19.832969665527344 43.8067626953125 -5.7137627601623535
vertex -19.832969665527344 43.8067626953125 -1
endloop
endfacet
facet normal 0.9296687904483776 -0.36839644415527495 0
outer loop
vertex 70.43651580810547 29.248165130615234 -1
vertex 70.78267669677734 30.121721267700195 -6.238615036010742
vertex 70.78267669677734 30.121721267700195 -1
endloop
endfacet
facet normal 0.8606145551638725 -0.5092568972926039 0
outer loop
vertex 69.99812316894531 28.507307052612305 -1
vertex 70.43651580810547 29.248165130615234 -6.399051666259766
vertex 70.43651580810547 29.248165130615234 -1
endloop
endfacet
facet normal 0.7689962243330896 -0.6392533198673689 0
outer loop
vertex 69.39745330810547 27.784725189208984 -1
vertex 69.99812316894531 28.507307052612305 -6.384671211242676
vertex 69.99812316894531 28.507307052612305 -1
endloop
endfacet
facet normal 0.6595612025479708 -0.7516508631628616 0
outer loop
vertex 68.75039672851562 27.216943740844727 -1
vertex 69.39745330810547 27.784725189208984 -6.476547718048096
vertex 69.39745330810547 27.784725189208984 -1
endloop
endfacet
facet normal -0.5595765635394991 0.828778661367029 0
outer loop
vertex -19.027873992919922 44.2639045715332 -1
vertex -19.412681579589844 44.00408935546875 -5.660498142242432
vertex -19.412681579589844 44.00408935546875 -1
endloop
endfacet
facet normal -0.1287434607412868 0.9916779322523803 0
outer loop
vertex -20.278675079345703 43.67665481567383 -1
vertex -20.739116668701172 43.616878509521484 -5.622001647949219
vertex -20.739116668701172 43.616878509521484 -1
endloop
endfacet
facet normal 0.5319283769426504 -0.8467893491318591 0
outer loop
vertex 68.75039672851562 27.216943740844727 -1
vertex 67.95307159423828 26.716087341308594 -1
vertex 68.75039672851562 27.216943740844727 -6.450342178344727
endloop
endfacet
facet normal -0.39015628069257247 0.9207486500823899 0.0000027559555900792166
outer loop
vertex 45.045921325683594 49.993873596191406 -1.100000023841858
vertex 38.7193603515625 47.31306838989258 -1
vertex 56.01279830932617 54.64095687866211 -1
endloop
endfacet
facet normal -0.6944369630434113 0.7195535451646647 8.040349580921143e-8
outer loop
vertex -18.61275291442871 44.66453552246094 -1
vertex -18.984691619873047 44.305580139160156 -5.55747652053833
vertex -19.027873992919922 44.2639045715332 -1
endloop
endfacet
facet normal -0.3901562593895449 0.9207486591134185 0
outer loop
vertex 56.01279830932617 54.64095687866211 -1
vertex 45.045921325683594 49.993873596191406 -2.5
vertex 45.045921325683594 49.993873596191406 -1.100000023841858
endloop
endfacet
facet normal -0.39015611429634145 0.9207487204699495 0.000015170065005929222
outer loop
vertex 42.836124420166016 49.057498931884766 -1.100000023841858
vertex 38.7193603515625 47.31306838989258 -1
vertex 45.045921325683594 49.993873596191406 -1.100000023841858
endloop
endfacet
facet normal -0.3901564267431745 0.9207485881992967 0
outer loop
vertex 42.836124420166016 49.057498931884766 -1.100000023841858
vertex 42.836124420166016 49.057498931884766 -2.5
vertex 38.7193603515625 47.31306838989258 -1
endloop
endfacet
facet normal -0.3901566020169749 0.9207485139243161 0.0000029548391508903638
outer loop
vertex 56.01279830932617 54.64095687866211 -1
vertex 43.02097702026367 49.13582992553711 -3.5
vertex 45.045921325683594 49.993873596191406 -2.5
endloop
endfacet
facet normal -0.3863201589878677 0.922081210617388 -0.022868663842929283
outer loop
vertex 44.86490249633789 49.90837097167969 -3.5
vertex 43.02097702026367 49.13582992553711 -3.5
vertex 56.01279830932617 54.64095687866211 -1
endloop
endfacet
facet normal -0.39077204892977413 0.9204874826825328 0
outer loop
vertex 56.01279830932617 54.64095687866211 -4.623319149017334
vertex 44.86490249633789 49.90837097167969 -5.087292194366455
vertex 56.01279830932617 54.64095687866211 -1
endloop
endfacet
facet normal -0.39077204892977413 0.9204874826825328 0
outer loop
vertex 56.01279830932617 54.64095687866211 -1
vertex 44.86490249633789 49.90837097167969 -5.087292194366455
vertex 44.86490249633789 49.90837097167969 -3.5
endloop
endfacet
facet normal -0.3901558564393198 0.9207488298568142 0.0000018462407808752139
outer loop
vertex 42.836124420166016 49.057498931884766 -2.5
vertex 43.02097702026367 49.13582992553711 -3.5
vertex 38.7193603515625 47.31306838989258 -1
endloop
endfacet
facet normal -0.39015611434060987 0.9207487205744208 0.0000017900068583775653
outer loop
vertex 43.02097702026367 49.13582992553711 -3.5
vertex 42.836124420166016 49.057498931884766 -2.5
vertex 45.045921325683594 49.993873596191406 -2.5
endloop
endfacet
facet normal -0.39015676609919375 0.9207484444010856 0
outer loop
vertex 43.02097702026367 49.13582992553711 -3.5
vertex 43.02097702026367 49.13582992553711 -5.153067588806152
vertex 38.7193603515625 47.31306838989258 -1
endloop
endfacet
facet normal -0.3246302331984604 0.9458410076188879 0
outer loop
vertex 38.7193603515625 47.31306838989258 -1
vertex 38.31802749633789 47.175323486328125 -5.336612701416016
vertex 38.31802749633789 47.175323486328125 -1
endloop
endfacet
facet normal 0.846787736462483 0.5319309439424392 -0.000015913835811263595
outer loop
vertex 62.96269226074219 51.88935852050781 -4.877116680145264
vertex 62.89198684692383 52.001914978027344 -4.890603542327881
vertex 62.46184158325195 52.68667221069336 -4.775799751281738
endloop
endfacet
facet normal -0.7604059940807604 0.6494480149835322 -9.840072968179559e-9
outer loop
vertex -18.61275291442871 44.66453552246094 -1
vertex -16.773422241210938 46.818115234375 -1
vertex -18.590089797973633 44.691070556640625 -5.504181385040283
endloop
endfacet
facet normal -0.000009790986906533461 -0.9999999999520683 0
outer loop
vertex 48.44102096557617 -55.29420852661133 -1
vertex 48.44102096557617 -55.29420852661133 -1.5079374313354492
vertex 53.11637878417969 -55.294254302978516 -1
endloop
endfacet
facet normal 0.6392534607713991 0.7689961070242763 0.000016531701376899127
outer loop
vertex 61.89406204223633 53.3337287902832 -4.803406238555908
vertex 61.809791564941406 53.40378189086914 -4.825629234313965
vertex 61.171478271484375 53.93439865112305 -4.719231128692627
endloop
endfacet
facet normal -0.8141258164102582 0.5806885181009959 0
outer loop
vertex -70.29660034179688 40.62614059448242 -5.702029228210449
vertex -70.29660034179688 40.62614059448242 -1
vertex -69.79671478271484 41.32698059082031 -1
endloop
endfacet
facet normal -0.8949259819919775 0.44621461961223846 0
outer loop
vertex -70.29660034179688 40.62614059448242 -1
vertex -70.71588134765625 39.78523254394531 -5.690079212188721
vertex -70.71588134765625 39.78523254394531 -1
endloop
endfacet
facet normal -0.9543464805060462 0.29870184991916193 7.70061917436215e-7
outer loop
vertex -70.71588134765625 39.78523254394531 -1
vertex -70.9730224609375 38.96368408203125 -5.767254829406738
vertex -70.85038757324219 39.35548782348633 -1
endloop
endfacet
facet normal -0.9543438095031095 0.29871038358766966 0
outer loop
vertex -70.9730224609375 38.96368408203125 -5.767254829406738
vertex -70.9730224609375 38.96368408203125 -1
vertex -70.85038757324219 39.35548782348633 -1
endloop
endfacet
facet normal -0.9893227198410501 0.1457414010325919 0.000005600390737687074
outer loop
vertex -70.99948120117188 38.78407669067383 -1
vertex -70.9730224609375 38.96368408203125 -1
vertex -71.10999298095703 38.034080505371094 -5.699625015258789
endloop
endfacet
facet normal 0.9207417767590055 0.39017250099240697 0
outer loop
vertex 63.15492248535156 51.48217010498047 -4.888730525970459
vertex 70.7046890258789 33.665985107421875 -1
vertex 70.7046890258789 33.665985107421875 -6.182793617248535
endloop
endfacet
facet normal -0.9893176593690741 0.14577574853348088 0
outer loop
vertex -71.10999298095703 38.034080505371094 -5.699625015258789
vertex -71.10999298095703 38.034080505371094 -1
vertex -70.99948120117188 38.78407669067383 -1
endloop
endfacet
facet normal -0.00011453305614350161 0.9999999934410896 0
outer loop
vertex -30.470970153808594 43.377830505371094 -5.800535202026367
vertex -51.02109146118164 43.3754768371582 -5.674347400665283
vertex -30.470970153808594 43.377830505371094 -1
endloop
endfacet
facet normal -0.000009896943676072014 -0.9999999999505497 9.752890423198698e-7
outer loop
vertex 48.44102096557617 -55.29420852661133 -1.5079374313354492
vertex 44.34102249145508 -55.29417037963867 -4
vertex 53.11637878417969 -55.294254302978516 -1
endloop
endfacet
facet normal -0.000010299777765466068 -0.9999999999456157 0.0000016380409221464137
outer loop
vertex 47.692115783691406 -55.2942008972168 -1.5593173503875732
vertex 44.34102249145508 -55.29417037963867 -4
vertex 48.44102096557617 -55.29420852661133 -1.5079374313354492
endloop
endfacet
facet normal 0.9676139957840897 0.2524344571621467 0
outer loop
vertex 70.7046890258789 33.665985107421875 -6.182793617248535
vertex 70.94188690185547 32.75677490234375 -1
vertex 70.94188690185547 32.75677490234375 -6.177947998046875
endloop
endfacet
facet normal 0.9951860882310518 0.09800331520605372 0
outer loop
vertex 70.94188690185547 32.75677490234375 -6.177947998046875
vertex 71.02625274658203 31.90007209777832 -1
vertex 71.02625274658203 31.90007209777832 -6.25428581237793
endloop
endfacet
facet normal 0.9763147214915372 -0.21635518158551756 0
outer loop
vertex 70.96892547607422 30.96217918395996 -6.177474021911621
vertex 70.78267669677734 30.121721267700195 -1
vertex 70.78267669677734 30.121721267700195 -6.238615036010742
endloop
endfacet
facet normal 0.9296687904483777 -0.36839644415527495 0
outer loop
vertex 70.78267669677734 30.121721267700195 -6.238615036010742
vertex 70.43651580810547 29.248165130615234 -1
vertex 70.43651580810547 29.248165130615234 -6.399051666259766
endloop
endfacet
facet normal 0.8606145551638725 -0.509256897292604 0
outer loop
vertex 70.43651580810547 29.248165130615234 -6.399051666259766
vertex 69.99812316894531 28.507307052612305 -1
vertex 69.99812316894531 28.507307052612305 -6.384671211242676
endloop
endfacet
facet normal 0.7689975603852629 -0.63925171264642 3.6471585807017515e-7
outer loop
vertex 69.39745330810547 27.784725189208984 -1
vertex 69.45691680908203 27.85625457763672 -6.4922919273376465
vertex 69.99812316894531 28.507307052612305 -6.384671211242676
endloop
endfacet
facet normal 0.7689837940462808 -0.6392682727104381 0
outer loop
vertex 69.39745330810547 27.784725189208984 -6.476547718048096
vertex 69.45691680908203 27.85625457763672 -6.4922919273376465
vertex 69.39745330810547 27.784725189208984 -1
endloop
endfacet
facet normal 0.6595612025479708 -0.7516508631628616 0
outer loop
vertex 68.75039672851562 27.216943740844727 -6.450342178344727
vertex 69.39745330810547 27.784725189208984 -6.476547718048096
vertex 68.75039672851562 27.216943740844727 -1
endloop
endfacet
facet normal -0.000010967872456162078 -0.999999999936588 0.000002555344790882128
outer loop
vertex 46.98821258544922 -55.294193267822266 -1.5949000120162964
vertex 44.34102249145508 -55.29417037963867 -4
vertex 47.692115783691406 -55.2942008972168 -1.5593173503875732
endloop
endfacet
facet normal 0.9207371678974494 0.3901833372258323 -0.00017607809826617263
outer loop
vertex 70.7046890258789 33.665985107421875 -6.182793617248535
vertex 70.6478042602539 33.800209045410156 -6.205362796783447
vertex 63.15492248535156 51.48217010498047 -4.888730525970459
endloop
endfacet
facet normal -0.000005429742589515444 -0.9999999999789924 -0.000003540236514035311
outer loop
vertex 46.305763244628906 -55.294189453125 -1.6257377862930298
vertex 44.34102249145508 -55.29417037963867 -4
vertex 46.98821258544922 -55.294193267822266 -1.5949000120162964
endloop
endfacet
facet normal -0.000012581891059069209 -0.9999999999180199 0.0000023782831384782536
outer loop
vertex 45.08662796020508 -55.29417419433594 -1.6594756841659546
vertex 44.34102249145508 -55.29417037963867 -4
vertex 46.305763244628906 -55.294189453125 -1.6257377862930298
endloop
endfacet
facet normal 0.9951854057805843 0.09801021380537221 -0.0000781739030150178
outer loop
vertex 71.02625274658203 31.90007209777832 -6.25428581237793
vertex 71.01165771484375 32.048240661621094 -6.289207458496094
vertex 70.94188690185547 32.75677490234375 -6.177947998046875
endloop
endfacet
facet normal 0.9296660894462119 -0.3684032577096631 0.00004292662810483659
outer loop
vertex 70.43651580810547 29.248165130615234 -6.399051666259766
vertex 70.48255157470703 29.364334106445312 -6.419131755828857
vertex 70.78267669677734 30.121721267700195 -6.238615036010742
endloop
endfacet
facet normal -0.39015676609919375 0.9207484444010856 0
outer loop
vertex 43.02097702026367 49.13582992553711 -5.153067588806152
vertex 38.7193603515625 47.31306838989258 -5.328468322753906
vertex 38.7193603515625 47.31306838989258 -1
endloop
endfacet
facet normal -0.000009722802889157456 -0.9999999999527335 0
outer loop
vertex -61.229225158691406 -55.293121337890625 -1
vertex -56.521080017089844 -55.29316711425781 -1.5080393552780151
vertex -56.521080017089844 -55.29316711425781 -1
endloop
endfacet
facet normal -0.32463161638325894 0.9458405328829974 0
outer loop
vertex 38.7193603515625 47.31306838989258 -5.328468322753906
vertex 38.55306625366211 47.2559928894043 -5.321111679077148
vertex 38.7193603515625 47.31306838989258 -1
endloop
endfacet
facet normal -0.32462924855968334 0.9458413455646592 -1.018578853686884e-7
outer loop
vertex 38.55306625366211 47.2559928894043 -5.321111679077148
vertex 38.31802749633789 47.175323486328125 -5.336612701416016
vertex 38.7193603515625 47.31306838989258 -1
endloop
endfacet
facet normal -0.2069281194050107 0.9783561485468907 0
outer loop
vertex 38.31802749633789 47.175323486328125 -5.336612701416016
vertex 38.16697692871094 47.143375396728516 -5.324657440185547
vertex 38.31802749633789 47.175323486328125 -1
endloop
endfacet
facet normal -0.000005116240995348887 -0.9999999999869119 0
outer loop
vertex 44.34102249145508 -55.29417037963867 -1.6664243936538696
vertex 44.34102249145508 -55.29417037963867 -4
vertex 45.08662796020508 -55.29417419433594 -1.6594756841659546
endloop
endfacet
facet normal -0.00000953674576218579 -0.9999999999545223 -7.833263454051332e-8
outer loop
vertex 44.34102249145508 -55.29417037963867 -4
vertex 49.94102096557617 -55.29422378540039 -4
vertex 53.11637878417969 -55.294254302978516 -1
endloop
endfacet
facet normal -0.000009610752509464229 -0.9999999999538167 0
outer loop
vertex 49.94102096557617 -55.29422378540039 -4
vertex 49.94102096557617 -55.29422378540039 -5
vertex 53.11637878417969 -55.294254302978516 -1
endloop
endfacet
facet normal -0.000005492366632412355 -0.9999999991702602 -0.00004036475232034417
outer loop
vertex 42.7954216003418 -55.29415512084961 -1.6594780683517456
vertex 26.783506393432617 -55.29399490356445 -3.450000047683716
vertex 43.54102325439453 -55.294158935546875 -1.6664252281188965
endloop
endfacet
facet normal -0.000012018306191721235 -0.9999999997658865 0.000017994090508618955
outer loop
vertex 41.57630157470703 -55.29413986206055 -1.62574303150177
vertex 26.783506393432617 -55.29399490356445 -3.450000047683716
vertex 42.7954216003418 -55.29415512084961 -1.6594780683517456
endloop
endfacet
facet normal -0.000006717614306610559 -0.9999999996652139 -0.000024988914991890894
outer loop
vertex 40.89370346069336 -55.29413604736328 -1.5949000120162964
vertex 26.783506393432617 -55.29399490356445 -3.450000047683716
vertex 41.57630157470703 -55.29413986206055 -1.62574303150177
endloop
endfacet
facet normal -0.0000106085610195022 -0.9999999999331204 0.000004606267911302643
outer loop
vertex 40.18997573852539 -55.29412841796875 -1.5593276023864746
vertex 26.783506393432617 -55.29399490356445 -3.450000047683716
vertex 40.89370346069336 -55.29413604736328 -1.5949000120162964
endloop
endfacet
facet normal -0.000009536739265795977 -0.9999999999545254 0
outer loop
vertex 43.54102325439453 -55.294158935546875 -1.6664252281188965
vertex 37.94102096557617 -55.294105529785156 -4
vertex 43.54102325439453 -55.294158935546875 -4
endloop
endfacet
facet normal -0.000009979453265130884 -0.9999999999496407 0.0000010624041019391816
outer loop
vertex 43.54102325439453 -55.294158935546875 -1.6664252281188965
vertex 28.283506393432617 -55.294010162353516 -4.949999809265137
vertex 37.94102096557617 -55.294105529785156 -4
endloop
endfacet
facet normal 0.9999999984090693 -0.00005640400589632105 -6.704720674881207e-7
outer loop
vertex 58.65592575073242 -24.759580612182617 -1
vertex 58.6556282043457 -30.03485107421875 -1
vertex 58.65450668334961 -49.78485107421875 -12.248608589172363
endloop
endfacet
facet normal 0.9999999983876824 -0.000056785873128379845 0
outer loop
vertex 58.6556282043457 -30.03485107421875 -1
vertex 58.65450668334961 -49.78485107421875 -1
vertex 58.65450668334961 -49.78485107421875 -12.248608589172363
endloop
endfacet
facet normal 0.9961849191020757 -0.08726744498145188 0
outer loop
vertex 58.60038757324219 -50.40263748168945 -1
vertex 58.65450668334961 -49.78485107421875 -12.248608589172363
vertex 58.65450668334961 -49.78485107421875 -1
endloop
endfacet
facet normal 0.7616142469906685 0.6480306619141081 0
outer loop
vertex 13.149502754211426 44.25708770751953 -5.549698352813721
vertex 12.926529884338379 44.519142150878906 -5.464564800262451
vertex 13.149502754211426 44.25708770751953 -1
endloop
endfacet
facet normal 0.7616206716329459 0.6480231111162599 -7.64070229936176e-7
outer loop
vertex 12.926529884338379 44.519142150878906 -5.464564800262451
vertex 12.822364807128906 44.64156723022461 -5.458372592926025
vertex 13.149502754211426 44.25708770751953 -1
endloop
endfacet
facet normal 0.6494344971203595 0.7604175392177812 0
outer loop
vertex 10.803741455078125 46.98480987548828 -5.278927803039551
vertex 10.720050811767578 47.0562858581543 -5.291440963745117
vertex 10.803741455078125 46.98480987548828 -1
endloop
endfacet
facet normal -0.00000991376211300044 -0.9999999999508453 -1.6384544553332836e-7
outer loop
vertex 39.44102096557617 -55.29412078857422 -1
vertex -47.521080017089844 -55.29325866699219 -1
vertex 26.783506393432617 -55.29399490356445 -3.450000047683716
endloop
endfacet
facet normal -0.000010722007022499474 -0.9999999999323368 0.000004512767782072589
outer loop
vertex 28.16932487487793 -55.29400634765625 -4.375974655151367
vertex 28.283506393432617 -55.294010162353516 -4.949999809265137
vertex 43.54102325439453 -55.294158935546875 -1.6664252281188965
endloop
endfacet
facet normal -0.000008880598888103295 -0.9999999999429624 -0.000005933829041277611
outer loop
vertex 27.844165802001953 -55.29400634765625 -3.8893399238586426
vertex 28.16932487487793 -55.29400634765625 -4.375974655151367
vertex 43.54102325439453 -55.294158935546875 -1.6664252281188965
endloop
endfacet
facet normal -0.000010762664184295204 -0.999999999915026 0.000007356159428050907
outer loop
vertex 27.357532501220703 -55.29399871826172 -3.564180612564087
vertex 27.844165802001953 -55.29400634765625 -3.8893399238586426
vertex 43.54102325439453 -55.294158935546875 -1.6664252281188965
endloop
endfacet
facet normal 0.7071088038986639 0.7071047584686448 0
outer loop
vertex 10.97043514251709 46.818115234375 -5.2725114822387695
vertex 10.803741455078125 46.98480987548828 -5.278927803039551
vertex 10.97043514251709 46.818115234375 -1
endloop
endfacet
facet normal -0.000008692990435008587 -0.9999999999092389 -0.00001029339976028016
outer loop
vertex 26.783506393432617 -55.29399490356445 -3.450000047683716
vertex 27.357532501220703 -55.29399871826172 -3.564180612564087
vertex 43.54102325439453 -55.294158935546875 -1.6664252281188965
endloop
endfacet
facet normal -0.000010112182499392523 -0.9999999999482817 0.0000010865236890870648
outer loop
vertex 26.783506393432617 -55.29399490356445 -3.450000047683716
vertex 40.18997573852539 -55.29412841796875 -1.5593276023864746
vertex 39.44102096557617 -55.29412078857422 -1.5079461336135864
endloop
endfacet
facet normal 0.6494481382769953 0.7604058887780479 -4.600701301639841e-7
outer loop
vertex 10.720050811767578 47.0562858581543 -5.291440963745117
vertex 8.655677795410156 48.819427490234375 -5.144505023956299
vertex 10.803741455078125 46.98480987548828 -1
endloop
endfacet
facet normal 0.7616173744148294 0.6480269863126275 -1.8794547544407876e-7
outer loop
vertex 12.822364807128906 44.64156723022461 -5.458372592926025
vertex 10.97043514251709 46.818115234375 -5.2725114822387695
vertex 13.149502754211426 44.25708770751953 -1
endloop
endfacet
facet normal -0.000009945476186647638 -0.9999999999505437 0
outer loop
vertex 39.44102096557617 -55.29412078857422 -1
vertex 26.783506393432617 -55.29399490356445 -3.450000047683716
vertex 39.44102096557617 -55.29412078857422 -1.5079461336135864
endloop
endfacet
facet normal 0.3896462453954859 0.9209646048840298 6.20510388112535e-8
outer loop
vertex 14.225924491882324 43.57015609741211 -5.704259395599365
vertex 13.896159172058105 43.70967483520508 -5.712224960327148
vertex 14.323769569396973 43.52875900268555 -1
endloop
endfacet
facet normal -0.000009610752509464229 -0.9999999999538167 0
outer loop
vertex 49.94102096557617 -55.29422378540039 -5
vertex 53.11637878417969 -55.294254302978516 -12.552045822143555
vertex 53.11637878417969 -55.294254302978516 -1
endloop
endfacet
facet normal 0.07547197848676461 -0.9971479230602114 0
outer loop
vertex 53.11637878417969 -55.294254302978516 -1
vertex 53.65515899658203 -55.253475189208984 -12.470425605773926
vertex 53.65515899658203 -55.253475189208984 -1
endloop
endfacet
facet normal 0.17606016016913448 -0.9843794085621757 0
outer loop
vertex 53.65515899658203 -55.253475189208984 -1
vertex 54.265625 -55.144290924072266 -12.426619529724121
vertex 54.265625 -55.144290924072266 -1
endloop
endfacet
facet normal -0.000010217941887987481 -0.9999999999477968 0
outer loop
vertex -51.62107849121094 -55.293216705322266 -1.6665257215499878
vertex -51.62107849121094 -55.293216705322266 -4
vertex -46.021080017089844 -55.29327392578125 -4
endloop
endfacet
facet normal 0.28197316128148553 -0.9594222930060179 0
outer loop
vertex 54.265625 -55.144290924072266 -1
vertex 54.86061096191406 -54.969425201416016 -12.441307067871094
vertex 54.86061096191406 -54.969425201416016 -1
endloop
endfacet
facet normal 0.3845466179221119 -0.9231055728597142 6.525657824827792e-8
outer loop
vertex 54.86061096191406 -54.969425201416016 -1
vertex 55.433074951171875 -54.73094940185547 -12.514314651489258
vertex 55.10422897338867 -54.86793899536133 -1
endloop
endfacet
facet normal 0.3845446708897298 -0.9231063839505766 0
outer loop
vertex 55.10422897338867 -54.86793899536133 -1
vertex 55.433074951171875 -54.73094940185547 -12.514314651489258
vertex 55.433074951171875 -54.73094940185547 -1
endloop
endfacet
facet normal -0.00000938102966186059 -0.9999999999559611 2.719418438751324e-7
outer loop
vertex -54.38545608520508 -55.293190002441406 -1.6258509159088135
vertex -52.42108154296875 -55.293209075927734 -4
vertex -53.1665153503418 -55.2932014465332 -1.659580945968628
endloop
endfacet
facet normal -0.00001023483836577904 -0.999999999947624 0
outer loop
vertex -53.1665153503418 -55.2932014465332 -1.659580945968628
vertex -52.42108154296875 -55.293209075927734 -4
vertex -52.42108154296875 -55.293209075927734 -1.6665265560150146
endloop
endfacet
facet normal -0.00011452598941385364 0.9999999934418989 0
outer loop
vertex -53.02106857299805 43.375247955322266 -5.662066459655762
vertex -65.41185760498047 43.37382888793945 -5.5859808921813965
vertex -65.41185760498047 43.37382888793945 -1
endloop
endfacet
facet normal 0.4825736572216209 -0.875855390664311 -1.3022469668791434e-7
outer loop
vertex 55.433074951171875 -54.73094940185547 -1
vertex 55.97623825073242 -54.431678771972656 -12.47641658782959
vertex 55.89731979370117 -54.475162506103516 -1
endloop
endfacet
facet normal 0.48258818435536344 -0.875847386432473 0
outer loop
vertex 55.89731979370117 -54.475162506103516 -1
vertex 55.97623825073242 -54.431678771972656 -12.47641658782959
vertex 55.97623825073242 -54.431678771972656 -1
endloop
endfacet
facet normal -0.000010194922510893597 -0.9999999999388837 -0.000004277393649791346
outer loop
vertex -51.62107849121094 -55.293216705322266 -1.6665257215499878
vertex -5.716493606567383 -55.293670654296875 -4.949999809265137
vertex -50.875640869140625 -55.2932243347168 -1.659578561782837
endloop
endfacet
facet normal 0.5748682222796019 -0.8182460064139064 -8.851697814960832e-7
outer loop
vertex 55.97623825073242 -54.431678771972656 -1
vertex 56.48366928100586 -54.075164794921875 -12.482147216796875
vertex 56.07780075073242 -54.36032485961914 -1
endloop
endfacet
facet normal 0.574884988019636 -0.8182342271927172 0
outer loop
vertex 56.07780075073242 -54.36032485961914 -1
vertex 56.48366928100586 -54.075164794921875 -12.482147216796875
vertex 56.48366928100586 -54.075164794921875 -1
endloop
endfacet
facet normal 0.6603795069662035 -0.7509320254051454 0
outer loop
vertex 56.48366928100586 -54.075164794921875 -1
vertex 56.94935989379883 -53.66563034057617 -12.383787155151367
vertex 56.94935989379883 -53.66563034057617 -1
endloop
endfacet
facet normal 0.7380691124024876 -0.6747251183388714 0
outer loop
vertex 56.94935989379883 -53.66563034057617 -1
vertex 56.94935989379883 -53.66563034057617 -12.383787155151367
vertex 57.09929656982422 -53.501617431640625 -1
endloop
endfacet
facet normal 0.7380655021274325 -0.6747290675296048 1.0444950219382976e-7
outer loop
vertex 57.09929656982422 -53.501617431640625 -1
vertex 56.94935989379883 -53.66563034057617 -12.383787155151367
vertex 57.367794036865234 -53.207916259765625 -1
endloop
endfacet
facet normal 0.8070057295330707 -0.5905436076199592 0
outer loop
vertex 57.367794036865234 -53.207916259765625 -1
vertex 57.7340202331543 -52.70745086669922 -12.313423156738281
vertex 57.7340202331543 -52.70745086669922 -1
endloop
endfacet
facet normal 0.866395955370278 -0.4993576358863689 0
outer loop
vertex 57.7340202331543 -52.70745086669922 -1
vertex 58.043697357177734 -52.1701545715332 -12.370678901672363
vertex 58.043697357177734 -52.1701545715332 -1
endloop
endfacet
facet normal 0.9155231610507072 -0.4022652627057436 0
outer loop
vertex 58.043697357177734 -52.1701545715332 -1
vertex 58.29316329956055 -51.60239028930664 -12.2827730178833
vertex 58.29316329956055 -51.60239028930664 -1
endloop
endfacet
facet normal 0.9538108077707848 -0.30040796091256167 0
outer loop
vertex 58.29316329956055 -51.60239028930664 -1
vertex 58.29316329956055 -51.60239028930664 -12.2827730178833
vertex 58.479461669921875 -51.01088333129883 -1
endloop
endfacet
facet normal 0.07845931210003926 0.996917316704031 6.50699665720471e-7
outer loop
vertex 0.03255937248468399 52.391239166259766 -1
vertex -2.783623218536377 52.61288070678711 -4.905047416687012
vertex -2.0815649032592773 52.55762481689453 -1
endloop
endfacet
facet normal 0.07846290919418338 0.9969170335994793 0
outer loop
vertex -2.783623218536377 52.61288070678711 -4.905047416687012
vertex -2.783623218536377 52.61288070678711 -1
vertex -2.0815649032592773 52.55762481689453 -1
endloop
endfacet
facet normal 0 1 0
outer loop
vertex -2.783623218536377 52.61288070678711 -1
vertex -3.0188825130462646 52.61288070678711 -4.9235334396362305
vertex -3.0193638801574707 52.61288070678711 -1
endloop
endfacet
facet normal -0.07846138241860225 0.9969171537637835 6.918072955478945e-7
outer loop
vertex -3.0193638801574707 52.61288070678711 -1
vertex -5.811110496520996 52.39316177368164 -4.939627170562744
vertex -3.523198127746582 52.57322692871094 -1
endloop
endfacet
facet normal -0.07845995237133487 0.9969172663134426 -1.4382738769161975e-7
outer loop
vertex -5.811110496520996 52.39316177368164 -4.939627170562744
vertex -5.835546493530273 52.391239166259766 -1
vertex -3.523198127746582 52.57322692871094 -1
endloop
endfacet
facet normal -0.1564292418049559 0.9876891678601758 0
outer loop
vertex -5.835546493530273 52.391239166259766 -1
vertex -6.068384647369385 52.35436248779297 -4.919997215270996
vertex -6.068384647369385 52.35436248779297 -1
endloop
endfacet
facet normal -0.03961805012110096 0.9992148968588299 0
outer loop
vertex -65.41185760498047 43.37382888793945 -5.5859808921813965
vertex -65.8420181274414 43.356773376464844 -5.603042125701904
vertex -65.41185760498047 43.37382888793945 -1
endloop
endfacet
facet normal 0.4269531315124941 -0.9042737547289952 0
outer loop
vertex 67.54639434814453 26.52407455444336 -1
vertex 67.95307159423828 26.716087341308594 -6.541020393371582
vertex 67.95307159423828 26.716087341308594 -1
endloop
endfacet
facet normal 0.39120626502001044 -0.9203030252091392 0
outer loop
vertex 60.34531784057617 23.463010787963867 -1
vertex 67.54639434814453 26.52407455444336 -6.548076152801514
vertex 67.54639434814453 26.52407455444336 -1
endloop
endfacet
facet normal -0.1563825613074511 0.9876964389128831 -0.0004889557556239674
outer loop
vertex -65.8420181274414 43.356773376464844 -5.603042125701904
vertex -66.79088592529297 43.206573486328125 -5.532524585723877
vertex -65.8612289428711 43.35601043701172 -1
endloop
endfacet
facet normal 0.505992525761082 -0.8625378622842714 0
outer loop
vertex 59.9448356628418 23.22807502746582 -1
vertex 60.34531784057617 23.463010787963867 -6.939043045043945
vertex 60.34531784057617 23.463010787963867 -1
endloop
endfacet
facet normal 0.6330407839301462 -0.7741184443488645 0
outer loop
vertex 59.89789581298828 23.18968963623047 -1
vertex 59.9448356628418 23.22807502746582 -6.932541370391846
vertex 59.9448356628418 23.22807502746582 -1
endloop
endfacet
facet normal 0.6330265203773949 -0.7741301082498032 -1.8832610775517615e-7
outer loop
vertex 59.58540344238281 22.93415641784668 -1
vertex 59.9448356628418 23.22807502746582 -6.932541370391846
vertex 59.89789581298828 23.18968963623047 -1
endloop
endfacet
facet normal 0.7448973037842573 -0.6671791414717219 0
outer loop
vertex 59.27562713623047 22.588294982910156 -1
vertex 59.58540344238281 22.93415641784668 -6.951591491699219
vertex 59.58540344238281 22.93415641784668 -1
endloop
endfacet
facet normal 0.8389244845024233 -0.5442478381237204 0
outer loop
vertex 59.02293014526367 22.19877815246582 -1
vertex 59.27562713623047 22.588294982910156 -7.014543533325195
vertex 59.27562713623047 22.588294982910156 -1
endloop
endfacet
facet normal 0.9128563288360171 -0.4082809362485951 0
outer loop
vertex 58.8333625793457 21.774932861328125 -1
vertex 59.02293014526367 22.19877815246582 -7.0689873695373535
vertex 59.02293014526367 22.19877815246582 -1
endloop
endfacet
facet normal 0.9649246822068549 -0.26252687037330136 0
outer loop
vertex 58.8333625793457 21.774932861328125 -1
vertex 58.7628288269043 21.515684127807617 -1
vertex 58.8333625793457 21.774932861328125 -7.075876235961914
endloop
endfacet
facet normal 0.9649222635374569 -0.26253576009676205 -4.073893675522316e-7
outer loop
vertex 58.7628288269043 21.515684127807617 -1
vertex 58.71146774291992 21.32691192626953 -1
vertex 58.8333625793457 21.774932861328125 -7.075876235961914
endloop
endfacet
facet normal 0.99557718623216 -0.09394714606657838 0
outer loop
vertex 58.65850830078125 20.765689849853516 -1
vertex 58.71146774291992 21.32691192626953 -7.097240924835205
vertex 58.71146774291992 21.32691192626953 -1
endloop
endfacet
facet normal 0.9999999983876822 -0.00005678587552766222 0
outer loop
vertex 58.65850830078125 20.765689849853516 -7.155934810638428
vertex 58.65850830078125 20.765689849853516 -1
vertex 58.657386779785156 1.0156906843185425 -1
endloop
endfacet
facet normal -0.313377798258785 0.9496285355645523 0
outer loop
vertex -66.79088592529297 43.206573486328125 -5.532524585723877
vertex -67.55048370361328 42.95590591430664 -5.622941493988037
vertex -66.79088592529297 43.206573486328125 -1
endloop
endfacet
facet normal -0.31335465004004387 0.9496361741638178 -0.0000042176793032540695
outer loop
vertex -67.55048370361328 42.95590591430664 -5.622941493988037
vertex -67.60836791992188 42.936805725097656 -5.609251976013184
vertex -66.79088592529297 43.206573486328125 -1
endloop
endfacet
facet normal -0.45803154584896016 0.8889359386408064 0
outer loop
vertex -67.60836791992188 42.936805725097656 -5.609251976013184
vertex -68.44364929199219 42.50642013549805 -5.564293384552002
vertex -67.60836791992188 42.936805725097656 -1
endloop
endfacet
facet normal -0.5931632129843296 0.8050822335402184 0
outer loop
vertex -68.44364929199219 42.50642013549805 -5.564293384552002
vertex -69.13670349121094 41.99579620361328 -5.644357681274414
vertex -68.44364929199219 42.50642013549805 -1
endloop
endfacet
facet normal -0.711776189250642 0.7024063328414929 0
outer loop
vertex -69.13670349121094 41.99579620361328 -5.644357681274414
vertex -69.79671478271484 41.32698059082031 -5.618184566497803
vertex -69.13670349121094 41.99579620361328 -1
endloop
endfacet
facet normal -0.8141258164102583 0.5806885181009959 0
outer loop
vertex -69.79671478271484 41.32698059082031 -5.618184566497803
vertex -70.29660034179688 40.62614059448242 -5.702029228210449
vertex -69.79671478271484 41.32698059082031 -1
endloop
endfacet
facet normal 0.5319294034006535 -0.8467887043399794 2.094123391027911e-7
outer loop
vertex 68.00701141357422 26.749969482421875 -6.546689987182617
vertex 68.75039672851562 27.216943740844727 -6.450342178344727
vertex 67.95307159423828 26.716087341308594 -1
endloop
endfacet
facet normal 0.5319139620869019 -0.8467984039528026 0
outer loop
vertex 67.95307159423828 26.716087341308594 -6.541020393371582
vertex 68.00701141357422 26.749969482421875 -6.546689987182617
vertex 67.95307159423828 26.716087341308594 -1
endloop
endfacet
facet normal 0.4269531315124941 -0.9042737547289952 0
outer loop
vertex 67.95307159423828 26.716087341308594 -6.541020393371582
vertex 67.54639434814453 26.52407455444336 -1
vertex 67.54639434814453 26.52407455444336 -6.548076152801514
endloop
endfacet
facet normal 0.39120626502001044 -0.9203030252091392 0
outer loop
vertex 60.34531784057617 23.463010787963867 -6.939043045043945
vertex 67.54639434814453 26.52407455444336 -6.548076152801514
vertex 60.34531784057617 23.463010787963867 -1
endloop
endfacet
facet normal 0.5059983231661191 -0.8625344613131696 5.254663256493505e-7
outer loop
vertex 59.9448356628418 23.22807502746582 -1
vertex 60.1911735534668 23.372583389282227 -6.932966232299805
vertex 60.34531784057617 23.463010787963867 -6.939043045043945
endloop
endfacet
facet normal -0.9999999998533912 0.000017119617790857906 3.6934704422642443e-7
outer loop
vertex -71.11149597167969 -49.337215423583984 -12.225005149841309
vertex -71.11111450195312 -27.296781539916992 -1
vertex -71.11076354980469 -6.796782493591309 -1
endloop
endfacet
facet normal -0.9999999998590374 0.000016654928409565298 0.0000021304230703316714
outer loop
vertex -71.11072540283203 -4.506350994110107 -1
vertex -71.11149597167969 -49.337215423583984 -12.225005149841309
vertex -71.11076354980469 -6.796782493591309 -1
endloop
endfacet
facet normal -0.9999999998534217 0.000017119617392650133 2.7453004143910823e-7
outer loop
vertex -71.11072540283203 -4.506350994110107 -1
vertex -71.1103744506836 15.993648529052734 -1
vertex -71.11149597167969 -49.337215423583984 -12.225005149841309
endloop
endfacet
facet normal -0.9999999998568693 0.000016654924942196903 0.00000297909532751142
outer loop
vertex -71.1103744506836 15.993648529052734 -1
vertex -71.11033630371094 18.284080505371094 -1
vertex -71.11149597167969 -49.337215423583984 -12.225005149841309
endloop
endfacet
facet normal 0.3896487757796303 0.9209635343125347 0
outer loop
vertex 14.323769569396973 43.52875900268555 -5.697042942047119
vertex 14.225924491882324 43.57015609741211 -5.704259395599365
vertex 14.323769569396973 43.52875900268555 -1
endloop
endfacet
facet normal 0.6519056337042239 0.7583001020339468 0
outer loop
vertex 13.5015869140625 43.954402923583984 -5.655632972717285
vertex 13.3925142288208 44.04817199707031 -5.624486446380615
vertex 13.5015869140625 43.954402923583984 -1
endloop
endfacet
facet normal 0.5270847930596516 0.8498126975547402 0
outer loop
vertex 13.896159172058105 43.70967483520508 -5.712224960327148
vertex 13.5015869140625 43.954402923583984 -5.655632972717285
vertex 13.896159172058105 43.70967483520508 -1
endloop
endfacet
facet normal 0.6519025753338172 0.7583027312842285 1.2544680200031914e-7
outer loop
vertex 13.3925142288208 44.04817199707031 -5.624486446380615
vertex 13.207935333251953 44.206851959228516 -5.555381774902344
vertex 13.5015869140625 43.954402923583984 -1
endloop
endfacet
facet normal 0.6519178024690173 0.7582896404550611 -0.0000015815977238129826
outer loop
vertex 13.207935333251953 44.206851959228516 -5.555381774902344
vertex 13.149502754211426 44.25708770751953 -5.549698352813721
vertex 13.5015869140625 43.954402923583984 -1
endloop
endfacet
facet normal 0.24283555272751037 0.9700674689545137 0.0000027763669147505163
outer loop
vertex 14.411392211914062 43.5068244934082 -5.675046443939209
vertex 14.323769569396973 43.52875900268555 -5.697042942047119
vertex 14.774173736572266 43.41599655151367 -1
endloop
endfacet
facet normal 0.24286922061460325 0.970059040305308 0
outer loop
vertex 14.774173736572266 43.41599655151367 -5.662030220031738
vertex 14.411392211914062 43.5068244934082 -5.675046443939209
vertex 14.774173736572266 43.41599655151367 -1
endloop
endfacet
facet normal 0.08384553548109916 0.9964787635368291 0
outer loop
vertex 14.838460922241211 43.410587310791016 -5.647822380065918
vertex 14.774173736572266 43.41599655151367 -5.662030220031738
vertex 14.774173736572266 43.41599655151367 -1
endloop
endfacet
facet normal 0.5059889076825953 -0.8625399847555903 0
outer loop
vertex 59.9448356628418 23.22807502746582 -6.932541370391846
vertex 60.1911735534668 23.372583389282227 -6.932966232299805
vertex 59.9448356628418 23.22807502746582 -1
endloop
endfacet
facet normal 0.6330266137878722 -0.7741300318655956 -1.788823513877801e-7
outer loop
vertex 59.58540344238281 22.93415641784668 -1
vertex 59.91094207763672 23.200359344482422 -6.926506042480469
vertex 59.9448356628418 23.22807502746582 -6.932541370391846
endloop
endfacet
facet normal 0.6330285653850404 -0.7741284359888595 0
outer loop
vertex 59.58540344238281 22.93415641784668 -1
vertex 59.58540344238281 22.93415641784668 -6.951591491699219
vertex 59.91094207763672 23.200359344482422 -6.926506042480469
endloop
endfacet
facet normal 0.7448973037842573 -0.6671791414717219 0
outer loop
vertex 59.27562713623047 22.588294982910156 -1
vertex 59.27562713623047 22.588294982910156 -7.014543533325195
vertex 59.58540344238281 22.93415641784668 -6.951591491699219
endloop
endfacet
facet normal 0.8389305687731259 -0.5442384594800835 8.630108691245265e-7
outer loop
vertex 59.02293014526367 22.19877815246582 -1
vertex 59.22798538208008 22.514856338500977 -7.027049541473389
vertex 59.27562713623047 22.588294982910156 -7.014543533325195
endloop
endfacet
facet normal 0.8389230552701301 -0.5442500411908394 0
outer loop
vertex 59.02293014526367 22.19877815246582 -7.0689873695373535
vertex 59.22798538208008 22.514856338500977 -7.027049541473389
vertex 59.02293014526367 22.19877815246582 -1
endloop
endfacet
facet normal 0.9128562045422927 -0.4082812141510302 -2.3290491260413315e-8
outer loop
vertex 58.8333625793457 21.774932861328125 -1
vertex 58.909420013427734 21.94498634338379 -7.076340198516846
vertex 59.02293014526367 22.19877815246582 -7.0689873695373535
endloop
endfacet
facet normal 0.912856514710121 -0.40828052066108983 0
outer loop
vertex 58.8333625793457 21.774932861328125 -7.075876235961914
vertex 58.909420013427734 21.94498634338379 -7.076340198516846
vertex 58.8333625793457 21.774932861328125 -1
endloop
endfacet
facet normal 0.9649241026617347 -0.26252900049790656 1.2794437305630122e-7
outer loop
vertex 58.71146774291992 21.32691192626953 -1
vertex 58.721309661865234 21.363082885742188 -7.088344097137451
vertex 58.8333625793457 21.774932861328125 -7.075876235961914
endloop
endfacet
facet normal 0.9649186470315979 -0.2625490518183424 0
outer loop
vertex 58.71146774291992 21.32691192626953 -1
vertex 58.71146774291992 21.32691192626953 -7.097240924835205
vertex 58.721309661865234 21.363082885742188 -7.088344097137451
endloop
endfacet
facet normal 0.9955771911639092 -0.09394709380380475 4.853376368432508e-9
outer loop
vertex 58.65850830078125 20.765689849853516 -1
vertex 58.677818298339844 20.970321655273438 -7.121870040893555
vertex 58.71146774291992 21.32691192626953 -7.097240924835205
endloop
endfacet
facet normal 0.9955771775834782 -0.09394723771838948 0
outer loop
vertex 58.65850830078125 20.765689849853516 -1
vertex 58.65850830078125 20.765689849853516 -7.155934810638428
vertex 58.677818298339844 20.970321655273438 -7.121870040893555
endloop
endfacet
facet normal 0.08383424470843491 0.9964797134985447 -1.5682618377028655e-7
outer loop
vertex 15.253437042236328 43.375675201416016 -5.642439365386963
vertex 14.838460922241211 43.410587310791016 -5.647822380065918
vertex 15.275391578674316 43.37382888793945 -1
endloop
endfacet
facet normal -0.5931632771193424 0.8050821862867843 8.565337735353103e-7
outer loop
vertex -68.44364929199219 42.50642013549805 -5.564293384552002
vertex -69.05435943603516 42.05646514892578 -5.664803504943848
vertex -69.13670349121094 41.99579620361328 -5.644357681274414
endloop
endfacet
facet normal -0.20693336018349717 0.9783550400765394 0
outer loop
vertex 38.31802749633789 47.175323486328125 -1
vertex 20.651350021362305 43.43861770629883 -5.632931709289551
vertex 20.651350021362305 43.43861770629883 -1
endloop
endfacet
facet normal -0.1295543284069303 0.9915723251437735 0
outer loop
vertex 20.651350021362305 43.43861770629883 -1
vertex 20.18610191345215 43.377830505371094 -5.625190734863281
vertex 20.18610191345215 43.377830505371094 -1
endloop
endfacet
facet normal 0.5748816324088474 -0.8182365848084153 0
outer loop
vertex 56.48366928100586 -54.075164794921875 -12.482147216796875
vertex 55.97623825073242 -54.431678771972656 -1
vertex 55.97623825073242 -54.431678771972656 -12.47641658782959
endloop
endfacet
facet normal 0.84678837371603 0.5319299297269752 1.283236023342648e-7
outer loop
vertex 62.801002502441406 52.14675521850586 -1
vertex 62.96269226074219 51.88935852050781 -1
vertex 62.46184158325195 52.68667221069336 -4.775799751281738
endloop
endfacet
facet normal 0.751651961600661 0.6595599507413094 0
outer loop
vertex 62.46184158325195 52.68667221069336 -4.775799751281738
vertex 61.89406204223633 53.3337287902832 -4.803406238555908
vertex 62.46184158325195 52.68667221069336 -1
endloop
endfacet
facet normal 0.9042942555499957 0.42690970869643985 0
outer loop
vertex 62.96269226074219 51.88935852050781 -4.877116680145264
vertex 63.15492248535156 51.48217010498047 -1
vertex 63.15492248535156 51.48217010498047 -4.888730525970459
endloop
endfacet
facet normal -0.00041878733918114736 0.9999999121224701 -0.00001929291093263023
outer loop
vertex 19.97008514404297 43.37765121459961 -5.604057312011719
vertex 15.253437042236328 43.375675201416016 -5.642439365386963
vertex 20.18610191345215 43.377830505371094 -1
endloop
endfacet
facet normal -0.8949259819919775 0.4462146196122384 0
outer loop
vertex -70.29660034179688 40.62614059448242 -5.702029228210449
vertex -70.71588134765625 39.78523254394531 -5.690079212188721
vertex -70.29660034179688 40.62614059448242 -1
endloop
endfacet
facet normal -0.0784469140726413 0.9969182923288398 -0.00000962442782536295
outer loop
vertex -3.0188825130462646 52.61288070678711 -4.9235334396362305
vertex -5.811110496520996 52.39316177368164 -4.939627170562744
vertex -3.0193638801574707 52.61288070678711 -1
endloop
endfacet
facet normal -0.1491558694079829 0.9888135975642499 -0.00044259823119064746
outer loop
vertex -5.811110496520996 52.39316177368164 -4.939627170562744
vertex -6.068384647369385 52.35436248779297 -4.919997215270996
vertex -5.835546493530273 52.391239166259766 -1
endloop
endfacet
facet normal -0.2334455044247187 0.9723698866500796 0
outer loop
vertex -8.76823902130127 51.70618438720703 -4.985766887664795
vertex -6.068384647369385 52.35436248779297 -1
vertex -6.068384647369385 52.35436248779297 -4.919997215270996
endloop
endfacet
facet normal -0.000818648384870641 0.9999995826654764 0.00040556589459659324
outer loop
vertex 20.18610191345215 43.377830505371094 -1
vertex 15.253437042236328 43.375675201416016 -5.642439365386963
vertex 19.352006912231445 43.37714767456055 -1
endloop
endfacet
facet normal -0.9543452066888785 0.29870591971027616 0
outer loop
vertex -70.71588134765625 39.78523254394531 -5.690079212188721
vertex -70.9730224609375 38.96368408203125 -5.767254829406738
vertex -70.71588134765625 39.78523254394531 -1
endloop
endfacet
facet normal -0.9893186371876064 0.14576911234296933 0
outer loop
vertex -70.9730224609375 38.96368408203125 -5.767254829406738
vertex -71.10999298095703 38.034080505371094 -5.699625015258789
vertex -70.9730224609375 38.96368408203125 -1
endloop
endfacet
facet normal -0.8141254104990197 0.580689087144144 -0.0000071765733446307
outer loop
vertex -70.2201156616211 40.73337173461914 -5.725545406341553
vertex -70.29660034179688 40.62614059448242 -5.702029228210449
vertex -69.79671478271484 41.32698059082031 -5.618184566497803
endloop
endfacet
facet normal -0.23344605089071865 0.9723697554548757 3.914971753873486e-7
outer loop
vertex -8.76823902130127 51.70618438720703 -4.985766887664795
vertex -8.815223693847656 51.69490432739258 -4.978755474090576
vertex -6.068384647369385 52.35436248779297 -1
endloop
endfacet
facet normal -0.3090084094537461 0.9510593056623052 0
outer loop
vertex -8.815223693847656 51.69490432739258 -4.978755474090576
vertex -9.03942584991455 51.6220588684082 -4.965692520141602
vertex -8.815223693847656 51.69490432739258 -1
endloop
endfacet
facet normal -0.3090084094537461 0.9510593056623052 0
outer loop
vertex -9.03942584991455 51.6220588684082 -4.965692520141602
vertex -9.03942584991455 51.6220588684082 -1
vertex -8.815223693847656 51.69490432739258 -1
endloop
endfacet
facet normal -0.3826835054190644 0.9238795022513362 0
outer loop
vertex -9.03942584991455 51.6220588684082 -4.965692520141602
vertex -11.649285316467285 50.541019439697266 -1
vertex -9.03942584991455 51.6220588684082 -1
endloop
endfacet
facet normal 0.6494476250129758 0.7604063271468782 0
outer loop
vertex 10.803741455078125 46.98480987548828 -1
vertex 8.655677795410156 48.819427490234375 -5.144505023956299
vertex 8.655677795410156 48.819427490234375 -1
endloop
endfacet
facet normal -0.0008141031179517562 0.999999587995521 0.000401553111568759
outer loop
vertex 15.253437042236328 43.375675201416016 -5.642439365386963
vertex 15.275391578674316 43.37382888793945 -1
vertex 19.352006912231445 43.37714767456055 -1
endloop
endfacet
facet normal 0.08383424884961296 0.9964797131501456 -1.572182414041145e-7
outer loop
vertex 15.275391578674316 43.37382888793945 -1
vertex 14.838460922241211 43.410587310791016 -5.647822380065918
vertex 14.774173736572266 43.41599655151367 -1
endloop
endfacet
facet normal 0.24287146414197017 0.9700584786005202 -8.830471649445824e-7
outer loop
vertex 14.774173736572266 43.41599655151367 -1
vertex 14.323769569396973 43.52875900268555 -5.697042942047119
vertex 14.654918670654297 43.44585418701172 -1
endloop
endfacet
facet normal -0.45399541121827935 0.8910040216479079 0
outer loop
vertex -11.859331130981445 50.43399429321289 -5.041104793548584
vertex -11.859331130981445 50.43399429321289 -1
vertex -11.649285316467285 50.541019439697266 -1
endloop
endfacet
facet normal -0.5224985430837331 0.8526401776103307 0
outer loop
vertex -14.26794719696045 48.95799255371094 -5.152495861053467
vertex -14.26794719696045 48.95799255371094 -1
vertex -11.859331130981445 50.43399429321289 -1
endloop
endfacet
facet normal 0.24285967770167857 0.9700614294706479 0
outer loop
vertex 14.323769569396973 43.52875900268555 -5.697042942047119
vertex 14.323769569396973 43.52875900268555 -1
vertex 14.654918670654297 43.44585418701172 -1
endloop
endfacet
facet normal 0.389646825374823 0.9209643595032992 0
outer loop
vertex 14.323769569396973 43.52875900268555 -1
vertex 13.896159172058105 43.70967483520508 -5.712224960327148
vertex 13.896159172058105 43.70967483520508 -1
endloop
endfacet
facet normal 0.5270847930596516 0.8498126975547402 0
outer loop
vertex 13.896159172058105 43.70967483520508 -1
vertex 13.5015869140625 43.954402923583984 -5.655632972717285
vertex 13.5015869140625 43.954402923583984 -1
endloop
endfacet
facet normal 0.761617349653778 0.6480270154139638 -1.5787292236311088e-7
outer loop
vertex 13.149502754211426 44.25708770751953 -1
vertex 10.97043514251709 46.818115234375 -5.2725114822387695
vertex 12.509958267211914 45.00873565673828 -1
endloop
endfacet
facet normal 0.7616171656651047 0.6480272316533098 0
outer loop
vertex 10.97043514251709 46.818115234375 -5.2725114822387695
vertex 10.97043514251709 46.818115234375 -1
vertex 12.509958267211914 45.00873565673828 -1
endloop
endfacet
facet normal -0.5877867672553707 0.8090158936878067 0
outer loop
vertex -14.26794719696045 48.95799255371094 -1
vertex -14.458664894104004 48.819427490234375 -5.144505023956299
vertex -14.458664894104004 48.819427490234375 -1
endloop
endfacet
facet normal -0.38268347350542303 0.9238795154704014 2.4606156222107532e-8
outer loop
vertex -9.03942584991455 51.6220588684082 -4.965692520141602
vertex -11.583539009094238 50.56825256347656 -5.061028003692627
vertex -11.649285316467285 50.541019439697266 -1
endloop
endfacet
facet normal -0.000009820794871797363 -0.9999999999513218 9.530950074776048e-7
outer loop
vertex -51.62107849121094 -55.293216705322266 -1.6665257215499878
vertex -46.021080017089844 -55.29327392578125 -4
vertex -5.716493606567383 -55.293670654296875 -4.949999809265137
endloop
endfacet
facet normal -0.0000095246637405384 -0.9999999999425297 0.000004921524129896916
outer loop
vertex -49.65668869018555 -55.293235778808594 -1.6258455514907837
vertex -50.875640869140625 -55.2932243347168 -1.659578561782837
vertex -5.716493606567383 -55.293670654296875 -4.949999809265137
endloop
endfacet
facet normal -0.000010643904155967711 -0.9999999998829778 -0.000010988708318403189
outer loop
vertex -48.97185134887695 -55.293243408203125 -1.5949000120162964
vertex -49.65668869018555 -55.293235778808594 -1.6258455514907837
vertex -5.602313041687012 -55.29367446899414 -4.375974655151367
endloop
endfacet
facet normal -0.000010424467778294861 -0.9999999999052885 -0.000008986280941651456
outer loop
vertex -48.270538330078125 -55.293251037597656 -1.5594482421875
vertex -48.97185134887695 -55.293243408203125 -1.5949000120162964
vertex -5.277153491973877 -55.293678283691406 -3.8893399238586426
endloop
endfacet
facet normal -0.000010020863428270866 -0.9999999999471051 -0.0000023177891669274405
outer loop
vertex -47.521080017089844 -55.29325866699219 -1.508030652999878
vertex -48.270538330078125 -55.293251037597656 -1.5594482421875
vertex -4.790518760681152 -55.29368209838867 -3.564180612564087
endloop
endfacet
facet normal -0.000010245555791396073 -0.9999999999368996 -0.000004607557523664076
outer loop
vertex -5.716493606567383 -55.293670654296875 -4.949999809265137
vertex -5.602313041687012 -55.29367446899414 -4.375974655151367
vertex -49.65668869018555 -55.293235778808594 -1.6258455514907837
endloop
endfacet
facet normal -0.00001001290102534159 -0.9999999999492115 -0.0000011485141539821613
outer loop
vertex -5.277153491973877 -55.293678283691406 -3.8893399238586426
vertex -48.97185134887695 -55.293243408203125 -1.5949000120162964
vertex -5.602313041687012 -55.29367446899414 -4.375974655151367
endloop
endfacet
facet normal -0.00000978005240914908 -0.9999999999479555 0.00000290508645429148
outer loop
vertex -4.790518760681152 -55.29368209838867 -3.564180612564087
vertex -48.270538330078125 -55.293251037597656 -1.5594482421875
vertex -5.277153491973877 -55.293678283691406 -3.8893399238586426
endloop
endfacet
facet normal -0.9543465053528831 0.29870176659141007 0.00004853771773517038
outer loop
vertex -70.71588134765625 39.78523254394531 -5.690079212188721
vertex -70.92875671386719 39.10511779785156 -5.801037788391113
vertex -70.9730224609375 38.96368408203125 -5.767254829406738
endloop
endfacet
facet normal -0.12955792162541163 0.991571855663574 0
outer loop
vertex 20.651350021362305 43.43861770629883 -5.632931709289551
vertex 20.432527542114258 43.41002655029297 -5.616755962371826
vertex 20.651350021362305 43.43861770629883 -1
endloop
endfacet
facet normal -0.000009273579121203757 -0.99999999986972 0.000013212147099532704
outer loop
vertex -4.216493606567383 -55.29368591308594 -3.450000047683716
vertex -47.521080017089844 -55.29325866699219 -1.508030652999878
vertex -4.790518760681152 -55.29368209838867 -3.564180612564087
endloop
endfacet
facet normal -0.000009866070297472943 -0.9999999999513304 0
outer loop
vertex -47.521080017089844 -55.29325866699219 -1
vertex -47.521080017089844 -55.29325866699219 -1.508030652999878
vertex -4.216493606567383 -55.29368591308594 -3.450000047683716
endloop
endfacet
facet normal -0.0008299851452284965 0.99999965556227 0
outer loop
vertex 20.18610191345215 43.377830505371094 -5.625190734863281
vertex 19.97008514404297 43.37765121459961 -5.604057312011719
vertex 20.18610191345215 43.377830505371094 -1
endloop
endfacet
facet normal -0.12955112665157337 0.9915727434652492 -3.275625374696491e-7
outer loop
vertex 20.432527542114258 43.41002655029297 -5.616755962371826
vertex 20.18610191345215 43.377830505371094 -5.625190734863281
vertex 20.651350021362305 43.43861770629883 -1
endloop
endfacet
facet normal -0.3826847708002682 0.9238789781121477 0
outer loop
vertex -11.583539009094238 50.56825256347656 -5.061028003692627
vertex -11.649285316467285 50.541019439697266 -5.051549911499023
vertex -11.649285316467285 50.541019439697266 -1
endloop
endfacet
facet normal 0.7071088038986642 0.7071047584686451 0
outer loop
vertex 10.97043514251709 46.818115234375 -1
vertex 10.803741455078125 46.98480987548828 -5.278927803039551
vertex 10.803741455078125 46.98480987548828 -1
endloop
endfacet
facet normal -0.45399541121827935 0.8910040216479078 0
outer loop
vertex -11.649285316467285 50.541019439697266 -5.051549911499023
vertex -11.859331130981445 50.43399429321289 -5.041104793548584
vertex -11.649285316467285 50.541019439697266 -1
endloop
endfacet
facet normal 0.6519060504890264 0.7582997437265814 0
outer loop
vertex 13.149502754211426 44.25708770751953 -5.549698352813721
vertex 13.149502754211426 44.25708770751953 -1
vertex 13.5015869140625 43.954402923583984 -1
endloop
endfacet
facet normal -0.5224987889219326 0.8526400269604483 0
outer loop
vertex -14.189603805541992 49.00600051879883 -5.163679122924805
vertex -11.859331130981445 50.43399429321289 -1
vertex -11.859331130981445 50.43399429321289 -5.041104793548584
endloop
endfacet
facet normal -0.5224917898822818 0.8526443159234559 -0.000005388091314806343
outer loop
vertex -14.189603805541992 49.00600051879883 -5.163679122924805
vertex -14.26794719696045 48.95799255371094 -5.152495861053467
vertex -11.859331130981445 50.43399429321289 -1
endloop
endfacet
facet normal 0.5224986182839744 0.8526401315275618 0
outer loop
vertex 8.464960098266602 48.95799255371094 -1
vertex 6.056344509124756 50.43399429321289 -5.041104793548584
vertex 6.056344509124756 50.43399429321289 -1
endloop
endfacet
facet normal 0.5877918585106756 0.8090121946351847 -3.572675321817086e-7
outer loop
vertex 8.655677795410156 48.819427490234375 -1
vertex 8.464960098266602 48.95799255371094 -5.152495861053467
vertex 8.620888710021973 48.844703674316406 -1
endloop
endfacet
facet normal 0.5877856313406683 0.8090167189801778 0
outer loop
vertex 8.464960098266602 48.95799255371094 -5.152495861053467
vertex 8.464960098266602 48.95799255371094 -1
vertex 8.620888710021973 48.844703674316406 -1
endloop
endfacet
facet normal -0.000010172526040991105 -0.9999999999335895 -0.000005416709785907753
outer loop
vertex -4.216493606567383 -55.29368591308594 -3.450000047683716
vertex 7.783506393432617 -55.29380798339844 -3.450000047683716
vertex -47.521080017089844 -55.29325866699219 -1
endloop
endfacet
facet normal 0.45397767265330835 0.8910130597983287 0.000001051517060585592
outer loop
vertex 6.056344509124756 50.43399429321289 -1
vertex 5.846297740936279 50.541019439697266 -5.051549911499023
vertex 5.968648910522461 50.478675842285156 -1
endloop
endfacet
facet normal 0.45400531578463454 0.8909989748811693 0
outer loop
vertex 5.846297740936279 50.541019439697266 -5.051549911499023
vertex 5.846297740936279 50.541019439697266 -1
vertex 5.968648910522461 50.478675842285156 -1
endloop
endfacet
facet normal -0.000009207288667447881 -0.9999999998235936 0.000016371883125277266
outer loop
vertex 7.783506393432617 -55.29380798339844 -3.450000047683716
vertex 14.209481239318848 -55.29386901855469 -3.564180612564087
vertex -47.521080017089844 -55.29325866699219 -1
endloop
endfacet
facet normal -0.000010475343595831012 -0.9999999998449445 -0.000014155507198347138
outer loop
vertex 14.209481239318848 -55.29386901855469 -3.564180612564087
vertex 14.783506393432617 -55.29387664794922 -3.450000047683716
vertex -47.521080017089844 -55.29325866699219 -1
endloop
endfacet
facet normal -0.000009854634602372991 -0.9999999999501157 0.0000016293974673689826
outer loop
vertex 14.783506393432617 -55.29387664794922 -3.450000047683716
vertex 26.783506393432617 -55.29399490356445 -3.450000047683716
vertex -47.521080017089844 -55.29325866699219 -1
endloop
endfacet
facet normal 0.309007815004183 0.9510594988045389 0
outer loop
vertex 3.0122365951538086 51.69490432739258 -4.978755474090576
vertex 3.0122365951538086 51.69490432739258 -1
vertex 3.2364392280578613 51.6220588684082 -1
endloop
endfacet
facet normal -0.20693340863005671 0.9783550298295137 1.9300518943820736e-7
outer loop
vertex 38.16697692871094 47.143375396728516 -5.324657440185547
vertex 20.651350021362305 43.43861770629883 -5.632931709289551
vertex 38.31802749633789 47.175323486328125 -1
endloop
endfacet
facet normal 0.9808010064500146 -0.1950112451799599 0
outer loop
vertex 58.60038757324219 -50.40263748168945 -12.194668769836426
vertex 58.60038757324219 -50.40263748168945 -1
vertex 58.574100494384766 -50.534847259521484 -1
endloop
endfacet
facet normal 0.9808052382365315 -0.1949899603767138 2.613119221653018e-7
outer loop
vertex 58.479461669921875 -51.01088333129883 -1
vertex 58.60038757324219 -50.40263748168945 -12.194668769836426
vertex 58.574100494384766 -50.534847259521484 -1
endloop
endfacet
facet normal 0.14926733278781718 0.9887968766953155 0
outer loop
vertex 0.2653976380825043 52.35436248779297 -4.919997215270996
vertex 0.00860558357089758 52.39312744140625 -4.93955135345459
vertex 0.2653976380825043 52.35436248779297 -1
endloop
endfacet
facet normal 0.23344551190472185 0.9723698848542887 7.4085271735088785e-9
outer loop
vertex 2.965251922607422 51.70618438720703 -4.985766887664795
vertex 0.2653976380825043 52.35436248779297 -4.919997215270996
vertex 3.0122365951538086 51.69490432739258 -1
endloop
endfacet
facet normal -0.5877867672553708 0.8090158936878067 0
outer loop
vertex -14.26794719696045 48.95799255371094 -5.152495861053467
vertex -14.458664894104004 48.819427490234375 -5.144505023956299
vertex -14.26794719696045 48.95799255371094 -1
endloop
endfacet
facet normal 0.2334461061291109 0.9723697421933469 0
outer loop
vertex 3.0122365951538086 51.69490432739258 -4.978755474090576
vertex 2.965251922607422 51.70618438720703 -4.985766887664795
vertex 3.0122365951538086 51.69490432739258 -1
endloop
endfacet
facet normal 0.309007815004183 0.9510594988045389 0
outer loop
vertex 3.2364392280578613 51.6220588684082 -4.965692520141602
vertex 3.0122365951538086 51.69490432739258 -4.978755474090576
vertex 3.2364392280578613 51.6220588684082 -1
endloop
endfacet
facet normal 0.3826835958742448 0.9238794647835601 2.2285152972483698e-8
outer loop
vertex 5.780551433563232 50.56825256347656 -5.061028003692627
vertex 3.2364392280578613 51.6220588684082 -4.965692520141602
vertex 5.846297740936279 50.541019439697266 -1
endloop
endfacet
facet normal 0.3826847708002682 0.9238789781121477 0
outer loop
vertex 5.846297740936279 50.541019439697266 -5.051549911499023
vertex 5.780551433563232 50.56825256347656 -5.061028003692627
vertex 5.846297740936279 50.541019439697266 -1
endloop
endfacet
facet normal 0.23344552190120957 0.9723698824543426 0
outer loop
vertex 3.0122365951538086 51.69490432739258 -1
vertex 0.2653976380825043 52.35436248779297 -4.919997215270996
vertex 0.2653976380825043 52.35436248779297 -1
endloop
endfacet
facet normal 0.45399377479562064 0.891004855456368 0
outer loop
vertex 6.056344509124756 50.43399429321289 -5.041104793548584
vertex 5.846297740936279 50.541019439697266 -5.051549911499023
vertex 6.056344509124756 50.43399429321289 -1
endloop
endfacet
facet normal 0.5224988591004048 0.8526399839549729 -1.9743403034060137e-7
outer loop
vertex 8.386616706848145 49.00600051879883 -5.163679122924805
vertex 6.056344509124756 50.43399429321289 -5.041104793548584
vertex 8.464960098266602 48.95799255371094 -1
endloop
endfacet
facet normal 0.5224912307285244 0.85264465858398 0
outer loop
vertex 8.464960098266602 48.95799255371094 -5.152495861053467
vertex 8.386616706848145 49.00600051879883 -5.163679122924805
vertex 8.464960098266602 48.95799255371094 -1
endloop
endfacet
facet normal 0.5877867672553707 0.8090158936878067 0
outer loop
vertex 8.464960098266602 48.95799255371094 -5.152495861053467
vertex 8.655677795410156 48.819427490234375 -1
vertex 8.655677795410156 48.819427490234375 -5.144505023956299
endloop
endfacet
facet normal -0.6494484940767654 0.7604055848957278 8.988343254052299e-7
outer loop
vertex -14.458664894104004 48.819427490234375 -1
vertex -16.60672950744629 46.98480987548828 -5.281004428863525
vertex -16.138757705688477 47.384490966796875 -1
endloop
endfacet
facet normal -0.6494437396332501 0.7604096455537498 0
outer loop
vertex -16.60672950744629 46.98480987548828 -5.281004428863525
vertex -16.60672950744629 46.98480987548828 -1
vertex -16.138757705688477 47.384490966796875 -1
endloop
endfacet
facet normal -0.7071108266165665 0.707102735733384 0
outer loop
vertex -16.60672950744629 46.98480987548828 -1
vertex -16.773422241210938 46.818115234375 -5.2787675857543945
vertex -16.773422241210938 46.818115234375 -1
endloop
endfacet
facet normal 0.3826836247776036 0.9238794528113904 0
outer loop
vertex 3.2364392280578613 51.6220588684082 -4.965692520141602
vertex 3.2364392280578613 51.6220588684082 -1
vertex 5.846297740936279 50.541019439697266 -1
endloop
endfacet
facet normal -0.9999999998520398 0.000017202339812562768 0
outer loop
vertex -71.11149597167969 -49.337215423583984 -12.225005149841309
vertex -71.10999298095703 38.034080505371094 -1
vertex -71.10999298095703 38.034080505371094 -5.699625015258789
endloop
endfacet
facet normal -0.9999999998479148 0.000017383430574887884 -0.0000014095436376286435
outer loop
vertex -71.11033630371094 18.284080505371094 -1
vertex -71.10999298095703 38.034080505371094 -1
vertex -71.11149597167969 -49.337215423583984 -12.225005149841309
endloop
endfacet
facet normal 0.15642915070807553 0.9876890667526554 -0.000477730068722261
outer loop
vertex 0.2653976380825043 52.35436248779297 -1
vertex 0.00860558357089758 52.39312744140625 -4.93955135345459
vertex 0.03255937248468399 52.391239166259766 -1
endloop
endfacet
facet normal 1.2268326940322925e-8 0.07323819964505678 -0.99731447703959
outer loop
vertex 57.719356536865234 21.04128646850586 -8.077776908874512
vertex 57.662662506103516 -49.441375732421875 -13.253700256347656
vertex 19.964208602905273 42.609580993652344 -6.493900775909424
endloop
endfacet
facet normal 2.6394785298197956e-7 0.07323823718888182 -0.9973144742825081
outer loop
vertex 2.709754228591919 50.96900939941406 -5.8800225257873535
vertex 4.169170379638672 41.53936767578125 -6.5724921226501465
vertex 2.598506450653076 42.63916015625 -6.491728782653809
endloop
endfacet
facet normal 7.881314313010894e-8 0.07323823117204607 -0.9973144747243889
outer loop
vertex 12.144078254699707 44.126129150390625 -6.382532596588135
vertex 57.662662506103516 -49.441375732421875 -13.253700256347656
vertex 10.102479934692383 46.500160217285156 -6.208194732666016
endloop
endfacet
facet normal -8.580155864774034e-9 0.07323819026370071 -0.9973144777285138
outer loop
vertex 7.883963584899902 48.37187957763672 -6.070744037628174
vertex 57.662662506103516 -49.441375732421875 -13.253700256347656
vertex 5.398987770080566 49.874088287353516 -5.960428714752197
endloop
endfacet
facet normal 1.2326696820703042e-7 0.07323826394171452 -0.9973144723179287
outer loop
vertex 57.662662506103516 -49.441375732421875 -13.253700256347656
vertex 6.624785900115967 38.61288070678711 -6.787400245666504
vertex 2.709754228591919 50.96900939941406 -5.8800225257873535
endloop
endfacet
facet normal 8.896567874879269e-8 0.07323823536795282 -0.9973144744162598
outer loop
vertex -13.238112449645996 29.350656509399414 -7.4675750732421875
vertex -21.093778610229492 42.846675872802734 -6.476489543914795
vertex -13.734378814697266 31.202749252319336 -7.331565856933594
endloop
endfacet
facet normal 5.129383278091263e-7 0.07323848082719703 -0.9973144563906918
outer loop
vertex -12.427772521972656 27.612878799438477 -7.595189571380615
vertex -21.093778610229492 42.846675872802734 -6.476489543914795
vertex -13.238112449645996 29.350656509399414 -7.4675750732421875
endloop
endfacet
facet normal -0.0000023399894963759527 0.07323580429551028 -0.9973146529374339
outer loop
vertex -28.617103576660156 42.80152893066406 -6.479804992675781
vertex -11.327982902526855 26.04221534729004 -7.710532188415527
vertex -9.97215747833252 24.686389923095703 -7.810097694396973
endloop
endfacet
facet normal 5.558947684671615e-7 0.07323877570278843 -0.9973144347362308
outer loop
vertex -12.427772521972656 27.612878799438477 -7.595189571380615
vertex -11.327982902526855 26.04221534729004 -7.710532188415527
vertex -28.617103576660156 42.80152893066406 -6.479804992675781
endloop
endfacet
facet normal 5.767549874217937e-9 0.07323820010308502 -0.9973144770059544
outer loop
vertex 57.662662506103516 -49.441375732421875 -13.253700256347656
vertex -51.82598876953125 42.39457702636719 -6.509689807891846
vertex -28.617103576660156 42.80152893066406 -6.479804992675781
endloop
endfacet
facet normal -3.339988305273163e-7 0.07323779719959321 -0.9973145065932008
outer loop
vertex 57.662662506103516 -49.441375732421875 -13.253700256347656
vertex -52.021080017089844 42.375362396240234 -6.511100769042969
vertex -51.82598876953125 42.39457702636719 -6.509689807891846
endloop
endfacet
facet normal 4.230729601110298e-7 0.07323869674213866 -0.9973144405348466
outer loop
vertex 57.662662506103516 -49.441375732421875 -13.253700256347656
vertex -52.21617126464844 42.39457702636719 -6.509689807891846
vertex -52.021080017089844 42.375362396240234 -6.511100769042969
endloop
endfacet
facet normal -0.0000020390908827223504 0.07323576664138573 -0.997314655703149
outer loop
vertex 57.662662506103516 -49.441375732421875 -13.253700256347656
vertex -52.40376281738281 42.451480865478516 -6.5055108070373535
vertex -52.21617126464844 42.39457702636719 -6.509689807891846
endloop
endfacet
facet normal -0.0000016657076072206478 0.07323621146961246 -0.9973146230386896
outer loop
vertex 57.662662506103516 -49.441375732421875 -13.253700256347656
vertex -52.5766487121582 42.54389190673828 -6.498724460601807
vertex -52.40376281738281 42.451480865478516 -6.5055108070373535
endloop
endfacet
facet normal -4.572009887356172e-9 0.07323819157178711 -0.997314477632454
outer loop
vertex -65.74075317382812 42.5869026184082 -6.495565891265869
vertex -52.5766487121582 42.54389190673828 -6.498724460601807
vertex 57.662662506103516 -49.441375732421875 -13.253700256347656
endloop
endfacet
facet normal 9.672996629737896e-8 0.07323820636727084 -0.9973144765459366
outer loop
vertex -65.74075317382812 42.5869026184082 -6.495565891265869
vertex -61.191341400146484 -54.0850830078125 -13.59471321105957
vertex -67.2221908569336 42.231449127197266 -6.521668910980225
endloop
endfacet
facet normal -1.2096535116301319e-7 0.07323819280941565 -0.9973144775415607
outer loop
vertex -61.191341400146484 -54.0850830078125 -13.59471321105957
vertex -68.4809799194336 41.45640182495117 -6.578584671020508
vertex -67.2221908569336 42.231449127197266 -6.521668910980225
endloop
endfacet
facet normal 2.563315100212866e-7 0.07323822144205722 -0.997314475438885
outer loop
vertex -61.191341400146484 -54.0850830078125 -13.59471321105957
vertex -69.43684387207031 40.32767105102539 -6.661473751068115
vertex -68.4809799194336 41.45640182495117 -6.578584671020508
endloop
endfacet
facet normal 1.6984708569961654e-7 0.0732382139294873 -0.9973144759905923
outer loop
vertex -61.191341400146484 -54.0850830078125 -13.59471321105957
vertex -69.98137664794922 38.98936080932617 -6.759753227233887
vertex -69.43684387207031 40.32767105102539 -6.661473751068115
endloop
endfacet
facet normal -9.970499827649827e-8 0.07323814256746468 -0.9973144812310998
outer loop
vertex 57.662662506103516 -49.441375732421875 -13.253700256347656
vertex 2.709754228591919 50.96900939941406 -5.8800225257873535
vertex 5.398987770080566 49.874088287353516 -5.960428714752197
endloop
endfacet
facet normal 0.000007964823118688503 0.07324204696621424 -0.9973141944707096
outer loop
vertex 57.662662506103516 -49.441375732421875 -13.253700256347656
vertex 12.144078254699707 44.126129150390625 -6.382532596588135
vertex 12.299525260925293 43.958763122558594 -6.394822597503662
endloop
endfacet
facet normal 2.695082782674024e-8 0.07323820562585998 -0.9973144766003867
outer loop
vertex 57.662662506103516 -49.441375732421875 -13.253700256347656
vertex 15.24782943725586 42.64284133911133 -6.491458415985107
vertex 19.964208602905273 42.609580993652344 -6.493900775909424
endloop
endfacet
facet normal -2.563291045599301e-7 0.07323807584440795 -0.997314486130901
outer loop
vertex 57.662662506103516 -49.441375732421875 -13.253700256347656
vertex 14.685286521911621 42.700103759765625 -6.487253189086914
vertex 15.24782943725586 42.64284133911133 -6.491458415985107
endloop
endfacet
facet normal 1.5522640247401646e-7 0.07323826831442141 -0.9973144719968124
outer loop
vertex 13.890539169311523 42.97832107543945 -6.466822147369385
vertex 57.662662506103516 -49.441375732421875 -13.253700256347656
vertex 13.036702156066895 43.420352935791016 -6.434361457824707
endloop
endfacet
facet normal -2.727236029351128e-8 0.07323825880936348 -0.9973144726948325
outer loop
vertex -13.734378814697266 35.02301025390625 -7.051023960113525
vertex -20.527414321899414 42.902305603027344 -6.4724040031433105
vertex -20.053142547607422 43.0457878112793 -6.461867332458496
endloop
endfacet
facet normal 5.584220508662848e-7 0.0732387610499538 -0.9973144358122749
outer loop
vertex -13.734378814697266 35.02301025390625 -7.051023960113525
vertex -21.093778610229492 42.846675872802734 -6.476489543914795
vertex -20.527414321899414 42.902305603027344 -6.4724040031433105
endloop
endfacet
facet normal 8.57014919143208e-9 0.07323819544772513 -0.9973144773478226
outer loop
vertex -12.427772521972656 27.612878799438477 -7.595189571380615
vertex -28.617103576660156 42.80152893066406 -6.479804992675781
vertex -21.093778610229492 42.846675872802734 -6.476489543914795
endloop
endfacet
facet normal -5.193269168818121e-7 0.07323794588745527 -0.9973144956742163
outer loop
vertex 13.036702156066895 43.420352935791016 -6.434361457824707
vertex 57.662662506103516 -49.441375732421875 -13.253700256347656
vertex 12.752914428710938 43.587677001953125 -6.422073841094971
endloop
endfacet
facet normal -3.60944548884113e-7 0.07323802515511817 -0.9973144898532499
outer loop
vertex 14.124018669128418 42.869903564453125 -6.474783897399902
vertex 57.662662506103516 -49.441375732421875 -13.253700256347656
vertex 13.890539169311523 42.97832107543945 -6.466822147369385
endloop
endfacet
facet normal 5.402538116423233e-8 0.07323821982600838 -0.9973144755575919
outer loop
vertex 57.662662506103516 -49.441375732421875 -13.253700256347656
vertex 14.124018669128418 42.869903564453125 -6.474783897399902
vertex 14.685286521911621 42.700103759765625 -6.487253189086914
endloop
endfacet
facet normal -0.0000013929214905086861 0.07323752642193039 -0.9973145264768065
outer loop
vertex 57.662662506103516 -49.441375732421875 -13.253700256347656
vertex 12.299525260925293 43.958763122558594 -6.394822597503662
vertex 12.752914428710938 43.587677001953125 -6.422073841094971
endloop
endfacet
facet normal -9.74777130055009e-7 0.07323763090878221 -0.9973145188043333
outer loop
vertex 57.662662506103516 -49.441375732421875 -13.253700256347656
vertex 7.435125350952148 36.875099182128906 -6.915014743804932
vertex 6.624785900115967 38.61288070678711 -6.787400245666504
endloop
endfacet
facet normal 5.335390908008147e-7 0.07323850388990455 -0.9973144546970548
outer loop
vertex 57.662662506103516 -49.441375732421875 -13.253700256347656
vertex 7.931391716003418 35.02301025390625 -7.051023960113525
vertex 7.435125350952148 36.875099182128906 -6.915014743804932
endloop
endfacet
facet normal -4.4235805209664183e-7 0.07323793237939903 -0.9973144966662196
outer loop
vertex 7.931391716003418 35.02301025390625 -7.051023960113525
vertex 57.662662506103516 -49.441375732421875 -13.253700256347656
vertex 8.098505973815918 33.11288070678711 -7.1912946701049805
endloop
endfacet
facet normal -7.421279542710453e-8 0.07323815222193468 -0.9973144805221226
outer loop
vertex 57.662662506103516 -49.441375732421875 -13.253700256347656
vertex 7.931391716003418 31.202749252319336 -7.331565856933594
vertex 8.098505973815918 33.11288070678711 -7.1912946701049805
endloop
endfacet
facet normal 1.5815651507566946e-8 0.07323820744249766 -0.9973144764669815
outer loop
vertex 57.662662506103516 -49.441375732421875 -13.253700256347656
vertex 7.435125350952148 29.350656509399414 -7.4675750732421875
vertex 7.931391716003418 31.202749252319336 -7.331565856933594
endloop
endfacet
facet normal 4.1451901605258845e-8 0.07323822369717399 -0.9973144752733117
outer loop
vertex 57.662662506103516 -49.441375732421875 -13.253700256347656
vertex 6.624785900115967 27.612878799438477 -7.595189571380615
vertex 7.435125350952148 29.350656509399414 -7.4675750732421875
endloop
endfacet
facet normal 1.4178880375259266e-7 0.0732382898001334 -0.9973144704190006
outer loop
vertex 57.662662506103516 -49.441375732421875 -13.253700256347656
vertex 5.52499532699585 26.04221534729004 -7.710532188415527
vertex 6.624785900115967 27.612878799438477 -7.595189571380615
endloop
endfacet
facet normal -3.606920534948495e-8 0.0732381676098387 -0.9973144793921084
outer loop
vertex 57.662662506103516 -49.441375732421875 -13.253700256347656
vertex 4.169170379638672 24.686389923095703 -7.810097694396973
vertex 5.52499532699585 26.04221534729004 -7.710532188415527
endloop
endfacet
facet normal -9.583062905954317e-8 0.07323812471498144 -0.9973144825421035
outer loop
vertex 57.662662506103516 -49.441375732421875 -13.253700256347656
vertex 2.598506450653076 23.586599349975586 -7.8908610343933105
vertex 4.169170379638672 24.686389923095703 -7.810097694396973
endloop
endfacet
facet normal -9.940648168935363e-8 0.07323801306876275 -0.9973144907408745
outer loop
vertex -69.04576873779297 -52.10271453857422 -13.449136734008789
vertex -70.1194076538086 -49.02826690673828 -13.223363876342773
vertex -67.94112396240234 -53.08603286743164 -13.521347045898438
endloop
endfacet
facet normal 3.355510569389194e-7 0.0732381641471192 -0.9973144796463386
outer loop
vertex -70.1194076538086 -49.02826690673828 -13.223363876342773
vertex -69.04576873779297 -52.10271453857422 -13.449136734008789
vertex -69.78328704833984 -50.83585739135742 -13.356104850769043
endloop
endfacet
facet normal -4.256478501326293e-7 0.07323783887574191 -0.9973145035326768
outer loop
vertex -66.59485626220703 -53.672943115234375 -13.564447402954102
vertex -67.94112396240234 -53.08603286743164 -13.521347045898438
vertex -70.1194076538086 -49.02826690673828 -13.223363876342773
endloop
endfacet
facet normal -1.748292404293335e-7 0.07323810611075066 -0.9973144839083006
outer loop
vertex 57.662662506103516 -49.441375732421875 -13.253700256347656
vertex 7.883963584899902 48.37187957763672 -6.070744037628174
vertex 10.102479934692383 46.500160217285156 -6.208194732666016
endloop
endfacet
facet normal -3.166865160290058e-8 0.07323813623807833 -0.997314481695905
outer loop
vertex -61.191341400146484 -54.0850830078125 -13.59471321105957
vertex -66.59485626220703 -53.672943115234375 -13.564447402954102
vertex -70.1194076538086 -49.02826690673828 -13.223363876342773
endloop
endfacet
facet normal 3.6845275894972546e-9 0.07323819832111723 -0.997314477136814
outer loop
vertex -61.191341400146484 -54.0850830078125 -13.59471321105957
vertex -70.1194076538086 -49.02826690673828 -13.223363876342773
vertex -69.98137664794922 38.98936080932617 -6.759753227233887
endloop
endfacet
facet normal -2.771234741764673e-8 0.07323813003455974 -0.9973144821514626
outer loop
vertex 57.719356536865234 21.04128646850586 -8.077776908874512
vertex 19.964208602905273 42.609580993652344 -6.493900775909424
vertex 20.600263595581055 42.67320251464844 -6.48922872543335
endloop
endfacet
facet normal 4.39686650272539e-7 0.07323875256089664 -0.9973144364357364
outer loop
vertex 55.042545318603516 -53.588890075683594 -13.55827522277832
vertex -65.74075317382812 42.5869026184082 -6.495565891265869
vertex 55.818817138671875 -53.10434341430664 -13.52269172668457
endloop
endfacet
facet normal -3.448748764794256e-8 0.07323815343368752 -0.9973144804331392
outer loop
vertex 55.818817138671875 -53.10434341430664 -13.52269172668457
vertex -65.74075317382812 42.5869026184082 -6.495565891265869
vertex 57.136817932128906 -51.494876861572266 -13.404500007629395
endloop
endfacet
facet normal 1.631299713478684e-8 0.07323821942688924 -0.9973144755869027
outer loop
vertex 57.136817932128906 -51.494876861572266 -13.404500007629395
vertex -65.74075317382812 42.5869026184082 -6.495565891265869
vertex 57.662662506103516 -49.441375732421875 -13.253700256347656
endloop
endfacet
facet normal 2.533382070315732e-7 0.07323841728324954 -0.9973144610571836
outer loop
vertex 57.662662506103516 -49.441375732421875 -13.253700256347656
vertex -6.663715362548828 22.776260375976562 -7.950368881225586
vertex -4.811623573303223 22.279993057250977 -7.986812114715576
endloop
endfacet
facet normal -2.7080228735181005e-7 0.07323795292005462 -0.9973144951578747
outer loop
vertex -8.401494026184082 23.586599349975586 -7.8908610343933105
vertex -6.663715362548828 22.776260375976562 -7.950368881225586
vertex 57.662662506103516 -49.441375732421875 -13.253700256347656
endloop
endfacet
facet normal -5.811192216388425e-9 0.07323781433493545 -0.9973145053349227
outer loop
vertex -65.74075317382812 42.5869026184082 -6.495565891265869
vertex -52.72077941894531 42.662174224853516 -6.4900383949279785
vertex -52.5766487121582 42.54389190673828 -6.498724460601807
endloop
endfacet
facet normal -1.4347800386496338e-7 0.0732380734828464 -0.9973144863043455
outer loop
vertex 57.662662506103516 -49.441375732421875 -13.253700256347656
vertex -4.811623573303223 22.279993057250977 -7.986812114715576
vertex -2.901493549346924 22.112878799438477 -7.99908447265625
endloop
endfacet
facet normal 1.2369368168311392e-7 0.07323829840637425 -0.9973144697869992
outer loop
vertex 57.662662506103516 -49.441375732421875 -13.253700256347656
vertex -2.901493549346924 22.112878799438477 -7.99908447265625
vertex -0.9913635849952698 22.279993057250977 -7.986812114715576
endloop
endfacet
facet normal -1.5930077585990833e-7 0.07323806821373262 -0.997314486691282
outer loop
vertex 57.662662506103516 -49.441375732421875 -13.253700256347656
vertex -0.9913635849952698 22.279993057250977 -7.986812114715576
vertex 0.8607280254364014 22.776260375976562 -7.950368881225586
endloop
endfacet
facet normal 1.158378722901521e-7 0.07323828346003775 -0.997314470884592
outer loop
vertex 57.662662506103516 -49.441375732421875 -13.253700256347656
vertex 0.8607280254364014 22.776260375976562 -7.950368881225586
vertex 2.598506450653076 23.586599349975586 -7.8908610343933105
endloop
endfacet
facet normal -6.217533587960476e-8 0.07323814035353386 -0.9973144813936837
outer loop
vertex -13.734378814697266 31.202749252319336 -7.331565856933594
vertex -21.093778610229492 42.846675872802734 -6.476489543914795
vertex -13.901494026184082 33.11288070678711 -7.1912946701049805
endloop
endfacet
facet normal -2.617849157198241e-7 0.07323799365347126 -0.9973144921666112
outer loop
vertex -13.901494026184082 33.11288070678711 -7.1912946701049805
vertex -21.093778610229492 42.846675872802734 -6.476489543914795
vertex -13.734378814697266 35.02301025390625 -7.051023960113525
endloop
endfacet
facet normal -5.143935502393662e-7 0.07323787720911655 -0.9973145007176211
outer loop
vertex -13.734378814697266 35.02301025390625 -7.051023960113525
vertex -20.053142547607422 43.0457878112793 -6.461867332458496
vertex -19.13911247253418 43.391387939453125 -6.436488628387451
endloop
endfacet
facet normal 0.000004354767987848142 0.07324100509801532 -0.997314271006521
outer loop
vertex -13.734378814697266 35.02301025390625 -7.051023960113525
vertex -19.13911247253418 43.391387939453125 -6.436488628387451
vertex -19.05211639404297 43.41770553588867 -6.434555530548096
endloop
endfacet
facet normal 1.4060642567375588e-7 0.07323832422184905 -0.997314467891224
outer loop
vertex -13.238112449645996 36.875099182128906 -6.915014743804932
vertex -13.734378814697266 35.02301025390625 -7.051023960113525
vertex -18.534847259521484 43.693450927734375 -6.414306163787842
endloop
endfacet
facet normal -4.286761152911682e-7 0.07323808999692895 -0.9973144850915472
outer loop
vertex 2.709754228591919 50.96900939941406 -5.8800225257873535
vertex 6.624785900115967 38.61288070678711 -6.787400245666504
vertex 5.52499532699585 40.18354415893555 -6.672057628631592
endloop
endfacet
facet normal -1.8286586389607546e-7 0.07323814608909764 -0.9973144809724757
outer loop
vertex -13.734378814697266 35.02301025390625 -7.051023960113525
vertex -19.05211639404297 43.41770553588867 -6.434555530548096
vertex -18.534847259521484 43.693450927734375 -6.414306163787842
endloop
endfacet
facet normal 1.361940596259489e-7 0.0732383018415581 -0.9973144695347332
outer loop
vertex 57.946868896484375 22.18079376220703 -7.994096755981445
vertex 57.776611328125 21.621034622192383 -8.035202980041504
vertex 38.87103271484375 46.55289077758789 -6.20432186126709
endloop
endfacet
facet normal -5.918949966283026e-7 0.07323773502901648 -0.997314511158576
outer loop
vertex 58.093570709228516 22.45452117919922 -7.973995685577393
vertex 57.946868896484375 22.18079376220703 -7.994096755981445
vertex 38.87103271484375 46.55289077758789 -6.20432186126709
endloop
endfacet
facet normal -2.8141200171040175e-7 0.07323798136347132 -0.9973144930691245
outer loop
vertex 58.405643463134766 23.028446197509766 -7.931849479675293
vertex 58.093570709228516 22.45452117919922 -7.973995685577393
vertex 38.87103271484375 46.55289077758789 -6.20432186126709
endloop
endfacet
facet normal 6.242110859681114e-7 0.073238729355731 -0.9973144381397315
outer loop
vertex 58.535423278808594 23.270597457885742 -7.914066791534424
vertex 58.405643463134766 23.028446197509766 -7.931849479675293
vertex 38.87103271484375 46.55289077758789 -6.20432186126709
endloop
endfacet
facet normal 1.5753901885442384e-7 0.07323833731538595 -0.9973144669296906
outer loop
vertex 58.907508850097656 23.722768783569336 -7.880861282348633
vertex 58.535423278808594 23.270597457885742 -7.914066791534424
vertex 38.87103271484375 46.55289077758789 -6.20432186126709
endloop
endfacet
facet normal -3.0156437432022075e-7 0.07323793655215877 -0.9973144963598447
outer loop
vertex 59.360897064208984 24.093856811523438 -7.853610515594482
vertex 58.907508850097656 23.722768783569336 -7.880861282348633
vertex 38.87103271484375 46.55289077758789 -6.20432186126709
endloop
endfacet
facet normal -1.7198291034619703e-7 0.0732380541380336 -0.9973144877249327
outer loop
vertex 59.79144287109375 24.3233699798584 -7.836756229400635
vertex 59.360897064208984 24.093856811523438 -7.853610515594482
vertex 38.87103271484375 46.55289077758789 -6.20432186126709
endloop
endfacet
facet normal 2.1250998779824247e-8 0.07323823501684036 -0.9973144744420476
outer loop
vertex 67.4471435546875 27.792306900024414 -7.582013130187988
vertex 59.79144287109375 24.3233699798584 -7.836756229400635
vertex 38.87103271484375 46.55289077758789 -6.20432186126709
endloop
endfacet
facet normal 2.4123710749958874e-8 0.07323811439918186 -0.997314483299652
outer loop
vertex 69.51139068603516 29.875822067260742 -7.429009437561035
vertex 68.67936706542969 28.703977584838867 -7.515064239501953
vertex 69.74838256835938 33.60065460205078 -7.15547513961792
endloop
endfacet
facet normal 5.67873026157294e-7 0.0732380799887722 -0.9973144858264296
outer loop
vertex 69.51139068603516 29.875822067260742 -7.429009437561035
vertex 69.74838256835938 33.60065460205078 -7.15547513961792
vertex 70.01454162597656 32.13901138305664 -7.262811183929443
endloop
endfacet
facet normal 1.4143544459407817e-8 0.07323820147156095 -0.9973144769054597
outer loop
vertex 57.719356536865234 21.04128646850586 -8.077776908874512
vertex 20.600263595581055 42.67320251464844 -6.48922872543335
vertex 38.338829040527344 46.38831329345703 -6.216407775878906
endloop
endfacet
facet normal 1.5077218737499783e-7 0.07323831283671295 -0.9973144687272962
outer loop
vertex 38.87103271484375 46.55289077758789 -6.20432186126709
vertex 57.776611328125 21.621034622192383 -8.035202980041504
vertex 38.338829040527344 46.38831329345703 -6.216407775878906
endloop
endfacet
facet normal -4.779125551491796e-8 0.07323813041580542 -0.997314482123465
outer loop
vertex 67.4471435546875 27.792306900024414 -7.582013130187988
vertex 38.87103271484375 46.55289077758789 -6.20432186126709
vertex 43.70948028564453 48.55595779418945 -6.057226181030273
endloop
endfacet
facet normal -1.3636567543207498e-7 0.07323811021429719 -0.9973144836069613
outer loop
vertex -18.081459045410156 44.064537048339844 -6.387055397033691
vertex -13.238112449645996 36.875099182128906 -6.915014743804932
vertex -18.534847259521484 43.693450927734375 -6.414306163787842
endloop
endfacet
facet normal 3.5802896414475114e-7 0.07323860868929709 -0.997314447001109
outer loop
vertex -12.427772521972656 38.61288070678711 -6.787400245666504
vertex -18.081459045410156 44.064537048339844 -6.387055397033691
vertex -17.95926856994629 44.19388198852539 -6.377556800842285
endloop
endfacet
facet normal -7.344711614830546e-8 0.07324269356386004 -0.9973141470166285
outer loop
vertex -28.617103576660156 42.80152893066406 -6.479804992675781
vertex -51.82598876953125 42.39457702636719 -6.509689807891846
vertex -51.638397216796875 42.451480865478516 -6.5055108070373535
endloop
endfacet
facet normal -2.2373244088167004e-8 0.07323935265219148 -0.9973143923673655
outer loop
vertex -28.617103576660156 42.80152893066406 -6.479804992675781
vertex -51.638397216796875 42.451480865478516 -6.5055108070373535
vertex -51.465511322021484 42.54389190673828 -6.498724460601807
endloop
endfacet
facet normal 6.541592470039836e-9 0.07323680210898331 -0.997314579667243
outer loop
vertex -28.617103576660156 42.80152893066406 -6.479804992675781
vertex -51.465511322021484 42.54389190673828 -6.498724460601807
vertex -51.312278747558594 42.670318603515625 -6.489440441131592
endloop
endfacet
facet normal -0.00000946034835099527 0.07322742739367152 -0.9973152680009498
outer loop
vertex 67.4471435546875 27.792306900024414 -7.582013130187988
vertex 43.70948028564453 48.55595779418945 -6.057226181030273
vertex 43.745933532714844 48.54490280151367 -6.058038234710693
endloop
endfacet
facet normal 4.18375212900744e-7 0.07323864921787747 -0.997314444024835
outer loop
vertex 67.4471435546875 27.792306900024414 -7.582013130187988
vertex 43.745933532714844 48.54490280151367 -6.058038234710693
vertex 43.94102096557617 48.52568817138672 -6.059449195861816
endloop
endfacet
facet normal -3.343196941769624e-7 0.07323780043993376 -0.9973145063552464
outer loop
vertex 67.4471435546875 27.792306900024414 -7.582013130187988
vertex 43.94102096557617 48.52568817138672 -6.059449195861816
vertex 44.136112213134766 48.54490280151367 -6.058038234710693
endloop
endfacet
facet normal 9.732709273341955e-7 0.07323926135538898 -0.9973143990714112
outer loop
vertex 67.4471435546875 27.792306900024414 -7.582013130187988
vertex 44.136112213134766 48.54490280151367 -6.058038234710693
vertex 44.323707580566406 48.601806640625 -6.053859233856201
endloop
endfacet
facet normal 3.7941490676398406e-7 0.07323860500447321 -0.9973144472716992
outer loop
vertex 67.4471435546875 27.792306900024414 -7.582013130187988
vertex 44.323707580566406 48.601806640625 -6.053859233856201
vertex 44.4965934753418 48.694217681884766 -6.047072887420654
endloop
endfacet
facet normal -8.923872224143167e-7 0.07323721604069294 -0.997314549270095
outer loop
vertex 67.4471435546875 27.792306900024414 -7.582013130187988
vertex 44.4965934753418 48.694217681884766 -6.047072887420654
vertex 44.648128509521484 48.818580627441406 -6.037940502166748
endloop
endfacet
facet normal 0.0000013513318100004998 0.07323963587971835 -0.9973143715671505
outer loop
vertex 44.648128509521484 48.818580627441406 -6.037940502166748
vertex 44.772491455078125 48.970115661621094 -6.0268120765686035
vertex 67.4471435546875 27.792306900024414 -7.582013130187988
endloop
endfacet
facet normal 4.107938075776782e-7 0.07323863426626667 -0.9973144451228224
outer loop
vertex 67.4471435546875 27.792306900024414 -7.582013130187988
vertex 44.772491455078125 48.970115661621094 -6.0268120765686035
vertex 44.790321350097656 49.00347137451172 -6.024362564086914
endloop
endfacet
facet normal -9.798718242183093e-9 0.07323818911921401 -0.9973144778125594
outer loop
vertex 68.67936706542969 28.703977584838867 -7.515064239501953
vertex 67.4471435546875 27.792306900024414 -7.582013130187988
vertex 62.09501266479492 51.61541748046875 -5.832553386688232
endloop
endfacet
facet normal -1.4370732332268963e-7 0.07323815084259608 -0.9973144806234072
outer loop
vertex 69.74838256835938 33.60065460205078 -7.15547513961792
vertex 68.67936706542969 28.703977584838867 -7.515064239501953
vertex 62.09501266479492 51.61541748046875 -5.832553386688232
endloop
endfacet
facet normal 1.7154558490992602e-10 0.07323825590865968 -0.9973144729078475
outer loop
vertex -12.427772521972656 38.61288070678711 -6.787400245666504
vertex -17.95926856994629 44.19388198852539 -6.377556800842285
vertex -15.911906242370605 46.49472427368164 -6.208593368530273
endloop
endfacet
facet normal -1.0736491272929274e-7 0.07323814524142454 -0.9973144810347359
outer loop
vertex -11.327982902526855 40.18354415893555 -6.672057628631592
vertex -15.911906242370605 46.49472427368164 -6.208593368530273
vertex -13.68695068359375 48.37187957763672 -6.070744037628174
endloop
endfacet
facet normal 1.1681451412361617e-7 0.07323830719359423 -0.9973144691417061
outer loop
vertex -11.327982902526855 40.18354415893555 -6.672057628631592
vertex -12.427772521972656 38.61288070678711 -6.787400245666504
vertex -15.911906242370605 46.49472427368164 -6.208593368530273
endloop
endfacet
facet normal 4.5431081687336546e-8 0.07323818902413118 -0.9973144778195409
outer loop
vertex -9.97215747833252 41.53936767578125 -6.5724921226501465
vertex -11.327982902526855 40.18354415893555 -6.672057628631592
vertex -13.68695068359375 48.37187957763672 -6.070744037628174
endloop
endfacet
facet normal -1.5408505943118701e-7 0.07323808113031977 -0.9973144857427495
outer loop
vertex -9.97215747833252 41.53936767578125 -6.5724921226501465
vertex -13.68695068359375 48.37187957763672 -6.070744037628174
vertex -8.401494026184082 42.63916015625 -6.491728782653809
endloop
endfacet
facet normal 3.9945678403209046e-7 0.07323855601207051 -0.9973144508694874
outer loop
vertex 57.662662506103516 -49.441375732421875 -13.253700256347656
vertex -9.97215747833252 24.686389923095703 -7.810097694396973
vertex -8.401494026184082 23.586599349975586 -7.8908610343933105
endloop
endfacet
facet normal -5.425204366440185e-8 0.07323814426464363 -0.9973144811064704
outer loop
vertex 57.662662506103516 -49.441375732421875 -13.253700256347656
vertex -28.617103576660156 42.80152893066406 -6.479804992675781
vertex -9.97215747833252 24.686389923095703 -7.810097694396973
endloop
endfacet
facet normal 1.707063102564444e-8 0.07323824046832271 -0.9973144740417157
outer loop
vertex 2.598506450653076 42.63916015625 -6.491728782653809
vertex -0.11754290759563446 51.62973403930664 -5.8315019607543945
vertex 2.709754228591919 50.96900939941406 -5.8800225257873535
endloop
endfacet
facet normal -7.044543300815152e-9 0.0732382159716717 -0.9973144758406381
outer loop
vertex -8.401494026184082 42.63916015625 -6.491728782653809
vertex -13.68695068359375 48.37187957763672 -6.070744037628174
vertex -11.201974868774414 49.874088287353516 -5.960428714752197
endloop
endfacet
facet normal 5.9214903610631825e-8 0.07323824148167025 -0.9973144739672983
outer loop
vertex -8.401494026184082 42.63916015625 -6.491728782653809
vertex -11.201974868774414 49.874088287353516 -5.960428714752197
vertex -8.512741088867188 50.96900939941406 -5.8800225257873535
endloop
endfacet
facet normal 2.1493321025499477e-7 0.07323824355016775 -0.997314473815376
outer loop
vertex -6.663715362548828 43.44949722290039 -6.432220935821533
vertex -8.401494026184082 42.63916015625 -6.491728782653809
vertex -8.512741088867188 50.96900939941406 -5.8800225257873535
endloop
endfacet
facet normal -1.0972139081603573e-7 0.0732381641467696 -0.9973144796464146
outer loop
vertex -4.811623573303223 43.945762634277344 -6.395777702331543
vertex -6.663715362548828 43.44949722290039 -6.432220935821533
vertex -8.512741088867188 50.96900939941406 -5.8800225257873535
endloop
endfacet
facet normal -1.661634088853042e-8 0.0732382307263085 -0.9973144747571248
outer loop
vertex -2.901493549346924 44.11288070678711 -6.383505344390869
vertex -4.811623573303223 43.945762634277344 -6.395777702331543
vertex -5.682499885559082 51.63042068481445 -5.831451416015625
endloop
endfacet
facet normal 1.7727921921335703e-8 0.07323824336332856 -0.9973144738291194
outer loop
vertex -0.9913635849952698 43.945762634277344 -6.395777702331543
vertex -2.901493549346924 44.11288070678711 -6.383505344390869
vertex -5.682499885559082 51.63042068481445 -5.831451416015625
endloop
endfacet
facet normal 1.3552611202458789e-7 0.07323825993490293 -0.9973144726121692
outer loop
vertex 0.8607280254364014 43.44949722290039 -6.432220935821533
vertex -0.9913635849952698 43.945762634277344 -6.395777702331543
vertex -3.0163493156433105 51.84025192260742 -5.816042423248291
endloop
endfacet
facet normal 2.6593633931736327e-8 0.07323823559688296 -0.9973144743994518
outer loop
vertex -5.682499885559082 51.63042068481445 -5.831451416015625
vertex -4.811623573303223 43.945762634277344 -6.395777702331543
vertex -8.512741088867188 50.96900939941406 -5.8800225257873535
endloop
endfacet
facet normal -2.0568685312173813e-8 0.07323822011037899 -0.99731447553671
outer loop
vertex -3.0163493156433105 51.84025192260742 -5.816042423248291
vertex -0.9913635849952698 43.945762634277344 -6.395777702331543
vertex -5.682499885559082 51.63042068481445 -5.831451416015625
endloop
endfacet
facet normal -2.1953376211605108e-8 0.07323822874241823 -0.9973144749028127
outer loop
vertex -3.0163493156433105 51.84025192260742 -5.816042423248291
vertex -0.11754290759563446 51.62973403930664 -5.8315019607543945
vertex 2.598506450653076 42.63916015625 -6.491728782653809
endloop
endfacet
facet normal 1.5995217735042941e-9 0.07323819952759007 -0.9973144770482163
outer loop
vertex 44.790321350097656 49.00347137451172 -6.024362564086914
vertex 57.12691879272461 54.11134338378906 -5.649263858795166
vertex 67.4471435546875 27.792306900024414 -7.582013130187988
endloop
endfacet
facet normal -9.547395531805e-8 0.07323816166729391 -0.9973144798284974
outer loop
vertex 67.4471435546875 27.792306900024414 -7.582013130187988
vertex 57.12691879272461 54.11134338378906 -5.649263858795166
vertex 58.573036193847656 54.13313674926758 -5.647663593292236
endloop
endfacet
facet normal -2.826946078178869e-8 0.07323818418674488 -0.997314478174777
outer loop
vertex 67.4471435546875 27.792306900024414 -7.582013130187988
vertex 58.573036193847656 54.13313674926758 -5.647663593292236
vertex 59.98439025878906 53.69473648071289 -5.6798577308654785
endloop
endfacet
facet normal -2.3837877900386865e-7 0.07323813804156862 -0.9973144815634372
outer loop
vertex 62.09501266479492 51.61541748046875 -5.832553386688232
vertex 67.4471435546875 27.792306900024414 -7.582013130187988
vertex 61.18984603881836 52.83884811401367 -5.742710113525391
endloop
endfacet
facet normal 1.309881828761124e-7 0.07323822982437769 -0.99731447482335
outer loop
vertex 59.98439025878906 53.69473648071289 -5.6798577308654785
vertex 61.18984603881836 52.83884811401367 -5.742710113525391
vertex 67.4471435546875 27.792306900024414 -7.582013130187988
endloop
endfacet
facet normal -1.2463172123183934e-9 0.0732382017812103 -0.9973144768827207
outer loop
vertex -61.191341400146484 -54.0850830078125 -13.59471321105957
vertex -65.74075317382812 42.5869026184082 -6.495565891265869
vertex 55.042545318603516 -53.588890075683594 -13.55827522277832
endloop
endfacet
facet normal 2.002083737085627e-9 0.07323744492028711 -0.9973145324628273
outer loop
vertex 52.99720764160156 -54.08621597290039 -13.594796180725098
vertex -61.191341400146484 -54.0850830078125 -13.59471321105957
vertex 55.042545318603516 -53.588890075683594 -13.55827522277832
endloop
endfacet
facet normal -2.202625212293437e-7 0.0732380232042684 -0.9973144899965519
outer loop
vertex 57.776611328125 21.621034622192383 -8.035202980041504
vertex 57.719356536865234 21.04128646850586 -8.077776908874512
vertex 38.338829040527344 46.38831329345703 -6.216407775878906
endloop
endfacet
facet normal -4.478958680541976e-8 0.07323818966220175 -0.9973144777726839
outer loop
vertex 5.52499532699585 40.18354415893555 -6.672057628631592
vertex 4.169170379638672 41.53936767578125 -6.5724921226501465
vertex 2.709754228591919 50.96900939941406 -5.8800225257873535
endloop
endfacet
facet normal -3.013918280208931e-7 0.07323805913311715 -0.9973144873580867
outer loop
vertex 0.8607280254364014 43.44949722290039 -6.432220935821533
vertex -3.0163493156433105 51.84025192260742 -5.816042423248291
vertex 2.598506450653076 42.63916015625 -6.491728782653809
endloop
endfacet
facet normal -1.0457280895296578e-7 0.07323813151748297 -0.9973144820425586
outer loop
vertex -13.238112449645996 36.875099182128906 -6.915014743804932
vertex -18.081459045410156 44.064537048339844 -6.387055397033691
vertex -12.427772521972656 38.61288070678711 -6.787400245666504
endloop
endfacet
facet normal 0 0 1
outer loop
vertex -27.901493072509766 25.212879180908203 -4.099999904632568
vertex -68.11149597167969 -49.34712219238281 -4.099999904632568
vertex -17.901493072509766 25.212879180908203 -4.099999904632568
endloop
endfacet
facet normal -0.9862009536384775 0.16555264734385197 0
outer loop
vertex 51.19668197631836 -50.04427719116211 -4.099999904632568
vertex 51.19668197631836 -50.04427719116211 -0.5
vertex 51.2813606262207 -49.53984451293945 -0.5
endloop
endfacet
facet normal 0.6016001813100477 -0.7987973596900014 0
outer loop
vertex -67.24290466308594 39.66682815551758 -0.5
vertex -67.24290466308594 39.66682815551758 -4.099999904632568
vertex -66.8343276977539 39.97454071044922 -4.099999904632568
endloop
endfacet
facet normal 0.44014141782829763 -0.8979284672578857 0
outer loop
vertex -66.37504577636719 40.199668884277344 -0.5
vertex -66.8343276977539 39.97454071044922 -4.099999904632568
vertex -66.37504577636719 40.199668884277344 -4.099999904632568
endloop
endfacet
facet normal 0.26288327756648866 -0.9648276438700853 0
outer loop
vertex -66.37504577636719 40.199668884277344 -0.5
vertex -66.37504577636719 40.199668884277344 -4.099999904632568
vertex -65.88153839111328 40.33413314819336 -4.099999904632568
endloop
endfacet
facet normal 0.9999999993653482 0.00003562728815587738 0
outer loop
vertex -68.11461639404297 37.866554260253906 -4.099999904632568
vertex -68.11461639404297 37.866554260253906 -0.5
vertex -68.11381530761719 15.381361961364746 -0.5
endloop
endfacet
facet normal 0.8547094015637821 -0.5191067702106008 0
outer loop
vertex -67.85163879394531 38.850399017333984 -0.5
vertex -67.85163879394531 38.850399017333984 -4.099999904632568
vertex -67.58612060546875 39.287574768066406 -4.099999904632568
endloop
endfacet
facet normal -0.262885169177651 0.9648271284672907 0
outer loop
vertex 49.048282623291016 -52.007423400878906 -4.099999904632568
vertex 49.048282623291016 -52.007423400878906 -0.5
vertex 49.541786193847656 -51.87295913696289 -0.5
endloop
endfacet
facet normal 0.9372773928934326 -0.3485844069531652 0
outer loop
vertex -68.02993774414062 38.37098693847656 -0.5
vertex -68.02993774414062 38.37098693847656 -4.099999904632568
vertex -67.85163879394531 38.850399017333984 -4.099999904632568
endloop
endfacet
facet normal 0.9862009536384775 -0.16555264734385197 0
outer loop
vertex -68.11461639404297 37.866554260253906 -0.5
vertex -68.11461639404297 37.866554260253906 -4.099999904632568
vertex -68.02993774414062 38.37098693847656 -0.5
endloop
endfacet
facet normal 0.9372773928934326 -0.3485844069531652 0
outer loop
vertex -67.85163879394531 38.850399017333984 -4.099999904632568
vertex -67.85163879394531 38.850399017333984 -0.5
vertex -68.02993774414062 38.37098693847656 -0.5
endloop
endfacet
facet normal 0.8547094015637821 -0.5191067702106008 0
outer loop
vertex -67.58612060546875 39.287574768066406 -4.099999904632568
vertex -67.58612060546875 39.287574768066406 -0.5
vertex -67.85163879394531 38.850399017333984 -0.5
endloop
endfacet
facet normal 0.7414560897663475 -0.6710013911672599 0
outer loop
vertex -67.24290466308594 39.66682815551758 -4.099999904632568
vertex -67.24290466308594 39.66682815551758 -0.5
vertex -67.58612060546875 39.287574768066406 -0.5
endloop
endfacet
facet normal 0.6016001813100477 -0.7987973596900014 0
outer loop
vertex -66.8343276977539 39.97454071044922 -4.099999904632568
vertex -66.8343276977539 39.97454071044922 -0.5
vertex -67.24290466308594 39.66682815551758 -0.5
endloop
endfacet
facet normal 0.44014141782829763 -0.8979284672578857 0
outer loop
vertex -66.8343276977539 39.97454071044922 -0.5
vertex -66.8343276977539 39.97454071044922 -4.099999904632568
vertex -66.37504577636719 40.199668884277344 -0.5
endloop
endfacet
facet normal 0.26288327756648866 -0.9648276438700853 0
outer loop
vertex -65.88153839111328 40.33413314819336 -4.099999904632568
vertex -65.88153839111328 40.33413314819336 -0.5
vertex -66.37504577636719 40.199668884277344 -0.5
endloop
endfacet
facet normal 0 0 1
outer loop
vertex 59.02693176269531 51.71944808959961 -4.099999904632568
vertex 67.7831802368164 30.651853561401367 -4.099999904632568
vertex 59.469844818115234 51.4636116027832 -4.099999904632568
endloop
endfacet
facet normal 0.9862009536384775 -0.16555264734385197 0
outer loop
vertex -68.02993774414062 38.37098693847656 -0.5
vertex -68.11461639404297 37.866554260253906 -4.099999904632568
vertex -68.02993774414062 38.37098693847656 -4.099999904632568
endloop
endfacet
facet normal 0 0 1
outer loop
vertex 58.54371643066406 51.88715744018555 -4.099999904632568
vertex 67.52733612060547 30.208940505981445 -4.099999904632568
vertex 59.02693176269531 51.71944808959961 -4.099999904632568
endloop
endfacet
facet normal 0 0 1
outer loop
vertex 12.398716926574707 40.37382888793945 -4.099999904632568
vertex 9.713157653808594 34.56898498535156 -4.099999904632568
vertex 20.75596046447754 40.37382888793945 -4.099999904632568
endloop
endfacet
facet normal 0 0 1
outer loop
vertex 9.713157653808594 34.56898498535156 -4.099999904632568
vertex 9.866315841674805 33.11288070678711 -4.099999904632568
vertex 20.75596046447754 40.37382888793945 -4.099999904632568
endloop
endfacet
facet normal 0 0 1
outer loop
vertex 9.866315841674805 33.11288070678711 -4.099999904632568
vertex 9.713157653808594 31.656770706176758 -4.099999904632568
vertex 20.75596046447754 40.37382888793945 -4.099999904632568
endloop
endfacet
facet normal 0 0 1
outer loop
vertex 11.895339012145996 40.37382888793945 -4.099999904632568
vertex 9.713157653808594 34.56898498535156 -4.099999904632568
vertex 12.398716926574707 40.37382888793945 -4.099999904632568
endloop
endfacet
facet normal -0.44014141782829763 0.8979284672578857 0
outer loop
vertex 49.541786193847656 -51.87295913696289 -4.099999904632568
vertex 49.541786193847656 -51.87295913696289 -0.5
vertex 50.001068115234375 -51.647830963134766 -0.5
endloop
endfacet
facet normal 0 0 1
outer loop
vertex 7.801114082336426 40.10469055175781 -4.099999904632568
vertex 11.895339012145996 40.37382888793945 -4.099999904632568
vertex 7.629619121551514 40.37382888793945 -4.099999904632568
endloop
endfacet
facet normal 0 0 1
outer loop
vertex 7.801114082336426 40.10469055175781 -4.099999904632568
vertex 9.307066917419434 36.670745849609375 -4.099999904632568
vertex 11.895339012145996 40.37382888793945 -4.099999904632568
endloop
endfacet
facet normal 0 0 1
outer loop
vertex 9.307066917419434 36.670745849609375 -4.099999904632568
vertex 9.713157653808594 34.56898498535156 -4.099999904632568
vertex 11.895339012145996 40.37382888793945 -4.099999904632568
endloop
endfacet
facet normal -0.6015965973303075 0.7988000588887032 0
outer loop
vertex 50.001068115234375 -51.647830963134766 -4.099999904632568
vertex 50.001068115234375 -51.647830963134766 -0.5
vertex 50.40964889526367 -51.340118408203125 -0.5
endloop
endfacet
facet normal -0.7414598002092213 0.6709972911075734 0
outer loop
vertex 50.40964889526367 -51.340118408203125 -4.099999904632568
vertex 50.40964889526367 -51.340118408203125 -0.5
vertex 50.75286102294922 -50.96086502075195 -0.5
endloop
endfacet
facet normal 0 0 1
outer loop
vertex 9.713157653808594 31.656770706176758 -4.099999904632568
vertex 9.307066917419434 29.555011749267578 -4.099999904632568
vertex 20.75596046447754 40.37382888793945 -4.099999904632568
endloop
endfacet
facet normal 0 0 1
outer loop
vertex 9.307066917419434 29.555011749267578 -4.099999904632568
vertex 7.801114082336426 26.12106704711914 -4.099999904632568
vertex 20.75596046447754 40.37382888793945 -4.099999904632568
endloop
endfacet
facet normal 0 0 1
outer loop
vertex 7.801114082336426 26.12106704711914 -4.099999904632568
vertex 7.577335834503174 25.76987648010254 -4.099999904632568
vertex 20.75596046447754 40.37382888793945 -4.099999904632568
endloop
endfacet
facet normal -0.8547094015637821 0.5191067702106008 0
outer loop
vertex 50.75286102294922 -50.96086502075195 -4.099999904632568
vertex 50.75286102294922 -50.96086502075195 -0.5
vertex 51.01837921142578 -50.52368927001953 -0.5
endloop
endfacet
facet normal 0.9999999993594806 0.00003577904851857922 9.478780649436444e-7
outer loop
vertex -68.11381530761719 15.381361961364746 -0.5
vertex -68.11149597167969 -49.34712219238281 -4.099999904632568
vertex -68.11461639404297 37.866554260253906 -4.099999904632568
endloop
endfacet
facet normal 0 0 1
outer loop
vertex 58.037540435791016 51.96072006225586 -4.099999904632568
vertex 67.19255828857422 29.822229385375977 -4.099999904632568
vertex 58.54371643066406 51.88715744018555 -4.099999904632568
endloop
endfacet
facet normal 0 0 1
outer loop
vertex 59.8565559387207 51.12882614135742 -4.099999904632568
vertex 68.001220703125 32.1522102355957 -4.099999904632568
vertex 60.17318344116211 50.727115631103516 -4.099999904632568
endloop
endfacet
facet normal 0 0 1
outer loop
vertex 59.469844818115234 51.4636116027832 -4.099999904632568
vertex 68.02444458007812 31.641244888305664 -4.099999904632568
vertex 59.8565559387207 51.12882614135742 -4.099999904632568
endloop
endfacet
facet normal 0 0 1
outer loop
vertex 60.17318344116211 50.727115631103516 -4.099999904632568
vertex 67.88203430175781 32.64962387084961 -4.099999904632568
vertex 60.38949966430664 50.31918716430664 -4.099999904632568
endloop
endfacet
facet normal 0.39038918687687363 -0.920649924113185 0
outer loop
vertex 39.35960006713867 44.32577133178711 -4.099999904632568
vertex 57.02915954589844 51.81830978393555 -4.099999904632568
vertex 39.35960006713867 44.32577133178711 -0.5
endloop
endfacet
facet normal 0.39038918687687363 -0.920649924113185 0
outer loop
vertex 57.02915954589844 51.81830978393555 -4.099999904632568
vertex 57.02915954589844 51.81830978393555 -0.5
vertex 39.35960006713867 44.32577133178711 -0.5
endloop
endfacet
facet normal -0.393028516726408 0.919526282952173 0
outer loop
vertex 66.79084014892578 29.50560188293457 -0.5
vertex 66.79084014892578 29.50560188293457 -4.099999904632568
vertex 52.139854431152344 23.243404388427734 -4.099999904632568
endloop
endfacet
facet normal -0.6190197424607408 0.7853754251591007 0
outer loop
vertex 67.19255828857422 29.822229385375977 -0.5
vertex 67.19255828857422 29.822229385375977 -4.099999904632568
vertex 66.79084014892578 29.50560188293457 -4.099999904632568
endloop
endfacet
facet normal -0.7560487327812228 0.6545153272918116 0
outer loop
vertex 67.52733612060547 30.208940505981445 -0.5
vertex 67.52733612060547 30.208940505981445 -4.099999904632568
vertex 67.19255828857422 29.822229385375977 -4.099999904632568
endloop
endfacet
facet normal -0.865916901290261 0.5001878847591896 0
outer loop
vertex 67.7831802368164 30.651853561401367 -0.5
vertex 67.7831802368164 30.651853561401367 -4.099999904632568
vertex 67.52733612060547 30.208940505981445 -4.099999904632568
endloop
endfacet
facet normal -0.9447183340742269 0.3278830115514029 0
outer loop
vertex 67.7831802368164 30.651853561401367 -0.5
vertex 67.95088958740234 31.135068893432617 -4.099999904632568
vertex 67.7831802368164 30.651853561401367 -4.099999904632568
endloop
endfacet
facet normal -0.9896060926427056 0.14380466405661763 0
outer loop
vertex 68.02444458007812 31.641244888305664 -0.5
vertex 68.02444458007812 31.641244888305664 -4.099999904632568
vertex 67.95088958740234 31.135068893432617 -4.099999904632568
endloop
endfacet
facet normal -0.9989687016651456 -0.04540410877281158 0
outer loop
vertex 68.001220703125 32.1522102355957 -0.5
vertex 68.001220703125 32.1522102355957 -4.099999904632568
vertex 68.02444458007812 31.641244888305664 -4.099999904632568
endloop
endfacet
facet normal -0.9724728056683943 -0.23301639906976787 0
outer loop
vertex 68.001220703125 32.1522102355957 -0.5
vertex 67.88203430175781 32.64962387084961 -4.099999904632568
vertex 68.001220703125 32.1522102355957 -4.099999904632568
endloop
endfacet
facet normal 0.16555264734385197 0.9862009536384775 0
outer loop
vertex -66.10865020751953 -51.95529556274414 -4.099999904632568
vertex -66.10865020751953 -51.95529556274414 -0.5
vertex -65.60421752929688 -52.039974212646484 -0.5
endloop
endfacet
facet normal 0.34858684363133263 0.9372764866607637 0
outer loop
vertex -66.58805847167969 -51.77699661254883 -4.099999904632568
vertex -66.58805847167969 -51.77699661254883 -0.5
vertex -66.10865020751953 -51.95529556274414 -0.5
endloop
endfacet
facet normal 0.6710010015697954 0.7414564423432651 0
outer loop
vertex -67.02523803710938 -51.511474609375 -0.5
vertex -67.02523803710938 -51.511474609375 -4.099999904632568
vertex -67.40448760986328 -51.16826248168945 -0.5
endloop
endfacet
facet normal 0.7987937756968708 0.6016049400627769 0
outer loop
vertex -67.71220397949219 -50.75968551635742 -4.099999904632568
vertex -67.71220397949219 -50.75968551635742 -0.5
vertex -67.40448760986328 -51.16826248168945 -0.5
endloop
endfacet
facet normal 0.9648290200702896 0.26287822661872295 0
outer loop
vertex -67.93733215332031 -50.30039978027344 -0.5
vertex -67.93733215332031 -50.30039978027344 -4.099999904632568
vertex -68.07179260253906 -49.8068962097168 -0.5
endloop
endfacet
facet normal 0.8979299120407475 0.4401384703277997 0
outer loop
vertex -67.71220397949219 -50.75968551635742 -0.5
vertex -67.71220397949219 -50.75968551635742 -4.099999904632568
vertex -67.93733215332031 -50.30039978027344 -0.5
endloop
endfacet
facet normal 0.5191089094606629 0.854708102289057 0
outer loop
vertex -67.02523803710938 -51.511474609375 -4.099999904632568
vertex -67.02523803710938 -51.511474609375 -0.5
vertex -66.58805847167969 -51.77699661254883 -0.5
endloop
endfacet
facet normal -0.6190197424607408 0.7853754251591007 0
outer loop
vertex 66.79084014892578 29.50560188293457 -4.099999904632568
vertex 66.79084014892578 29.50560188293457 -0.5
vertex 67.19255828857422 29.822229385375977 -0.5
endloop
endfacet
facet normal -0.7560487327812228 0.6545153272918116 0
outer loop
vertex 67.19255828857422 29.822229385375977 -4.099999904632568
vertex 67.19255828857422 29.822229385375977 -0.5
vertex 67.52733612060547 30.208940505981445 -0.5
endloop
endfacet
facet normal -0.865916901290261 0.5001878847591896 0
outer loop
vertex 67.52733612060547 30.208940505981445 -4.099999904632568
vertex 67.52733612060547 30.208940505981445 -0.5
vertex 67.7831802368164 30.651853561401367 -0.5
endloop
endfacet
facet normal -0.9447183340742269 0.3278830115514029 0
outer loop
vertex 67.95088958740234 31.135068893432617 -0.5
vertex 67.95088958740234 31.135068893432617 -4.099999904632568
vertex 67.7831802368164 30.651853561401367 -0.5
endloop
endfacet
facet normal -0.9896060926427056 0.14380466405661763 0
outer loop
vertex 67.95088958740234 31.135068893432617 -4.099999904632568
vertex 67.95088958740234 31.135068893432617 -0.5
vertex 68.02444458007812 31.641244888305664 -0.5
endloop
endfacet
facet normal -0.9989687016651456 -0.04540410877281158 0
outer loop
vertex 68.02444458007812 31.641244888305664 -4.099999904632568
vertex 68.02444458007812 31.641244888305664 -0.5
vertex 68.001220703125 32.1522102355957 -0.5
endloop
endfacet
facet normal -0.9724728056683943 -0.23301639906976787 0
outer loop
vertex 67.88203430175781 32.64962387084961 -0.5
vertex 67.88203430175781 32.64962387084961 -4.099999904632568
vertex 68.001220703125 32.1522102355957 -0.5
endloop
endfacet
facet normal 0.9962922091356845 0.0860339120087964 0
outer loop
vertex -68.07179260253906 -49.8068962097168 -0.5
vertex -68.07179260253906 -49.8068962097168 -4.099999904632568
vertex -68.11149597167969 -49.34712219238281 -4.099999904632568
endloop
endfacet
facet normal 0.16555264734385197 0.9862009536384775 0
outer loop
vertex -65.60421752929688 -52.039974212646484 -0.5
vertex -65.60421752929688 -52.039974212646484 -4.099999904632568
vertex -66.10865020751953 -51.95529556274414 -4.099999904632568
endloop
endfacet
facet normal 0.34858684363133263 0.9372764866607637 0
outer loop
vertex -66.10865020751953 -51.95529556274414 -0.5
vertex -66.10865020751953 -51.95529556274414 -4.099999904632568
vertex -66.58805847167969 -51.77699661254883 -4.099999904632568
endloop
endfacet
facet normal 0.7987937756968708 0.6016049400627769 0
outer loop
vertex -67.40448760986328 -51.16826248168945 -0.5
vertex -67.40448760986328 -51.16826248168945 -4.099999904632568
vertex -67.71220397949219 -50.75968551635742 -4.099999904632568
endloop
endfacet
facet normal 0.6710010015697954 0.7414564423432651 0
outer loop
vertex -67.40448760986328 -51.16826248168945 -0.5
vertex -67.02523803710938 -51.511474609375 -4.099999904632568
vertex -67.40448760986328 -51.16826248168945 -4.099999904632568
endloop
endfacet
facet normal 0.9648290200702896 0.26287822661872295 0
outer loop
vertex -68.07179260253906 -49.8068962097168 -0.5
vertex -67.93733215332031 -50.30039978027344 -4.099999904632568
vertex -68.07179260253906 -49.8068962097168 -4.099999904632568
endloop
endfacet
facet normal 0.8979299120407475 0.4401384703277997 0
outer loop
vertex -67.93733215332031 -50.30039978027344 -0.5
vertex -67.71220397949219 -50.75968551635742 -4.099999904632568
vertex -67.93733215332031 -50.30039978027344 -4.099999904632568
endloop
endfacet
facet normal 0.5191089094606629 0.854708102289057 0
outer loop
vertex -66.58805847167969 -51.77699661254883 -0.5
vertex -66.58805847167969 -51.77699661254883 -4.099999904632568
vertex -67.02523803710938 -51.511474609375 -4.099999904632568
endloop
endfacet
facet normal 0 0 1
outer loop
vertex -65.60421752929688 -52.039974212646484 -4.099999904632568
vertex -24.99906349182129 -52.047122955322266 -4.099999904632568
vertex -24.716493606567383 -24.407121658325195 -4.099999904632568
endloop
endfacet
facet normal 0 -1 0
outer loop
vertex -27.901493072509766 40.37382888793945 -4.099999904632568
vertex -27.901493072509766 40.37382888793945 -0.5
vertex -32.477134704589844 40.37382888793945 -0.5
endloop
endfacet
facet normal 0 0 1
outer loop
vertex 28.283506393432617 -24.407121658325195 -4.099999904632568
vertex 28.552682876586914 -52.05329895019531 -4.099999904632568
vertex 48.588504791259766 -52.047122955322266 -4.099999904632568
endloop
endfacet
facet normal 0 0 1
outer loop
vertex 21.07201385498047 40.46126937866211 -4.099999904632568
vertex 48.588504791259766 -52.047122955322266 -4.099999904632568
vertex 49.048282623291016 -52.007423400878906 -4.099999904632568
endloop
endfacet
facet normal 0 0 1
outer loop
vertex 28.283506393432617 -24.407121658325195 -4.099999904632568
vertex 28.283506393432617 -52.107120513916016 -4.099999904632568
vertex 28.552682876586914 -52.05329895019531 -4.099999904632568
endloop
endfacet
facet normal 0 0 1
outer loop
vertex 21.07201385498047 40.46126937866211 -4.099999904632568
vertex 49.048282623291016 -52.007423400878906 -4.099999904632568
vertex 49.541786193847656 -51.87295913696289 -4.099999904632568
endloop
endfacet
facet normal 0 0 1
outer loop
vertex 21.07201385498047 40.46126937866211 -4.099999904632568
vertex 49.541786193847656 -51.87295913696289 -4.099999904632568
vertex 50.001068115234375 -51.647830963134766 -4.099999904632568
endloop
endfacet
facet normal 0 0 1
outer loop
vertex 21.07201385498047 40.46126937866211 -4.099999904632568
vertex 50.001068115234375 -51.647830963134766 -4.099999904632568
vertex 50.40964889526367 -51.340118408203125 -4.099999904632568
endloop
endfacet
facet normal 0 0 1
outer loop
vertex 21.07201385498047 40.46126937866211 -4.099999904632568
vertex 50.40964889526367 -51.340118408203125 -4.099999904632568
vertex 50.75286102294922 -50.96086502075195 -4.099999904632568
endloop
endfacet
facet normal 0 0 1
outer loop
vertex 21.07201385498047 40.46126937866211 -4.099999904632568
vertex 50.75286102294922 -50.96086502075195 -4.099999904632568
vertex 51.01837921142578 -50.52368927001953 -4.099999904632568
endloop
endfacet
facet normal 0 0 1
outer loop
vertex 57.526573181152344 51.93749237060547 -4.099999904632568
vertex 52.139854431152344 23.243404388427734 -4.099999904632568
vertex 58.037540435791016 51.96072006225586 -4.099999904632568
endloop
endfacet
facet normal 0 0 1
outer loop
vertex 21.07201385498047 40.46126937866211 -4.099999904632568
vertex 51.01837921142578 -50.52368927001953 -4.099999904632568
vertex 51.19668197631836 -50.04427719116211 -4.099999904632568
endloop
endfacet
facet normal 0 0 1
outer loop
vertex 21.07201385498047 40.46126937866211 -4.099999904632568
vertex 51.19668197631836 -50.04427719116211 -4.099999904632568
vertex 51.2813606262207 -49.53984451293945 -4.099999904632568
endloop
endfacet
facet normal 0 0 1
outer loop
vertex 57.02915954589844 51.81830978393555 -4.099999904632568
vertex 52.139854431152344 23.243404388427734 -4.099999904632568
vertex 57.526573181152344 51.93749237060547 -4.099999904632568
endloop
endfacet
facet normal -0.9206500258415644 -0.3903889469720251 0
outer loop
vertex 67.88203430175781 32.64962387084961 -4.099999904632568
vertex 67.88203430175781 32.64962387084961 -0.5
vertex 60.38949966430664 50.31918716430664 -0.5
endloop
endfacet
facet normal 0.23300934603669138 -0.9724744956344888 0
outer loop
vertex 57.02915954589844 51.81830978393555 -0.5
vertex 57.02915954589844 51.81830978393555 -4.099999904632568
vertex 57.526573181152344 51.93749237060547 -4.099999904632568
endloop
endfacet
facet normal 0.04541138219855193 -0.9989683710542676 0
outer loop
vertex 57.526573181152344 51.93749237060547 -0.5
vertex 57.526573181152344 51.93749237060547 -4.099999904632568
vertex 58.037540435791016 51.96072006225586 -4.099999904632568
endloop
endfacet
facet normal -0.654523853313284 -0.7560413516759058 0
outer loop
vertex 59.8565559387207 51.12882614135742 -0.5
vertex 59.469844818115234 51.4636116027832 -4.099999904632568
vertex 59.8565559387207 51.12882614135742 -4.099999904632568
endloop
endfacet
facet normal -0.8834705989703805 -0.46848660680420434 0
outer loop
vertex 60.17318344116211 50.727115631103516 -0.5
vertex 60.17318344116211 50.727115631103516 -4.099999904632568
vertex 60.38949966430664 50.31918716430664 -4.099999904632568
endloop
endfacet
facet normal 0 0 1
outer loop
vertex 68.001220703125 32.1522102355957 -4.099999904632568
vertex 67.88203430175781 32.64962387084961 -4.099999904632568
vertex 60.17318344116211 50.727115631103516 -4.099999904632568
endloop
endfacet
facet normal 0 0 1
outer loop
vertex 68.02444458007812 31.641244888305664 -4.099999904632568
vertex 68.001220703125 32.1522102355957 -4.099999904632568
vertex 59.8565559387207 51.12882614135742 -4.099999904632568
endloop
endfacet
facet normal -0.9999999942613624 0.0001071320450653285 0
outer loop
vertex 51.28850555419922 17.15287971496582 -4.099999904632568
vertex 51.2813606262207 -49.53984451293945 -4.099999904632568
vertex 51.2813606262207 -49.53984451293945 -0.5
endloop
endfacet
facet normal -0.9999999942613624 0.0001071320450653285 0
outer loop
vertex 51.28850555419922 17.15287971496582 -4.099999904632568
vertex 51.2813606262207 -49.53984451293945 -0.5
vertex 51.28850555419922 17.15287971496582 -0.5
endloop
endfacet
facet normal 0 0 1
outer loop
vertex 20.75596046447754 40.37382888793945 -4.099999904632568
vertex 28.283506393432617 -24.407121658325195 -4.099999904632568
vertex 21.07201385498047 40.46126937866211 -4.099999904632568
endloop
endfacet
facet normal -0.002238177390085383 0.9999398074326177 -0.01074113930597043
outer loop
vertex 28.552682876586914 -52.05329895019531 -0.5
vertex 49.048282623291016 -52.007423400878906 -0.5
vertex 48.588504791259766 -52.047122955322266 -4.099999904632568
endloop
endfacet
facet normal -0.9862009536384775 0.16555264734385197 0
outer loop
vertex 51.2813606262207 -49.53984451293945 -0.5
vertex 51.2813606262207 -49.53984451293945 -4.099999904632568
vertex 51.19668197631836 -50.04427719116211 -4.099999904632568
endloop
endfacet
facet normal -0.9372749562145561 0.34859095865068285 0
outer loop
vertex 51.19668197631836 -50.04427719116211 -0.5
vertex 51.19668197631836 -50.04427719116211 -4.099999904632568
vertex 51.01837921142578 -50.52368927001953 -4.099999904632568
endloop
endfacet
facet normal -0.7853697095493225 -0.6190269940175571 0
outer loop
vertex 59.8565559387207 51.12882614135742 -0.5
vertex 59.8565559387207 51.12882614135742 -4.099999904632568
vertex 60.17318344116211 50.727115631103516 -4.099999904632568
endloop
endfacet
facet normal -0.14381927150002655 -0.989603969851173 0
outer loop
vertex 58.037540435791016 51.96072006225586 -0.5
vertex 58.037540435791016 51.96072006225586 -4.099999904632568
vertex 58.54371643066406 51.88715744018555 -4.099999904632568
endloop
endfacet
facet normal -0.8547094015637821 0.5191067702106008 0
outer loop
vertex 51.01837921142578 -50.52368927001953 -0.5
vertex 51.01837921142578 -50.52368927001953 -4.099999904632568
vertex 50.75286102294922 -50.96086502075195 -4.099999904632568
endloop
endfacet
facet normal 0.7414560897663475 -0.6710013911672599 0
outer loop
vertex -67.58612060546875 39.287574768066406 -0.5
vertex -67.58612060546875 39.287574768066406 -4.099999904632568
vertex -67.24290466308594 39.66682815551758 -4.099999904632568
endloop
endfacet
facet normal -0.6015965973303075 0.7988000588887032 0
outer loop
vertex 50.40964889526367 -51.340118408203125 -0.5
vertex 50.40964889526367 -51.340118408203125 -4.099999904632568
vertex 50.001068115234375 -51.647830963134766 -4.099999904632568
endloop
endfacet
facet normal 0.001045173004180084 -0.9999994538065465 0
outer loop
vertex -65.88153839111328 40.33413314819336 -0.5
vertex -65.88153839111328 40.33413314819336 -4.099999904632568
vertex -27.901493072509766 40.37382888793945 -4.099999904632568
endloop
endfacet
facet normal 0.0011883363287081316 -0.999998153288827 0.0015103892562755743
outer loop
vertex -27.901493072509766 40.37382888793945 -4.099999904632568
vertex -32.477134704589844 40.37382888793945 -0.5
vertex -65.88153839111328 40.33413314819336 -0.5
endloop
endfacet
facet normal -0.3278830115514029 -0.9447183340742269 0
outer loop
vertex 58.54371643066406 51.88715744018555 -0.5
vertex 58.54371643066406 51.88715744018555 -4.099999904632568
vertex 59.02693176269531 51.71944808959961 -4.099999904632568
endloop
endfacet
facet normal -0.5001767005546383 -0.8659233616332774 0
outer loop
vertex 59.02693176269531 51.71944808959961 -0.5
vertex 59.02693176269531 51.71944808959961 -4.099999904632568
vertex 59.469844818115234 51.4636116027832 -4.099999904632568
endloop
endfacet
facet normal -0.9206500258415644 -0.3903889469720251 0
outer loop
vertex 60.38949966430664 50.31918716430664 -4.099999904632568
vertex 67.88203430175781 32.64962387084961 -4.099999904632568
vertex 60.38949966430664 50.31918716430664 -0.5
endloop
endfacet
facet normal -0.44014141782829763 0.8979284672578857 0
outer loop
vertex 50.001068115234375 -51.647830963134766 -0.5
vertex 50.001068115234375 -51.647830963134766 -4.099999904632568
vertex 49.541786193847656 -51.87295913696289 -4.099999904632568
endloop
endfacet
facet normal -0.262885169177651 0.9648271284672907 0
outer loop
vertex 49.541786193847656 -51.87295913696289 -0.5
vertex 49.541786193847656 -51.87295913696289 -4.099999904632568
vertex 49.048282623291016 -52.007423400878906 -4.099999904632568
endloop
endfacet
facet normal 0 0 1
outer loop
vertex 59.469844818115234 51.4636116027832 -4.099999904632568
vertex 67.95088958740234 31.135068893432617 -4.099999904632568
vertex 68.02444458007812 31.641244888305664 -4.099999904632568
endloop
endfacet
facet normal 0 0 1
outer loop
vertex 67.7831802368164 30.651853561401367 -4.099999904632568
vertex 67.95088958740234 31.135068893432617 -4.099999904632568
vertex 59.469844818115234 51.4636116027832 -4.099999904632568
endloop
endfacet
facet normal 0 0 1
outer loop
vertex 7.577335834503174 25.76987648010254 -4.099999904632568
vertex -24.716493606567383 -24.407121658325195 -4.099999904632568
vertex 20.75596046447754 40.37382888793945 -4.099999904632568
endloop
endfacet
facet normal 0 0 1
outer loop
vertex 67.52733612060547 30.208940505981445 -4.099999904632568
vertex 67.7831802368164 30.651853561401367 -4.099999904632568
vertex 59.02693176269531 51.71944808959961 -4.099999904632568
endloop
endfacet
facet normal -0.08602499859309397 0.9962929788054607 0
outer loop
vertex 49.048282623291016 -52.007423400878906 -0.5
vertex 49.048282623291016 -52.007423400878906 -4.099999904632568
vertex 48.588504791259766 -52.047122955322266 -4.099999904632568
endloop
endfacet
facet normal 0 0 1
outer loop
vertex 67.19255828857422 29.822229385375977 -4.099999904632568
vertex 67.52733612060547 30.208940505981445 -4.099999904632568
vertex 58.54371643066406 51.88715744018555 -4.099999904632568
endloop
endfacet
facet normal 0 0 1
outer loop
vertex 58.037540435791016 51.96072006225586 -4.099999904632568
vertex 66.79084014892578 29.50560188293457 -4.099999904632568
vertex 67.19255828857422 29.822229385375977 -4.099999904632568
endloop
endfacet
facet normal 0 0 1
outer loop
vertex 52.139854431152344 23.243404388427734 -4.099999904632568
vertex 66.79084014892578 29.50560188293457 -4.099999904632568
vertex 58.037540435791016 51.96072006225586 -4.099999904632568
endloop
endfacet
facet normal 0 0 1
outer loop
vertex 39.35960006713867 44.32577133178711 -4.099999904632568
vertex 52.139854431152344 23.243404388427734 -4.099999904632568
vertex 57.02915954589844 51.81830978393555 -4.099999904632568
endloop
endfacet
facet normal 0 0 1
outer loop
vertex 39.35960006713867 44.32577133178711 -4.099999904632568
vertex 51.19166946411133 17.865962982177734 -4.099999904632568
vertex 52.139854431152344 23.243404388427734 -4.099999904632568
endloop
endfacet
facet normal 0 0 1
outer loop
vertex 39.35960006713867 44.32577133178711 -4.099999904632568
vertex 21.07201385498047 40.46126937866211 -4.099999904632568
vertex 51.19166946411133 17.865962982177734 -4.099999904632568
endloop
endfacet
facet normal 0.23300934603669138 -0.9724744956344888 0
outer loop
vertex 57.526573181152344 51.93749237060547 -4.099999904632568
vertex 57.526573181152344 51.93749237060547 -0.5
vertex 57.02915954589844 51.81830978393555 -0.5
endloop
endfacet
facet normal 0 0 1
outer loop
vertex -13.432605743408203 40.37382888793945 -4.099999904632568
vertex -17.901493072509766 40.37382888793945 -4.099999904632568
vertex -13.604101181030273 40.10469055175781 -4.099999904632568
endloop
endfacet
facet normal 0 0 1
outer loop
vertex -15.110054016113281 36.670745849609375 -4.099999904632568
vertex -13.604101181030273 40.10469055175781 -4.099999904632568
vertex -17.901493072509766 40.37382888793945 -4.099999904632568
endloop
endfacet
facet normal -0.654523853313284 -0.7560413516759058 0
outer loop
vertex 59.469844818115234 51.4636116027832 -0.5
vertex 59.469844818115234 51.4636116027832 -4.099999904632568
vertex 59.8565559387207 51.12882614135742 -0.5
endloop
endfacet
facet normal -0.8834705989703805 -0.46848660680420434 0
outer loop
vertex 60.38949966430664 50.31918716430664 -4.099999904632568
vertex 60.38949966430664 50.31918716430664 -0.5
vertex 60.17318344116211 50.727115631103516 -0.5
endloop
endfacet
facet normal -0.7853697095493225 -0.6190269940175571 0
outer loop
vertex 60.17318344116211 50.727115631103516 -4.099999904632568
vertex 60.17318344116211 50.727115631103516 -0.5
vertex 59.8565559387207 51.12882614135742 -0.5
endloop
endfacet
facet normal -0.19606803106560197 0.980590295278338 0
outer loop
vertex 28.552682876586914 -52.05329895019531 -0.5
vertex 28.552682876586914 -52.05329895019531 -4.099999904632568
vertex 28.283506393432617 -52.107120513916016 -4.099999904632568
endloop
endfacet
facet normal -0.00030824762797042923 0.9999999524916988 0
outer loop
vertex 28.552682876586914 -52.05329895019531 -0.5
vertex 48.588504791259766 -52.047122955322266 -4.099999904632568
vertex 28.552682876586914 -52.05329895019531 -4.099999904632568
endloop
endfacet
facet normal -0.19606803106560197 0.980590295278338 0
outer loop
vertex 28.283506393432617 -52.107120513916016 -4.099999904632568
vertex 28.283506393432617 -52.107120513916016 -0.5
vertex 28.552682876586914 -52.05329895019531 -0.5
endloop
endfacet
facet normal 0 0 1
outer loop
vertex -24.716493606567383 -24.407121658325195 -4.099999904632568
vertex 28.283506393432617 -24.407121658325195 -4.099999904632568
vertex 20.75596046447754 40.37382888793945 -4.099999904632568
endloop
endfacet
facet normal 0 0 1
outer loop
vertex 28.283506393432617 -24.407121658325195 -4.099999904632568
vertex 48.588504791259766 -52.047122955322266 -4.099999904632568
vertex 21.07201385498047 40.46126937866211 -4.099999904632568
endloop
endfacet
facet normal 0.0001760550534642592 0.9999999845023089 0
outer loop
vertex -65.60421752929688 -52.039974212646484 -0.5
vertex -24.99906349182129 -52.047122955322266 -4.099999904632568
vertex -65.60421752929688 -52.039974212646484 -4.099999904632568
endloop
endfacet
facet normal 0.04541138219855193 -0.9989683710542676 0
outer loop
vertex 58.037540435791016 51.96072006225586 -4.099999904632568
vertex 58.037540435791016 51.96072006225586 -0.5
vertex 57.526573181152344 51.93749237060547 -0.5
endloop
endfacet
facet normal -0.393028516726408 0.919526282952173 0
outer loop
vertex 52.139854431152344 23.243404388427734 -0.5
vertex 66.79084014892578 29.50560188293457 -0.5
vertex 52.139854431152344 23.243404388427734 -4.099999904632568
endloop
endfacet
facet normal 0.00017594087817751467 0.9999999845215745 -0.0000012878070461315666
outer loop
vertex -24.99906349182129 -52.047122955322266 -4.099999904632568
vertex -65.60421752929688 -52.039974212646484 -0.5
vertex -45.0066032409668 -52.04359817504883 -0.5
endloop
endfacet
facet normal -0.14381927150002655 -0.989603969851173 0
outer loop
vertex 58.54371643066406 51.88715744018555 -4.099999904632568
vertex 58.54371643066406 51.88715744018555 -0.5
vertex 58.037540435791016 51.96072006225586 -0.5
endloop
endfacet
facet normal -0.3278830115514029 -0.9447183340742269 0
outer loop
vertex 59.02693176269531 51.71944808959961 -4.099999904632568
vertex 59.02693176269531 51.71944808959961 -0.5
vertex 58.54371643066406 51.88715744018555 -0.5
endloop
endfacet
facet normal -0.9848078482214142 0.17364763770782465 0
outer loop
vertex 51.19166946411133 17.865962982177734 -4.099999904632568
vertex 51.19166946411133 17.865962982177734 -0.5
vertex 52.139854431152344 23.243404388427734 -0.5
endloop
endfacet
facet normal -0.9821556450923743 -0.18806990406011867 0
outer loop
vertex 51.27254867553711 17.443588256835938 -4.099999904632568
vertex 51.27254867553711 17.443588256835938 -0.5
vertex 51.19166946411133 17.865962982177734 -0.5
endloop
endfacet
facet normal 0 0 1
outer loop
vertex -17.901493072509766 25.212879180908203 -4.099999904632568
vertex -68.11149597167969 -49.34712219238281 -4.099999904632568
vertex -13.38032341003418 25.76987648010254 -4.099999904632568
endloop
endfacet
facet normal 0 0 1
outer loop
vertex -13.38032341003418 25.76987648010254 -4.099999904632568
vertex -68.11149597167969 -49.34712219238281 -4.099999904632568
vertex -10.244495391845703 22.634048461914062 -4.099999904632568
endloop
endfacet
facet normal 0 0 1
outer loop
vertex -15.516144752502441 34.56898498535156 -4.099999904632568
vertex -15.110054016113281 36.670745849609375 -4.099999904632568
vertex -17.901493072509766 40.37382888793945 -4.099999904632568
endloop
endfacet
facet normal 0 0 1
outer loop
vertex -17.901493072509766 40.37382888793945 -4.099999904632568
vertex -15.669302940368652 33.11288070678711 -4.099999904632568
vertex -15.516144752502441 34.56898498535156 -4.099999904632568
endloop
endfacet
facet normal 0 0 1
outer loop
vertex 0.6563735008239746 20.90431785583496 -4.099999904632568
vertex -24.716493606567383 -24.407121658325195 -4.099999904632568
vertex 4.0903191566467285 22.41027069091797 -4.099999904632568
endloop
endfacet
facet normal 0 0 1
outer loop
vertex 4.0903191566467285 22.41027069091797 -4.099999904632568
vertex -24.716493606567383 -24.407121658325195 -4.099999904632568
vertex 4.4415082931518555 22.634048461914062 -4.099999904632568
endloop
endfacet
facet normal 0 0 1
outer loop
vertex 4.4415082931518555 22.634048461914062 -4.099999904632568
vertex -24.716493606567383 -24.407121658325195 -4.099999904632568
vertex 7.577335834503174 25.76987648010254 -4.099999904632568
endloop
endfacet
facet normal 0 0 1
outer loop
vertex -15.516144752502441 31.656770706176758 -4.099999904632568
vertex -15.669302940368652 33.11288070678711 -4.099999904632568
vertex -17.901493072509766 40.37382888793945 -4.099999904632568
endloop
endfacet
facet normal 0 0 1
outer loop
vertex -17.901493072509766 40.37382888793945 -4.099999904632568
vertex -17.901493072509766 25.212879180908203 -4.099999904632568
vertex -15.516144752502441 31.656770706176758 -4.099999904632568
endloop
endfacet
facet normal 0 0 1
outer loop
vertex -15.110054016113281 29.555011749267578 -4.099999904632568
vertex -15.516144752502441 31.656770706176758 -4.099999904632568
vertex -17.901493072509766 25.212879180908203 -4.099999904632568
endloop
endfacet
facet normal -0.998496960818014 -0.05480710936721126 0
outer loop
vertex 51.28850555419922 17.15287971496582 -4.099999904632568
vertex 51.28850555419922 17.15287971496582 -0.5
vertex 51.27254867553711 17.443588256835938 -0.5
endloop
endfacet
facet normal -0.9848078482214142 0.17364763770782465 0
outer loop
vertex 52.139854431152344 23.243404388427734 -0.5
vertex 52.139854431152344 23.243404388427734 -4.099999904632568
vertex 51.19166946411133 17.865962982177734 -4.099999904632568
endloop
endfacet
facet normal -0.9821556450923743 -0.18806990406011867 0
outer loop
vertex 51.19166946411133 17.865962982177734 -0.5
vertex 51.19166946411133 17.865962982177734 -4.099999904632568
vertex 51.27254867553711 17.443588256835938 -4.099999904632568
endloop
endfacet
facet normal -0.998496960818014 -0.05480710936721126 0
outer loop
vertex 51.27254867553711 17.443588256835938 -0.5
vertex 51.27254867553711 17.443588256835938 -4.099999904632568
vertex 51.28850555419922 17.15287971496582 -4.099999904632568
endloop
endfacet
facet normal 0 0 1
outer loop
vertex -67.40448760986328 -51.16826248168945 -4.099999904632568
vertex -67.02523803710938 -51.511474609375 -4.099999904632568
vertex 0.6563735008239746 20.90431785583496 -4.099999904632568
endloop
endfacet
facet normal 0 0 1
outer loop
vertex -68.07179260253906 -49.8068962097168 -4.099999904632568
vertex -67.93733215332031 -50.30039978027344 -4.099999904632568
vertex 0.6563735008239746 20.90431785583496 -4.099999904632568
endloop
endfacet
facet normal 0 0 1
outer loop
vertex -67.71220397949219 -50.75968551635742 -4.099999904632568
vertex -67.40448760986328 -51.16826248168945 -4.099999904632568
vertex 0.6563735008239746 20.90431785583496 -4.099999904632568
endloop
endfacet
facet normal -0.5001767005546383 -0.8659233616332774 0
outer loop
vertex 59.469844818115234 51.4636116027832 -4.099999904632568
vertex 59.469844818115234 51.4636116027832 -0.5
vertex 59.02693176269531 51.71944808959961 -0.5
endloop
endfacet
facet normal 0 0 1
outer loop
vertex 0.6563735008239746 20.90431785583496 -4.099999904632568
vertex -67.93733215332031 -50.30039978027344 -4.099999904632568
vertex -67.71220397949219 -50.75968551635742 -4.099999904632568
endloop
endfacet
facet normal 0 0 1
outer loop
vertex -68.11149597167969 -49.34712219238281 -4.099999904632568
vertex -68.07179260253906 -49.8068962097168 -4.099999904632568
vertex 0.6563735008239746 20.90431785583496 -4.099999904632568
endloop
endfacet
facet normal 0 0 1
outer loop
vertex -66.58805847167969 -51.77699661254883 -4.099999904632568
vertex -66.10865020751953 -51.95529556274414 -4.099999904632568
vertex 0.6563735008239746 20.90431785583496 -4.099999904632568
endloop
endfacet
facet normal 0 0 1
outer loop
vertex 0.6563735008239746 20.90431785583496 -4.099999904632568
vertex -67.02523803710938 -51.511474609375 -4.099999904632568
vertex -66.58805847167969 -51.77699661254883 -4.099999904632568
endloop
endfacet
facet normal 0 0 1
outer loop
vertex -66.10865020751953 -51.95529556274414 -4.099999904632568
vertex -65.60421752929688 -52.039974212646484 -4.099999904632568
vertex 0.6563735008239746 20.90431785583496 -4.099999904632568
endloop
endfacet
facet normal 0.9999398859791956 0.0006445973569976201 -0.010945726205261835
outer loop
vertex -68.11149597167969 -49.34712219238281 -4.099999904632568
vertex -68.11381530761719 15.381361961364746 -0.5
vertex -68.07179260253906 -49.8068962097168 -0.5
endloop
endfacet
facet normal 0 0 1
outer loop
vertex 21.07201385498047 40.46126937866211 -4.099999904632568
vertex 51.27254867553711 17.443588256835938 -4.099999904632568
vertex 51.19166946411133 17.865962982177734 -4.099999904632568
endloop
endfacet
facet normal 0 0 1
outer loop
vertex 21.07201385498047 40.46126937866211 -4.099999904632568
vertex 51.28850555419922 17.15287971496582 -4.099999904632568
vertex 51.27254867553711 17.443588256835938 -4.099999904632568
endloop
endfacet
facet normal 0 0 1
outer loop
vertex 21.07201385498047 40.46126937866211 -4.099999904632568
vertex 51.2813606262207 -49.53984451293945 -4.099999904632568
vertex 51.28850555419922 17.15287971496582 -4.099999904632568
endloop
endfacet
facet normal 0 0 1
outer loop
vertex -17.901493072509766 25.212879180908203 -4.099999904632568
vertex -13.38032341003418 25.76987648010254 -4.099999904632568
vertex -13.604101181030273 26.12106704711914 -4.099999904632568
endloop
endfacet
facet normal 0 0 1
outer loop
vertex -17.901493072509766 25.212879180908203 -4.099999904632568
vertex -13.604101181030273 26.12106704711914 -4.099999904632568
vertex -15.110054016113281 29.555011749267578 -4.099999904632568
endloop
endfacet
facet normal 0.20675242462976504 -0.9783932925514736 0
outer loop
vertex 39.35960006713867 44.32577133178711 -4.099999904632568
vertex 39.35960006713867 44.32577133178711 -0.5
vertex 21.07201385498047 40.46126937866211 -0.5
endloop
endfacet
facet normal 0.20675242462976504 -0.9783932925514736 0
outer loop
vertex 21.07201385498047 40.46126937866211 -0.5
vertex 21.07201385498047 40.46126937866211 -4.099999904632568
vertex 39.35960006713867 44.32577133178711 -4.099999904632568
endloop
endfacet
facet normal 0 0 1
outer loop
vertex -65.88153839111328 40.33413314819336 -4.099999904632568
vertex -68.11461639404297 37.866554260253906 -4.099999904632568
vertex -27.901493072509766 40.37382888793945 -4.099999904632568
endloop
endfacet
facet normal 0 0 1
outer loop
vertex -66.37504577636719 40.199668884277344 -4.099999904632568
vertex -68.02993774414062 38.37098693847656 -4.099999904632568
vertex -65.88153839111328 40.33413314819336 -4.099999904632568
endloop
endfacet
facet normal 0 0 1
outer loop
vertex -66.8343276977539 39.97454071044922 -4.099999904632568
vertex -68.02993774414062 38.37098693847656 -4.099999904632568
vertex -66.37504577636719 40.199668884277344 -4.099999904632568
endloop
endfacet
facet normal 0 0 1
outer loop
vertex -67.24290466308594 39.66682815551758 -4.099999904632568
vertex -68.02993774414062 38.37098693847656 -4.099999904632568
vertex -66.8343276977539 39.97454071044922 -4.099999904632568
endloop
endfacet
facet normal 0 0 1
outer loop
vertex -68.11461639404297 37.866554260253906 -4.099999904632568
vertex -65.88153839111328 40.33413314819336 -4.099999904632568
vertex -68.02993774414062 38.37098693847656 -4.099999904632568
endloop
endfacet
facet normal 0 0 1
outer loop
vertex -67.58612060546875 39.287574768066406 -4.099999904632568
vertex -68.02993774414062 38.37098693847656 -4.099999904632568
vertex -67.24290466308594 39.66682815551758 -4.099999904632568
endloop
endfacet
facet normal 0 0 1
outer loop
vertex -68.02993774414062 38.37098693847656 -4.099999904632568
vertex -67.58612060546875 39.287574768066406 -4.099999904632568
vertex -67.85163879394531 38.850399017333984 -4.099999904632568
endloop
endfacet
facet normal 0 0 1
outer loop
vertex -24.716493606567383 -24.407121658325195 -4.099999904632568
vertex -24.93718910217285 -52.07141876220703 -4.099999904632568
vertex -24.716493606567383 -52.107120513916016 -4.099999904632568
endloop
endfacet
facet normal 0.2666468669002741 -0.9637942977483667 0
outer loop
vertex 21.07201385498047 40.46126937866211 -4.099999904632568
vertex 21.07201385498047 40.46126937866211 -0.5
vertex 20.75596046447754 40.37382888793945 -0.5
endloop
endfacet
facet normal 0 -1 0
outer loop
vertex 20.75596046447754 40.37382888793945 -4.099999904632568
vertex 20.75596046447754 40.37382888793945 -0.5
vertex 13.717731475830078 40.37382888793945 -0.5
endloop
endfacet
facet normal 0.2666468669002741 -0.9637942977483667 0
outer loop
vertex 20.75596046447754 40.37382888793945 -0.5
vertex 20.75596046447754 40.37382888793945 -4.099999904632568
vertex 21.07201385498047 40.46126937866211 -4.099999904632568
endloop
endfacet
facet normal 0.36549612316255137 0.9308128619401136 0
outer loop
vertex -24.93718910217285 -52.07141876220703 -0.5
vertex -24.93718910217285 -52.07141876220703 -4.099999904632568
vertex -24.99906349182129 -52.047122955322266 -4.099999904632568
endloop
endfacet
facet normal 0.15969324542794835 0.9871666867174403 0
outer loop
vertex -24.716493606567383 -52.107120513916016 -0.5
vertex -24.716493606567383 -52.107120513916016 -4.099999904632568
vertex -24.93718910217285 -52.07141876220703 -4.099999904632568
endloop
endfacet
facet normal 0.0001761725960778919 0.999999984481608 0
outer loop
vertex -45.0066032409668 -52.04359817504883 -0.5
vertex -24.99906349182129 -52.047122955322266 -0.5
vertex -24.99906349182129 -52.047122955322266 -4.099999904632568
endloop
endfacet
facet normal 0.36549612316255137 0.9308128619401136 0
outer loop
vertex -24.99906349182129 -52.047122955322266 -4.099999904632568
vertex -24.99906349182129 -52.047122955322266 -0.5
vertex -24.93718910217285 -52.07141876220703 -0.5
endloop
endfacet
facet normal 0.15969324542794835 0.9871666867174403 0
outer loop
vertex -24.93718910217285 -52.07141876220703 -4.099999904632568
vertex -24.93718910217285 -52.07141876220703 -0.5
vertex -24.716493606567383 -52.107120513916016 -0.5
endloop
endfacet
facet normal 0 0 1
outer loop
vertex 0.6563735008239746 20.90431785583496 -4.099999904632568
vertex -65.60421752929688 -52.039974212646484 -4.099999904632568
vertex -24.716493606567383 -24.407121658325195 -4.099999904632568
endloop
endfacet
facet normal 0 0 1
outer loop
vertex -68.11149597167969 -49.34712219238281 -4.099999904632568
vertex -9.893306732177734 22.41027069091797 -4.099999904632568
vertex -10.244495391845703 22.634048461914062 -4.099999904632568
endloop
endfacet
facet normal 0 -1 0
outer loop
vertex 13.717731475830078 40.37382888793945 -0.5
vertex 12.398716926574707 40.37382888793945 -4.099999904632568
vertex 20.75596046447754 40.37382888793945 -4.099999904632568
endloop
endfacet
facet normal 0 0 1
outer loop
vertex -9.893306732177734 22.41027069091797 -4.099999904632568
vertex -68.11149597167969 -49.34712219238281 -4.099999904632568
vertex -6.459360599517822 20.90431785583496 -4.099999904632568
endloop
endfacet
facet normal 0 0 1
outer loop
vertex -6.459360599517822 20.90431785583496 -4.099999904632568
vertex -68.11149597167969 -49.34712219238281 -4.099999904632568
vertex -4.357600688934326 20.498228073120117 -4.099999904632568
endloop
endfacet
facet normal 0 0 1
outer loop
vertex -4.357600688934326 20.498228073120117 -4.099999904632568
vertex -68.11149597167969 -49.34712219238281 -4.099999904632568
vertex -2.901493549346924 20.345069885253906 -4.099999904632568
endloop
endfacet
facet normal 0 0 1
outer loop
vertex -2.901493549346924 20.345069885253906 -4.099999904632568
vertex -68.11149597167969 -49.34712219238281 -4.099999904632568
vertex -1.4453861713409424 20.498228073120117 -4.099999904632568
endloop
endfacet
facet normal 0 0 1
outer loop
vertex -1.4453861713409424 20.498228073120117 -4.099999904632568
vertex -68.11149597167969 -49.34712219238281 -4.099999904632568
vertex 0.6563735008239746 20.90431785583496 -4.099999904632568
endloop
endfacet
facet normal 0 0 1
outer loop
vertex -68.11149597167969 -49.34712219238281 -4.099999904632568
vertex -27.901493072509766 40.37382888793945 -4.099999904632568
vertex -68.11461639404297 37.866554260253906 -4.099999904632568
endloop
endfacet
facet normal 0 0 1
outer loop
vertex -27.901493072509766 25.212879180908203 -4.099999904632568
vertex -27.901493072509766 40.37382888793945 -4.099999904632568
vertex -68.11149597167969 -49.34712219238281 -4.099999904632568
endloop
endfacet
facet normal 0 0 1
outer loop
vertex -24.93718910217285 -52.07141876220703 -4.099999904632568
vertex -24.716493606567383 -24.407121658325195 -4.099999904632568
vertex -24.99906349182129 -52.047122955322266 -4.099999904632568
endloop
endfacet
facet normal -0.9372749562145561 0.34859095865068285 0
outer loop
vertex 51.01837921142578 -50.52368927001953 -4.099999904632568
vertex 51.01837921142578 -50.52368927001953 -0.5
vertex 51.19668197631836 -50.04427719116211 -0.5
endloop
endfacet
facet normal -0.7414598002092213 0.6709972911075734 0
outer loop
vertex 50.75286102294922 -50.96086502075195 -0.5
vertex 50.75286102294922 -50.96086502075195 -4.099999904632568
vertex 50.40964889526367 -51.340118408203125 -4.099999904632568
endloop
endfacet
facet normal 0 1 0
outer loop
vertex 6.533506393432617 -52.40711975097656 -6.699999809265137
vertex 6.457386016845703 -52.40711975097656 -6.31731653213501
vertex 15.783506393432617 -52.40711975097656 -8.199999809265137
endloop
endfacet
facet normal 0 0 1
outer loop
vertex -12.216493606567383 -43.40711975097656 -8.199999809265137
vertex -12.216493606567383 -52.40711975097656 -8.199999809265137
vertex -3.216493606567383 -43.40711975097656 -8.199999809265137
endloop
endfacet
facet normal 0 0 1
outer loop
vertex -22.216493606567383 -52.40711975097656 -8.199999809265137
vertex -22.216493606567383 -43.40711975097656 -8.199999809265137
vertex -24.716493606567383 -52.40711975097656 -8.199999809265137
endloop
endfacet
facet normal 0 1 0
outer loop
vertex 6.783506393432617 -52.40711975097656 -8.199999809265137
vertex 6.533506393432617 -52.40711975097656 -6.699999809265137
vertex 15.783506393432617 -52.40711975097656 -8.199999809265137
endloop
endfacet
facet normal 0 1 0
outer loop
vertex 16.033506393432617 -52.40711975097656 -8.199999809265137
vertex 15.783506393432617 -52.40711975097656 -8.199999809265137
vertex 6.2406134605407715 -52.40711975097656 -5.992893218994141
endloop
endfacet
facet normal 0 -1 0
outer loop
vertex -24.716493606567383 -24.407121658325195 -4.099999904632568
vertex -24.716493606567383 -24.407121658325195 -8.199999809265137
vertex 28.283506393432617 -24.407121658325195 -4.099999904632568
endloop
endfacet
facet normal 1 0 0
outer loop
vertex -24.716493606567383 -52.40711975097656 -0.5
vertex -24.716493606567383 -52.107120513916016 -4.099999904632568
vertex -24.716493606567383 -52.107120513916016 -0.5
endloop
endfacet
facet normal 0 1 0
outer loop
vertex -24.716493606567383 -52.40711975097656 -0.5
vertex 16.033506393432617 -52.40711975097656 -6.699999809265137
vertex 5.533506393432617 -52.40711975097656 -5.699999809265137
endloop
endfacet
facet normal 0 1 0
outer loop
vertex -24.716493606567383 -52.40711975097656 -0.5
vertex 5.533506393432617 -52.40711975097656 -5.699999809265137
vertex -1.9664936065673828 -52.40711975097656 -5.699999809265137
endloop
endfacet
facet normal 0 1 0
outer loop
vertex -24.716493606567383 -52.40711975097656 -0.5
vertex -1.9664936065673828 -52.40711975097656 -5.699999809265137
vertex -2.3491768836975098 -52.40711975097656 -5.776120662689209
endloop
endfacet
facet normal 0 0 1
outer loop
vertex 15.783506393432617 -43.40711975097656 -8.199999809265137
vertex 6.783506393432617 -43.40711975097656 -8.199999809265137
vertex 6.783506393432617 -52.40711975097656 -8.199999809265137
endloop
endfacet
facet normal 0 0 1
outer loop
vertex 28.283506393432617 -24.407121658325195 -8.199999809265137
vertex 25.783506393432617 -43.40711975097656 -8.199999809265137
vertex 28.283506393432617 -52.40711975097656 -8.199999809265137
endloop
endfacet
facet normal 0 0 1
outer loop
vertex 15.783506393432617 -43.40711975097656 -8.199999809265137
vertex 6.783506393432617 -52.40711975097656 -8.199999809265137
vertex 15.783506393432617 -52.40711975097656 -8.199999809265137
endloop
endfacet
facet normal 0 1 0
outer loop
vertex -24.716493606567383 -52.40711975097656 -0.5
vertex -2.3491768836975098 -52.40711975097656 -5.776120662689209
vertex -2.673600435256958 -52.40711975097656 -5.992893218994141
endloop
endfacet
facet normal 0 0 1
outer loop
vertex -24.716493606567383 -24.407121658325195 -8.199999809265137
vertex 15.783506393432617 -43.40711975097656 -8.199999809265137
vertex 28.283506393432617 -24.407121658325195 -8.199999809265137
endloop
endfacet
facet normal 0 0 1
outer loop
vertex 28.283506393432617 -24.407121658325195 -8.199999809265137
vertex 15.783506393432617 -43.40711975097656 -8.199999809265137
vertex 25.783506393432617 -43.40711975097656 -8.199999809265137
endloop
endfacet
facet normal 0 0 1
outer loop
vertex 25.783506393432617 -43.40711975097656 -8.199999809265137
vertex 25.783506393432617 -52.40711975097656 -8.199999809265137
vertex 28.283506393432617 -52.40711975097656 -8.199999809265137
endloop
endfacet
facet normal 0 1 0
outer loop
vertex -24.716493606567383 -52.40711975097656 -0.5
vertex -2.673600435256958 -52.40711975097656 -5.992893218994141
vertex -2.8903729915618896 -52.40711975097656 -6.31731653213501
endloop
endfacet
facet normal 0 1 0
outer loop
vertex 6.783506393432617 -52.40711975097656 -8.199999809265137
vertex 6.533506393432617 -52.40711975097656 -8.199999809265137
vertex 6.533506393432617 -52.40711975097656 -6.699999809265137
endloop
endfacet
facet normal 0 1 0
outer loop
vertex -24.716493606567383 -52.40711975097656 -0.5
vertex -2.8903729915618896 -52.40711975097656 -6.31731653213501
vertex -2.966493606567383 -52.40711975097656 -6.699999809265137
endloop
endfacet
facet normal 0 1 0
outer loop
vertex -2.966493606567383 -52.40711975097656 -8.199999809265137
vertex -24.716493606567383 -52.40711975097656 -0.5
vertex -2.966493606567383 -52.40711975097656 -6.699999809265137
endloop
endfacet
facet normal 0 1 0
outer loop
vertex 25.783506393432617 -52.40711975097656 -8.199999809265137
vertex 25.533506393432617 -52.40711975097656 -6.699999809265137
vertex 28.283506393432617 -52.40711975097656 -8.199999809265137
endloop
endfacet
facet normal 0 1 0
outer loop
vertex -24.716493606567383 -52.40711975097656 -0.5
vertex -2.966493606567383 -52.40711975097656 -8.199999809265137
vertex -3.216493606567383 -52.40711975097656 -8.199999809265137
endloop
endfacet
facet normal 0 1 0
outer loop
vertex -24.716493606567383 -52.40711975097656 -0.5
vertex -3.216493606567383 -52.40711975097656 -8.199999809265137
vertex -12.216493606567383 -52.40711975097656 -8.199999809265137
endloop
endfacet
facet normal 1 0 0
outer loop
vertex -24.716493606567383 -52.40711975097656 -8.199999809265137
vertex -24.716493606567383 -24.407121658325195 -8.199999809265137
vertex -24.716493606567383 -24.407121658325195 -4.099999904632568
endloop
endfacet
facet normal 1 0 0
outer loop
vertex -24.716493606567383 -52.40711975097656 -0.5
vertex -24.716493606567383 -52.40711975097656 -8.199999809265137
vertex -24.716493606567383 -52.107120513916016 -4.099999904632568
endloop
endfacet
facet normal 1 0 0
outer loop
vertex -24.716493606567383 -52.40711975097656 -8.199999809265137
vertex -24.716493606567383 -24.407121658325195 -4.099999904632568
vertex -24.716493606567383 -52.107120513916016 -4.099999904632568
endloop
endfacet
facet normal 0 1 0
outer loop
vertex -24.716493606567383 -52.40711975097656 -0.5
vertex -12.216493606567383 -52.40711975097656 -8.199999809265137
vertex -22.216493606567383 -52.40711975097656 -8.199999809265137
endloop
endfacet
facet normal 0 1 0
outer loop
vertex -24.716493606567383 -52.40711975097656 -0.5
vertex -22.216493606567383 -52.40711975097656 -8.199999809265137
vertex -24.716493606567383 -52.40711975097656 -8.199999809265137
endloop
endfacet
facet normal 0 -1 0
outer loop
vertex 28.283506393432617 -24.407121658325195 -4.099999904632568
vertex -24.716493606567383 -24.407121658325195 -8.199999809265137
vertex 28.283506393432617 -24.407121658325195 -8.199999809265137
endloop
endfacet
facet normal -1 0 0
outer loop
vertex 28.283506393432617 -52.107120513916016 -0.5
vertex 28.283506393432617 -52.107120513916016 -4.099999904632568
vertex 28.283506393432617 -52.40711975097656 -0.5
endloop
endfacet
facet normal 0 1 0
outer loop
vertex 17.033506393432617 -52.40711975097656 -5.699999809265137
vertex -24.716493606567383 -52.40711975097656 -0.5
vertex 28.283506393432617 -52.40711975097656 -0.5
endloop
endfacet
facet normal -1 0 0
outer loop
vertex 28.283506393432617 -24.407121658325195 -8.199999809265137
vertex 28.283506393432617 -52.40711975097656 -8.199999809265137
vertex 28.283506393432617 -24.407121658325195 -4.099999904632568
endloop
endfacet
facet normal -1 0 0
outer loop
vertex 28.283506393432617 -52.40711975097656 -8.199999809265137
vertex 28.283506393432617 -52.40711975097656 -0.5
vertex 28.283506393432617 -52.107120513916016 -4.099999904632568
endloop
endfacet
facet normal 0 1 0
outer loop
vertex 28.283506393432617 -52.40711975097656 -0.5
vertex 28.283506393432617 -52.40711975097656 -8.199999809265137
vertex 25.533506393432617 -52.40711975097656 -6.699999809265137
endloop
endfacet
facet normal 0 1 0
outer loop
vertex 24.533506393432617 -52.40711975097656 -5.699999809265137
vertex 28.283506393432617 -52.40711975097656 -0.5
vertex 24.916189193725586 -52.40711975097656 -5.776120662689209
endloop
endfacet
facet normal 0 1 0
outer loop
vertex 28.283506393432617 -52.40711975097656 -0.5
vertex 25.24061393737793 -52.40711975097656 -5.992893218994141
vertex 24.916189193725586 -52.40711975097656 -5.776120662689209
endloop
endfacet
facet normal 0 1 0
outer loop
vertex 17.033506393432617 -52.40711975097656 -5.699999809265137
vertex 28.283506393432617 -52.40711975097656 -0.5
vertex 24.533506393432617 -52.40711975097656 -5.699999809265137
endloop
endfacet
facet normal 0 1 0
outer loop
vertex 28.283506393432617 -52.40711975097656 -0.5
vertex 25.457386016845703 -52.40711975097656 -6.31731653213501
vertex 25.24061393737793 -52.40711975097656 -5.992893218994141
endloop
endfacet
facet normal 0 1 0
outer loop
vertex 28.283506393432617 -52.40711975097656 -0.5
vertex 25.533506393432617 -52.40711975097656 -6.699999809265137
vertex 25.457386016845703 -52.40711975097656 -6.31731653213501
endloop
endfacet
facet normal -1 0 0
outer loop
vertex 28.283506393432617 -24.407121658325195 -4.099999904632568
vertex 28.283506393432617 -52.40711975097656 -8.199999809265137
vertex 28.283506393432617 -52.107120513916016 -4.099999904632568
endloop
endfacet
facet normal 0 1 0
outer loop
vertex -24.716493606567383 -52.40711975097656 -0.5
vertex 17.033506393432617 -52.40711975097656 -5.699999809265137
vertex 16.65082359313965 -52.40711975097656 -5.776120662689209
endloop
endfacet
facet normal 0 1 0
outer loop
vertex -24.716493606567383 -52.40711975097656 -0.5
vertex 16.65082359313965 -52.40711975097656 -5.776120662689209
vertex 16.326398849487305 -52.40711975097656 -5.992893218994141
endloop
endfacet
facet normal 0 1 0
outer loop
vertex -24.716493606567383 -52.40711975097656 -0.5
vertex 16.326398849487305 -52.40711975097656 -5.992893218994141
vertex 16.10962677001953 -52.40711975097656 -6.31731653213501
endloop
endfacet
facet normal 0 1 0
outer loop
vertex -24.716493606567383 -52.40711975097656 -0.5
vertex 16.10962677001953 -52.40711975097656 -6.31731653213501
vertex 16.033506393432617 -52.40711975097656 -6.699999809265137
endloop
endfacet
facet normal 0 1 0
outer loop
vertex 5.533506393432617 -52.40711975097656 -5.699999809265137
vertex 16.033506393432617 -52.40711975097656 -6.699999809265137
vertex 5.916189670562744 -52.40711975097656 -5.776120662689209
endloop
endfacet
facet normal 0 1 0
outer loop
vertex 16.033506393432617 -52.40711975097656 -6.699999809265137
vertex 6.2406134605407715 -52.40711975097656 -5.992893218994141
vertex 5.916189670562744 -52.40711975097656 -5.776120662689209
endloop
endfacet
facet normal 0 1 0
outer loop
vertex 16.033506393432617 -52.40711975097656 -8.199999809265137
vertex 6.2406134605407715 -52.40711975097656 -5.992893218994141
vertex 16.033506393432617 -52.40711975097656 -6.699999809265137
endloop
endfacet
facet normal 0 1 0
outer loop
vertex 6.2406134605407715 -52.40711975097656 -5.992893218994141
vertex 15.783506393432617 -52.40711975097656 -8.199999809265137
vertex 6.457386016845703 -52.40711975097656 -6.31731653213501
endloop
endfacet
facet normal 0 0 1
outer loop
vertex -24.716493606567383 -24.407121658325195 -8.199999809265137
vertex 6.783506393432617 -43.40711975097656 -8.199999809265137
vertex 15.783506393432617 -43.40711975097656 -8.199999809265137
endloop
endfacet
facet normal 0 0 1
outer loop
vertex -24.716493606567383 -24.407121658325195 -8.199999809265137
vertex -3.216493606567383 -43.40711975097656 -8.199999809265137
vertex 6.783506393432617 -43.40711975097656 -8.199999809265137
endloop
endfacet
facet normal 0 0 1
outer loop
vertex -24.716493606567383 -24.407121658325195 -8.199999809265137
vertex -12.216493606567383 -43.40711975097656 -8.199999809265137
vertex -3.216493606567383 -43.40711975097656 -8.199999809265137
endloop
endfacet
facet normal 0 0 1
outer loop
vertex -22.216493606567383 -43.40711975097656 -8.199999809265137
vertex -24.716493606567383 -24.407121658325195 -8.199999809265137
vertex -24.716493606567383 -52.40711975097656 -8.199999809265137
endloop
endfacet
facet normal 0 0 1
outer loop
vertex -3.216493606567383 -43.40711975097656 -8.199999809265137
vertex -12.216493606567383 -52.40711975097656 -8.199999809265137
vertex -3.216493606567383 -52.40711975097656 -8.199999809265137
endloop
endfacet
facet normal 0 1 0
outer loop
vertex 25.783506393432617 -52.40711975097656 -8.199999809265137
vertex 25.533506393432617 -52.40711975097656 -8.199999809265137
vertex 25.533506393432617 -52.40711975097656 -6.699999809265137
endloop
endfacet
facet normal 0 0 1
outer loop
vertex -24.716493606567383 -24.407121658325195 -8.199999809265137
vertex -22.216493606567383 -43.40711975097656 -8.199999809265137
vertex -12.216493606567383 -43.40711975097656 -8.199999809265137
endloop
endfacet
facet normal 0 0 1
outer loop
vertex -3.216493606567383 -43.40711975097656 -9.5
vertex 6.783506393432617 -52.40711975097656 -9.5
vertex 6.783506393432617 -43.40711975097656 -9.5
endloop
endfacet
facet normal 0 -1 0
outer loop
vertex -3.216493606567383 -43.40711975097656 -8.199999809265137
vertex -3.216493606567383 -43.40711975097656 -9.5
vertex 6.783506393432617 -43.40711975097656 -8.199999809265137
endloop
endfacet
facet normal 0 1 0
outer loop
vertex -2.8903729915618896 -52.40711975097656 -8.582683563232422
vertex -3.216493606567383 -52.40711975097656 -9.5
vertex -3.216493606567383 -52.40711975097656 -8.199999809265137
endloop
endfacet
facet normal 1 0 0
outer loop
vertex -3.216493606567383 -52.40711975097656 -9.5
vertex -3.216493606567383 -43.40711975097656 -9.5
vertex -3.216493606567383 -43.40711975097656 -8.199999809265137
endloop
endfacet
facet normal 0 1 0
outer loop
vertex -3.216493606567383 -52.40711975097656 -9.5
vertex 5.533506393432617 -52.40711975097656 -9.199999809265137
vertex 6.783506393432617 -52.40711975097656 -9.5
endloop
endfacet
facet normal 0 1 0
outer loop
vertex -2.673600435256958 -52.40711975097656 -8.907106399536133
vertex -3.216493606567383 -52.40711975097656 -9.5
vertex -2.8903729915618896 -52.40711975097656 -8.582683563232422
endloop
endfacet
facet normal 0 1 0
outer loop
vertex -2.3491768836975098 -52.40711975097656 -9.123879432678223
vertex -3.216493606567383 -52.40711975097656 -9.5
vertex -2.673600435256958 -52.40711975097656 -8.907106399536133
endloop
endfacet
facet normal 0 1 0
outer loop
vertex -3.216493606567383 -52.40711975097656 -9.5
vertex -2.3491768836975098 -52.40711975097656 -9.123879432678223
vertex -1.9664936065673828 -52.40711975097656 -9.199999809265137
endloop
endfacet
facet normal -1 0 0
outer loop
vertex 6.783506393432617 -43.40711975097656 -9.5
vertex 6.783506393432617 -52.40711975097656 -9.5
vertex 6.783506393432617 -52.40711975097656 -8.199999809265137
endloop
endfacet
facet normal 0 1 0
outer loop
vertex 6.783506393432617 -52.40711975097656 -9.5
vertex 5.533506393432617 -52.40711975097656 -9.199999809265137
vertex 5.916189670562744 -52.40711975097656 -9.123879432678223
endloop
endfacet
facet normal 0 0 1
outer loop
vertex -3.216493606567383 -43.40711975097656 -9.5
vertex -3.216493606567383 -52.40711975097656 -9.5
vertex 6.783506393432617 -52.40711975097656 -9.5
endloop
endfacet
facet normal 0 1 0
outer loop
vertex 5.533506393432617 -52.40711975097656 -9.199999809265137
vertex -3.216493606567383 -52.40711975097656 -9.5
vertex -1.9664936065673828 -52.40711975097656 -9.199999809265137
endloop
endfacet
facet normal 0 1 0
outer loop
vertex 5.916189670562744 -52.40711975097656 -9.123879432678223
vertex 6.2406134605407715 -52.40711975097656 -8.907106399536133
vertex 6.783506393432617 -52.40711975097656 -9.5
endloop
endfacet
facet normal 0 1 0
outer loop
vertex 6.457386016845703 -52.40711975097656 -8.582683563232422
vertex 6.533506393432617 -52.40711975097656 -8.199999809265137
vertex 6.783506393432617 -52.40711975097656 -9.5
endloop
endfacet
facet normal 0 1 0
outer loop
vertex -2.966493606567383 -52.40711975097656 -8.199999809265137
vertex -2.8903729915618896 -52.40711975097656 -8.582683563232422
vertex -3.216493606567383 -52.40711975097656 -8.199999809265137
endloop
endfacet
facet normal 0 1 0
outer loop
vertex 6.2406134605407715 -52.40711975097656 -8.907106399536133
vertex 6.457386016845703 -52.40711975097656 -8.582683563232422
vertex 6.783506393432617 -52.40711975097656 -9.5
endloop
endfacet
facet normal 1 0 0
outer loop
vertex -3.216493606567383 -52.40711975097656 -8.199999809265137
vertex -3.216493606567383 -52.40711975097656 -9.5
vertex -3.216493606567383 -43.40711975097656 -8.199999809265137
endloop
endfacet
facet normal 0 1 0
outer loop
vertex 6.533506393432617 -52.40711975097656 -8.199999809265137
vertex 6.783506393432617 -52.40711975097656 -8.199999809265137
vertex 6.783506393432617 -52.40711975097656 -9.5
endloop
endfacet
facet normal -1 0 0
outer loop
vertex 6.783506393432617 -43.40711975097656 -8.199999809265137
vertex 6.783506393432617 -43.40711975097656 -9.5
vertex 6.783506393432617 -52.40711975097656 -8.199999809265137
endloop
endfacet
facet normal 0 -1 0
outer loop
vertex -3.216493606567383 -43.40711975097656 -9.5
vertex 6.783506393432617 -43.40711975097656 -9.5
vertex 6.783506393432617 -43.40711975097656 -8.199999809265137
endloop
endfacet
facet normal 1 0 0
outer loop
vertex -22.216493606567383 -52.40711975097656 -8.199999809265137
vertex -22.216493606567383 -52.40711975097656 -9.5
vertex -22.216493606567383 -43.40711975097656 -8.199999809265137
endloop
endfacet
facet normal 0 -1 0
outer loop
vertex -22.216493606567383 -43.40711975097656 -8.199999809265137
vertex -22.216493606567383 -43.40711975097656 -9.5
vertex -12.216493606567383 -43.40711975097656 -8.199999809265137
endloop
endfacet
facet normal 0 1 0
outer loop
vertex -22.216493606567383 -52.40711975097656 -9.5
vertex -22.216493606567383 -52.40711975097656 -8.199999809265137
vertex -12.216493606567383 -52.40711975097656 -9.5
endloop
endfacet
facet normal 0 0 1
outer loop
vertex -22.216493606567383 -52.40711975097656 -9.5
vertex -12.216493606567383 -52.40711975097656 -9.5
vertex -22.216493606567383 -43.40711975097656 -9.5
endloop
endfacet
facet normal -1 0 0
outer loop
vertex -12.216493606567383 -43.40711975097656 -8.199999809265137
vertex -12.216493606567383 -43.40711975097656 -9.5
vertex -12.216493606567383 -52.40711975097656 -8.199999809265137
endloop
endfacet
facet normal 1 0 0
outer loop
vertex -22.216493606567383 -52.40711975097656 -9.5
vertex -22.216493606567383 -43.40711975097656 -9.5
vertex -22.216493606567383 -43.40711975097656 -8.199999809265137
endloop
endfacet
facet normal 0 0 1
outer loop
vertex -22.216493606567383 -43.40711975097656 -9.5
vertex -12.216493606567383 -52.40711975097656 -9.5
vertex -12.216493606567383 -43.40711975097656 -9.5
endloop
endfacet
facet normal 0 -1 0
outer loop
vertex -12.216493606567383 -43.40711975097656 -8.199999809265137
vertex -22.216493606567383 -43.40711975097656 -9.5
vertex -12.216493606567383 -43.40711975097656 -9.5
endloop
endfacet
facet normal -1 0 0
outer loop
vertex -12.216493606567383 -43.40711975097656 -9.5
vertex -12.216493606567383 -52.40711975097656 -9.5
vertex -12.216493606567383 -52.40711975097656 -8.199999809265137
endloop
endfacet
facet normal 0 1 0
outer loop
vertex -12.216493606567383 -52.40711975097656 -9.5
vertex -22.216493606567383 -52.40711975097656 -8.199999809265137
vertex -12.216493606567383 -52.40711975097656 -8.199999809265137
endloop
endfacet
facet normal 0 1 0
outer loop
vertex 16.033506393432617 -52.40711975097656 -8.199999809265137
vertex 16.10962677001953 -52.40711975097656 -8.582683563232422
vertex 15.783506393432617 -52.40711975097656 -8.199999809265137
endloop
endfacet
facet normal 1 0 0
outer loop
vertex 15.783506393432617 -52.40711975097656 -8.199999809265137
vertex 15.783506393432617 -52.40711975097656 -9.5
vertex 15.783506393432617 -43.40711975097656 -8.199999809265137
endloop
endfacet
facet normal 0 1 0
outer loop
vertex 25.533506393432617 -52.40711975097656 -8.199999809265137
vertex 25.783506393432617 -52.40711975097656 -8.199999809265137
vertex 25.783506393432617 -52.40711975097656 -9.5
endloop
endfacet
facet normal -1 0 0
outer loop
vertex 25.783506393432617 -43.40711975097656 -9.5
vertex 25.783506393432617 -52.40711975097656 -8.199999809265137
vertex 25.783506393432617 -43.40711975097656 -8.199999809265137
endloop
endfacet
facet normal 0 -1 0
outer loop
vertex 15.783506393432617 -43.40711975097656 -8.199999809265137
vertex 15.783506393432617 -43.40711975097656 -9.5
vertex 25.783506393432617 -43.40711975097656 -8.199999809265137
endloop
endfacet
facet normal 0 1 0
outer loop
vertex 15.783506393432617 -52.40711975097656 -9.5
vertex 16.65082359313965 -52.40711975097656 -9.123879432678223
vertex 17.033506393432617 -52.40711975097656 -9.199999809265137
endloop
endfacet
facet normal 0 1 0
outer loop
vertex 16.65082359313965 -52.40711975097656 -9.123879432678223
vertex 15.783506393432617 -52.40711975097656 -9.5
vertex 16.326398849487305 -52.40711975097656 -8.907106399536133
endloop
endfacet
facet normal 0 -1 0
outer loop
vertex 25.783506393432617 -43.40711975097656 -8.199999809265137
vertex 15.783506393432617 -43.40711975097656 -9.5
vertex 25.783506393432617 -43.40711975097656 -9.5
endloop
endfacet
facet normal 0 1 0
outer loop
vertex 16.326398849487305 -52.40711975097656 -8.907106399536133
vertex 15.783506393432617 -52.40711975097656 -9.5
vertex 16.10962677001953 -52.40711975097656 -8.582683563232422
endloop
endfacet
facet normal -1 0 0
outer loop
vertex 25.783506393432617 -43.40711975097656 -9.5
vertex 25.783506393432617 -52.40711975097656 -9.5
vertex 25.783506393432617 -52.40711975097656 -8.199999809265137
endloop
endfacet
facet normal 0 0 1
outer loop
vertex 15.783506393432617 -43.40711975097656 -9.5
vertex 25.783506393432617 -52.40711975097656 -9.5
vertex 25.783506393432617 -43.40711975097656 -9.5
endloop
endfacet
facet normal 0 1 0
outer loop
vertex 16.10962677001953 -52.40711975097656 -8.582683563232422
vertex 15.783506393432617 -52.40711975097656 -9.5
vertex 15.783506393432617 -52.40711975097656 -8.199999809265137
endloop
endfacet
facet normal 0 0 1
outer loop
vertex 15.783506393432617 -43.40711975097656 -9.5
vertex 15.783506393432617 -52.40711975097656 -9.5
vertex 25.783506393432617 -52.40711975097656 -9.5
endloop
endfacet
facet normal 1 0 0
outer loop
vertex 15.783506393432617 -52.40711975097656 -9.5
vertex 15.783506393432617 -43.40711975097656 -9.5
vertex 15.783506393432617 -43.40711975097656 -8.199999809265137
endloop
endfacet
facet normal 0 1 0
outer loop
vertex 25.457386016845703 -52.40711975097656 -8.582683563232422
vertex 25.533506393432617 -52.40711975097656 -8.199999809265137
vertex 25.783506393432617 -52.40711975097656 -9.5
endloop
endfacet
facet normal 0 1 0
outer loop
vertex 25.24061393737793 -52.40711975097656 -8.907106399536133
vertex 25.457386016845703 -52.40711975097656 -8.582683563232422
vertex 25.783506393432617 -52.40711975097656 -9.5
endloop
endfacet
facet normal 0 1 0
outer loop
vertex 24.916189193725586 -52.40711975097656 -9.123879432678223
vertex 25.24061393737793 -52.40711975097656 -8.907106399536133
vertex 25.783506393432617 -52.40711975097656 -9.5
endloop
endfacet
facet normal 0 1 0
outer loop
vertex 25.783506393432617 -52.40711975097656 -9.5
vertex 24.533506393432617 -52.40711975097656 -9.199999809265137
vertex 24.916189193725586 -52.40711975097656 -9.123879432678223
endloop
endfacet
facet normal 0 1 0
outer loop
vertex 15.783506393432617 -52.40711975097656 -9.5
vertex 24.533506393432617 -52.40711975097656 -9.199999809265137
vertex 25.783506393432617 -52.40711975097656 -9.5
endloop
endfacet
facet normal 0 1 0
outer loop
vertex 24.533506393432617 -52.40711975097656 -9.199999809265137
vertex 15.783506393432617 -52.40711975097656 -9.5
vertex 17.033506393432617 -52.40711975097656 -9.199999809265137
endloop
endfacet
facet normal 0 0 1
outer loop
vertex -16.250274658203125 42.811336517333984 -4.099999904632568
vertex -17.597490310668945 40.61288070678711 -4.099999904632568
vertex -10.244495391845703 43.59170913696289 -4.099999904632568
endloop
endfacet
facet normal 0 0 1
outer loop
vertex -17.901493072509766 40.61288070678711 -4.099999904632568
vertex -17.901493072509766 40.37382888793945 -4.099999904632568
vertex -17.597490310668945 40.61288070678711 -4.099999904632568
endloop
endfacet
facet normal 0 0 1
outer loop
vertex -14.568755149841309 44.7801399230957 -4.099999904632568
vertex -16.250274658203125 42.811336517333984 -4.099999904632568
vertex -10.244495391845703 43.59170913696289 -4.099999904632568
endloop
endfacet
facet normal 0 0 1
outer loop
vertex -10.244495391845703 43.59170913696289 -4.099999904632568
vertex -9.893306732177734 43.815486907958984 -4.099999904632568
vertex -14.568755149841309 44.7801399230957 -4.099999904632568
endloop
endfacet
facet normal 0 0 1
outer loop
vertex -12.599949836730957 46.4616584777832 -4.099999904632568
vertex -14.568755149841309 44.7801399230957 -4.099999904632568
vertex -6.459360599517822 45.32143783569336 -4.099999904632568
endloop
endfacet
facet normal 0 0 1
outer loop
vertex -6.459360599517822 45.32143783569336 -4.099999904632568
vertex -14.568755149841309 44.7801399230957 -4.099999904632568
vertex -9.893306732177734 43.815486907958984 -4.099999904632568
endloop
endfacet
facet normal 0 0 1
outer loop
vertex -10.39233684539795 47.81448745727539 -4.099999904632568
vertex -12.599949836730957 46.4616584777832 -4.099999904632568
vertex -6.459360599517822 45.32143783569336 -4.099999904632568
endloop
endfacet
facet normal 1 0 0
outer loop
vertex -27.901493072509766 40.61288070678711 -4.099999904632568
vertex -27.901493072509766 40.61288070678711 -0.5
vertex -27.901493072509766 40.37382888793945 -4.099999904632568
endloop
endfacet
facet normal 0 0 1
outer loop
vertex 7.629619121551514 40.37382888793945 -4.099999904632568
vertex 11.895339012145996 40.37382888793945 -4.099999904632568
vertex 7.577335834503174 40.45587921142578 -4.099999904632568
endloop
endfacet
facet normal 0 0 1
outer loop
vertex -5.482662200927734 49.40973663330078 -4.099999904632568
vertex 0.6563735008239746 45.32143783569336 -4.099999904632568
vertex 4.0903191566467285 43.815486907958984 -4.099999904632568
endloop
endfacet
facet normal 0 0 1
outer loop
vertex -8.000273704528809 48.80531311035156 -4.099999904632568
vertex -1.4453861713409424 45.72753143310547 -4.099999904632568
vertex 0.6563735008239746 45.32143783569336 -4.099999904632568
endloop
endfacet
facet normal 0 0 1
outer loop
vertex -8.000273704528809 48.80531311035156 -4.099999904632568
vertex 0.6563735008239746 45.32143783569336 -4.099999904632568
vertex -5.482662200927734 49.40973663330078 -4.099999904632568
endloop
endfacet
facet normal 0 0 1
outer loop
vertex -8.000273704528809 48.80531311035156 -4.099999904632568
vertex -2.901493549346924 45.88068771362305 -4.099999904632568
vertex -1.4453861713409424 45.72753143310547 -4.099999904632568
endloop
endfacet
facet normal 1 0 0
outer loop
vertex -27.901493072509766 40.37382888793945 -0.5
vertex -27.901493072509766 40.37382888793945 -4.099999904632568
vertex -27.901493072509766 40.61288070678711 -0.5
endloop
endfacet
facet normal 0 0 1
outer loop
vertex 4.4415082931518555 43.59170913696289 -4.099999904632568
vertex 7.577335834503174 40.45587921142578 -4.099999904632568
vertex 11.895339012145996 40.37382888793945 -4.099999904632568
endloop
endfacet
facet normal 0 0 1
outer loop
vertex -17.597490310668945 40.61288070678711 -4.099999904632568
vertex -13.432605743408203 40.37382888793945 -4.099999904632568
vertex -13.38032341003418 40.45587921142578 -4.099999904632568
endloop
endfacet
facet normal 0 0 1
outer loop
vertex -2.901493549346924 45.88068771362305 -4.099999904632568
vertex -10.39233684539795 47.81448745727539 -4.099999904632568
vertex -4.357600688934326 45.72753143310547 -4.099999904632568
endloop
endfacet
facet normal 0 0 1
outer loop
vertex -8.000273704528809 48.80531311035156 -4.099999904632568
vertex -10.39233684539795 47.81448745727539 -4.099999904632568
vertex -2.901493549346924 45.88068771362305 -4.099999904632568
endloop
endfacet
facet normal 0 0 1
outer loop
vertex -6.459360599517822 45.32143783569336 -4.099999904632568
vertex -4.357600688934326 45.72753143310547 -4.099999904632568
vertex -10.39233684539795 47.81448745727539 -4.099999904632568
endloop
endfacet
facet normal 0 0 1
outer loop
vertex 11.895339012145996 40.37382888793945 -4.099999904632568
vertex 4.0903191566467285 43.815486907958984 -4.099999904632568
vertex 4.4415082931518555 43.59170913696289 -4.099999904632568
endloop
endfacet
facet normal 0 0 1
outer loop
vertex -10.244495391845703 43.59170913696289 -4.099999904632568
vertex -17.597490310668945 40.61288070678711 -4.099999904632568
vertex -13.38032341003418 40.45587921142578 -4.099999904632568
endloop
endfacet
facet normal 0 0 1
outer loop
vertex -5.482662200927734 49.40973663330078 -4.099999904632568
vertex 4.0903191566467285 43.815486907958984 -4.099999904632568
vertex 11.895339012145996 40.37382888793945 -4.099999904632568
endloop
endfacet
facet normal 0 0 1
outer loop
vertex -17.597490310668945 40.61288070678711 -4.099999904632568
vertex -17.901493072509766 40.37382888793945 -4.099999904632568
vertex -13.432605743408203 40.37382888793945 -4.099999904632568
endloop
endfacet
facet normal -1 0 0
outer loop
vertex -17.901493072509766 41.01287841796875 -4.900000095367432
vertex -17.901493072509766 40.37382888793945 -4.099999904632568
vertex -17.901493072509766 40.61288070678711 -4.099999904632568
endloop
endfacet
facet normal 0 -1 0
outer loop
vertex -27.901493072509766 41.01287841796875 -0.5
vertex -27.901493072509766 41.01287841796875 -4.900000095367432
vertex -17.901493072509766 41.01287841796875 -4.099999904632568
endloop
endfacet
facet normal 0 -1 0
outer loop
vertex -17.901493072509766 41.01287841796875 -4.900000095367432
vertex -17.901493072509766 41.01287841796875 -4.099999904632568
vertex -27.901493072509766 41.01287841796875 -4.900000095367432
endloop
endfacet
facet normal 1 0 0
outer loop
vertex -27.901493072509766 40.61288070678711 -0.5
vertex -27.901493072509766 41.01287841796875 -4.900000095367432
vertex -27.901493072509766 41.01287841796875 -0.5
endloop
endfacet
facet normal 0 1 0
outer loop
vertex -27.901493072509766 25.212879180908203 -4.099999904632568
vertex -17.901493072509766 25.212879180908203 -4.900000095367432
vertex -27.901493072509766 25.212879180908203 -4.900000095367432
endloop
endfacet
facet normal 0 1 0
outer loop
vertex -17.901493072509766 25.212879180908203 -4.900000095367432
vertex -27.901493072509766 25.212879180908203 -4.099999904632568
vertex -17.901493072509766 25.212879180908203 -4.099999904632568
endloop
endfacet
facet normal 0 0 1
outer loop
vertex -27.901493072509766 41.01287841796875 -4.900000095367432
vertex -17.901493072509766 25.212879180908203 -4.900000095367432
vertex -17.901493072509766 41.01287841796875 -4.900000095367432
endloop
endfacet
facet normal -1 0 0
outer loop
vertex -17.901493072509766 41.01287841796875 -4.900000095367432
vertex -17.901493072509766 40.61288070678711 -4.099999904632568
vertex -17.901493072509766 41.01287841796875 -4.099999904632568
endloop
endfacet
facet normal 1 0 0
outer loop
vertex -27.901493072509766 40.37382888793945 -4.099999904632568
vertex -27.901493072509766 25.212879180908203 -4.099999904632568
vertex -27.901493072509766 25.212879180908203 -4.900000095367432
endloop
endfacet
facet normal 1 0 0
outer loop
vertex -27.901493072509766 25.212879180908203 -4.900000095367432
vertex -27.901493072509766 41.01287841796875 -4.900000095367432
vertex -27.901493072509766 40.37382888793945 -4.099999904632568
endloop
endfacet
facet normal 1 0 0
outer loop
vertex -27.901493072509766 40.37382888793945 -4.099999904632568
vertex -27.901493072509766 41.01287841796875 -4.900000095367432
vertex -27.901493072509766 40.61288070678711 -4.099999904632568
endloop
endfacet
facet normal 0 0 1
outer loop
vertex -27.901493072509766 41.01287841796875 -4.900000095367432
vertex -27.901493072509766 25.212879180908203 -4.900000095367432
vertex -17.901493072509766 25.212879180908203 -4.900000095367432
endloop
endfacet
facet normal 0 -1 0
outer loop
vertex -17.901493072509766 41.01287841796875 -4.099999904632568
vertex -19.22272491455078 41.01287841796875 -0.5
vertex -27.901493072509766 41.01287841796875 -0.5
endloop
endfacet
facet normal -1 0 0
outer loop
vertex -17.901493072509766 41.01287841796875 -4.900000095367432
vertex -17.901493072509766 25.212879180908203 -4.900000095367432
vertex -17.901493072509766 40.37382888793945 -4.099999904632568
endloop
endfacet
facet normal -1 0 0
outer loop
vertex -17.901493072509766 25.212879180908203 -4.900000095367432
vertex -17.901493072509766 25.212879180908203 -4.099999904632568
vertex -17.901493072509766 40.37382888793945 -4.099999904632568
endloop
endfacet
facet normal 1 0 0
outer loop
vertex -27.901493072509766 41.01287841796875 -4.900000095367432
vertex -27.901493072509766 40.61288070678711 -0.5
vertex -27.901493072509766 40.61288070678711 -4.099999904632568
endloop
endfacet
facet normal 0.7071067811865476 0.7071067811865476 0
outer loop
vertex -9.97215747833252 24.686389923095703 -5.446519374847412
vertex -9.97215747833252 24.686389923095703 -7.810097694396973
vertex -10.130707740783691 24.844940185546875 -5.481316566467285
endloop
endfacet
facet normal 0.9961946816374754 0.08715593082062258 0
outer loop
vertex -13.734378814697266 31.202749252319336 -7.331565856933594
vertex -13.901494026184082 33.11288070678711 -7.1912946701049805
vertex -13.734378814697266 31.202749252319336 -5.442880630493164
endloop
endfacet
facet normal -0.8191519992174643 0.5735765007198529 0
outer loop
vertex 6.624785900115967 27.612878799438477 -7.595189571380615
vertex 5.52499532699585 26.04221534729004 -7.710532188415527
vertex 6.624785900115967 27.612878799438477 -5.386653900146484
endloop
endfacet
facet normal -0.9063076955971149 0.4226184578331362 -4.3491703451466984e-7
outer loop
vertex 7.435125350952148 29.350656509399414 -7.4675750732421875
vertex 6.624785900115967 27.612878799438477 -7.595189571380615
vertex 7.357236862182617 29.183626174926758 -5.549038887023926
endloop
endfacet
facet normal -0.9659258756384789 0.2588188609279304 -7.972509628991336e-8
outer loop
vertex 7.931391716003418 31.202749252319336 -7.331565856933594
vertex 7.435125350952148 29.350656509399414 -7.4675750732421875
vertex 7.666019916534424 30.21236801147461 -5.536246299743652
endloop
endfacet
facet normal -0.99619472482129 0.08715543722702791 0
outer loop
vertex 8.098505973815918 33.11288070678711 -7.1912946701049805
vertex 7.931391716003418 31.202749252319336 -7.331565856933594
vertex 8.098505973815918 33.11288070678711 -5.504171371459961
endloop
endfacet
facet normal -0.9063079125981739 0.4226179924730377 0
outer loop
vertex 7.357236862182617 29.183626174926758 -5.549038887023926
vertex 6.624785900115967 27.612878799438477 -7.595189571380615
vertex 6.624785900115967 27.612878799438477 -5.386653900146484
endloop
endfacet
facet normal 0.9659257906634603 0.2588191780590632 7.102944896115784e-9
outer loop
vertex -13.296375274658203 29.568096160888672 -5.575359344482422
vertex -13.238112449645996 29.350656509399414 -7.4675750732421875
vertex -13.46900749206543 30.21236801147461 -5.536246299743652
endloop
endfacet
facet normal 0.906305782194501 0.4226225611119381 0
outer loop
vertex -13.160223960876465 29.183626174926758 -5.549038887023926
vertex -13.238112449645996 29.350656509399414 -7.4675750732421875
vertex -13.238112449645996 29.350656509399414 -5.545279026031494
endloop
endfacet
facet normal 0.9659257752105385 0.2588192357301139 0
outer loop
vertex -13.238112449645996 29.350656509399414 -7.4675750732421875
vertex -13.296375274658203 29.568096160888672 -5.575359344482422
vertex -13.238112449645996 29.350656509399414 -5.545279026031494
endloop
endfacet
facet normal 0.8191522329059353 0.5735761669780398 0
outer loop
vertex -11.327982902526855 26.04221534729004 -5.446519374847412
vertex -12.427772521972656 27.612878799438477 -7.595189571380615
vertex -12.427772521972656 27.612878799438477 -5.386653900146484
endloop
endfacet
facet normal 0.9063078256084482 0.42261817902294585 -4.6446880739110104e-7
outer loop
vertex -12.427772521972656 27.612878799438477 -5.386653900146484
vertex -13.238112449645996 29.350656509399414 -7.4675750732421875
vertex -13.160223960876465 29.183626174926758 -5.549038887023926
endloop
endfacet
facet normal 0.9961946816374754 0.08715593082062256 0
outer loop
vertex -13.734378814697266 31.202749252319336 -5.442880630493164
vertex -13.901494026184082 33.11288070678711 -7.1912946701049805
vertex -13.901494026184082 33.11288070678711 -5.504171371459961
endloop
endfacet
facet normal 0.9659259557735212 0.25881856185948016 0
outer loop
vertex -13.46900749206543 30.21236801147461 -5.536246299743652
vertex -13.734378814697266 31.202749252319336 -7.331565856933594
vertex -13.734378814697266 31.202749252319336 -5.442880630493164
endloop
endfacet
facet normal 0.9063076125779429 0.4226186358684023 0
outer loop
vertex -12.427772521972656 27.612878799438477 -7.595189571380615
vertex -13.238112449645996 29.350656509399414 -7.4675750732421875
vertex -12.427772521972656 27.612878799438477 -5.386653900146484
endloop
endfacet
facet normal 0.2588242475508861 0.965924432282214 0
outer loop
vertex -6.663715362548828 22.776260375976562 -7.950368881225586
vertex -6.663715362548828 22.776260375976562 -5.545279026031494
vertex -6.446276664733887 22.71799659729004 -5.575359344482422
endloop
endfacet
facet normal 0.9659257394271578 -0.2588193692752551 2.399050349439732e-7
outer loop
vertex -13.734378814697266 35.02301025390625 -7.051023960113525
vertex -13.238112449645996 36.875099182128906 -6.915014743804932
vertex -13.46900749206543 36.013389587402344 -5.536246299743652
endloop
endfacet
facet normal 0.42261958810822814 0.9063071685401322 0
outer loop
vertex -6.663715362548828 22.776260375976562 -7.950368881225586
vertex -6.830747127532959 22.854148864746094 -5.549038887023926
vertex -6.663715362548828 22.776260375976562 -5.545279026031494
endloop
endfacet
facet normal -0.906305782194501 0.4226225611119381 0
outer loop
vertex 7.435125350952148 29.350656509399414 -7.4675750732421875
vertex 7.357236862182617 29.183626174926758 -5.549038887023926
vertex 7.435125350952148 29.350656509399414 -5.545279026031494
endloop
endfacet
facet normal -0.9659263047690934 0.25881725938415384 0
outer loop
vertex 7.435125350952148 29.350656509399414 -7.4675750732421875
vertex 7.435125350952148 29.350656509399414 -5.545279026031494
vertex 7.493387699127197 29.568096160888672 -5.575359344482422
endloop
endfacet
facet normal -0.9659257869431476 0.25881919194334174 -2.3801976963356041e-7
outer loop
vertex 7.666019916534424 30.21236801147461 -5.536246299743652
vertex 7.435125350952148 29.350656509399414 -7.4675750732421875
vertex 7.493387699127197 29.568096160888672 -5.575359344482422
endloop
endfacet
facet normal -0.2588170100980015 -0.9659263715645882 0
outer loop
vertex -0.9913635849952698 43.945762634277344 -5.442880630493164
vertex -0.9913635849952698 43.945762634277344 -6.395777702331543
vertex -0.0009830982889980078 43.68039321899414 -5.536246299743652
endloop
endfacet
facet normal -0.08715747907710077 -0.9961945461810784 0
outer loop
vertex -2.901493549346924 44.11288070678711 -5.504171371459961
vertex -0.9913635849952698 43.945762634277344 -6.395777702331543
vertex -0.9913635849952698 43.945762634277344 -5.442880630493164
endloop
endfacet
facet normal 0.7071067811865476 0.7071067811865476 0
outer loop
vertex -11.327982902526855 26.04221534729004 -7.710532188415527
vertex -10.130707740783691 24.844940185546875 -5.481316566467285
vertex -9.97215747833252 24.686389923095703 -7.810097694396973
endloop
endfacet
facet normal 0.2588187943906356 0.9659258934670806 0
outer loop
vertex -4.811623573303223 22.279993057250977 -7.986812114715576
vertex -5.802003860473633 22.545364379882812 -5.536246299743652
vertex -4.811623573303223 22.279993057250977 -5.442880630493164
endloop
endfacet
facet normal 0.0871574763780556 -0.9961945464172189 0
outer loop
vertex -4.811623573303223 43.945762634277344 -5.442880630493164
vertex -2.901493549346924 44.11288070678711 -6.383505344390869
vertex -2.901493549346924 44.11288070678711 -5.504171371459961
endloop
endfacet
facet normal -0.2588185051710232 -0.9659259709613506 0.000001846353709772222
outer loop
vertex -0.9913635849952698 43.945762634277344 -6.395777702331543
vertex 0.8607280254364014 43.44949722290039 -6.432220935821533
vertex -0.0009830982889980078 43.68039321899414 -5.536246299743652
endloop
endfacet
facet normal 0.5735765007198529 0.8191519992174644 0
outer loop
vertex -9.97215747833252 24.686389923095703 -7.810097694396973
vertex -8.401494026184082 23.586599349975586 -5.386653900146484
vertex -8.401494026184082 23.586599349975586 -7.8908610343933105
endloop
endfacet
facet normal 0.08715550200261715 0.996194719154178 0
outer loop
vertex -2.901493549346924 22.112878799438477 -5.504171371459961
vertex -4.811623573303223 22.279993057250977 -7.986812114715576
vertex -4.811623573303223 22.279993057250977 -5.442880630493164
endloop
endfacet
facet normal -0.08715747907710077 -0.9961945461810784 0
outer loop
vertex -2.901493549346924 44.11288070678711 -6.383505344390869
vertex -0.9913635849952698 43.945762634277344 -6.395777702331543
vertex -2.901493549346924 44.11288070678711 -5.504171371459961
endloop
endfacet
facet normal 0.0871574763780556 -0.996194546417219 0
outer loop
vertex -4.811623573303223 43.945762634277344 -6.395777702331543
vertex -2.901493549346924 44.11288070678711 -6.383505344390869
vertex -4.811623573303223 43.945762634277344 -5.442880630493164
endloop
endfacet
facet normal -0.9659258395079607 0.2588189957689375 0
outer loop
vertex 7.931391716003418 31.202749252319336 -7.331565856933594
vertex 7.666019916534424 30.21236801147461 -5.536246299743652
vertex 7.931391716003418 31.202749252319336 -5.442880630493164
endloop
endfacet
facet normal -0.99619472482129 0.08715543722702791 0
outer loop
vertex 8.098505973815918 33.11288070678711 -5.504171371459961
vertex 7.931391716003418 31.202749252319336 -7.331565856933594
vertex 7.931391716003418 31.202749252319336 -5.442880630493164
endloop
endfacet
facet normal -0.996194717265138 -0.08715552359450154 0
outer loop
vertex 8.098505973815918 33.11288070678711 -7.1912946701049805
vertex 8.098505973815918 33.11288070678711 -5.504171371459961
vertex 7.931391716003418 35.02301025390625 -5.442880630493164
endloop
endfacet
facet normal -0.996194717265138 -0.08715552359450154 0
outer loop
vertex 7.931391716003418 35.02301025390625 -7.051023960113525
vertex 8.098505973815918 33.11288070678711 -7.1912946701049805
vertex 7.931391716003418 35.02301025390625 -5.442880630493164
endloop
endfacet
facet normal -0.9659257452910068 -0.2588193473912005 -7.949424911029895e-8
outer loop
vertex 7.435125350952148 36.875099182128906 -6.915014743804932
vertex 7.931391716003418 35.02301025390625 -7.051023960113525
vertex 7.666019916534424 36.013389587402344 -5.536246299743652
endloop
endfacet
facet normal -0.08715550470160212 0.9961947189180482 0
outer loop
vertex -0.9913635849952698 22.279993057250977 -5.442880630493164
vertex -2.901493549346924 22.112878799438477 -7.99908447265625
vertex -2.901493549346924 22.112878799438477 -5.504171371459961
endloop
endfacet
facet normal -0.2588187457384538 0.9659259065033785 0
outer loop
vertex -0.0009830982889980078 22.545364379882812 -5.536246299743652
vertex -0.9913635849952698 22.279993057250977 -7.986812114715576
vertex -0.9913635849952698 22.279993057250977 -5.442880630493164
endloop
endfacet
facet normal 0.2588170587499039 -0.9659263585284589 0
outer loop
vertex -5.802003860473633 43.68039321899414 -5.536246299743652
vertex -4.811623573303223 43.945762634277344 -6.395777702331543
vertex -4.811623573303223 43.945762634277344 -5.442880630493164
endloop
endfacet
facet normal 0.4226169156465271 -0.9063084147292453 -6.153315528386383e-7
outer loop
vertex -8.401494026184082 42.63916015625 -5.386653900146484
vertex -6.663715362548828 43.44949722290039 -6.432220935821533
vertex -6.830747127532959 43.37160873413086 -5.549038887023926
endloop
endfacet
facet normal 0.5735771682026221 -0.8191515318405141 0
outer loop
vertex -8.401494026184082 42.63916015625 -6.491728782653809
vertex -8.401494026184082 42.63916015625 -5.386653900146484
vertex -9.97215747833252 41.53936767578125 -5.446519374847412
endloop
endfacet
facet normal 0.25882119940079173 -0.965925249030476 0.000005113537251886306
outer loop
vertex -6.446276664733887 43.50775909423828 -5.575359344482422
vertex -4.811623573303223 43.945762634277344 -6.395777702331543
vertex -5.802003860473633 43.68039321899414 -5.536246299743652
endloop
endfacet
facet normal 0.25881634214584237 -0.965926550540074 0
outer loop
vertex -6.663715362548828 43.44949722290039 -5.545279026031494
vertex -6.663715362548828 43.44949722290039 -6.432220935821533
vertex -6.446276664733887 43.50775909423828 -5.575359344482422
endloop
endfacet
facet normal 0.25881852666156707 -0.9659259652045714 -5.941461274804679e-7
outer loop
vertex -6.663715362548828 43.44949722290039 -6.432220935821533
vertex -4.811623573303223 43.945762634277344 -6.395777702331543
vertex -6.446276664733887 43.50775909423828 -5.575359344482422
endloop
endfacet
facet normal 0.42261958810822814 -0.9063071685401322 0
outer loop
vertex -6.663715362548828 43.44949722290039 -6.432220935821533
vertex -6.663715362548828 43.44949722290039 -5.545279026031494
vertex -6.830747127532959 43.37160873413086 -5.549038887023926
endloop
endfacet
facet normal 0.42261721974808425 -0.906308272925057 0
outer loop
vertex -8.401494026184082 42.63916015625 -6.491728782653809
vertex -6.663715362548828 43.44949722290039 -6.432220935821533
vertex -8.401494026184082 42.63916015625 -5.386653900146484
endloop
endfacet
facet normal 0.42261787186326455 0.9063079688393815 0
outer loop
vertex -6.830747127532959 22.854148864746094 -5.549038887023926
vertex -8.401494026184082 23.586599349975586 -7.8908610343933105
vertex -8.401494026184082 23.586599349975586 -5.386653900146484
endloop
endfacet
facet normal 0.70710710579109 0.7071064565817698 -3.486796818537587e-7
outer loop
vertex -10.130707740783691 24.844940185546875 -5.481316566467285
vertex -11.327982902526855 26.04221534729004 -7.710532188415527
vertex -11.169431686401367 25.883665084838867 -5.481316566467285
endloop
endfacet
facet normal 0.5735765007198529 0.8191519992174644 0
outer loop
vertex -8.401494026184082 23.586599349975586 -5.386653900146484
vertex -9.97215747833252 24.686389923095703 -7.810097694396973
vertex -9.97215747833252 24.686389923095703 -5.446519374847412
endloop
endfacet
facet normal 0.7071046545783929 0.7071089077883066 0
outer loop
vertex -11.327982902526855 26.04221534729004 -7.710532188415527
vertex -11.327982902526855 26.04221534729004 -5.446519374847412
vertex -11.169431686401367 25.883665084838867 -5.481316566467285
endloop
endfacet
facet normal 0.9063079542197935 -0.4226179032148258 4.868120298705846e-7
outer loop
vertex -13.160223960876465 37.04213333129883 -5.549038887023926
vertex -13.238112449645996 36.875099182128906 -6.915014743804932
vertex -12.427772521972656 38.61288070678711 -6.787400245666504
endloop
endfacet
facet normal 0.8191522329059354 -0.5735761669780398 0
outer loop
vertex -12.427772521972656 38.61288070678711 -6.787400245666504
vertex -11.327982902526855 40.18354415893555 -6.672057628631592
vertex -12.427772521972656 38.61288070678711 -5.386653900146484
endloop
endfacet
facet normal 0.7071062999021677 -0.7071072624704641 -4.3815878845049707e-7
outer loop
vertex -11.327982902526855 40.18354415893555 -6.672057628631592
vertex -9.97215747833252 41.53936767578125 -6.5724921226501465
vertex -11.169431686401367 40.34209442138672 -5.481316566467285
endloop
endfacet
facet normal 0.9961946740812381 -0.08715601718857785 0
outer loop
vertex -13.901494026184082 33.11288070678711 -5.504171371459961
vertex -13.734378814697266 35.02301025390625 -7.051023960113525
vertex -13.734378814697266 35.02301025390625 -5.442880630493164
endloop
endfacet
facet normal 0.7071067811865475 -0.7071067811865475 0
outer loop
vertex -10.130707740783691 41.38081741333008 -5.481316566467285
vertex -9.97215747833252 41.53936767578125 -6.5724921226501465
vertex -9.97215747833252 41.53936767578125 -5.446519374847412
endloop
endfacet
facet normal 0.7071064565815118 -0.707107105791428 -9.433166095423441e-8
outer loop
vertex -9.97215747833252 41.53936767578125 -6.5724921226501465
vertex -10.130707740783691 41.38081741333008 -5.481316566467285
vertex -11.169431686401367 40.34209442138672 -5.481316566467285
endloop
endfacet
facet normal 0.5735771682026221 -0.8191515318405143 0
outer loop
vertex -9.97215747833252 41.53936767578125 -6.5724921226501465
vertex -8.401494026184082 42.63916015625 -6.491728782653809
vertex -9.97215747833252 41.53936767578125 -5.446519374847412
endloop
endfacet
facet normal 0.965925831160472 -0.2588190269221939 0
outer loop
vertex -13.734378814697266 35.02301025390625 -5.442880630493164
vertex -13.734378814697266 35.02301025390625 -7.051023960113525
vertex -13.46900749206543 36.013389587402344 -5.536246299743652
endloop
endfacet
facet normal 0.9659257963567134 -0.2588191568112821 3.822255218170999e-7
outer loop
vertex -13.46900749206543 36.013389587402344 -5.536246299743652
vertex -13.238112449645996 36.875099182128906 -6.915014743804932
vertex -13.296375274658203 36.65766143798828 -5.575359344482422
endloop
endfacet
facet normal 0.965925207622118 -0.25882135398797396 0
outer loop
vertex -13.296375274658203 36.65766143798828 -5.575359344482422
vertex -13.238112449645996 36.875099182128906 -6.915014743804932
vertex -13.238112449645996 36.875099182128906 -5.545279026031494
endloop
endfacet
facet normal -0.8191519992174644 -0.5735765007198529 0
outer loop
vertex 5.52499532699585 40.18354415893555 -6.672057628631592
vertex 6.624785900115967 38.61288070678711 -6.787400245666504
vertex 5.52499532699585 40.18354415893555 -5.446519374847412
endloop
endfacet
facet normal -0.9063080631646697 -0.42261766958174524 0
outer loop
vertex 6.624785900115967 38.61288070678711 -6.787400245666504
vertex 7.435125350952148 36.875099182128906 -6.915014743804932
vertex 6.624785900115967 38.61288070678711 -5.386653900146484
endloop
endfacet
facet normal -0.9659257148945087 -0.25881946083231894 0
outer loop
vertex 7.666019916534424 36.013389587402344 -5.536246299743652
vertex 7.931391716003418 35.02301025390625 -7.051023960113525
vertex 7.931391716003418 35.02301025390625 -5.442880630493164
endloop
endfacet
facet normal -0.9659257910867421 -0.2588191764793521 3.499224550235573e-8
outer loop
vertex 7.435125350952148 36.875099182128906 -6.915014743804932
vertex 7.666019916534424 36.013389587402344 -5.536246299743652
vertex 7.493387699127197 36.65766143798828 -5.575359344482422
endloop
endfacet
facet normal -0.906309479051169 -0.4226146331848898 0
outer loop
vertex 7.435125350952148 36.875099182128906 -6.915014743804932
vertex 7.435125350952148 36.875099182128906 -5.545279026031494
vertex 7.357236862182617 37.04213333129883 -5.549038887023926
endloop
endfacet
facet normal -0.9659257371890301 -0.2588193776281615 0
outer loop
vertex 7.435125350952148 36.875099182128906 -5.545279026031494
vertex 7.435125350952148 36.875099182128906 -6.915014743804932
vertex 7.493387699127197 36.65766143798828 -5.575359344482422
endloop
endfacet
facet normal -0.8191519992174643 -0.5735765007198529 0
outer loop
vertex 5.52499532699585 40.18354415893555 -5.446519374847412
vertex 6.624785900115967 38.61288070678711 -6.787400245666504
vertex 6.624785900115967 38.61288070678711 -5.386653900146484
endloop
endfacet
facet normal -0.42261808445157445 0.9063078697079054 0
outer loop
vertex 2.598506450653076 23.586599349975586 -7.8908610343933105
vertex 0.8607280254364014 22.776260375976562 -7.950368881225586
vertex 2.598506450653076 23.586599349975586 -5.386653900146484
endloop
endfacet
facet normal -0.5735763838756346 0.8191520810326679 0
outer loop
vertex 2.598506450653076 23.586599349975586 -7.8908610343933105
vertex 4.169170379638672 24.686389923095703 -5.446519374847412
vertex 4.169170379638672 24.686389923095703 -7.810097694396973
endloop
endfacet
facet normal -0.8191519992174643 0.5735765007198529 0
outer loop
vertex 6.624785900115967 27.612878799438477 -5.386653900146484
vertex 5.52499532699585 26.04221534729004 -7.710532188415527
vertex 5.52499532699585 26.04221534729004 -5.446519374847412
endloop
endfacet
facet normal -0.7071057178816706 -0.7071078444898253 0
outer loop
vertex 5.52499532699585 40.18354415893555 -6.672057628631592
vertex 5.52499532699585 40.18354415893555 -5.446519374847412
vertex 5.3664445877075195 40.34209442138672 -5.481316566467285
endloop
endfacet
facet normal -0.7071057178816708 0.7071078444898256 0
outer loop
vertex 5.52499532699585 26.04221534729004 -7.710532188415527
vertex 5.3664445877075195 25.883665084838867 -5.481316566467285
vertex 5.52499532699585 26.04221534729004 -5.446519374847412
endloop
endfacet
facet normal -0.707107268093466 0.7071062942792622 2.1108618236403696e-7
outer loop
vertex 5.3664445877075195 25.883665084838867 -5.481316566467285
vertex 4.169170379638672 24.686389923095703 -7.810097694396973
vertex 4.327721118927002 24.844940185546875 -5.481316566467285
endloop
endfacet
facet normal -0.7071068993586839 0.7071066630143713 -1.680623864018187e-7
outer loop
vertex 4.169170379638672 24.686389923095703 -7.810097694396973
vertex 5.3664445877075195 25.883665084838867 -5.481316566467285
vertex 5.52499532699585 26.04221534729004 -7.710532188415527
endloop
endfacet
facet normal -0.7071057178816706 0.7071078444898254 0
outer loop
vertex 4.169170379638672 24.686389923095703 -7.810097694396973
vertex 4.169170379638672 24.686389923095703 -5.446519374847412
vertex 4.327721118927002 24.844940185546875 -5.481316566467285
endloop
endfacet
facet normal 0.42261803312159096 0.9063078936434463 -1.316809287530205e-7
outer loop
vertex -8.401494026184082 23.586599349975586 -7.8908610343933105
vertex -6.830747127532959 22.854148864746094 -5.549038887023926
vertex -6.663715362548828 22.776260375976562 -7.950368881225586
endloop
endfacet
facet normal -0.5735763838756347 0.819152081032668 0
outer loop
vertex 4.169170379638672 24.686389923095703 -5.446519374847412
vertex 2.598506450653076 23.586599349975586 -7.8908610343933105
vertex 2.598506450653076 23.586599349975586 -5.386653900146484
endloop
endfacet
facet normal -0.4226179408352664 0.9063079366772341 -1.1851597425547767e-7
outer loop
vertex 2.598506450653076 23.586599349975586 -5.386653900146484
vertex 0.8607280254364014 22.776260375976562 -7.950368881225586
vertex 1.0277599096298218 22.854148864746094 -5.549038887023926
endloop
endfacet
facet normal -0.4226193403596018 0.9063072840676142 0
outer loop
vertex 0.8607280254364014 22.776260375976562 -7.950368881225586
vertex 0.8607280254364014 22.776260375976562 -5.545279026031494
vertex 1.0277599096298218 22.854148864746094 -5.549038887023926
endloop
endfacet
facet normal -0.7071066188839922 -0.7071069434890248 -2.3994175279317146e-7
outer loop
vertex 5.52499532699585 40.18354415893555 -6.672057628631592
vertex 5.3664445877075195 40.34209442138672 -5.481316566467285
vertex 4.327721118927002 41.38081741333008 -5.481316566467285
endloop
endfacet
facet normal 0.906309479051169 -0.4226146331848898 0
outer loop
vertex -13.238112449645996 36.875099182128906 -5.545279026031494
vertex -13.238112449645996 36.875099182128906 -6.915014743804932
vertex -13.160223960876465 37.04213333129883 -5.549038887023926
endloop
endfacet
facet normal 0.25881944906890436 0.9659257180464699 2.8358024382170453e-7
outer loop
vertex -6.663715362548828 22.776260375976562 -7.950368881225586
vertex -5.802003860473633 22.545364379882812 -5.536246299743652
vertex -4.811623573303223 22.279993057250977 -7.986812114715576
endloop
endfacet
facet normal 0.08715550200261715 0.9961947191541781 0
outer loop
vertex -4.811623573303223 22.279993057250977 -7.986812114715576
vertex -2.901493549346924 22.112878799438477 -5.504171371459961
vertex -2.901493549346924 22.112878799438477 -7.99908447265625
endloop
endfacet
facet normal -0.9063078925420123 -0.42261803548334237 5.065029696205552e-7
outer loop
vertex 6.624785900115967 38.61288070678711 -5.386653900146484
vertex 7.435125350952148 36.875099182128906 -6.915014743804932
vertex 7.357236862182617 37.04213333129883 -5.549038887023926
endloop
endfacet
facet normal -0.08715550470160212 0.9961947189180481 0
outer loop
vertex -2.901493549346924 22.112878799438477 -7.99908447265625
vertex -0.9913635849952698 22.279993057250977 -5.442880630493164
vertex -0.9913635849952698 22.279993057250977 -7.986812114715576
endloop
endfacet
facet normal -0.2588194729601333 0.9659257116448136 3.1500318470860326e-7
outer loop
vertex -0.9913635849952698 22.279993057250977 -7.986812114715576
vertex -0.0009830982889980078 22.545364379882812 -5.536246299743652
vertex 0.8607280254364014 22.776260375976562 -7.950368881225586
endloop
endfacet
facet normal 0.9063078072169255 -0.4226182184639564 0
outer loop
vertex -13.160223960876465 37.04213333129883 -5.549038887023926
vertex -12.427772521972656 38.61288070678711 -6.787400245666504
vertex -12.427772521972656 38.61288070678711 -5.386653900146484
endloop
endfacet
facet normal -0.25882431374732634 0.9659244145445468 0
outer loop
vertex 0.6432893872261047 22.71799659729004 -5.575359344482422
vertex 0.8607280254364014 22.776260375976562 -5.545279026031494
vertex 0.8607280254364014 22.776260375976562 -7.950368881225586
endloop
endfacet
facet normal -0.2588189104498318 0.9659258623689919 5.302047644944419e-7
outer loop
vertex 0.8607280254364014 22.776260375976562 -7.950368881225586
vertex -0.0009830982889980078 22.545364379882812 -5.536246299743652
vertex 0.6432893872261047 22.71799659729004 -5.575359344482422
endloop
endfacet
facet normal 0.8191522329059354 -0.5735761669780398 0
outer loop
vertex -12.427772521972656 38.61288070678711 -5.386653900146484
vertex -11.327982902526855 40.18354415893555 -6.672057628631592
vertex -11.327982902526855 40.18354415893555 -5.446519374847412
endloop
endfacet
facet normal -0.5735770513584012 -0.8191516136558618 0
outer loop
vertex 2.598506450653076 42.63916015625 -5.386653900146484
vertex 4.169170379638672 41.53936767578125 -6.5724921226501465
vertex 4.169170379638672 41.53936767578125 -5.446519374847412
endloop
endfacet
facet normal -0.4226170469342123 -0.9063083535092269 0
outer loop
vertex 1.0277599096298218 43.37160873413086 -5.549038887023926
vertex 2.598506450653076 42.63916015625 -6.491728782653809
vertex 2.598506450653076 42.63916015625 -5.386653900146484
endloop
endfacet
facet normal -0.7071057178816708 -0.7071078444898254 0
outer loop
vertex 4.169170379638672 41.53936767578125 -6.5724921226501465
vertex 4.327721118927002 41.38081741333008 -5.481316566467285
vertex 4.169170379638672 41.53936767578125 -5.446519374847412
endloop
endfacet
facet normal -0.5735770513584012 -0.8191516136558616 0
outer loop
vertex 2.598506450653076 42.63916015625 -6.491728782653809
vertex 4.169170379638672 41.53936767578125 -6.5724921226501465
vertex 2.598506450653076 42.63916015625 -5.386653900146484
endloop
endfacet
facet normal -0.4226193403596018 -0.9063072840676142 0
outer loop
vertex 0.8607280254364014 43.44949722290039 -5.545279026031494
vertex 0.8607280254364014 43.44949722290039 -6.432220935821533
vertex 1.0277599096298218 43.37160873413086 -5.549038887023926
endloop
endfacet
facet normal -0.25881640834055103 -0.9659265328034514 0
outer loop
vertex 0.6432893872261047 43.50775909423828 -5.575359344482422
vertex 0.8607280254364014 43.44949722290039 -6.432220935821533
vertex 0.8607280254364014 43.44949722290039 -5.545279026031494
endloop
endfacet
facet normal -0.2588216898807271 -0.9659251176179348 -0.0000014364773406522028
outer loop
vertex -0.0009830982889980078 43.68039321899414 -5.536246299743652
vertex 0.8607280254364014 43.44949722290039 -6.432220935821533
vertex 0.6432893872261047 43.50775909423828 -5.575359344482422
endloop
endfacet
facet normal -0.42261728071307975 -0.9063082444965713 -4.742317849103439e-7
outer loop
vertex 0.8607280254364014 43.44949722290039 -6.432220935821533
vertex 2.598506450653076 42.63916015625 -6.491728782653809
vertex 1.0277599096298218 43.37160873413086 -5.549038887023926
endloop
endfacet
facet normal -0.70710640086941 -0.7071071615034529 1.9847940909941188e-7
outer loop
vertex 4.169170379638672 41.53936767578125 -6.5724921226501465
vertex 5.52499532699585 40.18354415893555 -6.672057628631592
vertex 4.327721118927002 41.38081741333008 -5.481316566467285
endloop
endfacet
facet normal 0.7071046545783928 -0.7071089077883066 0
outer loop
vertex -11.327982902526855 40.18354415893555 -5.446519374847412
vertex -11.327982902526855 40.18354415893555 -6.672057628631592
vertex -11.169431686401367 40.34209442138672 -5.481316566467285
endloop
endfacet
facet normal 0.8191522329059353 0.5735761669780398 0
outer loop
vertex -11.327982902526855 26.04221534729004 -7.710532188415527
vertex -12.427772521972656 27.612878799438477 -7.595189571380615
vertex -11.327982902526855 26.04221534729004 -5.446519374847412
endloop
endfacet
facet normal 0.9659258801650573 0.2588188440344552 1.6683666081524177e-7
outer loop
vertex -13.238112449645996 29.350656509399414 -7.4675750732421875
vertex -13.734378814697266 31.202749252319336 -7.331565856933594
vertex -13.46900749206543 30.21236801147461 -5.536246299743652
endloop
endfacet
facet normal 0.9961946740812382 -0.08715601718857786 0
outer loop
vertex -13.901494026184082 33.11288070678711 -7.1912946701049805
vertex -13.734378814697266 35.02301025390625 -7.051023960113525
vertex -13.901494026184082 33.11288070678711 -5.504171371459961
endloop
endfacet
facet normal 0.25881879068247615 0.9659258944605296 5.354615951254313e-7
outer loop
vertex -5.802003860473633 22.545364379882812 -5.536246299743652
vertex -6.663715362548828 22.776260375976562 -7.950368881225586
vertex -6.446276664733887 22.71799659729004 -5.575359344482422
endloop
endfacet
facet normal -0.6258857579493261 0.12093027123792648 0.7704822434647791
outer loop
vertex 9.311470985412598 33.11288070678711 -4.654844284057617
vertex 7.666019916534424 30.21236801147461 -5.536246299743652
vertex 9.713157653808594 31.656770706176758 -4.099999904632568
endloop
endfacet
facet normal 0.07417008888411937 -0.7051594332470295 0.7051588272280578
outer loop
vertex -4.357600688934326 45.72753143310547 -4.099999904632568
vertex -2.901493549346924 45.325843811035156 -4.654844284057617
vertex -2.901493549346924 45.88068771362305 -4.099999904632568
endloop
endfacet
facet normal 0.31321999942474327 -0.49155454908479346 0.8125683708060567
outer loop
vertex -9.97215747833252 41.53936767578125 -5.446519374847412
vertex -8.401494026184082 42.63916015625 -5.386653900146484
vertex -9.893306732177734 43.815486907958984 -4.099999904632568
endloop
endfacet
facet normal -0.12093062721932361 0.6258861857935808 0.7704818400410904
outer loop
vertex -0.0009830982889980078 22.545364379882812 -5.536246299743652
vertex -2.901493549346924 20.899913787841797 -4.654844284057617
vertex -1.4453861713409424 20.498228073120117 -4.099999904632568
endloop
endfacet
facet normal -0.12093004694188725 0.6258859657002113 0.7704821099066136
outer loop
vertex -0.0009830982889980078 22.545364379882812 -5.536246299743652
vertex -1.4453861713409424 20.498228073120117 -4.099999904632568
vertex 0.6563735008239746 20.90431785583496 -4.099999904632568
endloop
endfacet
facet normal 0.3132193402388229 -0.49155461577829634 0.8125685845560409
outer loop
vertex -10.244495391845703 43.59170913696289 -4.099999904632568
vertex -10.130707740783691 41.38081741333008 -5.481316566467285
vertex -9.97215747833252 41.53936767578125 -5.446519374847412
endloop
endfacet
facet normal 0.4549070234529213 -0.4549074411130174 0.7655839732081714
outer loop
vertex -11.169431686401367 40.34209442138672 -5.481316566467285
vertex -10.130707740783691 41.38081741333008 -5.481316566467285
vertex -10.244495391845703 43.59170913696289 -4.099999904632568
endloop
endfacet
facet normal 0.454907736043148 -0.4549074593484072 0.7655835389539636
outer loop
vertex -13.38032341003418 40.45587921142578 -4.099999904632568
vertex -11.169431686401367 40.34209442138672 -5.481316566467285
vertex -10.244495391845703 43.59170913696289 -4.099999904632568
endloop
endfacet
facet normal 0.3132191367352751 -0.4915546719532729 0.8125686290177091
outer loop
vertex -10.244495391845703 43.59170913696289 -4.099999904632568
vertex -9.97215747833252 41.53936767578125 -5.446519374847412
vertex -9.893306732177734 43.815486907958984 -4.099999904632568
endloop
endfacet
facet normal 0.3132191180499653 -0.49155544538559365 0.8125681683402154
outer loop
vertex -8.401494026184082 42.63916015625 -5.386653900146484
vertex -6.830747127532959 43.37160873413086 -5.549038887023926
vertex -9.893306732177734 43.815486907958984 -4.099999904632568
endloop
endfacet
facet normal -0.49155564205355196 0.3132187211796412 0.8125682023485231
outer loop
vertex 6.624785900115967 27.612878799438477 -5.386653900146484
vertex 7.577335834503174 25.76987648010254 -4.099999904632568
vertex 7.801114082336426 26.12106704711914 -4.099999904632568
endloop
endfacet
facet normal 0.07624113521411625 -0.5719044765635978 0.8167695874527774
outer loop
vertex -5.802003860473633 43.68039321899414 -5.536246299743652
vertex -4.811623573303223 43.945762634277344 -5.442880630493164
vertex -2.901493549346924 45.325843811035156 -4.654844284057617
endloop
endfacet
facet normal -0.45490730430830917 0.45490723513464754 0.7655839287165699
outer loop
vertex 7.577335834503174 25.76987648010254 -4.099999904632568
vertex 5.3664445877075195 25.883665084838867 -5.481316566467285
vertex 4.4415082931518555 22.634048461914062 -4.099999904632568
endloop
endfacet
facet normal -0.3132187750675044 0.4915547717877241 0.8125687080351609
outer loop
vertex 4.0903191566467285 22.41027069091797 -4.099999904632568
vertex 4.4415082931518555 22.634048461914062 -4.099999904632568
vertex 4.169170379638672 24.686389923095703 -5.446519374847412
endloop
endfacet
facet normal 0.266247428439384 -0.6071081507247053 0.748686850541028
outer loop
vertex -6.830747127532959 43.37160873413086 -5.549038887023926
vertex -6.663715362548828 43.44949722290039 -5.545279026031494
vertex -6.459360599517822 45.32143783569336 -4.099999904632568
endloop
endfacet
facet normal 0.26624527676576715 -0.6071083695824272 0.7486874382430142
outer loop
vertex -6.663715362548828 43.44949722290039 -5.545279026031494
vertex -6.446276664733887 43.50775909423828 -5.575359344482422
vertex -6.459360599517822 45.32143783569336 -4.099999904632568
endloop
endfacet
facet normal -0.26624642001136734 0.6071078164449955 0.7486874802229032
outer loop
vertex 4.0903191566467285 22.41027069091797 -4.099999904632568
vertex 1.0277599096298218 22.854148864746094 -5.549038887023926
vertex 0.6563735008239746 20.90431785583496 -4.099999904632568
endloop
endfacet
facet normal -0.4915546416211705 0.3132194615267379 0.812568522170028
outer loop
vertex 6.624785900115967 27.612878799438477 -5.386653900146484
vertex 5.52499532699585 26.04221534729004 -5.446519374847412
vertex 7.577335834503174 25.76987648010254 -4.099999904632568
endloop
endfacet
facet normal -0.49155432770727553 0.3132205987301543 0.8125682737120444
outer loop
vertex 5.52499532699585 26.04221534729004 -5.446519374847412
vertex 5.3664445877075195 25.883665084838867 -5.481316566467285
vertex 7.577335834503174 25.76987648010254 -4.099999904632568
endloop
endfacet
facet normal -0.4549078762611963 0.4549072497710281 0.7655835801669781
outer loop
vertex 5.3664445877075195 25.883665084838867 -5.481316566467285
vertex 4.327721118927002 24.844940185546875 -5.481316566467285
vertex 4.4415082931518555 22.634048461914062 -4.099999904632568
endloop
endfacet
facet normal -0.31321939568400803 0.49155468339674097 0.812568522278629
outer loop
vertex 4.169170379638672 24.686389923095703 -5.446519374847412
vertex 2.598506450653076 23.586599349975586 -5.386653900146484
vertex 4.0903191566467285 22.41027069091797 -4.099999904632568
endloop
endfacet
facet normal -0.3132185731938605 0.49155482751270907 0.8125687521406131
outer loop
vertex 4.327721118927002 24.844940185546875 -5.481316566467285
vertex 4.169170379638672 24.686389923095703 -5.446519374847412
vertex 4.4415082931518555 22.634048461914062 -4.099999904632568
endloop
endfacet
facet normal -0.31321944521482076 0.4915546330271658 0.812568533656607
outer loop
vertex 2.598506450653076 23.586599349975586 -5.386653900146484
vertex 1.0277599096298218 22.854148864746094 -5.549038887023926
vertex 4.0903191566467285 22.41027069091797 -4.099999904632568
endloop
endfacet
facet normal -0.4915550694658415 -0.31321891395202783 0.8125684744223984
outer loop
vertex 5.52499532699585 40.18354415893555 -5.446519374847412
vertex 7.801114082336426 40.10469055175781 -4.099999904632568
vertex 7.629619121551514 40.37382888793945 -4.099999904632568
endloop
endfacet
facet normal -0.26624705922065284 0.6071077870056044 0.7486872767808412
outer loop
vertex 1.0277599096298218 22.854148864746094 -5.549038887023926
vertex 0.8607280254364014 22.776260375976562 -5.545279026031494
vertex 0.6563735008239746 20.90431785583496 -4.099999904632568
endloop
endfacet
facet normal -0.2662502868678522 0.6071074587000076 0.748686395183995
outer loop
vertex 0.8607280254364014 22.776260375976562 -5.545279026031494
vertex 0.6432893872261047 22.71799659729004 -5.575359344482422
vertex 0.6563735008239746 20.90431785583496 -4.099999904632568
endloop
endfacet
facet normal -0.12093044408157418 0.6258858408361404 0.7704821490048105
outer loop
vertex 0.6432893872261047 22.71799659729004 -5.575359344482422
vertex -0.0009830982889980078 22.545364379882812 -5.536246299743652
vertex 0.6563735008239746 20.90431785583496 -4.099999904632568
endloop
endfacet
facet normal -0.625885782798425 0.12093033675274176 0.7704822129962969
outer loop
vertex 7.666019916534424 30.21236801147461 -5.536246299743652
vertex 9.307066917419434 29.555011749267578 -4.099999904632568
vertex 9.713157653808594 31.656770706176758 -4.099999904632568
endloop
endfacet
facet normal -0.607108084325305 -0.26624661143188844 0.7486871949271574
outer loop
vertex 7.801114082336426 40.10469055175781 -4.099999904632568
vertex 7.357236862182617 37.04213333129883 -5.549038887023926
vertex 9.307066917419434 36.670745849609375 -4.099999904632568
endloop
endfacet
facet normal -0.4915540396418777 -0.31322315211407625 0.8125674637169972
outer loop
vertex 7.577335834503174 40.45587921142578 -4.099999904632568
vertex 5.52499532699585 40.18354415893555 -5.446519374847412
vertex 7.629619121551514 40.37382888793945 -4.099999904632568
endloop
endfacet
facet normal 0.12093221075419401 -0.6258857045246603 0.7704819824459056
outer loop
vertex -6.459360599517822 45.32143783569336 -4.099999904632568
vertex -6.446276664733887 43.50775909423828 -5.575359344482422
vertex -5.802003860473633 43.68039321899414 -5.536246299743652
endloop
endfacet
facet normal 0.4915560572210086 -0.31321872435922327 0.8125679499710269
outer loop
vertex -13.432605743408203 40.37382888793945 -4.099999904632568
vertex -12.427772521972656 38.61288070678711 -5.386653900146484
vertex -13.38032341003418 40.45587921142578 -4.099999904632568
endloop
endfacet
facet normal 0.49155487324499175 -0.31321965981657013 0.8125683056171291
outer loop
vertex -13.604101181030273 40.10469055175781 -4.099999904632568
vertex -12.427772521972656 38.61288070678711 -5.386653900146484
vertex -13.432605743408203 40.37382888793945 -4.099999904632568
endloop
endfacet
facet normal 0.0762441976442095 -0.5719073879236113 0.816767263033958
outer loop
vertex -2.901493549346924 45.325843811035156 -4.654844284057617
vertex -4.811623573303223 43.945762634277344 -5.442880630493164
vertex -2.901493549346924 44.11288070678711 -5.504171371459961
endloop
endfacet
facet normal 0.6071080886284536 -0.2662466133190297 0.7486871907666466
outer loop
vertex -15.110054016113281 36.670745849609375 -4.099999904632568
vertex -13.296375274658203 36.65766143798828 -5.575359344482422
vertex -13.604101181030273 40.10469055175781 -4.099999904632568
endloop
endfacet
facet normal 0.6258859155329702 -0.12093025265466655 0.7704821183715649
outer loop
vertex -15.516144752502441 34.56898498535156 -4.099999904632568
vertex -13.46900749206543 36.013389587402344 -5.536246299743652
vertex -15.110054016113281 36.670745849609375 -4.099999904632568
endloop
endfacet
facet normal 0.4915550576980293 -0.31321946403528594 0.8125682695016679
outer loop
vertex -12.427772521972656 38.61288070678711 -5.386653900146484
vertex -11.327982902526855 40.18354415893555 -5.446519374847412
vertex -13.38032341003418 40.45587921142578 -4.099999904632568
endloop
endfacet
facet normal 0.4915543060730874 -0.313222186925522 0.8125676745961525
outer loop
vertex -11.327982902526855 40.18354415893555 -5.446519374847412
vertex -11.169431686401367 40.34209442138672 -5.481316566467285
vertex -13.38032341003418 40.45587921142578 -4.099999904632568
endloop
endfacet
facet normal 0.49155486911846263 -0.31321966387438954 0.8125683065492683
outer loop
vertex -13.604101181030273 40.10469055175781 -4.099999904632568
vertex -13.160223960876465 37.04213333129883 -5.549038887023926
vertex -12.427772521972656 38.61288070678711 -5.386653900146484
endloop
endfacet
facet normal 0.6071113219398446 -0.2662451464826817 0.7486850905065958
outer loop
vertex -13.604101181030273 40.10469055175781 -4.099999904632568
vertex -13.238112449645996 36.875099182128906 -5.545279026031494
vertex -13.160223960876465 37.04213333129883 -5.549038887023926
endloop
endfacet
facet normal 0.6071037776390726 -0.266248245894111 0.748690105941488
outer loop
vertex -13.296375274658203 36.65766143798828 -5.575359344482422
vertex -13.238112449645996 36.875099182128906 -5.545279026031494
vertex -13.604101181030273 40.10469055175781 -4.099999904632568
endloop
endfacet
facet normal 0.6258860346790631 -0.12093056678372684 0.7704819722816914
outer loop
vertex -15.114458084106445 33.11288070678711 -4.654844284057617
vertex -13.46900749206543 36.013389587402344 -5.536246299743652
vertex -15.516144752502441 34.56898498535156 -4.099999904632568
endloop
endfacet
facet normal 0.6258858196497586 -0.12093055761852936 0.7704821483950303
outer loop
vertex -13.46900749206543 36.013389587402344 -5.536246299743652
vertex -13.296375274658203 36.65766143798828 -5.575359344482422
vertex -15.110054016113281 36.670745849609375 -4.099999904632568
endloop
endfacet
facet normal 0.5719069374046861 -0.07624314959467293 0.816767676324349
outer loop
vertex -15.114458084106445 33.11288070678711 -4.654844284057617
vertex -13.734378814697266 35.02301025390625 -5.442880630493164
vertex -13.46900749206543 36.013389587402344 -5.536246299743652
endloop
endfacet
facet normal 0.7051587746293617 -0.07417108902850485 0.7051593806477673
outer loop
vertex -15.669302940368652 33.11288070678711 -4.099999904632568
vertex -15.114458084106445 33.11288070678711 -4.654844284057617
vertex -15.516144752502441 34.56898498535156 -4.099999904632568
endloop
endfacet
facet normal 0.705158789873839 0.07417079916334421 0.7051593958922577
outer loop
vertex -15.516144752502441 31.656770706176758 -4.099999904632568
vertex -15.114458084106445 33.11288070678711 -4.654844284057617
vertex -15.669302940368652 33.11288070678711 -4.099999904632568
endloop
endfacet
facet normal 0.6258858830044826 0.12093035611402558 0.7704821285570705
outer loop
vertex -15.110054016113281 29.555011749267578 -4.099999904632568
vertex -13.46900749206543 30.21236801147461 -5.536246299743652
vertex -15.516144752502441 31.656770706176758 -4.099999904632568
endloop
endfacet
facet normal 0.6071079250309248 0.26624654157350564 0.748687348941327
outer loop
vertex -15.110054016113281 29.555011749267578 -4.099999904632568
vertex -13.604101181030273 26.12106704711914 -4.099999904632568
vertex -13.160223960876465 29.183626174926758 -5.549038887023926
endloop
endfacet
facet normal 0.49155465000432913 0.3132195787934772 0.812568471896097
outer loop
vertex -12.427772521972656 27.612878799438477 -5.386653900146484
vertex -13.160223960876465 29.183626174926758 -5.549038887023926
vertex -13.604101181030273 26.12106704711914 -4.099999904632568
endloop
endfacet
facet normal -0.49155495836389584 -0.3132196940315699 0.8125682409365003
outer loop
vertex 5.52499532699585 40.18354415893555 -5.446519374847412
vertex 6.624785900115967 38.61288070678711 -5.386653900146484
vertex 7.801114082336426 40.10469055175781 -4.099999904632568
endloop
endfacet
facet normal -0.4915550597079921 -0.3132195943749372 0.8125682180439204
outer loop
vertex 6.624785900115967 38.61288070678711 -5.386653900146484
vertex 7.357236862182617 37.04213333129883 -5.549038887023926
vertex 7.801114082336426 40.10469055175781 -4.099999904632568
endloop
endfacet
facet normal -0.705158789873839 0.07417079916334421 0.7051593958922577
outer loop
vertex 9.311470985412598 33.11288070678711 -4.654844284057617
vertex 9.713157653808594 31.656770706176758 -4.099999904632568
vertex 9.866315841674805 33.11288070678711 -4.099999904632568
endloop
endfacet
facet normal -0.7051587746293617 -0.07417108902850485 0.7051593806477673
outer loop
vertex 9.866315841674805 33.11288070678711 -4.099999904632568
vertex 9.713157653808594 34.56898498535156 -4.099999904632568
vertex 9.311470985412598 33.11288070678711 -4.654844284057617
endloop
endfacet
facet normal -0.6258859579018589 -0.1209306091927546 0.7704820279938668
outer loop
vertex 7.666019916534424 36.013389587402344 -5.536246299743652
vertex 9.311470985412598 33.11288070678711 -4.654844284057617
vertex 9.713157653808594 34.56898498535156 -4.099999904632568
endloop
endfacet
facet normal -0.6258858153269037 -0.12093023329339855 0.770482202810799
outer loop
vertex 9.307066917419434 36.670745849609375 -4.099999904632568
vertex 7.666019916534424 36.013389587402344 -5.536246299743652
vertex 9.713157653808594 34.56898498535156 -4.099999904632568
endloop
endfacet
facet normal -0.49155463836236074 -0.31322098315280233 0.8125679376010603
outer loop
vertex 7.577335834503174 40.45587921142578 -4.099999904632568
vertex 5.3664445877075195 40.34209442138672 -5.481316566467285
vertex 5.52499532699585 40.18354415893555 -5.446519374847412
endloop
endfacet
facet normal -0.45490767633015755 -0.45490788516050534 0.7655833214188335
outer loop
vertex 4.327721118927002 41.38081741333008 -5.481316566467285
vertex 5.3664445877075195 40.34209442138672 -5.481316566467285
vertex 7.577335834503174 40.45587921142578 -4.099999904632568
endloop
endfacet
facet normal -0.6071082215397129 -0.2662436320432561 0.7486881431779873
outer loop
vertex 7.357236862182617 37.04213333129883 -5.549038887023926
vertex 7.435125350952148 36.875099182128906 -5.545279026031494
vertex 9.307066917419434 36.670745849609375 -4.099999904632568
endloop
endfacet
facet normal -0.6071078202632635 -0.2662475771487573 0.7486870656272924
outer loop
vertex 7.435125350952148 36.875099182128906 -5.545279026031494
vertex 7.493387699127197 36.65766143798828 -5.575359344482422
vertex 9.307066917419434 36.670745849609375 -4.099999904632568
endloop
endfacet
facet normal -0.6258857230817623 -0.12093052668614279 0.7704822316950805
outer loop
vertex 7.493387699127197 36.65766143798828 -5.575359344482422
vertex 7.666019916534424 36.013389587402344 -5.536246299743652
vertex 9.307066917419434 36.670745849609375 -4.099999904632568
endloop
endfacet
facet normal -0.5719073259553238 -0.07624355830739328 0.8167673661057094
outer loop
vertex 7.666019916534424 36.013389587402344 -5.536246299743652
vertex 7.931391716003418 35.02301025390625 -5.442880630493164
vertex 9.311470985412598 33.11288070678711 -4.654844284057617
endloop
endfacet
facet normal 0.6258858347265841 0.12093022882903236 0.770482187752556
outer loop
vertex -15.516144752502441 31.656770706176758 -4.099999904632568
vertex -13.46900749206543 30.21236801147461 -5.536246299743652
vertex -15.114458084106445 33.11288070678711 -4.654844284057617
endloop
endfacet
facet normal -0.6071079994408174 0.2662465742058857 0.7486872769979456
outer loop
vertex 7.493387699127197 29.568096160888672 -5.575359344482422
vertex 7.801114082336426 26.12106704711914 -4.099999904632568
vertex 9.307066917419434 29.555011749267578 -4.099999904632568
endloop
endfacet
facet normal -0.5719068351637838 -0.07624304204847629 0.8167677579533479
outer loop
vertex 7.931391716003418 35.02301025390625 -5.442880630493164
vertex 8.098505973815918 33.11288070678711 -5.504171371459961
vertex 9.311470985412598 33.11288070678711 -4.654844284057617
endloop
endfacet
facet normal -0.5719068384834342 0.07624296635906536 0.8167677626943007
outer loop
vertex 8.098505973815918 33.11288070678711 -5.504171371459961
vertex 7.931391716003418 31.202749252319336 -5.442880630493164
vertex 9.311470985412598 33.11288070678711 -4.654844284057617
endloop
endfacet
facet normal -0.12093226738638488 -0.6258856927458888 0.7704819831253595
outer loop
vertex 0.6563735008239746 45.32143783569336 -4.099999904632568
vertex -0.0009830982889980078 43.68039321899414 -5.536246299743652
vertex 0.6432893872261047 43.50775909423828 -5.575359344482422
endloop
endfacet
facet normal -0.2662472362497365 -0.6071081494192567 0.748686919945916
outer loop
vertex 0.8607280254364014 43.44949722290039 -5.545279026031494
vertex 1.0277599096298218 43.37160873413086 -5.549038887023926
vertex 0.6563735008239746 45.32143783569336 -4.099999904632568
endloop
endfacet
facet normal -0.26624534224242663 -0.6071083420684842 0.7486874372694318
outer loop
vertex 0.6563735008239746 45.32143783569336 -4.099999904632568
vertex 0.6432893872261047 43.50775909423828 -5.575359344482422
vertex 0.8607280254364014 43.44949722290039 -5.545279026031494
endloop
endfacet
facet normal -0.3132185731938605 -0.49155482751270907 0.8125687521406131
outer loop
vertex 4.169170379638672 41.53936767578125 -5.446519374847412
vertex 4.327721118927002 41.38081741333008 -5.481316566467285
vertex 4.4415082931518555 43.59170913696289 -4.099999904632568
endloop
endfacet
facet normal -0.31321916721648424 -0.49155539538647763 0.8125681796345804
outer loop
vertex 1.0277599096298218 43.37160873413086 -5.549038887023926
vertex 2.598506450653076 42.63916015625 -5.386653900146484
vertex 4.0903191566467285 43.815486907958984 -4.099999904632568
endloop
endfacet
facet normal -0.31321984882055315 -0.4915544753896348 0.8125684734403928
outer loop
vertex 2.598506450653076 42.63916015625 -5.386653900146484
vertex 4.169170379638672 41.53936767578125 -5.446519374847412
vertex 4.4415082931518555 43.59170913696289 -4.099999904632568
endloop
endfacet
facet normal -0.26624624876997754 -0.6071081948986533 0.7486872342325693
outer loop
vertex 0.6563735008239746 45.32143783569336 -4.099999904632568
vertex 1.0277599096298218 43.37160873413086 -5.549038887023926
vertex 4.0903191566467285 43.815486907958984 -4.099999904632568
endloop
endfacet
facet normal -0.31321917037684216 -0.4915553921726013 0.8125681803605669
outer loop
vertex 4.0903191566467285 43.815486907958984 -4.099999904632568
vertex 2.598506450653076 42.63916015625 -5.386653900146484
vertex 4.4415082931518555 43.59170913696289 -4.099999904632568
endloop
endfacet
facet normal -0.5719072295069919 0.0762433776725264 0.8167674505015006
outer loop
vertex 7.931391716003418 31.202749252319336 -5.442880630493164
vertex 7.666019916534424 30.21236801147461 -5.536246299743652
vertex 9.311470985412598 33.11288070678711 -4.654844284057617
endloop
endfacet
facet normal 0.5719071235793537 -0.0762433454300078 0.8167675276826512
outer loop
vertex -15.114458084106445 33.11288070678711 -4.654844284057617
vertex -13.901494026184082 33.11288070678711 -5.504171371459961
vertex -13.734378814697266 35.02301025390625 -5.442880630493164
endloop
endfacet
facet normal 0.571907126899032 0.07624326974029921 0.8167675324236404
outer loop
vertex -15.114458084106445 33.11288070678711 -4.654844284057617
vertex -13.734378814697266 31.202749252319336 -5.442880630493164
vertex -13.901494026184082 33.11288070678711 -5.504171371459961
endloop
endfacet
facet normal -0.4549076617622918 -0.4549073158939223 0.7655836683316537
outer loop
vertex 4.327721118927002 41.38081741333008 -5.481316566467285
vertex 7.577335834503174 40.45587921142578 -4.099999904632568
vertex 4.4415082931518555 43.59170913696289 -4.099999904632568
endloop
endfacet
facet normal 0.5719068409568583 0.0762429689608328 0.8167677607195232
outer loop
vertex -13.734378814697266 31.202749252319336 -5.442880630493164
vertex -15.114458084106445 33.11288070678711 -4.654844284057617
vertex -13.46900749206543 30.21236801147461 -5.536246299743652
endloop
endfacet
facet normal 0.6258858196497586 0.12093055761852936 0.7704821483950303
outer loop
vertex -13.296375274658203 29.568096160888672 -5.575359344482422
vertex -13.46900749206543 30.21236801147461 -5.536246299743652
vertex -15.110054016113281 29.555011749267578 -4.099999904632568
endloop
endfacet
facet normal -0.6258857230817623 0.12093052668614279 0.7704822316950805
outer loop
vertex 7.666019916534424 30.21236801147461 -5.536246299743652
vertex 7.493387699127197 29.568096160888672 -5.575359344482422
vertex 9.307066917419434 29.555011749267578 -4.099999904632568
endloop
endfacet
facet normal -0.6071102689853667 0.26624571472151976 0.7486857422743822
outer loop
vertex 7.493387699127197 29.568096160888672 -5.575359344482422
vertex 7.435125350952148 29.350656509399414 -5.545279026031494
vertex 7.801114082336426 26.12106704711914 -4.099999904632568
endloop
endfacet
facet normal 0.6071080805121557 0.26624665874992004 0.7486871811920845
outer loop
vertex -15.110054016113281 29.555011749267578 -4.099999904632568
vertex -13.238112449645996 29.350656509399414 -5.545279026031494
vertex -13.296375274658203 29.568096160888672 -5.575359344482422
endloop
endfacet
facet normal 0.6071077865094586 0.266249549173842 0.7486863917050393
outer loop
vertex -13.160223960876465 29.183626174926758 -5.549038887023926
vertex -13.238112449645996 29.350656509399414 -5.545279026031494
vertex -15.110054016113281 29.555011749267578 -4.099999904632568
endloop
endfacet
facet normal 0.49155399541723854 0.31322180250077614 0.8125680107089587
outer loop
vertex -11.169431686401367 25.883665084838867 -5.481316566467285
vertex -11.327982902526855 26.04221534729004 -5.446519374847412
vertex -13.38032341003418 25.76987648010254 -4.099999904632568
endloop
endfacet
facet normal 0.45490733173107184 0.4549069140714596 0.7655841031965712
outer loop
vertex -10.130707740783691 24.844940185546875 -5.481316566467285
vertex -11.169431686401367 25.883665084838867 -5.481316566467285
vertex -13.38032341003418 25.76987648010254 -4.099999904632568
endloop
endfacet
facet normal 0.3132193402388229 0.49155461577829634 0.8125685845560409
outer loop
vertex -9.97215747833252 24.686389923095703 -5.446519374847412
vertex -10.130707740783691 24.844940185546875 -5.481316566467285
vertex -10.244495391845703 22.634048461914062 -4.099999904632568
endloop
endfacet
facet normal 0.4915548910815117 0.31321934173062027 0.8125684174392209
outer loop
vertex -11.327982902526855 26.04221534729004 -5.446519374847412
vertex -12.427772521972656 27.612878799438477 -5.386653900146484
vertex -13.604101181030273 26.12106704711914 -4.099999904632568
endloop
endfacet
facet normal 0.31321942531757485 0.4915545922932094 0.812568565967934
outer loop
vertex -8.401494026184082 23.586599349975586 -5.386653900146484
vertex -9.97215747833252 24.686389923095703 -5.446519374847412
vertex -10.244495391845703 22.634048461914062 -4.099999904632568
endloop
endfacet
facet normal 0.31321924297875225 0.4915548386879051 0.8125684871998944
outer loop
vertex -8.401494026184082 23.586599349975586 -5.386653900146484
vertex -10.244495391845703 22.634048461914062 -4.099999904632568
vertex -9.893306732177734 22.41027069091797 -4.099999904632568
endloop
endfacet
facet normal -0.6071046567814337 0.26624802037380335 0.7486894732539843
outer loop
vertex 7.435125350952148 29.350656509399414 -5.545279026031494
vertex 7.357236862182617 29.183626174926758 -5.549038887023926
vertex 7.801114082336426 26.12106704711914 -4.099999904632568
endloop
endfacet
facet normal -0.4915548405938471 0.3132195092940905 0.812568383390793
outer loop
vertex 6.624785900115967 27.612878799438477 -5.386653900146484
vertex 7.801114082336426 26.12106704711914 -4.099999904632568
vertex 7.357236862182617 29.183626174926758 -5.549038887023926
endloop
endfacet
facet normal -0.07417099541030475 0.7051593855715709 0.7051587795526403
outer loop
vertex -1.4453861713409424 20.498228073120117 -4.099999904632568
vertex -2.901493549346924 20.899913787841797 -4.654844284057617
vertex -2.901493549346924 20.345069885253906 -4.099999904632568
endloop
endfacet
facet normal 0.07417100748802802 0.7051593849363829 0.7051587789174528
outer loop
vertex -2.901493549346924 20.899913787841797 -4.654844284057617
vertex -4.357600688934326 20.498228073120117 -4.099999904632568
vertex -2.901493549346924 20.345069885253906 -4.099999904632568
endloop
endfacet
facet normal 0.45490734269986743 0.45490734269986743 0.7655838419895569
outer loop
vertex -10.244495391845703 22.634048461914062 -4.099999904632568
vertex -10.130707740783691 24.844940185546875 -5.481316566467285
vertex -13.38032341003418 25.76987648010254 -4.099999904632568
endloop
endfacet
facet normal 0.4915551217393883 0.3132177222156252 0.8125689021749666
outer loop
vertex -13.38032341003418 25.76987648010254 -4.099999904632568
vertex -11.327982902526855 26.04221534729004 -5.446519374847412
vertex -13.604101181030273 26.12106704711914 -4.099999904632568
endloop
endfacet
facet normal 0.31321939604830396 0.491554683026276 0.8125685223623133
outer loop
vertex -6.830747127532959 22.854148864746094 -5.549038887023926
vertex -8.401494026184082 23.586599349975586 -5.386653900146484
vertex -9.893306732177734 22.41027069091797 -4.099999904632568
endloop
endfacet
facet normal 0.26624925145974015 0.6071009534971188 0.7486920383976426
outer loop
vertex -6.446276664733887 22.71799659729004 -5.575359344482422
vertex -6.663715362548828 22.776260375976562 -5.545279026031494
vertex -9.893306732177734 22.41027069091797 -4.099999904632568
endloop
endfacet
facet normal 0.26624681260078886 0.6071068899817768 0.7486880918757659
outer loop
vertex -6.663715362548828 22.776260375976562 -5.545279026031494
vertex -6.830747127532959 22.854148864746094 -5.549038887023926
vertex -9.893306732177734 22.41027069091797 -4.099999904632568
endloop
endfacet
facet normal 0.07624304994918024 0.5719068614935843 0.816767738779517
outer loop
vertex -4.811623573303223 22.279993057250977 -5.442880630493164
vertex -5.802003860473633 22.545364379882812 -5.536246299743652
vertex -2.901493549346924 20.899913787841797 -4.654844284057617
endloop
endfacet
facet normal 0.12093038745019016 0.6258858526146714 0.770482148325289
outer loop
vertex -6.459360599517822 20.90431785583496 -4.099999904632568
vertex -5.802003860473633 22.545364379882812 -5.536246299743652
vertex -6.446276664733887 22.71799659729004 -5.575359344482422
endloop
endfacet
facet normal 0.12093035675450844 0.6258858622656573 0.770482145303317
outer loop
vertex -2.901493549346924 20.899913787841797 -4.654844284057617
vertex -5.802003860473633 22.545364379882812 -5.536246299743652
vertex -6.459360599517822 20.90431785583496 -4.099999904632568
endloop
endfacet
facet normal 0.0762430231261095 0.5719068359936974 0.8167677591385875
outer loop
vertex -2.901493549346924 22.112878799438477 -5.504171371459961
vertex -4.811623573303223 22.279993057250977 -5.442880630493164
vertex -2.901493549346924 20.899913787841797 -4.654844284057617
endloop
endfacet
facet normal 0.12093022350258516 0.6258869505074722 0.7704812822048773
outer loop
vertex -6.459360599517822 20.90431785583496 -4.099999904632568
vertex -4.357600688934326 20.498228073120117 -4.099999904632568
vertex -2.901493549346924 20.899913787841797 -4.654844284057617
endloop
endfacet
facet normal -0.07624302549140485 0.5719068358899583 0.8167677589904326
outer loop
vertex -0.9913635849952698 22.279993057250977 -5.442880630493164
vertex -2.901493549346924 22.112878799438477 -5.504171371459961
vertex -2.901493549346924 20.899913787841797 -4.654844284057617
endloop
endfacet
facet normal 0.26624652761755335 0.6071081461166963 0.7486871746265883
outer loop
vertex -6.459360599517822 20.90431785583496 -4.099999904632568
vertex -6.446276664733887 22.71799659729004 -5.575359344482422
vertex -9.893306732177734 22.41027069091797 -4.099999904632568
endloop
endfacet
facet normal -0.07624302598269726 0.5719068363570152 0.8167677586175351
outer loop
vertex -0.0009830982889980078 22.545364379882812 -5.536246299743652
vertex -0.9913635849952698 22.279993057250977 -5.442880630493164
vertex -2.901493549346924 20.899913787841797 -4.654844284057617
endloop
endfacet
facet normal -0.12093119531409377 -0.6258860298157515 0.7704818775814138
outer loop
vertex -0.0009830982889980078 43.68039321899414 -5.536246299743652
vertex 0.6563735008239746 45.32143783569336 -4.099999904632568
vertex -1.4453861713409424 45.72753143310547 -4.099999904632568
endloop
endfacet
facet normal -0.07417007680654404 -0.7051594338822018 0.7051588278632297
outer loop
vertex -2.901493549346924 45.88068771362305 -4.099999904632568
vertex -2.901493549346924 45.325843811035156 -4.654844284057617
vertex -1.4453861713409424 45.72753143310547 -4.099999904632568
endloop
endfacet
facet normal -0.07624420000954085 -0.5719073878198688 0.8167672628857986
outer loop
vertex -2.901493549346924 45.325843811035156 -4.654844284057617
vertex -2.901493549346924 44.11288070678711 -5.504171371459961
vertex -0.9913635849952698 43.945762634277344 -5.442880630493164
endloop
endfacet
facet normal -0.07624111124830843 -0.5719044514276833 0.8167696072900996
outer loop
vertex -2.901493549346924 45.325843811035156 -4.654844284057617
vertex -0.9913635849952698 43.945762634277344 -5.442880630493164
vertex -0.0009830982889980078 43.68039321899414 -5.536246299743652
endloop
endfacet
facet normal 0.1209301710265021 -0.6258856450200309 0.770482350929183
outer loop
vertex -4.357600688934326 45.72753143310547 -4.099999904632568
vertex -5.802003860473633 43.68039321899414 -5.536246299743652
vertex -2.901493549346924 45.325843811035156 -4.654844284057617
endloop
endfacet
facet normal -0.12093015727183319 -0.6258856360971509 0.7704823603363509
outer loop
vertex -2.901493549346924 45.325843811035156 -4.654844284057617
vertex -0.0009830982889980078 43.68039321899414 -5.536246299743652
vertex -1.4453861713409424 45.72753143310547 -4.099999904632568
endloop
endfacet
facet normal 0.2662462168971484 -0.6071082065235515 0.7486872361405082
outer loop
vertex -6.459360599517822 45.32143783569336 -4.099999904632568
vertex -9.893306732177734 43.815486907958984 -4.099999904632568
vertex -6.830747127532959 43.37160873413086 -5.549038887023926
endloop
endfacet
facet normal 0.12093118128378222 -0.6258860282001077 0.770481881095982
outer loop
vertex -6.459360599517822 45.32143783569336 -4.099999904632568
vertex -5.802003860473633 43.68039321899414 -5.536246299743652
vertex -4.357600688934326 45.72753143310547 -4.099999904632568
endloop
endfacet
facet normal 0 0 1
outer loop
vertex -17.623926162719727 41.61288070678711 -4.099999904632568
vertex -14.568755149841309 44.7801399230957 -4.099999904632568
vertex -15.924248695373535 44.04026794433594 -4.099999904632568
endloop
endfacet
facet normal 0 0 1
outer loop
vertex -17.901493072509766 41.01287841796875 -4.099999904632568
vertex -17.901493072509766 40.61288070678711 -4.099999904632568
vertex -17.597490310668945 40.61288070678711 -4.099999904632568
endloop
endfacet
facet normal -0.7774113702999081 -0.5443490347951789 0.3151439189417689
outer loop
vertex 11.820938110351562 41.61288070678711 -4.099999904632568
vertex 12.86016845703125 42.2128791809082 -0.5
vertex 11.040514945983887 44.811614990234375 -0.5
endloop
endfacet
facet normal -0.40108341508339734 -0.8601257361605438 0.31514411328679753
outer loop
vertex 5.598506450653076 47.83531188964844 -4.099999904632568
vertex 6.1985063552856445 48.874542236328125 -0.5
vertex 3.323272943496704 50.21528625488281 -0.5
endloop
endfacet
facet normal 0.2456303692690008 -0.9167059208272397 0.3151443739194098
outer loop
vertex -5.853512763977051 49.854610443115234 -4.099999904632568
vertex -9.126259803771973 50.21528625488281 -0.5
vertex -8.715835571289062 49.08765411376953 -4.099999904632568
endloop
endfacet
facet normal 0.08271526213283108 -0.9454322758174942 0.3151444069832917
outer loop
vertex -2.901493549346924 50.11288070678711 -4.099999904632568
vertex -6.061890602111816 51.036380767822266 -0.5
vertex -5.853512763977051 49.854610443115234 -4.099999904632568
endloop
endfacet
facet normal -0.24563035159017824 -0.9167059207800119 0.3151443878360455
outer loop
vertex 0.25890326499938965 51.036380767822266 -0.5
vertex 0.05052546411752701 49.854610443115234 -4.099999904632568
vertex 3.323272943496704 50.21528625488281 -0.5
endloop
endfacet
facet normal -0.5443498014787281 -0.7774109576306735 0.3151436126368877
outer loop
vertex 8.025896072387695 46.13563537597656 -4.099999904632568
vertex 8.7972412109375 47.05488586425781 -0.5
vertex 6.1985063552856445 48.874542236328125 -0.5
endloop
endfacet
facet normal 0 0 1
outer loop
vertex -13.828883171081543 46.13563537597656 -4.099999904632568
vertex -14.568755149841309 44.7801399230957 -4.099999904632568
vertex -12.599949836730957 46.4616584777832 -4.099999904632568
endloop
endfacet
facet normal 0 0 1
outer loop
vertex -14.568755149841309 44.7801399230957 -4.099999904632568
vertex -13.828883171081543 46.13563537597656 -4.099999904632568
vertex -15.924248695373535 44.04026794433594 -4.099999904632568
endloop
endfacet
facet normal 0 0 1
outer loop
vertex -8.715835571289062 49.08765411376953 -4.099999904632568
vertex -8.000273704528809 48.80531311035156 -4.099999904632568
vertex -5.853512763977051 49.854610443115234 -4.099999904632568
endloop
endfacet
facet normal 0 0 1
outer loop
vertex -5.853512763977051 49.854610443115234 -4.099999904632568
vertex -8.000273704528809 48.80531311035156 -4.099999904632568
vertex -5.482662200927734 49.40973663330078 -4.099999904632568
endloop
endfacet
facet normal -0.08271529661726136 -0.9454326055465967 0.31514340874416485
outer loop
vertex -2.901493549346924 51.3128776550293 -0.5
vertex -2.901493549346924 50.11288070678711 -4.099999904632568
vertex 0.05052546411752701 49.854610443115234 -4.099999904632568
endloop
endfacet
facet normal 0 0 1
outer loop
vertex -5.853512763977051 49.854610443115234 -4.099999904632568
vertex -5.482662200927734 49.40973663330078 -4.099999904632568
vertex -2.901493549346924 50.11288070678711 -4.099999904632568
endloop
endfacet
facet normal -0.6710757383634406 -0.6710751275038019 0.31514366029752056
outer loop
vertex 8.7972412109375 47.05488586425781 -0.5
vertex 8.025896072387695 46.13563537597656 -4.099999904632568
vertex 10.121261596679688 44.04026794433594 -4.099999904632568
endloop
endfacet
facet normal -0.8601260014586972 -0.40108296954661526 0.315143956239592
outer loop
vertex 12.398716926574707 40.37382888793945 -4.099999904632568
vertex 12.86016845703125 42.2128791809082 -0.5
vertex 11.820938110351562 41.61288070678711 -4.099999904632568
endloop
endfacet
facet normal -0.7774108560669842 -0.544349477121291 0.3151444234426114
outer loop
vertex 11.040514945983887 44.811614990234375 -0.5
vertex 10.121261596679688 44.04026794433594 -4.099999904632568
vertex 11.820938110351562 41.61288070678711 -4.099999904632568
endloop
endfacet
facet normal 0 0 1
outer loop
vertex -2.901493549346924 50.11288070678711 -4.099999904632568
vertex -5.482662200927734 49.40973663330078 -4.099999904632568
vertex 0.05052546411752701 49.854610443115234 -4.099999904632568
endloop
endfacet
facet normal 0.5443493473208688 -0.77741128155271 0.31514359804050773
outer loop
vertex -14.600228309631348 47.05488586425781 -0.5
vertex -13.828883171081543 46.13563537597656 -4.099999904632568
vertex -11.401494026184082 47.83531188964844 -4.099999904632568
endloop
endfacet
facet normal 0.7774111020416233 -0.5443491322502071 0.3151444123586442
outer loop
vertex -15.924248695373535 44.04026794433594 -4.099999904632568
vertex -16.843502044677734 44.811614990234375 -0.5
vertex -18.663156509399414 42.2128791809082 -0.5
endloop
endfacet
facet normal 0.6710749986236165 -0.6710758544992907 0.315143687435366
outer loop
vertex -13.828883171081543 46.13563537597656 -4.099999904632568
vertex -14.600228309631348 47.05488586425781 -0.5
vertex -16.843502044677734 44.811614990234375 -0.5
endloop
endfacet
facet normal 0.5443497227103232 -0.7774108451378959 0.31514402619624027
outer loop
vertex -11.401494026184082 47.83531188964844 -4.099999904632568
vertex -12.001493453979492 48.874542236328125 -0.5
vertex -14.600228309631348 47.05488586425781 -0.5
endloop
endfacet
facet normal 0 0 1
outer loop
vertex 0.05052546411752701 49.854610443115234 -4.099999904632568
vertex -5.482662200927734 49.40973663330078 -4.099999904632568
vertex 2.912848949432373 49.08765411376953 -4.099999904632568
endloop
endfacet
facet normal -0.4010831054359517 -0.8601257946747964 0.31514434767087746
outer loop
vertex 3.323272943496704 50.21528625488281 -0.5
vertex 2.912848949432373 49.08765411376953 -4.099999904632568
vertex 5.598506450653076 47.83531188964844 -4.099999904632568
endloop
endfacet
facet normal 0.6710755450723614 -0.6710749342128988 0.3151444834944548
outer loop
vertex -16.843502044677734 44.811614990234375 -0.5
vertex -15.924248695373535 44.04026794433594 -4.099999904632568
vertex -13.828883171081543 46.13563537597656 -4.099999904632568
endloop
endfacet
facet normal 0.7774108562510117 -0.5443497826801004 0.31514389519582353
outer loop
vertex -18.663156509399414 42.2128791809082 -0.5
vertex -17.623926162719727 41.61288070678711 -4.099999904632568
vertex -15.924248695373535 44.04026794433594 -4.099999904632568
endloop
endfacet
facet normal -0.2456303163693064 -0.9167059405442018 0.31514435779700184
outer loop
vertex 3.323272943496704 50.21528625488281 -0.5
vertex 0.05052546411752701 49.854610443115234 -4.099999904632568
vertex 2.912848949432373 49.08765411376953 -4.099999904632568
endloop
endfacet
facet normal -0.544349178434345 -0.7774111930726976 0.3151441080254214
outer loop
vertex 6.1985063552856445 48.874542236328125 -0.5
vertex 5.598506450653076 47.83531188964844 -4.099999904632568
vertex 8.025896072387695 46.13563537597656 -4.099999904632568
endloop
endfacet
facet normal -0.860125870619801 -0.40108317916905417 0.31514404655359407
outer loop
vertex 12.86016845703125 42.2128791809082 -0.5
vertex 12.398716926574707 40.37382888793945 -4.099999904632568
vertex 13.717731475830078 40.37382888793945 -0.5
endloop
endfacet
facet normal 0 0 1
outer loop
vertex 2.912848949432373 49.08765411376953 -4.099999904632568
vertex -5.482662200927734 49.40973663330078 -4.099999904632568
vertex 5.598506450653076 47.83531188964844 -4.099999904632568
endloop
endfacet
facet normal 0 0 1
outer loop
vertex 10.121261596679688 44.04026794433594 -4.099999904632568
vertex -5.482662200927734 49.40973663330078 -4.099999904632568
vertex 11.820938110351562 41.61288070678711 -4.099999904632568
endloop
endfacet
facet normal 0 0 1
outer loop
vertex -5.482662200927734 49.40973663330078 -4.099999904632568
vertex 12.398716926574707 40.37382888793945 -4.099999904632568
vertex 11.820938110351562 41.61288070678711 -4.099999904632568
endloop
endfacet
facet normal 0 0 1
outer loop
vertex 11.895339012145996 40.37382888793945 -4.099999904632568
vertex 12.398716926574707 40.37382888793945 -4.099999904632568
vertex -5.482662200927734 49.40973663330078 -4.099999904632568
endloop
endfacet
facet normal 0 0 1
outer loop
vertex 8.025896072387695 46.13563537597656 -4.099999904632568
vertex -5.482662200927734 49.40973663330078 -4.099999904632568
vertex 10.121261596679688 44.04026794433594 -4.099999904632568
endloop
endfacet
facet normal 0 0 1
outer loop
vertex -5.482662200927734 49.40973663330078 -4.099999904632568
vertex 8.025896072387695 46.13563537597656 -4.099999904632568
vertex 5.598506450653076 47.83531188964844 -4.099999904632568
endloop
endfacet
facet normal 0.8610766110199226 -0.39834243713299333 0.31602274084849014
outer loop
vertex -17.623926162719727 41.61288070678711 -4.099999904632568
vertex -19.22272491455078 41.01287841796875 -0.5
vertex -17.901493072509766 41.01287841796875 -4.099999904632568
endloop
endfacet
facet normal 0 0 1
outer loop
vertex -17.623926162719727 41.61288070678711 -4.099999904632568
vertex -17.597490310668945 40.61288070678711 -4.099999904632568
vertex -16.250274658203125 42.811336517333984 -4.099999904632568
endloop
endfacet
facet normal 0.4010833525255894 -0.8601256733278364 0.3151443643937964
outer loop
vertex -8.715835571289062 49.08765411376953 -4.099999904632568
vertex -9.126259803771973 50.21528625488281 -0.5
vertex -12.001493453979492 48.874542236328125 -0.5
endloop
endfacet
facet normal 0 0 1
outer loop
vertex -17.597490310668945 40.61288070678711 -4.099999904632568
vertex -17.623926162719727 41.61288070678711 -4.099999904632568
vertex -17.901493072509766 41.01287841796875 -4.099999904632568
endloop
endfacet
facet normal 0.40108302965260845 -0.8601259375865952 0.3151440540696673
outer loop
vertex -12.001493453979492 48.874542236328125 -0.5
vertex -11.401494026184082 47.83531188964844 -4.099999904632568
vertex -8.715835571289062 49.08765411376953 -4.099999904632568
endloop
endfacet
facet normal 0 0 1
outer loop
vertex -12.599949836730957 46.4616584777832 -4.099999904632568
vertex -11.401494026184082 47.83531188964844 -4.099999904632568
vertex -13.828883171081543 46.13563537597656 -4.099999904632568
endloop
endfacet
facet normal 0 0 1
outer loop
vertex -11.401494026184082 47.83531188964844 -4.099999904632568
vertex -12.599949836730957 46.4616584777832 -4.099999904632568
vertex -10.39233684539795 47.81448745727539 -4.099999904632568
endloop
endfacet
facet normal 0 0 1
outer loop
vertex -11.401494026184082 47.83531188964844 -4.099999904632568
vertex -10.39233684539795 47.81448745727539 -4.099999904632568
vertex -8.715835571289062 49.08765411376953 -4.099999904632568
endloop
endfacet
facet normal 0 0 1
outer loop
vertex -8.715835571289062 49.08765411376953 -4.099999904632568
vertex -10.39233684539795 47.81448745727539 -4.099999904632568
vertex -8.000273704528809 48.80531311035156 -4.099999904632568
endloop
endfacet
facet normal 0.8601261752719588 -0.40108260510344323 0.31514394567477755
outer loop
vertex -19.22272491455078 41.01287841796875 -0.5
vertex -17.623926162719727 41.61288070678711 -4.099999904632568
vertex -18.663156509399414 42.2128791809082 -0.5
endloop
endfacet
facet normal -0.08271401659457861 -0.9454323959588026 0.3151443734709373
outer loop
vertex 0.05052546411752701 49.854610443115234 -4.099999904632568
vertex 0.25890326499938965 51.036380767822266 -0.5
vertex -2.901493549346924 51.3128776550293 -0.5
endloop
endfacet
facet normal -0.6710748180770086 -0.6710756739524526 0.3151444563564003
outer loop
vertex 10.121261596679688 44.04026794433594 -4.099999904632568
vertex 11.040514945983887 44.811614990234375 -0.5
vertex 8.7972412109375 47.05488586425781 -0.5
endloop
endfacet
facet normal 0.08271403736582604 -0.9454327046998823 0.31514344179517684
outer loop
vertex -6.061890602111816 51.036380767822266 -0.5
vertex -2.901493549346924 50.11288070678711 -4.099999904632568
vertex -2.901493549346924 51.3128776550293 -0.5
endloop
endfacet
facet normal 0.24563038713786892 -0.9167059108001251 0.3151443891593401
outer loop
vertex -5.853512763977051 49.854610443115234 -4.099999904632568
vertex -6.061890602111816 51.036380767822266 -0.5
vertex -9.126259803771973 50.21528625488281 -0.5
endloop
endfacet
facet normal 0 0 1
outer loop
vertex -17.623926162719727 41.61288070678711 -4.099999904632568
vertex -16.250274658203125 42.811336517333984 -4.099999904632568
vertex -14.568755149841309 44.7801399230957 -4.099999904632568
endloop
endfacet
facet normal 0.12449332947459403 -0.6960613344916247 0.7071068020759445
outer loop
vertex 53.59211349487305 -54.75681686401367 -0.5
vertex 53.65515899658203 -55.253475189208984 -1
vertex 54.265625 -55.144290924072266 -1
endloop
endfacet
facet normal 0.12449265797893128 -0.6960619158177561 0.7071063480534281
outer loop
vertex 54.265625 -55.144290924072266 -1
vertex 54.15077590942383 -54.656898498535156 -0.5
vertex 53.59211349487305 -54.75681686401367 -0.5
endloop
endfacet
facet normal 0.19938523023088525 -0.6784143352873393 0.7071064415223598
outer loop
vertex 54.15077590942383 -54.656898498535156 -0.5
vertex 54.265625 -55.144290924072266 -1
vertex 54.86061096191406 -54.969425201416016 -1
endloop
endfacet
facet normal 0.19938374631358158 -0.6784159289328572 0.7071053309628841
outer loop
vertex 54.86061096191406 -54.969425201416016 -1
vertex 54.693485260009766 -54.497398376464844 -0.5
vertex 54.15077590942383 -54.656898498535156 -0.5
endloop
endfacet
facet normal 0.2719160062891819 -0.6527353747423704 0.7071055197660944
outer loop
vertex 54.693485260009766 -54.497398376464844 -0.5
vertex 54.86061096191406 -54.969425201416016 -1
vertex 55.10422897338867 -54.86793899536133 -1
endloop
endfacet
facet normal 0.2719147652638055 -0.6527362741100596 0.7071051667838717
outer loop
vertex 54.693485260009766 -54.497398376464844 -0.5
vertex 55.10422897338867 -54.86793899536133 -1
vertex 55.433074951171875 -54.73094940185547 -1
endloop
endfacet
facet normal 0.2719169766180921 -0.6527333095490293 0.7071070530210026
outer loop
vertex 55.433074951171875 -54.73094940185547 -1
vertex 55.21565246582031 -54.27987289428711 -0.5
vertex 54.693485260009766 -54.497398376464844 -0.5
endloop
endfacet
facet normal 0.3412420403239525 -0.6193188288641047 0.7071054080757264
outer loop
vertex 55.97623825073242 -54.431678771972656 -1
vertex 55.711090087890625 -54.006900787353516 -0.5
vertex 55.89731979370117 -54.475162506103516 -1
endloop
endfacet
facet normal 0.3412310526637934 -0.6193231902842675 0.7071068905576274
outer loop
vertex 55.21565246582031 -54.27987289428711 -0.5
vertex 55.433074951171875 -54.73094940185547 -1
vertex 55.89731979370117 -54.475162506103516 -1
endloop
endfacet
facet normal 0.34123021848246887 -0.6193244061548552 0.7071062281831088
outer loop
vertex 55.21565246582031 -54.27987289428711 -0.5
vertex 55.89731979370117 -54.475162506103516 -1
vertex 55.711090087890625 -54.006900787353516 -0.5
endloop
endfacet
facet normal 0.4065063249919911 -0.5785801896128693 0.7071050642790234
outer loop
vertex 55.711090087890625 -54.006900787353516 -0.5
vertex 55.97623825073242 -54.431678771972656 -1
vertex 56.17393493652344 -53.68170928955078 -0.5
endloop
endfacet
facet normal 0.4065049164025897 -0.5785787471482071 0.7071070543340199
outer loop
vertex 56.17393493652344 -53.68170928955078 -0.5
vertex 56.07780075073242 -54.36032485961914 -1
vertex 56.48366928100586 -54.075164794921875 -1
endloop
endfacet
facet normal 0.4064891567601086 -0.5785815188228352 0.7071138462179318
outer loop
vertex 56.17393493652344 -53.68170928955078 -0.5
vertex 55.97623825073242 -54.431678771972656 -1
vertex 56.07780075073242 -54.36032485961914 -1
endloop
endfacet
facet normal 0.4669593227674102 -0.5309865152800272 0.7071084156417423
outer loop
vertex 56.94935989379883 -53.66563034057617 -1
vertex 56.59870910644531 -53.30815505981445 -0.5
vertex 56.17393493652344 -53.68170928955078 -0.5
endloop
endfacet
facet normal 0.46695856918523293 -0.5309888336018598 0.7071071723965302
outer loop
vertex 56.17393493652344 -53.68170928955078 -0.5
vertex 56.48366928100586 -54.075164794921875 -1
vertex 56.94935989379883 -53.66563034057617 -1
endloop
endfacet
facet normal 0.5218898868502898 -0.4771083736799829 0.7071057528883734
outer loop
vertex 57.367794036865234 -53.207916259765625 -1
vertex 56.98038101196289 -52.89065933227539 -0.5
vertex 56.59870910644531 -53.30815505981445 -0.5
endloop
endfacet
facet normal 0.5218905874831938 -0.4771050109102842 0.7071075047407888
outer loop
vertex 56.59870910644531 -53.30815505981445 -0.5
vertex 57.09929656982422 -53.501617431640625 -1
vertex 57.367794036865234 -53.207916259765625 -1
endloop
endfacet
facet normal 0.521892595871755 -0.4771017206823894 0.7071082424184746
outer loop
vertex 56.59870910644531 -53.30815505981445 -0.5
vertex 56.94935989379883 -53.66563034057617 -1
vertex 57.09929656982422 -53.501617431640625 -1
endloop
endfacet
facet normal 0.5706400333788471 -0.41757798195422685 0.7071057780080882
outer loop
vertex 56.98038101196289 -52.89065933227539 -0.5
vertex 57.367794036865234 -53.207916259765625 -1
vertex 57.7340202331543 -52.70745086669922 -1
endloop
endfacet
facet normal 0.5706404096714565 -0.41757409640176574 0.707107768918035
outer loop
vertex 57.7340202331543 -52.70745086669922 -1
vertex 57.31442642211914 -52.434165954589844 -0.5
vertex 56.98038101196289 -52.89065933227539 -0.5
endloop
endfacet
facet normal 0.6126336659088583 -0.35309871563504974 0.7071076922307886
outer loop
vertex 57.7340202331543 -52.70745086669922 -1
vertex 58.043697357177734 -52.1701545715332 -1
vertex 57.31442642211914 -52.434165954589844 -0.5
endloop
endfacet
facet normal 0.6126337283800906 -0.3531037830446004 0.7071051076400885
outer loop
vertex 58.043697357177734 -52.1701545715332 -1
vertex 57.59689712524414 -51.9440803527832 -0.5
vertex 57.31442642211914 -52.434165954589844 -0.5
endloop
endfacet
facet normal 0.6473733521811044 -0.28443913909391416 0.7071082795706134
outer loop
vertex 58.29316329956055 -51.60239028930664 -1
vertex 57.824440002441406 -51.42620086669922 -0.5
vertex 57.59689712524414 -51.9440803527832 -0.5
endloop
endfacet
facet normal 0.6473740819421564 -0.28444513063162985 0.7071052012886805
outer loop
vertex 57.59689712524414 -51.9440803527832 -0.5
vertex 58.043697357177734 -52.1701545715332 -1
vertex 58.29316329956055 -51.60239028930664 -1
endloop
endfacet
facet normal 0.6744447062991029 -0.21242007043421443 0.7071082320421962
outer loop
vertex 57.824440002441406 -51.42620086669922 -0.5
vertex 58.29316329956055 -51.60239028930664 -1
vertex 58.479461669921875 -51.01088333129883 -1
endloop
endfacet
facet normal 0.6744446505263308 -0.21241983230822375 0.707108356773247
outer loop
vertex 58.479461669921875 -51.01088333129883 -1
vertex 57.99436950683594 -50.88666534423828 -0.5
vertex 57.824440002441406 -51.42620086669922 -0.5
endloop
endfacet
facet normal 0.6935354426343205 -0.13787900309571968 0.7071053459813095
outer loop
vertex 58.479461669921875 -51.01088333129883 -1
vertex 58.574100494384766 -50.534847259521484 -1
vertex 58.06432342529297 -50.53481674194336 -0.5
endloop
endfacet
facet normal 0.6935306664344157 -0.13788654373149364 0.7071085601043295
outer loop
vertex 58.06432342529297 -50.53481674194336 -0.5
vertex 57.99436950683594 -50.88666534423828 -0.5
vertex 58.479461669921875 -51.01088333129883 -1
endloop
endfacet
facet normal 0.7071067794830675 -0.000039883655022743664 0.7071067817652286
outer loop
vertex 58.6556282043457 -30.03485107421875 -1
vertex 58.15592575073242 -24.759552001953125 -0.5
vertex 58.1556282043457 -30.034822463989258 -0.5
endloop
endfacet
facet normal 0.7071067795020857 -0.0000398836523199729 0.7071067817462106
outer loop
vertex 58.65708923339844 -4.259580135345459 -1
vertex 58.657386779785156 1.0156906843185425 -1
vertex 58.15708923339844 -4.259552001953125 -0.5
endloop
endfacet
facet normal 0.7071067794925768 -0.00003988365051687445 0.7071067817557196
outer loop
vertex 58.657386779785156 1.0156906843185425 -1
vertex 58.157386779785156 1.0157190561294556 -0.5
vertex 58.15708923339844 -4.259552001953125 -0.5
endloop
endfacet
facet normal 0.7071067794830675 -0.000039883655022743664 0.7071067817652286
outer loop
vertex 58.6556282043457 -30.03485107421875 -1
vertex 58.65592575073242 -24.759580612182617 -1
vertex 58.15592575073242 -24.759552001953125 -0.5
endloop
endfacet
facet normal 0.6827241747387892 -0.18919964976254633 0.7057557606969773
outer loop
vertex 58.244659423828125 21.515714645385742 -0.5
vertex 58.8333625793457 21.774932861328125 -1
vertex 58.35273361206055 21.905698776245117 -0.5
endloop
endfacet
facet normal 0.6823031088307309 -0.18563407394413245 0.7071085194443808
outer loop
vertex 58.7628288269043 21.515684127807617 -1
vertex 58.8333625793457 21.774932861328125 -1
vertex 58.244659423828125 21.515714645385742 -0.5
endloop
endfacet
facet normal 0.6683116048423083 -0.23819374055024753 0.7047150777411958
outer loop
vertex 58.35273361206055 21.905698776245117 -0.5
vertex 58.8333625793457 21.774932861328125 -1
vertex 58.37861633300781 21.97831916809082 -0.5
endloop
endfacet
facet normal 0.646677711903387 -0.2892249966259558 0.7058022656906932
outer loop
vertex 58.37861633300781 21.97831916809082 -0.5
vertex 59.02293014526367 22.19877815246582 -1
vertex 58.568180084228516 22.402164459228516 -0.5
endloop
endfacet
facet normal 0.6466777946036044 -0.28923085385034913 0.7057997897049959
outer loop
vertex 58.37861633300781 21.97831916809082 -0.5
vertex 58.8333625793457 21.774932861328125 -1
vertex 59.02293014526367 22.19877815246582 -1
endloop
endfacet
facet normal 0.6420771810504852 -0.2994030670343029 0.7057582426190395
outer loop
vertex 58.568180084228516 22.402164459228516 -0.5
vertex 59.02293014526367 22.19877815246582 -1
vertex 58.58991622924805 22.44877815246582 -0.5
endloop
endfacet
facet normal 0.5929151134965454 -0.3862301093610369 0.7065960450004941
outer loop
vertex 58.58991622924805 22.44877815246582 -0.5
vertex 59.02293014526367 22.19877815246582 -1
vertex 58.85749816894531 22.85955238342285 -0.5
endloop
endfacet
facet normal 0.5941532131847949 -0.3854537658200301 0.7059797119445723
outer loop
vertex 58.85749816894531 22.85955238342285 -0.5
vertex 59.02293014526367 22.19877815246582 -1
vertex 59.27562713623047 22.588294982910156 -1
endloop
endfacet
facet normal 0.5803271877078533 -0.4063570804592082 0.7057579460181534
outer loop
vertex 58.85749816894531 22.85955238342285 -0.5
vertex 59.27562713623047 22.588294982910156 -1
vertex 58.89260482788086 22.90968894958496 -0.5
endloop
endfacet
facet normal 0.5268590923144991 -0.471889742520487 0.7069226037901819
outer loop
vertex 58.89260482788086 22.90968894958496 -0.5
vertex 59.27562713623047 22.588294982910156 -1
vertex 59.58540344238281 22.93415641784668 -1
endloop
endfacet
facet normal 0.5264536355089097 -0.4732835692052894 0.706292597143531
outer loop
vertex 59.58540344238281 22.93415641784668 -1
vertex 59.213809967041016 23.266979217529297 -0.5
vertex 58.89260482788086 22.90968894958496 -0.5
endloop
endfacet
facet normal 0.5009613968472176 -0.5009423626363112 0.7057580521575613
outer loop
vertex 59.213809967041016 23.266979217529297 -0.5
vertex 59.58540344238281 22.93415641784668 -1
vertex 59.264007568359375 23.31717872619629 -0.5
endloop
endfacet
facet normal 0.44763470738035666 -0.5474138812922612 0.7070793529138327
outer loop
vertex 59.264007568359375 23.31717872619629 -0.5
vertex 59.58540344238281 22.93415641784668 -1
vertex 59.89789581298828 23.18968963623047 -1
endloop
endfacet
facet normal 0.4476414119163389 -0.5474014980005516 0.7070846952977407
outer loop
vertex 59.264007568359375 23.31717872619629 -0.5
vertex 59.89789581298828 23.18968963623047 -1
vertex 59.9448356628418 23.22807502746582 -1
endloop
endfacet
facet normal 0.44729615228796893 -0.5481240775199171 0.7067433394035757
outer loop
vertex 59.264007568359375 23.31717872619629 -0.5
vertex 59.9448356628418 23.22807502746582 -1
vertex 59.62864685058594 23.614742279052734 -0.5
endloop
endfacet
facet normal 0.40634642748773814 -0.5803351180119047 0.7057575587055805
outer loop
vertex 59.62864685058594 23.614742279052734 -0.5
vertex 59.9448356628418 23.22807502746582 -1
vertex 59.691986083984375 23.65909194946289 -0.5
endloop
endfacet
facet normal 0.3578950890499084 -0.6100842390247225 0.7069005068095393
outer loop
vertex 59.691986083984375 23.65909194946289 -0.5
vertex 59.9448356628418 23.22807502746582 -1
vertex 60.34531784057617 23.463010787963867 -1
endloop
endfacet
facet normal 0.3581745500989451 -0.6096804398834411 0.7071073135564021
outer loop
vertex 60.34531784057617 23.463010787963867 -1
vertex 60.09231948852539 23.89427947998047 -0.5
vertex 59.691986083984375 23.65909194946289 -0.5
endloop
endfacet
facet normal 0.30255950592251823 -0.640667174022054 0.7056935011083187
outer loop
vertex 60.09231948852539 23.89427947998047 -0.5
vertex 60.34531784057617 23.463010787963867 -1
vertex 60.15034484863281 23.921682357788086 -0.5
endloop
endfacet
facet normal 0.27706991376492063 -0.651800092770112 0.7059666436533476
outer loop
vertex 60.34531784057617 23.463010787963867 -1
vertex 67.54639434814453 26.52407455444336 -1
vertex 60.15034484863281 23.921682357788086 -0.5
endloop
endfacet
facet normal 0.2767583170430411 -0.6506954343078271 0.7071069832199736
outer loop
vertex 67.54639434814453 26.52407455444336 -1
vertex 67.34178161621094 26.98039436340332 -0.5
vertex 60.15034484863281 23.921682357788086 -0.5
endloop
endfacet
facet normal 0.30190577631651855 -0.6394150300410091 0.707107715687204
outer loop
vertex 67.95307159423828 26.716087341308594 -1
vertex 67.71248626708984 27.155426025390625 -0.5
vertex 67.34178161621094 26.98039436340332 -0.5
endloop
endfacet
facet normal 0.30190203610919525 -0.6394193357609831 0.7071054190487477
outer loop
vertex 67.34178161621094 26.98039436340332 -0.5
vertex 67.54639434814453 26.52407455444336 -1
vertex 67.95307159423828 26.716087341308594 -1
endloop
endfacet
facet normal 0.3761296054202164 -0.5987696042720188 0.7071078283588456
outer loop
vertex 67.71248626708984 27.155426025390625 -0.5
vertex 67.95307159423828 26.716087341308594 -1
vertex 68.75039672851562 27.216943740844727 -1
endloop
endfacet
facet normal 0.37612860257705094 -0.598773217594894 0.7071053020692835
outer loop
vertex 68.75039672851562 27.216943740844727 -1
vertex 68.45063018798828 27.619102478027344 -0.5
vertex 67.71248626708984 27.155426025390625 -0.5
endloop
endfacet
facet normal 0.4663814386227661 -0.5314988352099788 0.7071049016083786
outer loop
vertex 68.45063018798828 27.619102478027344 -0.5
vertex 68.75039672851562 27.216943740844727 -1
vertex 69.39745330810547 27.784725189208984 -1
endloop
endfacet
facet normal 0.46638118600323697 -0.5315003694013972 0.7071039150424726
outer loop
vertex 69.39745330810547 27.784725189208984 -1
vertex 69.0381088256836 28.13460350036621 -0.5
vertex 68.45063018798828 27.619102478027344 -0.5
endloop
endfacet
facet normal 0.5437649341882288 -0.4520224266494222 0.7071035441526503
outer loop
vertex 69.0381088256836 28.13460350036621 -0.5
vertex 69.39745330810547 27.784725189208984 -1
vertex 69.99812316894531 28.507307052612305 -1
endloop
endfacet
facet normal 0.5437647316689903 -0.45201729650971434 0.7071069793524881
outer loop
vertex 69.99812316894531 28.507307052612305 -1
vertex 69.58812713623047 28.796260833740234 -0.5
vertex 69.0381088256836 28.13460350036621 -0.5
endloop
endfacet
facet normal 0.6085464640522177 -0.36010042837047435 0.7071059910486858
outer loop
vertex 70.43651580810547 29.248165130615234 -1
vertex 69.98617553710938 29.468936920166016 -0.5
vertex 69.58812713623047 28.796260833740234 -0.5
endloop
endfacet
facet normal 0.6085462301165078 -0.36009891204923145 0.7071069645760436
outer loop
vertex 69.99812316894531 28.507307052612305 -1
vertex 70.43651580810547 29.248165130615234 -1
vertex 69.58812713623047 28.796260833740234 -0.5
endloop
endfacet
facet normal 0.6573773867889723 -0.2605000087169022 0.7071030453880083
outer loop
vertex 70.78267669677734 30.121721267700195 -1
vertex 70.30315399169922 30.26883888244629 -0.5
vertex 69.98617553710938 29.468936920166016 -0.5
endloop
endfacet
facet normal 0.6573758703354291 -0.26049592671412647 0.707105959009034
outer loop
vertex 69.98617553710938 29.468936920166016 -0.5
vertex 70.43651580810547 29.248165130615234 -1
vertex 70.78267669677734 30.121721267700195 -1
endloop
endfacet
facet normal 0.6903623952256137 -0.15298702159347208 0.7071030578934814
outer loop
vertex 70.78267669677734 30.121721267700195 -1
vertex 70.96892547607422 30.96217918395996 -1
vertex 70.30315399169922 30.26883888244629 -0.5
endloop
endfacet
facet normal 0.6903611179036807 -0.15298450273149308 0.7071048499414907
outer loop
vertex 70.30315399169922 30.26883888244629 -0.5
vertex 70.96892547607422 30.96217918395996 -1
vertex 70.47225952148438 31.03194808959961 -0.5
endloop
endfacet
facet normal 0.7057890065826009 -0.04314027401814558 0.7071073432971721
outer loop
vertex 70.52474975585938 31.890762329101562 -0.5
vertex 70.96892547607422 30.96217918395996 -1
vertex 71.02625274658203 31.90007209777832 -1
endloop
endfacet
facet normal 0.7057917389377393 -0.043137586794398386 0.7071047799674371
outer loop
vertex 70.47225952148438 31.03194808959961 -0.5
vertex 70.96892547607422 30.96217918395996 -1
vertex 70.52474975585938 31.890762329101562 -0.5
endloop
endfacet
facet normal 0.7037019956957795 0.06929872645013396 0.7071076210635597
outer loop
vertex 70.52474975585938 31.890762329101562 -0.5
vertex 71.02625274658203 31.90007209777832 -1
vertex 70.94188690185547 32.75677490234375 -1
endloop
endfacet
facet normal 0.7037039451429552 0.06929677760626225 0.7071058719906297
outer loop
vertex 70.94188690185547 32.75677490234375 -1
vertex 70.44815063476562 32.66862106323242 -0.5
vertex 70.52474975585938 31.890762329101562 -0.5
endloop
endfacet
facet normal 0.684205814958231 0.17850337489915807 0.7071060372581707
outer loop
vertex 70.94188690185547 32.75677490234375 -1
vertex 70.8067855834961 33.274620056152344 -1
vertex 70.34149169921875 33.07744598388672 -0.5
endloop
endfacet
facet normal 0.6842058314521828 0.17850346686513172 0.7071059980822934
outer loop
vertex 70.44815063476562 32.66862106323242 -0.5
vertex 70.94188690185547 32.75677490234375 -1
vertex 70.34149169921875 33.07744598388672 -0.5
endloop
endfacet
facet normal 0.5987699186277892 0.3761306995766314 0.7071069801539684
outer loop
vertex 62.801002502441406 52.14675521850586 -1
vertex 62.46184158325195 52.68667221069336 -1
vertex 62.33467102050781 51.94914245605469 -0.5
endloop
endfacet
facet normal 0.5987723341349044 0.37612937431113597 0.7071056396712954
outer loop
vertex 62.46184158325195 52.68667221069336 -1
vertex 62.05968475341797 52.38690185546875 -0.5
vertex 62.33467102050781 51.94914245605469 -0.5
endloop
endfacet
facet normal 0.5314983385450768 0.4663767468826674 0.7071083694109151
outer loop
vertex 61.54418182373047 52.97438049316406 -0.5
vertex 62.46184158325195 52.68667221069336 -1
vertex 62.28284454345703 52.890663146972656 -1
endloop
endfacet
facet normal 0.531497612172072 0.4663800368476247 0.7071067454673261
outer loop
vertex 61.54418182373047 52.97438049316406 -0.5
vertex 62.28284454345703 52.890663146972656 -1
vertex 61.89406204223633 53.3337287902832 -1
endloop
endfacet
facet normal 0.5314981999516388 0.4663810079521614 0.7071056631577021
outer loop
vertex 62.46184158325195 52.68667221069336 -1
vertex 61.54418182373047 52.97438049316406 -0.5
vertex 62.05968475341797 52.38690185546875 -0.5
endloop
endfacet
facet normal 0.45201786464970856 0.5437632113152682 0.7071077853182107
outer loop
vertex 61.54418182373047 52.97438049316406 -0.5
vertex 61.171478271484375 53.93439865112305 -1
vertex 60.88252258300781 53.5244026184082 -0.5
endloop
endfacet
facet normal 0.45201986700068847 0.5437632903629918 0.7071064445260646
outer loop
vertex 61.54418182373047 52.97438049316406 -0.5
vertex 61.89406204223633 53.3337287902832 -1
vertex 61.171478271484375 53.93439865112305 -1
endloop
endfacet
facet normal 0.3600985398310194 0.6085456535356986 0.7071076503435506
outer loop
vertex 60.2098503112793 53.922447204589844 -0.5
vertex 60.88252258300781 53.5244026184082 -0.5
vertex 61.171478271484375 53.93439865112305 -1
endloop
endfacet
facet normal 0.3600989045016089 0.6085446506514155 0.7071083277265852
outer loop
vertex 60.43062210083008 54.3727912902832 -1
vertex 60.2098503112793 53.922447204589844 -0.5
vertex 61.171478271484375 53.93439865112305 -1
endloop
endfacet
facet normal 0.26049486338085803 0.657373881101081 0.7071082000643819
outer loop
vertex 59.557064056396484 54.71895217895508 -1
vertex 59.40994644165039 54.23942184448242 -0.5
vertex 60.2098503112793 53.922447204589844 -0.5
endloop
endfacet
facet normal 0.2604945189747022 0.6573737531535844 0.707108445889956
outer loop
vertex 60.2098503112793 53.922447204589844 -0.5
vertex 60.43062210083008 54.3727912902832 -1
vertex 59.557064056396484 54.71895217895508 -1
endloop
endfacet
facet normal 0.15298601955039282 0.6903578734508049 0.7071076893844453
outer loop
vertex 58.64683532714844 54.408531188964844 -0.5
vertex 59.557064056396484 54.71895217895508 -1
vertex 58.71660614013672 54.90520095825195 -1
endloop
endfacet
facet normal 0.15298666888956572 0.690357045363587 0.7071083573674778
outer loop
vertex 59.40994644165039 54.23942184448242 -0.5
vertex 59.557064056396484 54.71895217895508 -1
vertex 58.64683532714844 54.408531188964844 -0.5
endloop
endfacet
facet normal 0.04313740118952117 0.7057889710959767 0.7071075539816393
outer loop
vertex 58.64683532714844 54.408531188964844 -0.5
vertex 58.71660614013672 54.90520095825195 -1
vertex 57.77871322631836 54.9625244140625 -1
endloop
endfacet
facet normal 0.04313741846536478 0.7057889848374251 0.7071075392118945
outer loop
vertex 57.77871322631836 54.9625244140625 -1
vertex 57.788021087646484 54.461021423339844 -0.5
vertex 58.64683532714844 54.408531188964844 -0.5
endloop
endfacet
facet normal -0.06929790868700193 0.7037031027059467 0.7071065995262891
outer loop
vertex 57.788021087646484 54.461021423339844 -0.5
vertex 57.26069259643555 54.9115104675293 -1
vertex 56.92201232910156 54.87815856933594 -1
endloop
endfacet
facet normal -0.06929959556476734 0.7037020772686118 0.7071074547071331
outer loop
vertex 57.788021087646484 54.461021423339844 -0.5
vertex 57.77871322631836 54.9625244140625 -1
vertex 57.26069259643555 54.9115104675293 -1
endloop
endfacet
facet normal -0.06929680351228117 0.7037042082167712 0.7071056076435737
outer loop
vertex 56.92201232910156 54.87815856933594 -1
vertex 57.010162353515625 54.384422302246094 -0.5
vertex 57.788021087646484 54.461021423339844 -0.5
endloop
endfacet
facet normal -0.17850339564632534 0.6842027062566183 0.7071090400312043
outer loop
vertex 57.010162353515625 54.384422302246094 -0.5
vertex 56.40950012207031 54.74445343017578 -1
vertex 56.01279830932617 54.64095687866211 -1
endloop
endfacet
facet normal -0.17849741938948555 0.6842078542030289 0.7071055674495716
outer loop
vertex 57.010162353515625 54.384422302246094 -0.5
vertex 56.92201232910156 54.87815856933594 -1
vertex 56.40950012207031 54.74445343017578 -1
endloop
endfacet
facet normal -0.17850175334036045 0.6842051987217077 0.7071070428843185
outer loop
vertex 56.01279830932617 54.64095687866211 -1
vertex 56.17430114746094 54.16635513305664 -0.5
vertex 57.010162353515625 54.384422302246094 -0.5
endloop
endfacet
facet normal -0.2758820791772976 0.6510674428552282 0.7071069673272675
outer loop
vertex 56.01279830932617 54.64095687866211 -1
vertex 38.7193603515625 47.31306838989258 -1
vertex 56.17430114746094 54.16635513305664 -0.5
endloop
endfacet
facet normal -0.2762651044119333 0.652125066789774 0.705981932735319
outer loop
vertex 38.7193603515625 47.31306838989258 -1
vertex 38.913822174072266 46.854156494140625 -0.5
vertex 56.17430114746094 54.16635513305664 -0.5
endloop
endfacet
facet normal -0.2695298139530753 0.6549582195344126 0.7059627540137885
outer loop
vertex 38.7193603515625 47.31306838989258 -1
vertex 38.88144302368164 46.8408317565918 -0.5
vertex 38.913822174072266 46.854156494140625 -0.5
endloop
endfacet
facet normal -0.22971409979847188 0.6692938408014022 0.7065954903755649
outer loop
vertex 38.88144302368164 46.8408317565918 -0.5
vertex 38.7193603515625 47.31306838989258 -1
vertex 38.31802749633789 47.175323486328125 -1
endloop
endfacet
facet normal -0.22971409979847188 0.6692938408014022 0.7065954903755649
outer loop
vertex 38.88144302368164 46.8408317565918 -0.5
vertex 38.31802749633789 47.175323486328125 -1
vertex 38.48011016845703 46.703086853027344 -0.5
endloop
endfacet
facet normal -0.18338385576284175 0.6843078342008823 0.7057571462598526
outer loop
vertex 38.48011016845703 46.703086853027344 -0.5
vertex 38.31802749633789 47.175323486328125 -1
vertex 38.42124938964844 46.687313079833984 -0.5
endloop
endfacet
facet normal -0.14649857837871316 0.6926269519509415 0.7062620419958617
outer loop
vertex 38.31802749633789 47.175323486328125 -1
vertex 20.651350021362305 43.43861770629883 -1
vertex 38.42124938964844 46.687313079833984 -0.5
endloop
endfacet
facet normal -0.1463696204861495 0.6917915107804176 0.7071070921797403
outer loop
vertex 38.42124938964844 46.687313079833984 -0.5
vertex 20.651350021362305 43.43861770629883 -1
vertex 20.754817962646484 42.949440002441406 -0.5
endloop
endfacet
facet normal -0.09339539566365924 0.7019462941786012 0.7060798114645095
outer loop
vertex 20.651350021362305 43.43861770629883 -1
vertex 20.715940475463867 42.94426727294922 -0.5
vertex 20.754817962646484 42.949440002441406 -0.5
endloop
endfacet
facet normal -0.0917414728544143 0.7021633832613792 0.7060807923782069
outer loop
vertex 20.715940475463867 42.94426727294922 -0.5
vertex 20.651350021362305 43.43861770629883 -1
vertex 20.18610191345215 43.377830505371094 -1
endloop
endfacet
facet normal -0.0917414728544143 0.7021633832613792 0.7060807923782069
outer loop
vertex 20.715940475463867 42.94426727294922 -0.5
vertex 20.18610191345215 43.377830505371094 -1
vertex 20.25069236755371 42.883480072021484 -0.5
endloop
endfacet
facet normal -0.06211976743647871 0.7057157914373763 0.7057665026122703
outer loop
vertex 20.25069236755371 42.883480072021484 -0.5
vertex 20.18610191345215 43.377830505371094 -1
vertex 20.18651008605957 42.877830505371094 -0.5
endloop
endfacet
facet normal -0.0005762035775985974 0.7071064291620325 0.7071068984440447
outer loop
vertex 15.275391578674316 43.37382888793945 -1
vertex 15.275798797607422 42.87382888793945 -0.5
vertex 20.18651008605957 42.877830505371094 -0.5
endloop
endfacet
facet normal -0.0005788717755148538 0.7071064264337952 0.7071068989929991
outer loop
vertex 19.352006912231445 43.37714767456055 -1
vertex 20.18651008605957 42.877830505371094 -0.5
vertex 20.18610191345215 43.377830505371094 -1
endloop
endfacet
facet normal -0.0005756599682243207 0.7071091098363156 0.7071042182041444
outer loop
vertex 19.352006912231445 43.37714767456055 -1
vertex 15.275391578674316 43.37382888793945 -1
vertex 20.18651008605957 42.877830505371094 -0.5
endloop
endfacet
facet normal 0.029432600124032187 0.7068124247318314 0.7067884537077893
outer loop
vertex 15.275798797607422 42.87382888793945 -0.5
vertex 15.275391578674316 43.37382888793945 -1
vertex 15.233475685119629 42.87559127807617 -0.5
endloop
endfacet
facet normal 0.059274471030008366 0.7046170291417561 0.7071077565177449
outer loop
vertex 14.774173736572266 43.41599655151367 -1
vertex 14.732258796691895 42.917755126953125 -0.5
vertex 15.233475685119629 42.87559127807617 -0.5
endloop
endfacet
facet normal 0.059279904690130676 0.7046192126937879 0.7071051251424469
outer loop
vertex 15.233475685119629 42.87559127807617 -0.5
vertex 15.275391578674316 43.37382888793945 -1
vertex 14.774173736572266 43.41599655151367 -1
endloop
endfacet
facet normal 0.13206911437152954 0.6965889662214377 0.7052102957045285
outer loop
vertex 14.774173736572266 43.41599655151367 -1
vertex 14.653185844421387 42.93274688720703 -0.5
vertex 14.732258796691895 42.917755126953125 -0.5
endloop
endfacet
facet normal 0.16902196065361041 0.6866132271340738 0.7071024346877489
outer loop
vertex 14.653185844421387 42.93274688720703 -0.5
vertex 14.323769569396973 43.52875900268555 -1
vertex 14.202335357666016 43.043731689453125 -0.5
endloop
endfacet
facet normal 0.17205149373439413 0.6871948124600268 0.7058056200058146
outer loop
vertex 14.654918670654297 43.44585418701172 -1
vertex 14.653185844421387 42.93274688720703 -0.5
vertex 14.774173736572266 43.41599655151367 -1
endloop
endfacet
facet normal 0.17204288717756386 0.6871958764218169 0.7058066820316021
outer loop
vertex 14.653185844421387 42.93274688720703 -0.5
vertex 14.654918670654297 43.44585418701172 -1
vertex 14.323769569396973 43.52875900268555 -1
endloop
endfacet
facet normal 0.23848198987226749 0.6674766609145022 0.7054085678817563
outer loop
vertex 14.202335357666016 43.043731689453125 -0.5
vertex 14.323769569396973 43.52875900268555 -1
vertex 14.129562377929688 43.069732666015625 -0.5
endloop
endfacet
facet normal 0.2759519208106358 0.6522502591297549 0.7059887653965098
outer loop
vertex 13.896159172058105 43.70967483520508 -1
vertex 13.70195198059082 43.25064468383789 -0.5
vertex 14.129562377929688 43.069732666015625 -0.5
endloop
endfacet
facet normal 0.27595782558600024 0.6522504625727552 0.7059862693930198
outer loop
vertex 14.129562377929688 43.069732666015625 -0.5
vertex 14.323769569396973 43.52875900268555 -1
vertex 13.896159172058105 43.70967483520508 -1
endloop
endfacet
facet normal 0.3223653080567107 0.6316214908320025 0.7050779392951254
outer loop
vertex 13.70195198059082 43.25064468383789 -0.5
vertex 13.896159172058105 43.70967483520508 -1
vertex 13.633211135864258 43.285728454589844 -0.5
endloop
endfacet
facet normal 0.37312627955424077 0.6015871721813606 0.7063070534638917
outer loop
vertex 13.633211135864258 43.285728454589844 -0.5
vertex 13.896159172058105 43.70967483520508 -1
vertex 13.5015869140625 43.954402923583984 -1
endloop
endfacet
facet normal 0.37312627955424077 0.6015871721813606 0.7063070534638917
outer loop
vertex 13.5015869140625 43.954402923583984 -1
vertex 13.238638877868652 43.53045654296875 -0.5
vertex 13.633211135864258 43.285728454589844 -0.5
endloop
endfacet
facet normal 0.4143164123998275 0.575038986905943 0.7054587684296814
outer loop
vertex 13.238638877868652 43.53045654296875 -0.5
vertex 13.5015869140625 43.954402923583984 -1
vertex 13.175951957702637 43.57562255859375 -0.5
endloop
endfacet
facet normal 0.4611919873871481 0.5364603773535831 0.7067617804462434
outer loop
vertex 13.175951957702637 43.57562255859375 -0.5
vertex 13.149502754211426 44.25708770751953 -1
vertex 12.823867797851562 43.8783073425293 -0.5
endloop
endfacet
facet normal 0.4611919873871481 0.5364603773535831 0.7067617804462434
outer loop
vertex 13.175951957702637 43.57562255859375 -0.5
vertex 13.5015869140625 43.954402923583984 -1
vertex 13.149502754211426 44.25708770751953 -1
endloop
endfacet
facet normal 0.5009524785113519 0.5009524785113519 0.7057572022634038
outer loop
vertex 12.823867797851562 43.8783073425293 -0.5
vertex 13.149502754211426 44.25708770751953 -1
vertex 12.768913269042969 43.93326187133789 -0.5
endloop
endfacet
facet normal 0.5387002147437396 0.458356538912802 0.7069026537444358
outer loop
vertex 12.768913269042969 43.93326187133789 -0.5
vertex 13.149502754211426 44.25708770751953 -1
vertex 12.509958267211914 45.00873565673828 -1
endloop
endfacet
facet normal 0.5385038832561114 0.45826995759077166 0.7071083464984985
outer loop
vertex 10.97043514251709 46.818115234375 -1
vertex 10.602660179138184 46.478782653808594 -0.5
vertex 12.768913269042969 43.93326187133789 -0.5
endloop
endfacet
facet normal 0.5386999336603909 0.4583565634276502 0.7069028520504672
outer loop
vertex 12.768913269042969 43.93326187133789 -0.5
vertex 12.509958267211914 45.00873565673828 -1
vertex 10.97043514251709 46.818115234375 -1
endloop
endfacet
facet normal 0.5000011318323473 0.4999982712830554 0.7071072032445489
outer loop
vertex 10.602660179138184 46.478782653808594 -0.5
vertex 10.97043514251709 46.818115234375 -1
vertex 10.803741455078125 46.98480987548828 -1
endloop
endfacet
facet normal 0.4999993931496326 0.4999993931496326 0.7071076394015258
outer loop
vertex 10.803741455078125 46.98480987548828 -1
vertex 10.464079856872559 46.61736297607422 -0.5
vertex 10.602660179138184 46.478782653808594 -0.5
endloop
endfacet
facet normal 0.45922870947098315 0.5376872768882187 0.7071077602955207
outer loop
vertex 8.345891952514648 48.42646789550781 -0.5
vertex 10.464079856872559 46.61736297607422 -0.5
vertex 10.803741455078125 46.98480987548828 -1
endloop
endfacet
facet normal 0.45922944327122156 0.5376892005242121 0.7071058209861079
outer loop
vertex 8.655677795410156 48.819427490234375 -1
vertex 8.345891952514648 48.42646789550781 -0.5
vertex 10.803741455078125 46.98480987548828 -1
endloop
endfacet
facet normal 0.41563214920586017 0.5720587522970334 0.7071058622772682
outer loop
vertex 8.345891952514648 48.42646789550781 -0.5
vertex 8.655677795410156 48.819427490234375 -1
vertex 8.620888710021973 48.844703674316406 -1
endloop
endfacet
facet normal 0.4156276711997009 0.5720618486443927 0.707105989409419
outer loop
vertex 8.345891952514648 48.42646789550781 -0.5
vertex 8.620888710021973 48.844703674316406 -1
vertex 8.464960098266602 48.95799255371094 -1
endloop
endfacet
facet normal 0.4156279709814921 0.5720617163859236 0.7071059202010679
outer loop
vertex 8.464960098266602 48.95799255371094 -1
vertex 8.186960220336914 48.54193878173828 -0.5
vertex 8.345891952514648 48.42646789550781 -0.5
endloop
endfacet
facet normal 0.3694620657297414 0.6029078150340624 0.707106744811252
outer loop
vertex 6.056344509124756 50.43399429321289 -1
vertex 5.811845302581787 49.99740982055664 -0.5
vertex 8.186960220336914 48.54193878173828 -0.5
endloop
endfacet
facet normal 0.36946279831310336 0.6029084057347974 0.7071058583811732
outer loop
vertex 8.186960220336914 48.54193878173828 -0.5
vertex 8.464960098266602 48.95799255371094 -1
vertex 6.056344509124756 50.43399429321289 -1
endloop
endfacet
facet normal 0.32103113523407656 0.6300331790260086 0.7071048037856209
outer loop
vertex 5.811845302581787 49.99740982055664 -0.5
vertex 5.968648910522461 50.478675842285156 -1
vertex 5.846297740936279 50.541019439697266 -1
endloop
endfacet
facet normal 0.32101080396669374 0.6300415987398469 0.7071065319978276
outer loop
vertex 5.811845302581787 49.99740982055664 -0.5
vertex 6.056344509124756 50.43399429321289 -1
vertex 5.968648910522461 50.478675842285156 -1
endloop
endfacet
facet normal 0.3210223328248052 0.6300355057759194 0.7071067269439609
outer loop
vertex 5.846297740936279 50.541019439697266 -1
vertex 5.636806488037109 50.08659744262695 -0.5
vertex 5.811845302581787 49.99740982055664 -0.5
endloop
endfacet
facet normal 0.27059818125380647 0.6532814143113952 0.7071067939267981
outer loop
vertex 5.636806488037109 50.08659744262695 -0.5
vertex 5.846297740936279 50.541019439697266 -1
vertex 3.2364392280578613 51.6220588684082 -1
endloop
endfacet
facet normal 0.27059729360096246 0.6532804326112945 0.7071080405871755
outer loop
vertex 3.2364392280578613 51.6220588684082 -1
vertex 3.0632472038269043 51.1525993347168 -0.5
vertex 5.636806488037109 50.08659744262695 -0.5
endloop
endfacet
facet normal 0.21850116356643462 0.6724995194923753 0.707107939286951
outer loop
vertex 3.0632472038269043 51.1525993347168 -0.5
vertex 3.2364392280578613 51.6220588684082 -1
vertex 3.0122365951538086 51.69490432739258 -1
endloop
endfacet
facet normal 0.21850975468499137 0.6724986459244798 0.7071061153301151
outer loop
vertex 3.0122365951538086 51.69490432739258 -1
vertex 2.8764114379882812 51.21330642700195 -0.5
vertex 3.0632472038269043 51.1525993347168 -0.5
endloop
endfacet
facet normal 0.16507054154649967 0.6875701148657563 0.7071061118792822
outer loop
vertex 0.16777722537517548 51.863590240478516 -0.5
vertex 2.8764114379882812 51.21330642700195 -0.5
vertex 3.0122365951538086 51.69490432739258 -1
endloop
endfacet
facet normal 0.16507071338572113 0.6875685121921222 0.7071076301555801
outer loop
vertex 0.2653976380825043 52.35436248779297 -1
vertex 0.16777722537517548 51.863590240478516 -0.5
vertex 3.0122365951538086 51.69490432739258 -1
endloop
endfacet
facet normal 0.11061430638070374 0.698401064098959 0.7071070844570557
outer loop
vertex 0.03255937248468399 52.391239166259766 -1
vertex -0.026254670694470406 51.89432144165039 -0.5
vertex 0.16777722537517548 51.863590240478516 -0.5
endloop
endfacet
facet normal 0.11061200217168123 0.6984009355166215 0.7071075719047845
outer loop
vertex 0.16777722537517548 51.863590240478516 -0.5
vertex 0.2653976380825043 52.35436248779297 -1
vertex 0.03255937248468399 52.391239166259766 -1
endloop
endfacet
facet normal 0.0554798587254662 0.7049269582158503 0.7071067591646619
outer loop
vertex -2.783623218536377 52.61288070678711 -1
vertex -2.8032681941986084 52.11288070678711 -0.5
vertex -0.026254670694470406 51.89432144165039 -0.5
endloop
endfacet
facet normal 0.05547908977385993 0.7049267171756254 0.7071070597935364
outer loop
vertex -0.026254670694470406 51.89432144165039 -0.5
vertex 0.03255937248468399 52.391239166259766 -1
vertex -2.0815649032592773 52.55762481689453 -1
endloop
endfacet
facet normal 0.05548205390640908 0.7049318610083357 0.7071016992128154
outer loop
vertex -0.026254670694470406 51.89432144165039 -0.5
vertex -2.0815649032592773 52.55762481689453 -1
vertex -2.783623218536377 52.61288070678711 -1
endloop
endfacet
facet normal 0 0.7071067811865476 0.7071067811865476
outer loop
vertex -3.0193638801574707 52.61288070678711 -1
vertex -2.9997189044952393 52.11288070678711 -0.5
vertex -2.8032681941986084 52.11288070678711 -0.5
endloop
endfacet
facet normal 0 0.7071067811865476 0.7071067811865476
outer loop
vertex -2.8032681941986084 52.11288070678711 -0.5
vertex -2.783623218536377 52.61288070678711 -1
vertex -3.0193638801574707 52.61288070678711 -1
endloop
endfacet
facet normal -0.055480578408416234 0.7049269157788064 0.7071067450039261
outer loop
vertex -2.9997189044952393 52.11288070678711 -0.5
vertex -3.0193638801574707 52.61288070678711 -1
vertex -3.523198127746582 52.57322692871094 -1
endloop
endfacet
facet normal -0.055479605869760446 0.7049274865483559 0.7071062522995772
outer loop
vertex -2.9997189044952393 52.11288070678711 -0.5
vertex -3.523198127746582 52.57322692871094 -1
vertex -5.835546493530273 52.391239166259766 -1
endloop
endfacet
facet normal -0.05547983362894495 0.7049266435948908 0.7071070747846796
outer loop
vertex -5.835546493530273 52.391239166259766 -1
vertex -5.776732444763184 51.89432144165039 -0.5
vertex -2.9997189044952393 52.11288070678711 -0.5
endloop
endfacet
facet normal -0.1106143220735623 0.6984005128513147 0.7071076264623561
outer loop
vertex -6.068384647369385 52.35436248779297 -1
vertex -5.97076416015625 51.863590240478516 -0.5
vertex -5.776732444763184 51.89432144165039 -0.5
endloop
endfacet
facet normal -0.11061212334884933 0.6984013654038621 0.7071071283548768
outer loop
vertex -5.776732444763184 51.89432144165039 -0.5
vertex -5.835546493530273 52.391239166259766 -1
vertex -6.068384647369385 52.35436248779297 -1
endloop
endfacet
facet normal -0.16507017227018606 0.687568618323282 0.7071076532775644
outer loop
vertex -5.97076416015625 51.863590240478516 -0.5
vertex -6.068384647369385 52.35436248779297 -1
vertex -8.679398536682129 51.21330642700195 -0.5
endloop
endfacet
facet normal -0.16507106028230573 0.6875699794990926 0.707106122409425
outer loop
vertex -6.068384647369385 52.35436248779297 -1
vertex -8.815223693847656 51.69490432739258 -1
vertex -8.679398536682129 51.21330642700195 -0.5
endloop
endfacet
facet normal -0.21850209897330644 0.6725009681861585 0.7071062724463267
outer loop
vertex -8.679398536682129 51.21330642700195 -0.5
vertex -8.815223693847656 51.69490432739258 -1
vertex -9.03942584991455 51.6220588684082 -1
endloop
endfacet
facet normal -0.21850964100451328 0.6724965797228102 0.7071081155305748
outer loop
vertex -9.03942584991455 51.6220588684082 -1
vertex -8.866233825683594 51.1525993347168 -0.5
vertex -8.679398536682129 51.21330642700195 -0.5
endloop
endfacet
facet normal -0.2705976224316243 0.6532803039126485 0.7071080336512587
outer loop
vertex -11.649285316467285 50.541019439697266 -1
vertex -8.866233825683594 51.1525993347168 -0.5
vertex -9.03942584991455 51.6220588684082 -1
endloop
endfacet
facet normal -0.27059768219400787 0.653281491801037 0.7071069133175283
outer loop
vertex -8.866233825683594 51.1525993347168 -0.5
vertex -11.649285316467285 50.541019439697266 -1
vertex -11.439793586730957 50.08659744262695 -0.5
endloop
endfacet
facet normal -0.321021756692932 0.6300360913915111 0.7071064667176306
outer loop
vertex -11.859331130981445 50.43399429321289 -1
vertex -11.614832878112793 49.99740982055664 -0.5
vertex -11.439793586730957 50.08659744262695 -0.5
endloop
endfacet
facet normal -0.32102319829745596 0.630034915898706 0.7071068596070773
outer loop
vertex -11.439793586730957 50.08659744262695 -0.5
vertex -11.649285316467285 50.541019439697266 -1
vertex -11.859331130981445 50.43399429321289 -1
endloop
endfacet
facet normal -0.36946246868462124 0.6029079871886328 0.707106387481839
outer loop
vertex -14.26794719696045 48.95799255371094 -1
vertex -11.614832878112793 49.99740982055664 -0.5
vertex -11.859331130981445 50.43399429321289 -1
endloop
endfacet
facet normal -0.36946258540645155 0.6029085420278597 0.707105853415612
outer loop
vertex -13.989947319030762 48.54193878173828 -0.5
vertex -11.614832878112793 49.99740982055664 -0.5
vertex -14.26794719696045 48.95799255371094 -1
endloop
endfacet
facet normal -0.41562806417467185 0.5720618446550827 0.7071057616511399
outer loop
vertex -14.458664894104004 48.819427490234375 -1
vertex -14.148879051208496 48.42646789550781 -0.5
vertex -13.989947319030762 48.54193878173828 -0.5
endloop
endfacet
facet normal -0.41562852285908375 0.5720613317531473 0.7071059069890392
outer loop
vertex -13.989947319030762 48.54193878173828 -0.5
vertex -14.26794719696045 48.95799255371094 -1
vertex -14.458664894104004 48.819427490234375 -1
endloop
endfacet
facet normal -0.4592299777719144 0.5376887618765479 0.7071058074059865
outer loop
vertex -14.458664894104004 48.819427490234375 -1
vertex -16.267066955566406 46.61736297607422 -0.5
vertex -14.148879051208496 48.42646789550781 -0.5
endloop
endfacet
facet normal -0.4592302794672508 0.5376889352196227 0.7071054796583174
outer loop
vertex -16.267066955566406 46.61736297607422 -0.5
vertex -14.458664894104004 48.819427490234375 -1
vertex -16.138757705688477 47.384490966796875 -1
endloop
endfacet
facet normal -0.4592252069062876 0.5376898036004709 0.7071081136898122
outer loop
vertex -16.267066955566406 46.61736297607422 -0.5
vertex -16.138757705688477 47.384490966796875 -1
vertex -16.60672950744629 46.98480987548828 -1
endloop
endfacet
facet normal -0.500002421206819 0.4999955558708145 0.7071082115891131
outer loop
vertex -16.773422241210938 46.818115234375 -1
vertex -16.405977249145508 46.478450775146484 -0.5
vertex -16.267066955566406 46.61736297607422 -0.5
endloop
endfacet
facet normal -0.5000019727252535 0.49999625161704797 0.7071080367523457
outer loop
vertex -16.267066955566406 46.61736297607422 -0.5
vertex -16.60672950744629 46.98480987548828 -1
vertex -16.773422241210938 46.818115234375 -1
endloop
endfacet
facet normal -0.5378236220031339 0.4594651658459173 0.7068504176907684
outer loop
vertex -18.61275291442871 44.66453552246094 -1
vertex -18.232826232910156 44.34004592895508 -0.5
vertex -16.405977249145508 46.478450775146484 -0.5
endloop
endfacet
facet normal -0.5376872760280756 0.4592282764952125 0.7071080421440167
outer loop
vertex -16.405977249145508 46.478450775146484 -0.5
vertex -16.773422241210938 46.818115234375 -1
vertex -18.61275291442871 44.66453552246094 -1
endloop
endfacet
facet normal -0.5009386299864197 0.500966753646311 0.7057568991716661
outer loop
vertex -18.61275291442871 44.66453552246094 -1
vertex -18.266801834106445 44.30607223510742 -0.5
vertex -18.232826232910156 44.34004592895508 -0.5
endloop
endfacet
facet normal -0.4926490153433069 0.507248430249392 0.7071039369787143
outer loop
vertex -19.027873992919922 44.2639045715332 -1
vertex -18.68065643310547 43.90412902832031 -0.5
vertex -18.266801834106445 44.30607223510742 -0.5
endloop
endfacet
facet normal -0.49193817644592425 0.5097307282034426 0.7058125921802805
outer loop
vertex -18.61275291442871 44.66453552246094 -1
vertex -19.027873992919922 44.2639045715332 -1
vertex -18.266801834106445 44.30607223510742 -0.5
endloop
endfacet
facet normal -0.44589067686936096 0.5505194209458167 0.7057689929732431
outer loop
vertex -19.027873992919922 44.2639045715332 -1
vertex -18.74808692932129 43.84951400756836 -0.5
vertex -18.68065643310547 43.90412902832031 -0.5
endloop
endfacet
facet normal -0.395681172775208 0.5860332769988212 0.7071077766233794
outer loop
vertex -19.412681579589844 44.00408935546875 -1
vertex -19.132892608642578 43.589698791503906 -0.5
vertex -18.74808692932129 43.84951400756836 -0.5
endloop
endfacet
facet normal -0.39568024795961615 0.586034812035506 0.7071070219260489
outer loop
vertex -18.74808692932129 43.84951400756836 -0.5
vertex -19.027873992919922 44.2639045715332 -1
vertex -19.412681579589844 44.00408935546875 -1
endloop
endfacet
facet normal -0.33481119069681453 0.6249050477694595 0.7052624673527088
outer loop
vertex -19.412681579589844 44.00408935546875 -1
vertex -19.20099449157715 43.5532112121582 -0.5
vertex -19.132892608642578 43.589698791503906 -0.5
endloop
endfacet
facet normal -0.3031338845669623 0.6388387291719605 0.7071031934147224
outer loop
vertex -19.832969665527344 43.8067626953125 -1
vertex -19.62047576904297 43.354164123535156 -0.5
vertex -19.20099449157715 43.5532112121582 -0.5
endloop
endfacet
facet normal -0.30108719089166036 0.6412887090875264 0.7057586663143589
outer loop
vertex -19.20099449157715 43.5532112121582 -0.5
vertex -19.412681579589844 44.00408935546875 -1
vertex -19.832969665527344 43.8067626953125 -1
endloop
endfacet
facet normal -0.2354007042144801 0.6686660949107567 0.7053170648524859
outer loop
vertex -19.832969665527344 43.8067626953125 -1
vertex -19.693357467651367 43.32850646972656 -0.5
vertex -19.62047576904297 43.354164123535156 -0.5
endloop
endfacet
facet normal -0.19849846409210473 0.6799883321915567 0.7058429200866299
outer loop
vertex -19.693357467651367 43.32850646972656 -0.5
vertex -19.832969665527344 43.8067626953125 -1
vertex -20.278675079345703 43.67665481567383 -1
endloop
endfacet
facet normal -0.1985037767399237 0.6799836847257997 0.7058459032442639
outer loop
vertex -20.278675079345703 43.67665481567383 -1
vertex -20.139060974121094 43.198394775390625 -0.5
vertex -19.693357467651367 43.32850646972656 -0.5
endloop
endfacet
facet normal -0.14828114670904108 0.6936449620182691 0.7048896141931201
outer loop
vertex -20.139060974121094 43.198394775390625 -0.5
vertex -20.278675079345703 43.67665481567383 -1
vertex -20.21449089050293 43.18227005004883 -0.5
endloop
endfacet
facet normal -0.09116895184309438 0.7022511056391307 0.7060677069859873
outer loop
vertex -20.21449089050293 43.18227005004883 -0.5
vertex -20.278675079345703 43.67665481567383 -1
vertex -20.739116668701172 43.616878509521484 -1
endloop
endfacet
facet normal -0.09116895184309438 0.7022511056391307 0.7060677069859873
outer loop
vertex -20.739116668701172 43.616878509521484 -1
vertex -20.6749324798584 43.122493743896484 -0.5
vertex -20.21449089050293 43.18227005004883 -0.5
endloop
endfacet
facet normal -0.061962973809522724 0.7057338569317617 0.7057622213301731
outer loop
vertex -20.6749324798584 43.122493743896484 -0.5
vertex -20.739116668701172 43.616878509521484 -1
vertex -20.738887786865234 43.116878509521484 -0.5
endloop
endfacet
facet normal -0.00032394035958547825 0.7071104213318544 0.707103066820199
outer loop
vertex -20.738887786865234 43.116878509521484 -0.5
vertex -27.039310455322266 43.61398696899414 -1
vertex -29.454105377197266 43.61288070678711 -1
endloop
endfacet
facet normal -0.00032453407970503345 0.7071066696695061 0.7071068182294181
outer loop
vertex -20.738887786865234 43.116878509521484 -0.5
vertex -20.739116668701172 43.616878509521484 -1
vertex -27.039310455322266 43.61398696899414 -1
endloop
endfacet
facet normal -0.0003244412122522909 0.7071060386652416 0.7071074492756032
outer loop
vertex -29.454105377197266 43.61288070678711 -1
vertex -29.377105712890625 43.1129150390625 -0.5
vertex -20.738887786865234 43.116878509521484 -0.5
endloop
endfacet
facet normal -0.21245087008990884 0.6744347406609741 0.7071084841717042
outer loop
vertex -29.377105712890625 43.1129150390625 -0.5
vertex -30.010526657104492 43.43760681152344 -1
vertex -29.86030387878418 42.9607048034668 -0.5
endloop
endfacet
facet normal -0.212448972577135 0.6744365956979205 0.7071072849535066
outer loop
vertex -30.010526657104492 43.43760681152344 -1
vertex -29.377105712890625 43.1129150390625 -0.5
vertex -29.454105377197266 43.61288070678711 -1
endloop
endfacet
facet normal -0.14118701005596684 0.6948446458242051 0.7051646235886279
outer loop
vertex -30.010526657104492 43.43760681152344 -1
vertex -29.94634437561035 42.94322204589844 -0.5
vertex -29.86030387878418 42.9607048034668 -0.5
endloop
endfacet
facet normal -0.09116895184309438 0.7022511056391307 0.7060677069859873
outer loop
vertex -30.470970153808594 43.377830505371094 -1
vertex -30.40678596496582 42.883445739746094 -0.5
vertex -29.94634437561035 42.94322204589844 -0.5
endloop
endfacet
facet normal -0.09116860283008693 0.7022513262985685 0.7060675325844626
outer loop
vertex -29.94634437561035 42.94322204589844 -0.5
vertex -30.010526657104492 43.43760681152344 -1
vertex -30.470970153808594 43.377830505371094 -1
endloop
endfacet
facet normal -0.061798668196941034 0.7057517063346992 0.705758778631017
outer loop
vertex -30.40678596496582 42.883445739746094 -0.5
vertex -30.470970153808594 43.377830505371094 -1
vertex -30.47091293334961 42.877830505371094 -0.5
endloop
endfacet
facet normal -0.00008128393663612382 0.7071067741994883 0.7071067835016966
outer loop
vertex -30.47091293334961 42.877830505371094 -0.5
vertex -30.470970153808594 43.377830505371094 -1
vertex -36.37788009643555 43.37715148925781 -1
endloop
endfacet
facet normal -0.0000809203988452663 0.7071089230820045 0.7071046346543748
outer loop
vertex -30.47091293334961 42.877830505371094 -0.5
vertex -36.37788009643555 43.37715148925781 -1
vertex -65.41185760498047 43.37382888793945 -1
endloop
endfacet
facet normal -0.00008100445693432103 0.7071059742106918 0.7071075835216495
outer loop
vertex -65.41185760498047 43.37382888793945 -1
vertex -65.40192413330078 42.87382888793945 -0.5
vertex -30.47091293334961 42.877830505371094 -0.5
endloop
endfacet
facet normal -0.028015904452892735 0.7065509753494396 0.7071073669043777
outer loop
vertex -65.8612289428711 43.35601043701172 -1
vertex -65.81147003173828 42.85758972167969 -0.5
vertex -65.40192413330078 42.87382888793945 -0.5
endloop
endfacet
facet normal -0.028016121486733936 0.7065508694363642 0.7071074641350906
outer loop
vertex -65.40192413330078 42.87382888793945 -0.5
vertex -65.41185760498047 43.37382888793945 -1
vertex -65.8612289428711 43.35601043701172 -1
endloop
endfacet
facet normal -0.11222262629963287 0.6981442517926616 0.7071072661451568
outer loop
vertex -66.79088592529297 43.206573486328125 -1
vertex -65.81147003173828 42.85758972167969 -0.5
vertex -65.8612289428711 43.35601043701172 -1
endloop
endfacet
facet normal -0.11222309931015333 0.6981436574632524 0.7071077778705706
outer loop
vertex -66.79088592529297 43.206573486328125 -1
vertex -66.67211151123047 42.71924591064453 -0.5
vertex -65.81147003173828 42.85758972167969 -0.5
endloop
endfacet
facet normal -0.22158646074016988 0.6714891831494467 0.7071079955211468
outer loop
vertex -67.4143295288086 42.47431945800781 -0.5
vertex -66.67211151123047 42.71924591064453 -0.5
vertex -66.79088592529297 43.206573486328125 -1
endloop
endfacet
facet normal -0.2215909361600667 0.6714909137310158 0.7071049496279819
outer loop
vertex -67.60836791992188 42.936805725097656 -1
vertex -67.4143295288086 42.47431945800781 -0.5
vertex -66.79088592529297 43.206573486328125 -1
endloop
endfacet
facet normal -0.32387931427052363 0.6285724682741289 0.707105962296617
outer loop
vertex -68.44364929199219 42.50642013549805 -1
vertex -68.17918395996094 42.08021926879883 -0.5
vertex -67.4143295288086 42.47431945800781 -0.5
endloop
endfacet
facet normal -0.32387838833314103 0.6285749131203557 0.7071042130877628
outer loop
vertex -67.4143295288086 42.47431945800781 -0.5
vertex -67.60836791992188 42.936805725097656 -1
vertex -68.44364929199219 42.50642013549805 -1
endloop
endfacet
facet normal -0.4194274378653101 0.5692791997389871 0.7071080660763811
outer loop
vertex -69.13670349121094 41.99579620361328 -1
vertex -68.8084487915039 41.6165885925293 -0.5
vertex -68.58240509033203 42.4041862487793 -1
endloop
endfacet
facet normal -0.4194369238407169 0.569276069693367 0.7071049592482783
outer loop
vertex -68.17918395996094 42.08021926879883 -0.5
vertex -68.44364929199219 42.50642013549805 -1
vertex -68.58240509033203 42.4041862487793 -1
endloop
endfacet
facet normal -0.41943408326846043 0.5692788058697584 0.7071044413523705
outer loop
vertex -68.8084487915039 41.6165885925293 -0.5
vertex -68.17918395996094 42.08021926879883 -0.5
vertex -68.58240509033203 42.4041862487793 -1
endloop
endfacet
facet normal -0.5033009110976069 0.4966754333999849 0.7071079880366621
outer loop
vertex -68.8084487915039 41.6165885925293 -0.5
vertex -69.13670349121094 41.99579620361328 -1
vertex -69.79671478271484 41.32698059082031 -1
endloop
endfacet
facet normal -0.5033008566883594 0.4966766207504331 0.7071071927626631
outer loop
vertex -69.79671478271484 41.32698059082031 -1
vertex -69.41281127929688 41.00416564941406 -0.5
vertex -68.8084487915039 41.6165885925293 -0.5
endloop
endfacet
facet normal -0.5756736450341077 0.410610757220393 0.7071058339937804
outer loop
vertex -70.29660034179688 40.62614059448242 -1
vertex -69.86669158935547 40.367828369140625 -0.5
vertex -69.41281127929688 41.00416564941406 -0.5
endloop
endfacet
facet normal -0.5756734922863821 0.4106085084241436 0.7071072642028935
outer loop
vertex -69.41281127929688 41.00416564941406 -0.5
vertex -69.79671478271484 41.32698059082031 -1
vertex -70.29660034179688 40.62614059448242 -1
endloop
endfacet
facet normal -0.6328079577671135 0.3155230499144377 0.7071062816573662
outer loop
vertex -69.86669158935547 40.367828369140625 -0.5
vertex -70.29660034179688 40.62614059448242 -1
vertex -70.25062561035156 39.597816467285156 -0.5
endloop
endfacet
facet normal -0.6328099764842547 0.3155222539357256 0.7071048302290943
outer loop
vertex -70.25062561035156 39.597816467285156 -0.5
vertex -70.29660034179688 40.62614059448242 -1
vertex -70.71588134765625 39.78523254394531 -1
endloop
endfacet
facet normal -0.6748270920353174 0.21121479974404414 0.7071044507173183
outer loop
vertex -70.25062561035156 39.597816467285156 -0.5
vertex -70.71588134765625 39.78523254394531 -1
vertex -70.85038757324219 39.35548782348633 -1
endloop
endfacet
facet normal -0.6748276799025976 0.21122160914339258 0.7071018556531677
outer loop
vertex -70.25062561035156 39.597816467285156 -0.5
vertex -70.85038757324219 39.35548782348633 -1
vertex -70.9730224609375 38.96368408203125 -1
endloop
endfacet
facet normal -0.6748227032256139 0.21120929454295997 0.7071102835555003
outer loop
vertex -70.9730224609375 38.96368408203125 -1
vertex -70.48409271240234 38.85187911987305 -0.5
vertex -70.25062561035156 39.597816467285156 -0.5
endloop
endfacet
facet normal -0.6995537958920636 0.10310705137473034 0.7071021302540488
outer loop
vertex -70.99948120117188 38.78407669067383 -1
vertex -70.49408721923828 38.7840690612793 -0.5
vertex -70.48409271240234 38.85187911987305 -0.5
endloop
endfacet
facet normal -0.6995540614083849 0.10305432894948406 0.70710955335917
outer loop
vertex -70.9730224609375 38.96368408203125 -1
vertex -70.99948120117188 38.78407669067383 -1
vertex -70.48409271240234 38.85187911987305 -0.5
endloop
endfacet
facet normal -0.7071067810251996 0.000011776810365778786 0.7071067812498244
outer loop
vertex -71.11115264892578 -29.58721351623535 -1
vertex -70.61115264892578 -29.587223052978516 -0.5
vertex -70.61111450195312 -27.296791076660156 -0.5
endloop
endfacet
facet normal -0.7071067810364308 0.0000117768152695152 0.7071067812385932
outer loop
vertex -71.1103744506836 15.993648529052734 -1
vertex -70.6103744506836 15.993639945983887 -0.5
vertex -70.61033630371094 18.28407096862793 -0.5
endloop
endfacet
facet normal -0.7071067810364308 0.00001177681281774001 0.7071067812385932
outer loop
vertex -71.11076354980469 -6.796782493591309 -1
vertex -70.61076354980469 -6.796791076660156 -0.5
vertex -70.61072540283203 -4.506359577178955 -0.5
endloop
endfacet
facet normal -0.7071067810251996 0.000011776810365778786 0.7071067812498244
outer loop
vertex -71.11111450195312 -27.296781539916992 -1
vertex -71.11115264892578 -29.58721351623535 -1
vertex -70.61111450195312 -27.296791076660156 -0.5
endloop
endfacet
facet normal -0.7071067810364308 0.00001177681281774001 0.7071067812385932
outer loop
vertex -71.11076354980469 -6.796782493591309 -1
vertex -70.61072540283203 -4.506359577178955 -0.5
vertex -71.11072540283203 -4.506350994110107 -1
endloop
endfacet
facet normal -0.7071067810251996 0.000011776810365778786 0.7071067812498244
outer loop
vertex -71.11033630371094 18.284080505371094 -1
vertex -71.1103744506836 15.993648529052734 -1
vertex -70.61033630371094 18.28407096862793 -0.5
endloop
endfacet
facet normal -0.7034386159673001 -0.07191522743742537 0.7071084171671502
outer loop
vertex -70.5322036743164 -50.087223052978516 -0.5
vertex -71.0348129272461 -50.087215423583984 -1
vertex -70.99242401123047 -50.5018424987793 -1
endloop
endfacet
facet normal -0.7034386976871926 -0.07191505931299591 0.7071083529701476
outer loop
vertex -70.99242401123047 -50.5018424987793 -1
vertex -70.49971008300781 -50.405059814453125 -0.5
vertex -70.5322036743164 -50.087223052978516 -0.5
endloop
endfacet
facet normal -0.6783762724120052 -0.1995071904228755 0.7071085588493209
outer loop
vertex -70.25887298583984 -51.223968505859375 -0.5
vertex -70.49971008300781 -50.405059814453125 -0.5
vertex -70.99242401123047 -50.5018424987793 -1
endloop
endfacet
facet normal -0.6783781801498402 -0.19951117377901392 0.707105604725285
outer loop
vertex -70.72730255126953 -51.4033088684082 -1
vertex -70.25887298583984 -51.223968505859375 -0.5
vertex -70.99242401123047 -50.5018424987793 -1
endloop
endfacet
facet normal -0.6381716501959069 -0.3045296047642134 0.7071058369921612
outer loop
vertex -70.25887298583984 -51.223968505859375 -0.5
vertex -70.72730255126953 -51.4033088684082 -1
vertex -70.56178283691406 -51.75017166137695 -1
endloop
endfacet
facet normal -0.6381680623696758 -0.3045332536732734 0.7071075035512656
outer loop
vertex -70.25887298583984 -51.223968505859375 -0.5
vertex -70.56178283691406 -51.75017166137695 -1
vertex -70.35655975341797 -52.18022918701172 -1
endloop
endfacet
facet normal -0.6381685844605269 -0.304533009053243 0.7071071377129671
outer loop
vertex -70.35655975341797 -52.18022918701172 -1
vertex -69.92224884033203 -51.929386138916016 -0.5
vertex -70.25887298583984 -51.223968505859375 -0.5
endloop
endfacet
facet normal -0.5826912512519274 -0.4005890668325807 0.707106289922997
outer loop
vertex -69.82423400878906 -52.95454025268555 -1
vertex -69.43480682373047 -52.63841247558594 -0.5
vertex -69.92224884033203 -51.929386138916016 -0.5
endloop
endfacet
facet normal -0.5826898490818889 -0.4005894033430778 0.707107254740158
outer loop
vertex -69.92224884033203 -51.929386138916016 -0.5
vertex -70.35655975341797 -52.18022918701172 -1
vertex -69.82423400878906 -52.95454025268555 -1
endloop
endfacet
facet normal -0.5118144190325744 -0.4879000830092084 0.707106434329342
outer loop
vertex -69.43480682373047 -52.63841247558594 -0.5
vertex -69.82423400878906 -52.95454025268555 -1
vertex -69.23025512695312 -53.577632904052734 -1
endloop
endfacet
facet normal -0.5118155884249922 -0.4878999397223922 0.7071056867711256
outer loop
vertex -69.23025512695312 -53.577632904052734 -1
vertex -68.89549255371094 -53.20416259765625 -0.5
vertex -69.43480682373047 -52.63841247558594 -0.5
endloop
endfacet
facet normal -0.4292117416350021 -0.5619422224363664 0.7071055221718507
outer loop
vertex -68.89549255371094 -53.20416259765625 -0.5
vertex -69.23025512695312 -53.577632904052734 -1
vertex -68.48351287841797 -54.14799499511719 -1
endloop
endfacet
facet normal -0.4292160547277851 -0.5619425712897139 0.707102626876905
outer loop
vertex -68.48351287841797 -54.14799499511719 -1
vertex -68.21171569824219 -53.726436614990234 -0.5
vertex -68.89549255371094 -53.20416259765625 -0.5
endloop
endfacet
facet normal -0.3346955799606741 -0.6228785339821827 0.7071076301801549
outer loop
vertex -67.72521209716797 -54.55546569824219 -1
vertex -67.523193359375 -54.096405029296875 -0.5
vertex -68.21171569824219 -53.726436614990234 -0.5
endloop
endfacet
facet normal -0.33470270924792106 -0.6228799370425662 0.7071030196880441
outer loop
vertex -68.21171569824219 -53.726436614990234 -0.5
vertex -68.48351287841797 -54.14799499511719 -1
vertex -67.72521209716797 -54.55546569824219 -1
endloop
endfacet
facet normal -0.23316989576740071 -0.667556297215567 0.7071070567853648
outer loop
vertex -67.523193359375 -54.096405029296875 -0.5
vertex -67.72521209716797 -54.55546569824219 -1
vertex -66.83812713623047 -54.86531448364258 -1
endloop
endfacet
facet normal -0.23316935789154405 -0.6675560717434902 0.7071074470113049
outer loop
vertex -66.83812713623047 -54.86531448364258 -1
vertex -66.71090698242188 -54.380126953125 -0.5
vertex -67.523193359375 -54.096405029296875 -0.5
endloop
endfacet
facet normal -0.12438855766528291 -0.6960793507735525 0.7071075053686108
outer loop
vertex -66.71090698242188 -54.380126953125 -0.5
vertex -66.83812713623047 -54.86531448364258 -1
vertex -65.94303131103516 -54.5173454284668 -0.5
endloop
endfacet
facet normal -0.12438963272795127 -0.6960780928824857 0.7071085545224913
outer loop
vertex -65.94303131103516 -54.5173454284668 -0.5
vertex -66.83812713623047 -54.86531448364258 -1
vertex -65.9906997680664 -55.01675033569336 -1
endloop
endfacet
facet normal -0.009667261829113531 -0.7074241116746219 0.7067231921127958
outer loop
vertex -65.94303131103516 -54.5173454284668 -0.5
vertex -62.83864974975586 -55.05927276611328 -1
vertex -62.831912994384766 -54.55986022949219 -0.5
endloop
endfacet
facet normal -0.009538265114204102 -0.7070406943106505 0.7071085334567278
outer loop
vertex -65.94303131103516 -54.5173454284668 -0.5
vertex -65.9906997680664 -55.01675033569336 -1
vertex -62.83864974975586 -55.05927276611328 -1
endloop
endfacet
facet normal -0.06530110926351831 -0.7055721155491407 0.7056229551881543
outer loop
vertex -62.831912994384766 -54.55986022949219 -0.5
vertex -62.83864974975586 -55.05927276611328 -1
vertex -62.74951934814453 -54.56748580932617 -0.5
endloop
endfacet
facet normal -0.12596164262880288 -0.6957937296389803 0.7071101402054217
outer loop
vertex -61.847007751464844 -55.2390022277832 -1
vertex -61.78046798706055 -54.742916107177734 -0.5
vertex -62.74951934814453 -54.56748580932617 -0.5
endloop
endfacet
facet normal -0.12612997512957902 -0.6959113960492297 0.7069643259900914
outer loop
vertex -62.74951934814453 -54.56748580932617 -0.5
vertex -62.83864974975586 -55.05927276611328 -1
vertex -61.847007751464844 -55.2390022277832 -1
endloop
endfacet
facet normal -0.061707747768473986 -0.7044088742302604 0.7071069874997697
outer loop
vertex -61.229225158691406 -55.293121337890625 -1
vertex -61.20736312866211 -54.793121337890625 -0.5
vertex -61.78046798706055 -54.742916107177734 -0.5
endloop
endfacet
facet normal -0.06170776300655227 -0.7044088816088763 0.707106978819513
outer loop
vertex -61.78046798706055 -54.742916107177734 -0.5
vertex -61.847007751464844 -55.2390022277832 -1
vertex -61.229225158691406 -55.293121337890625 -1
endloop
endfacet
facet normal -0.000006907132771313648 -0.7071067811696801 0.7071067811696801
outer loop
vertex -61.20736312866211 -54.793121337890625 -0.5
vertex -56.521080017089844 -55.29316711425781 -1
vertex -56.521080017089844 -54.79316711425781 -0.5
endloop
endfacet
facet normal -0.000006951360897379438 -0.7071069124833059 0.7071066498555962
outer loop
vertex 48.44102096557617 -54.79420852661133 -0.5
vertex 53.11637878417969 -55.294254302978516 -1
vertex 53.09748840332031 -54.794254302978516 -0.5
endloop
endfacet
facet normal -0.000006923273236284429 -0.707106781169601 0.707106781169601
outer loop
vertex 48.44102096557617 -54.79420852661133 -0.5
vertex 48.44102096557617 -55.29420852661133 -1
vertex 53.11637878417969 -55.294254302978516 -1
endloop
endfacet
facet normal -0.000006875058393861871 -0.7071066308670872 0.7071069314725534
outer loop
vertex -56.521080017089844 -55.29316711425781 -1
vertex -61.20736312866211 -54.793121337890625 -0.5
vertex -61.229225158691406 -55.293121337890625 -1
endloop
endfacet
facet normal -0.000007010075084451408 -0.7071054362817673 0.707108126054022
outer loop
vertex 39.44102096557617 -55.29412078857422 -1
vertex 34.6306266784668 -54.794071197509766 -0.5
vertex -47.521080017089844 -55.29325866699219 -1
endloop
endfacet
facet normal -0.00000699371762312434 -0.7071067811692544 0.7071067811692544
outer loop
vertex -47.521080017089844 -54.79325866699219 -0.5
vertex -47.521080017089844 -55.29325866699219 -1
vertex 34.6306266784668 -54.794071197509766 -0.5
endloop
endfacet
facet normal -0.000007289668136788812 -0.7071067811677599 0.7071067811677599
outer loop
vertex 39.44102096557617 -55.29412078857422 -1
vertex 39.44102096557617 -54.79412078857422 -0.5
vertex 34.6306266784668 -54.794071197509766 -0.5
endloop
endfacet
facet normal 0.05336721702837903 -0.7050900205370603 0.7071067833684626
outer loop
vertex 53.65515899658203 -55.253475189208984 -1
vertex 53.59211349487305 -54.75681686401367 -0.5
vertex 53.09748840332031 -54.794254302978516 -0.5
endloop
endfacet
facet normal 0.05336676613849962 -0.7050903008296922 0.7071065379048711
outer loop
vertex 53.09748840332031 -54.794254302978516 -0.5
vertex 53.11637878417969 -55.294254302978516 -1
vertex 53.65515899658203 -55.253475189208984 -1
endloop
endfacet
facet normal 0.16748966605494398 -0.6333519531808847 -0.7555213532169438
outer loop
vertex 54.265625 -55.144290924072266 -12.426619529724121
vertex 55.042545318603516 -53.588890075683594 -13.55827522277832
vertex 55.433074951171875 -54.5848388671875 -12.636797904968262
endloop
endfacet
facet normal 0.16736008772384267 -0.6331163323272055 -0.7557475178772438
outer loop
vertex 54.86061096191406 -54.969425201416016 -12.441307067871094
vertex 55.47150802612305 -54.70977020263672 -12.52354621887207
vertex 55.433074951171875 -54.73094940185547 -12.514314651489258
endloop
endfacet
facet normal 0.1674923484051462 -0.6333508097634283 -0.7555217170920627
outer loop
vertex 53.65515899658203 -55.253475189208984 -12.470425605773926
vertex 52.99720764160156 -54.08621597290039 -13.594796180725098
vertex 54.265625 -55.144290924072266 -12.426619529724121
endloop
endfacet
facet normal 0.16749322633659877 -0.6333573777511159 -0.7555160164944137
outer loop
vertex 55.47150802612305 -54.70977020263672 -12.52354621887207
vertex 54.265625 -55.144290924072266 -12.426619529724121
vertex 55.433074951171875 -54.5848388671875 -12.636797904968262
endloop
endfacet
facet normal 0.16196665203866273 -0.6447913188728026 -0.7470013110655552
outer loop
vertex 53.11637878417969 -55.294254302978516 -12.552045822143555
vertex 53.11637878417969 -55.14814376831055 -12.6781644821167
vertex 53.65515899658203 -55.253475189208984 -12.470425605773926
endloop
endfacet
facet normal 0.16749141577051851 -0.6333532200740764 -0.7555199032884482
outer loop
vertex 54.265625 -55.144290924072266 -12.426619529724121
vertex 55.47150802612305 -54.70977020263672 -12.52354621887207
vertex 54.86061096191406 -54.969425201416016 -12.441307067871094
endloop
endfacet
facet normal 0.16749056994044736 -0.6333521430660758 -0.7555209936557906
outer loop
vertex 52.99720764160156 -54.08621597290039 -13.594796180725098
vertex 55.042545318603516 -53.588890075683594 -13.55827522277832
vertex 54.265625 -55.144290924072266 -12.426619529724121
endloop
endfacet
facet normal 0.167487890926698 -0.6333527264578702 -0.7555210985017616
outer loop
vertex 53.11637878417969 -55.14814376831055 -12.6781644821167
vertex 52.99720764160156 -54.08621597290039 -13.594796180725098
vertex 53.65515899658203 -55.253475189208984 -12.470425605773926
endloop
endfacet
facet normal 0.37514760546546205 -0.5459896870888193 -0.7491058241037665
outer loop
vertex 55.433074951171875 -54.5848388671875 -12.636797904968262
vertex 55.042545318603516 -53.588890075683594 -13.55827522277832
vertex 55.97623825073242 -54.431678771972656 -12.47641658782959
endloop
endfacet
facet normal 0.37514581248143536 -0.5459913567286019 -0.7491055050894394
outer loop
vertex 56.48366928100586 -54.075164794921875 -12.482147216796875
vertex 55.042545318603516 -53.588890075683594 -13.55827522277832
vertex 56.54615020751953 -54.02021789550781 -12.49090576171875
endloop
endfacet
facet normal 0.37514478041961763 -0.5459918391339742 -0.7491056703316411
outer loop
vertex 55.042545318603516 -53.588890075683594 -13.55827522277832
vertex 55.818817138671875 -53.10434341430664 -13.52269172668457
vertex 56.48366928100586 -53.92905807495117 -12.588640213012695
endloop
endfacet
facet normal 0.37513667074062435 -0.5460067640041407 -0.7490988532412575
outer loop
vertex 55.042545318603516 -53.588890075683594 -13.55827522277832
vertex 56.48366928100586 -53.92905807495117 -12.588640213012695
vertex 56.54615020751953 -54.02021789550781 -12.49090576171875
endloop
endfacet
facet normal 0.3751458857824177 -0.5459912425016852 -0.7491055516360771
outer loop
vertex 55.97623825073242 -54.431678771972656 -12.47641658782959
vertex 55.042545318603516 -53.588890075683594 -13.55827522277832
vertex 56.48366928100586 -54.075164794921875 -12.482147216796875
endloop
endfacet
facet normal 0.3757187363881762 -0.5563091824355427 -0.7411852161671671
outer loop
vertex 55.47150802612305 -54.70977020263672 -12.52354621887207
vertex 55.433074951171875 -54.5848388671875 -12.636797904968262
vertex 55.97623825073242 -54.431678771972656 -12.47641658782959
endloop
endfacet
facet normal 0.5476663774912077 -0.39429442756587063 -0.7379657467363647
outer loop
vertex 56.94935989379883 -53.66563034057617 -12.383787155151367
vertex 55.818817138671875 -53.10434341430664 -13.52269172668457
vertex 58.043697357177734 -52.024044036865234 -12.448744773864746
endloop
endfacet
facet normal 0.5503751201014747 -0.4053392866612636 -0.7299227971931177
outer loop
vertex 56.54615020751953 -54.02021789550781 -12.49090576171875
vertex 56.48366928100586 -53.92905807495117 -12.588640213012695
vertex 56.94935989379883 -53.66563034057617 -12.383787155151367
endloop
endfacet
facet normal 0.5476539843534801 -0.39428859815715306 -0.73797805847127
outer loop
vertex 58.092227935791016 -52.0597038269043 -12.3936767578125
vertex 57.7340202331543 -52.70745086669922 -12.313423156738281
vertex 57.367794036865234 -53.207916259765625 -12.31781005859375
endloop
endfacet
facet normal 0.5476658495733384 -0.39429531920092364 -0.7379656621194208
outer loop
vertex 56.48366928100586 -53.92905807495117 -12.588640213012695
vertex 55.818817138671875 -53.10434341430664 -13.52269172668457
vertex 56.94935989379883 -53.66563034057617 -12.383787155151367
endloop
endfacet
facet normal 0.5476663246499897 -0.3942941122980585 -0.7379659543986146
outer loop
vertex 55.818817138671875 -53.10434341430664 -13.52269172668457
vertex 57.136817932128906 -51.494876861572266 -13.404500007629395
vertex 58.043697357177734 -52.024044036865234 -12.448744773864746
endloop
endfacet
facet normal 0.5476712368127907 -0.3942982948435563 -0.737960074158089
outer loop
vertex 56.94935989379883 -53.66563034057617 -12.383787155151367
vertex 58.092227935791016 -52.0597038269043 -12.3936767578125
vertex 57.367794036865234 -53.207916259765625 -12.31781005859375
endloop
endfacet
facet normal 0.5476728943791584 -0.3942967754809193 -0.7379596558130429
outer loop
vertex 57.7340202331543 -52.70745086669922 -12.313423156738281
vertex 58.092227935791016 -52.0597038269043 -12.3936767578125
vertex 58.043697357177734 -52.1701545715332 -12.370678901672363
endloop
endfacet
facet normal 0.5476608926985738 -0.3942910046488928 -0.7379716459739954
outer loop
vertex 58.092227935791016 -52.0597038269043 -12.3936767578125
vertex 56.94935989379883 -53.66563034057617 -12.383787155151367
vertex 58.043697357177734 -52.024044036865234 -12.448744773864746
endloop
endfacet
facet normal 0.6851160827100257 -0.12271058113810834 -0.7180237227897257
outer loop
vertex 58.65450668334961 -49.78485107421875 -12.248608589172363
vertex 58.29316329956055 -51.60239028930664 -12.2827730178833
vertex 58.65451431274414 -49.63874435424805 -12.273571014404297
endloop
endfacet
facet normal 0.6851123126172861 -0.12270976135730428 -0.7180274601767175
outer loop
vertex 58.29316329956055 -51.60239028930664 -12.2827730178833
vertex 58.65450668334961 -49.78485107421875 -12.248608589172363
vertex 58.479461669921875 -51.01088333129883 -12.20610237121582
endloop
endfacet
facet normal 0.6851176073726215 -0.12271131102663187 -0.7180221432617101
outer loop
vertex 57.136817932128906 -51.494876861572266 -13.404500007629395
vertex 57.662662506103516 -49.441375732421875 -13.253700256347656
vertex 58.65451431274414 -49.63874435424805 -12.273571014404297
endloop
endfacet
facet normal 0.6851172852536788 -0.12271080798949023 -0.7180225365886477
outer loop
vertex 58.29316329956055 -51.60239028930664 -12.2827730178833
vertex 57.136817932128906 -51.494876861572266 -13.404500007629395
vertex 58.65451431274414 -49.63874435424805 -12.273571014404297
endloop
endfacet
facet normal 0.6851049714342203 -0.12270896082053002 -0.718034601569076
outer loop
vertex 58.479461669921875 -51.01088333129883 -12.20610237121582
vertex 58.65450668334961 -49.78485107421875 -12.248608589172363
vertex 58.60038757324219 -50.40263748168945 -12.194668769836426
endloop
endfacet
facet normal 0.6978766422750725 -0.1361086809137139 -0.7031661390786672
outer loop
vertex 58.092227935791016 -52.0597038269043 -12.3936767578125
vertex 58.043697357177734 -52.024044036865234 -12.448744773864746
vertex 58.29316329956055 -51.60239028930664 -12.2827730178833
endloop
endfacet
facet normal 0.685117136530532 -0.12271191472811363 -0.7180224893525026
outer loop
vertex 58.043697357177734 -52.024044036865234 -12.448744773864746
vertex 57.136817932128906 -51.494876861572266 -13.404500007629395
vertex 58.29316329956055 -51.60239028930664 -12.2827730178833
endloop
endfacet
facet normal 0.7071941907170366 0.0512150149233294 -0.7051619664038035
outer loop
vertex 58.65850830078125 20.765689849853516 -7.155934810638428
vertex 57.662662506103516 -49.441375732421875 -13.253700256347656
vertex 57.719356536865234 21.04128646850586 -8.077776908874512
endloop
endfacet
facet normal 0.7071336857273088 0.05067552748182765 -0.705261612044885
outer loop
vertex 58.65850830078125 20.765689849853516 -7.155934810638428
vertex 57.719356536865234 21.04128646850586 -8.077776908874512
vertex 58.677818298339844 20.970321655273438 -7.121870040893555
endloop
endfacet
facet normal 0.7071067716510082 0.051223813048370155 -0.7052489875654376
outer loop
vertex 58.65451431274414 -49.63874435424805 -12.273571014404297
vertex 57.662662506103516 -49.441375732421875 -13.253700256347656
vertex 58.65850830078125 20.765689849853516 -7.155934810638428
endloop
endfacet
facet normal 0.6230833578432448 -0.28532312890839917 -0.7282567138644916
outer loop
vertex 58.093570709228516 22.45452117919922 -7.973995685577393
vertex 58.405643463134766 23.028446197509766 -7.931849479675293
vertex 59.22798538208008 22.514856338500977 -7.027049541473389
endloop
endfacet
facet normal 0.6349919421493307 -0.2629597197742972 -0.7263865494223058
outer loop
vertex 58.909420013427734 21.94498634338379 -7.076340198516846
vertex 58.093570709228516 22.45452117919922 -7.973995685577393
vertex 59.02293014526367 22.19877815246582 -7.0689873695373535
endloop
endfacet
facet normal 0.6196104632725686 -0.3060723353453604 -0.7227742381542042
outer loop
vertex 59.02293014526367 22.19877815246582 -7.0689873695373535
vertex 58.093570709228516 22.45452117919922 -7.973995685577393
vertex 59.22798538208008 22.514856338500977 -7.027049541473389
endloop
endfacet
facet normal 0.6763659715721334 -0.15281171429448617 -0.7205398340644773
outer loop
vertex 57.776611328125 21.621034622192383 -8.035202980041504
vertex 57.946868896484375 22.18079376220703 -7.994096755981445
vertex 58.8333625793457 21.774932861328125 -7.075876235961914
endloop
endfacet
facet normal 0.6251178002200026 -0.28156785698686165 -0.7279747782443641
outer loop
vertex 57.946868896484375 22.18079376220703 -7.994096755981445
vertex 58.093570709228516 22.45452117919922 -7.973995685577393
vertex 58.909420013427734 21.94498634338379 -7.076340198516846
endloop
endfacet
facet normal 0.7053983312502838 -0.017623216511777964 -0.7085919957980714
outer loop
vertex 58.677818298339844 20.970321655273438 -7.121870040893555
vertex 57.719356536865234 21.04128646850586 -8.077776908874512
vertex 58.71146774291992 21.32691192626953 -7.097240924835205
endloop
endfacet
facet normal 0.7053962487671546 -0.017644488427266944 -0.7085935395227414
outer loop
vertex 58.71146774291992 21.32691192626953 -7.097240924835205
vertex 57.776611328125 21.621034622192383 -8.035202980041504
vertex 58.721309661865234 21.363082885742188 -7.088344097137451
endloop
endfacet
facet normal 0.676097515991403 -0.16218903820976796 -0.7187397754089061
outer loop
vertex 58.721309661865234 21.363082885742188 -7.088344097137451
vertex 57.776611328125 21.621034622192383 -8.035202980041504
vertex 58.8333625793457 21.774932861328125 -7.075876235961914
endloop
endfacet
facet normal 0.6251160515486524 -0.28157303873052325 -0.7279742756143804
outer loop
vertex 57.946868896484375 22.18079376220703 -7.994096755981445
vertex 58.909420013427734 21.94498634338379 -7.076340198516846
vertex 58.8333625793457 21.774932861328125 -7.075876235961914
endloop
endfacet
facet normal 0.7053990029670868 -0.01762827743782896 -0.7085912012208553
outer loop
vertex 57.719356536865234 21.04128646850586 -8.077776908874512
vertex 57.776611328125 21.621034622192383 -8.035202980041504
vertex 58.71146774291992 21.32691192626953 -7.097240924835205
endloop
endfacet
facet normal 0.29186641340405634 -0.5905440215642337 -0.7523774021868243
outer loop
vertex 67.95307159423828 26.86219596862793 -6.655701637268066
vertex 68.00701141357422 26.749969482421875 -6.546689987182617
vertex 67.95307159423828 26.716087341308594 -6.541020393371582
endloop
endfacet
facet normal 0.29299286004164576 -0.5935183689289183 -0.749593976569031
outer loop
vertex 60.34531784057617 23.463010787963867 -6.939043045043945
vertex 59.79144287109375 24.3233699798584 -7.836756229400635
vertex 67.54639434814453 26.52407455444336 -6.548076152801514
endloop
endfacet
facet normal 0.2918780388240665 -0.5905418311729392 -0.7523746115381144
outer loop
vertex 67.54639434814453 26.52407455444336 -6.548076152801514
vertex 67.95307159423828 26.86219596862793 -6.655701637268066
vertex 67.95307159423828 26.716087341308594 -6.541020393371582
endloop
endfacet
facet normal 0.29187566677341287 -0.5905397828361457 -0.7523771394941592
outer loop
vertex 67.54639434814453 26.52407455444336 -6.548076152801514
vertex 67.4471435546875 27.792306900024414 -7.582013130187988
vertex 67.95307159423828 26.86219596862793 -6.655701637268066
endloop
endfacet
facet normal 0.3120441697808107 -0.5823613194311741 -0.7506555333414833
outer loop
vertex 60.1911735534668 23.372583389282227 -6.932966232299805
vertex 59.79144287109375 24.3233699798584 -7.836756229400635
vertex 60.34531784057617 23.463010787963867 -6.939043045043945
endloop
endfacet
facet normal 0.2925424269758658 -0.5903792112726626 -0.7522441859636663
outer loop
vertex 59.79144287109375 24.3233699798584 -7.836756229400635
vertex 67.4471435546875 27.792306900024414 -7.582013130187988
vertex 67.54639434814453 26.52407455444336 -6.548076152801514
endloop
endfacet
facet normal 0.5479190805847802 -0.39679435745467645 -0.7364366361223887
outer loop
vertex 58.535423278808594 23.270597457885742 -7.914066791534424
vertex 58.907508850097656 23.722768783569336 -7.880861282348633
vertex 59.58540344238281 22.93415641784668 -6.951591491699219
endloop
endfacet
facet normal 0.3341274598848122 -0.5717772711034418 -0.7492860553890113
outer loop
vertex 59.9448356628418 23.22807502746582 -6.932541370391846
vertex 59.360897064208984 24.093856811523438 -7.853610515594482
vertex 60.1911735534668 23.372583389282227 -6.932966232299805
endloop
endfacet
facet normal 0.3341305193342545 -0.5717746048635551 -0.749286725681529
outer loop
vertex 59.360897064208984 24.093856811523438 -7.853610515594482
vertex 59.79144287109375 24.3233699798584 -7.836756229400635
vertex 60.1911735534668 23.372583389282227 -6.932966232299805
endloop
endfacet
facet normal 0.4496656715648894 -0.4947843852529763 -0.743632433347236
outer loop
vertex 59.91094207763672 23.200359344482422 -6.926506042480469
vertex 58.907508850097656 23.722768783569336 -7.880861282348633
vertex 59.360897064208984 24.093856811523438 -7.853610515594482
endloop
endfacet
facet normal 0.33413196707724 -0.5717744131090181 -0.7492862264121315
outer loop
vertex 59.360897064208984 24.093856811523438 -7.853610515594482
vertex 59.9448356628418 23.22807502746582 -6.932541370391846
vertex 59.91094207763672 23.200359344482422 -6.926506042480469
endloop
endfacet
facet normal 0.4554889230119376 -0.48677625097158966 -0.7453715331990276
outer loop
vertex 59.58540344238281 22.93415641784668 -6.951591491699219
vertex 58.907508850097656 23.722768783569336 -7.880861282348633
vertex 59.91094207763672 23.200359344482422 -6.926506042480469
endloop
endfacet
facet normal 0.625117716956878 -0.2815691359382449 -0.7279743550658984
outer loop
vertex 58.405643463134766 23.028446197509766 -7.931849479675293
vertex 58.535423278808594 23.270597457885742 -7.914066791534424
vertex 59.27562713623047 22.588294982910156 -7.014543533325195
endloop
endfacet
facet normal 0.5614789033449489 -0.3679947469071166 -0.7411621329691099
outer loop
vertex 59.27562713623047 22.588294982910156 -7.014543533325195
vertex 58.535423278808594 23.270597457885742 -7.914066791534424
vertex 59.58540344238281 22.93415641784668 -6.951591491699219
endloop
endfacet
facet normal 0.6251197239726937 -0.28156495076430654 -0.7279742503697482
outer loop
vertex 59.22798538208008 22.514856338500977 -7.027049541473389
vertex 58.405643463134766 23.028446197509766 -7.931849479675293
vertex 59.27562713623047 22.588294982910156 -7.014543533325195
endloop
endfacet
facet normal 0.4212972998670501 -0.5145831351917484 -0.7468017019938852
outer loop
vertex 67.4471435546875 27.792306900024414 -7.582013130187988
vertex 69.39745330810547 27.93083381652832 -6.577226161956787
vertex 69.45691680908203 27.85625457763672 -6.4922919273376465
endloop
endfacet
facet normal 0.42129237879291265 -0.5146019365822565 -0.7467915227403162
outer loop
vertex 69.39745330810547 27.784725189208984 -6.476547718048096
vertex 67.4471435546875 27.792306900024414 -7.582013130187988
vertex 69.45691680908203 27.85625457763672 -6.4922919273376465
endloop
endfacet
facet normal 0.4212967580136189 -0.5145872849572384 -0.7467991482638101
outer loop
vertex 68.75039672851562 27.216943740844727 -6.450342178344727
vertex 67.4471435546875 27.792306900024414 -7.582013130187988
vertex 69.39745330810547 27.784725189208984 -6.476547718048096
endloop
endfacet
facet normal 0.42129642876033085 -0.5145870943934024 -0.7467994653168594
outer loop
vertex 67.4471435546875 27.792306900024414 -7.582013130187988
vertex 68.67936706542969 28.703977584838867 -7.515064239501953
vertex 69.39745330810547 27.93083381652832 -6.577226161956787
endloop
endfacet
facet normal 0.42230891684224364 -0.518940680050575 -0.7432063975398608
outer loop
vertex 68.00701141357422 26.749969482421875 -6.546689987182617
vertex 67.95307159423828 26.86219596862793 -6.655701637268066
vertex 68.75039672851562 27.216943740844727 -6.450342178344727
endloop
endfacet
facet normal 0.4212971418674004 -0.5145867349677125 -0.7467993106917205
outer loop
vertex 67.95307159423828 26.86219596862793 -6.655701637268066
vertex 67.4471435546875 27.792306900024414 -7.582013130187988
vertex 68.75039672851562 27.216943740844727 -6.450342178344727
endloop
endfacet
facet normal 0.5770788793950912 -0.35574803458786225 -0.7351348875158756
outer loop
vertex 68.67936706542969 28.703977584838867 -7.515064239501953
vertex 69.51139068603516 29.875822067260742 -7.429009437561035
vertex 70.43651580810547 29.248165130615234 -6.399051666259766
endloop
endfacet
facet normal 0.5770784807971455 -0.35574908517694914 -0.7351346920099896
outer loop
vertex 69.39745330810547 27.93083381652832 -6.577226161956787
vertex 68.67936706542969 28.703977584838867 -7.515064239501953
vertex 69.99812316894531 28.507307052612305 -6.384671211242676
endloop
endfacet
facet normal 0.5770788791895687 -0.3557479033754999 -0.7351349511737604
outer loop
vertex 69.99812316894531 28.507307052612305 -6.384671211242676
vertex 68.67936706542969 28.703977584838867 -7.515064239501953
vertex 70.43651580810547 29.248165130615234 -6.399051666259766
endloop
endfacet
facet normal 0.5770796383080812 -0.3557468662099694 -0.7351348571738388
outer loop
vertex 70.43651580810547 29.248165130615234 -6.399051666259766
vertex 69.51139068603516 29.875822067260742 -7.429009437561035
vertex 70.43651580810547 29.394275665283203 -6.469757556915283
endloop
endfacet
facet normal 0.582232339723148 -0.363808981801629 -0.7270822012269113
outer loop
vertex 69.45691680908203 27.85625457763672 -6.4922919273376465
vertex 69.39745330810547 27.93083381652832 -6.577226161956787
vertex 69.99812316894531 28.507307052612305 -6.384671211242676
endloop
endfacet
facet normal 0.5770632920704115 -0.35575189742873564 -0.7351452539605442
outer loop
vertex 70.43651580810547 29.248165130615234 -6.399051666259766
vertex 70.43651580810547 29.394275665283203 -6.469757556915283
vertex 70.48255157470703 29.364334106445312 -6.419131755828857
endloop
endfacet
facet normal 0.6903419999943027 -0.10086508247707512 -0.7164175864541288
outer loop
vertex 70.78267669677734 30.121721267700195 -6.238615036010742
vertex 69.51139068603516 29.875822067260742 -7.429009437561035
vertex 70.96892547607422 30.96217918395996 -6.177474021911621
endloop
endfacet
facet normal 0.6903434657766783 -0.10086937204373284 -0.7164155700729481
outer loop
vertex 70.96892547607422 30.96217918395996 -6.177474021911621
vertex 69.51139068603516 29.875822067260742 -7.429009437561035
vertex 71.02625274658203 31.90007209777832 -6.25428581237793
endloop
endfacet
facet normal 0.6903420465434233 -0.10086652015794093 -0.7164173391853841
outer loop
vertex 70.43651580810547 29.394275665283203 -6.469757556915283
vertex 69.51139068603516 29.875822067260742 -7.429009437561035
vertex 70.78267669677734 30.121721267700195 -6.238615036010742
endloop
endfacet
facet normal 0.6903327837787058 -0.10085416208062917 -0.7164280044996544
outer loop
vertex 71.02625274658203 31.90007209777832 -6.25428581237793
vertex 69.51139068603516 29.875822067260742 -7.429009437561035
vertex 71.01165771484375 32.048240661621094 -6.289207458496094
endloop
endfacet
facet normal 0.6903419532854461 -0.10086600508926116 -0.7164175015669062
outer loop
vertex 69.51139068603516 29.875822067260742 -7.429009437561035
vertex 70.01454162597656 32.13901138305664 -7.262811183929443
vertex 71.01165771484375 32.048240661621094 -6.289207458496094
endloop
endfacet
facet normal 0.7019389089023449 -0.11045099706917047 -0.7036208818784528
outer loop
vertex 70.48255157470703 29.364334106445312 -6.419131755828857
vertex 70.43651580810547 29.394275665283203 -6.469757556915283
vertex 70.78267669677734 30.121721267700195 -6.238615036010742
endloop
endfacet
facet normal 0.6957208063764863 0.1778285106480042 -0.6959522831168558
outer loop
vertex 70.7046890258789 33.665985107421875 -6.182793617248535
vertex 69.74838256835938 33.60065460205078 -7.15547513961792
vertex 70.6478042602539 33.800209045410156 -6.205362796783447
endloop
endfacet
facet normal 0.6957276923496364 0.17779475174772452 -0.6959540245941644
outer loop
vertex 70.94188690185547 32.75677490234375 -6.177947998046875
vertex 70.01454162597656 32.13901138305664 -7.262811183929443
vertex 70.7046890258789 33.665985107421875 -6.182793617248535
endloop
endfacet
facet normal 0.695728134028591 0.17779375880684695 -0.6959538367236923
outer loop
vertex 71.01165771484375 32.048240661621094 -6.289207458496094
vertex 70.01454162597656 32.13901138305664 -7.262811183929443
vertex 70.94188690185547 32.75677490234375 -6.177947998046875
endloop
endfacet
facet normal 0.6957260351220316 0.17779637857308736 -0.6959552656742192
outer loop
vertex 70.01454162597656 32.13901138305664 -7.262811183929443
vertex 69.74838256835938 33.60065460205078 -7.15547513961792
vertex 70.7046890258789 33.665985107421875 -6.182793617248535
endloop
endfacet
facet normal 0.6510766546880684 0.326906226815978 -0.6850047507785141
outer loop
vertex 63.15492248535156 51.48217010498047 -4.888730525970459
vertex 69.74838256835938 33.60065460205078 -7.15547513961792
vertex 62.09501266479492 51.61541748046875 -5.832553386688232
endloop
endfacet
facet normal 0.6510783997546723 0.32690663530633324 -0.6850028971950316
outer loop
vertex 70.6478042602539 33.800209045410156 -6.205362796783447
vertex 69.74838256835938 33.60065460205078 -7.15547513961792
vertex 63.15492248535156 51.48217010498047 -4.888730525970459
endloop
endfacet
facet normal 0.6510767563792355 0.3269055993757917 -0.6850049535583287
outer loop
vertex 63.15492248535156 51.48217010498047 -4.888730525970459
vertex 62.09501266479492 51.61541748046875 -5.832553386688232
vertex 62.96269226074219 51.88935852050781 -4.877116680145264
endloop
endfacet
facet normal 0.6510745677108425 0.32691092417819323 -0.6850044926371646
outer loop
vertex 62.09501266479492 51.61541748046875 -5.832553386688232
vertex 62.89198684692383 52.001914978027344 -4.890603542327881
vertex 62.96269226074219 51.88935852050781 -4.877116680145264
endloop
endfacet
facet normal 0.5689798879622707 0.4704944610735661 -0.674460413362813
outer loop
vertex 62.09501266479492 51.61541748046875 -5.832553386688232
vertex 61.18984603881836 52.83884811401367 -5.742710113525391
vertex 61.809791564941406 53.40378189086914 -4.825629234313965
endloop
endfacet
facet normal 0.5689801272998445 0.4704947368386145 -0.6744600190856503
outer loop
vertex 62.09501266479492 51.61541748046875 -5.832553386688232
vertex 62.46184158325195 52.68667221069336 -4.775799751281738
vertex 62.89198684692383 52.001914978027344 -4.890603542327881
endloop
endfacet
facet normal 0.5689810141056088 0.47049411979482925 -0.6744597014098336
outer loop
vertex 62.46184158325195 52.68667221069336 -4.775799751281738
vertex 62.09501266479492 51.61541748046875 -5.832553386688232
vertex 61.89406204223633 53.3337287902832 -4.803406238555908
endloop
endfacet
facet normal 0.5689791944162046 0.47049461817984956 -0.6744608888477407
outer loop
vertex 62.09501266479492 51.61541748046875 -5.832553386688232
vertex 61.809791564941406 53.40378189086914 -4.825629234313965
vertex 61.89406204223633 53.3337287902832 -4.803406238555908
endloop
endfacet
facet normal 0.41009622753966024 0.6262787241481874 -0.6630203947368873
outer loop
vertex 61.809791564941406 53.40378189086914 -4.825629234313965
vertex 61.18984603881836 52.83884811401367 -5.742710113525391
vertex 61.171478271484375 53.93439865112305 -4.719231128692627
endloop
endfacet
facet normal 0.4100958508842841 0.6262789051998898 -0.6630204566897786
outer loop
vertex 61.18984603881836 52.83884811401367 -5.742710113525391
vertex 59.98439025878906 53.69473648071289 -5.6798577308654785
vertex 60.36520767211914 54.398712158203125 -4.7793474197387695
endloop
endfacet
facet normal 0.41009614074653455 0.6262787500172795 -0.6630204239852588
outer loop
vertex 61.18984603881836 52.83884811401367 -5.742710113525391
vertex 60.43062210083008 54.3727912902832 -4.76337194442749
vertex 61.171478271484375 53.93439865112305 -4.719231128692627
endloop
endfacet
facet normal 0.41009011566525594 0.6262783739519455 -0.6630245058470797
outer loop
vertex 61.18984603881836 52.83884811401367 -5.742710113525391
vertex 60.36520767211914 54.398712158203125 -4.7793474197387695
vertex 60.43062210083008 54.3727912902832 -4.76337194442749
endloop
endfacet
facet normal 0.2102728891143883 0.7250935558807797 -0.6557626455690007
outer loop
vertex 59.98439025878906 53.69473648071289 -5.6798577308654785
vertex 58.573036193847656 54.13313674926758 -5.647663593292236
vertex 58.69388198852539 54.90658950805664 -4.753687381744385
endloop
endfacet
facet normal 0.21027087843580344 0.7250927117871435 -0.6557642236314831
outer loop
vertex 60.36520767211914 54.398712158203125 -4.7793474197387695
vertex 59.98439025878906 53.69473648071289 -5.6798577308654785
vertex 59.557064056396484 54.71895217895508 -4.684382438659668
endloop
endfacet
facet normal 0.21027100384012576 0.7250927181683152 -0.6557641763647584
outer loop
vertex 59.98439025878906 53.69473648071289 -5.6798577308654785
vertex 58.69388198852539 54.90658950805664 -4.753687381744385
vertex 59.557064056396484 54.71895217895508 -4.684382438659668
endloop
endfacet
facet normal -0.01068380490809278 0.7569135640979953 -0.6534276645483842
outer loop
vertex 58.573036193847656 54.13313674926758 -5.647663593292236
vertex 57.12691879272461 54.11134338378906 -5.649263858795166
vertex 56.95423126220703 54.88133239746094 -4.754505157470703
endloop
endfacet
facet normal -0.010682458696105075 0.7569147974958196 -0.6534262578195558
outer loop
vertex 58.573036193847656 54.13313674926758 -5.647663593292236
vertex 56.95423126220703 54.88133239746094 -4.754505157470703
vertex 57.77871322631836 54.9625244140625 -4.673933029174805
endloop
endfacet
facet normal -0.01068173079482687 0.7569150988112545 -0.653425920681737
outer loop
vertex 58.69388198852539 54.90658950805664 -4.753687381744385
vertex 58.573036193847656 54.13313674926758 -5.647663593292236
vertex 57.77871322631836 54.9625244140625 -4.673933029174805
endloop
endfacet
facet normal -0.27112224958886116 0.7030923264007702 -0.6573841390954213
outer loop
vertex 43.109554290771484 48.970115661621094 -5.366835594177246
vertex 38.7193603515625 47.31306838989258 -5.328468322753906
vertex 43.02097702026367 49.13582992553711 -5.153067588806152
endloop
endfacet
facet normal -0.2710982352674247 0.7031176778293564 -0.6573669279472015
outer loop
vertex 43.5583381652832 48.601806640625 -5.945853233337402
vertex 38.87103271484375 46.55289077758789 -6.20432186126709
vertex 43.38545227050781 48.694217681884766 -5.775712490081787
endloop
endfacet
facet normal -0.2711238929725323 0.7030967627691986 -0.6573787164510972
outer loop
vertex 57.12691879272461 54.11134338378906 -5.649263858795166
vertex 44.92180633544922 49.72077560424805 -5.3114013671875
vertex 56.01279830932617 54.64095687866211 -4.623319149017334
endloop
endfacet
facet normal -0.2704953931466629 0.7033849832882167 -0.6573292991880609
outer loop
vertex 38.87103271484375 46.55289077758789 -6.20432186126709
vertex 38.55306625366211 47.2559928894043 -5.321111679077148
vertex 38.7193603515625 47.31306838989258 -5.328468322753906
endloop
endfacet
facet normal -0.27112531879487156 0.703101131125146 -0.6573734562019671
outer loop
vertex 57.12691879272461 54.11134338378906 -5.649263858795166
vertex 44.94102096557617 49.52568817138672 -5.527984142303467
vertex 44.92180633544922 49.72077560424805 -5.3114013671875
endloop
endfacet
facet normal -0.2711231009660063 0.7030950410142687 -0.6573808845895357
outer loop
vertex 57.12691879272461 54.11134338378906 -5.649263858795166
vertex 44.92180633544922 49.330596923828125 -5.72871732711792
vertex 44.94102096557617 49.52568817138672 -5.527984142303467
endloop
endfacet
facet normal -0.2711216548745892 0.7030914233985542 -0.6573853501573176
outer loop
vertex 57.12691879272461 54.11134338378906 -5.649263858795166
vertex 44.86490249633789 49.143001556396484 -5.905887126922607
vertex 44.92180633544922 49.330596923828125 -5.72871732711792
endloop
endfacet
facet normal -0.27112521526226174 0.7030996786460095 -0.6573750524144267
outer loop
vertex 44.790321350097656 49.00347137451172 -6.024362564086914
vertex 44.86490249633789 49.143001556396484 -5.905887126922607
vertex 57.12691879272461 54.11134338378906 -5.649263858795166
endloop
endfacet
facet normal -0.27115822873177303 0.7030853133336733 -0.6573767999903388
outer loop
vertex 56.95423126220703 54.88133239746094 -4.754505157470703
vertex 57.12691879272461 54.11134338378906 -5.649263858795166
vertex 56.92201232910156 54.87815856933594 -4.744609832763672
endloop
endfacet
facet normal -0.27112390263332603 0.7030967536407926 -0.6573787222299283
outer loop
vertex 56.92201232910156 54.87815856933594 -4.744609832763672
vertex 57.12691879272461 54.11134338378906 -5.649263858795166
vertex 56.01279830932617 54.64095687866211 -4.623319149017334
endloop
endfacet
facet normal -0.2711247158733802 0.7030990506666654 -0.6573759300386748
outer loop
vertex 43.233917236328125 48.818580627441406 -5.580202102661133
vertex 38.7193603515625 47.31306838989258 -5.328468322753906
vertex 43.109554290771484 48.970115661621094 -5.366835594177246
endloop
endfacet
facet normal -0.27110090921529695 0.7031229451869734 -0.6573601911997984
outer loop
vertex 43.70948028564453 48.55595779418945 -6.057226181030273
vertex 38.87103271484375 46.55289077758789 -6.20432186126709
vertex 43.5583381652832 48.601806640625 -5.945853233337402
endloop
endfacet
facet normal -0.27109747049593885 0.7031164018218896 -0.6573686081489916
outer loop
vertex 43.38545227050781 48.694217681884766 -5.775712490081787
vertex 38.87103271484375 46.55289077758789 -6.20432186126709
vertex 43.233917236328125 48.818580627441406 -5.580202102661133
endloop
endfacet
facet normal -0.271148464572745 0.7031877726319372 -0.6572712275619388
outer loop
vertex 38.87103271484375 46.55289077758789 -6.20432186126709
vertex 38.7193603515625 47.31306838989258 -5.328468322753906
vertex 43.233917236328125 48.818580627441406 -5.580202102661133
endloop
endfacet
facet normal -0.2711227689231061 0.703094615034285 -0.6573814771358092
outer loop
vertex 56.01279830932617 54.64095687866211 -4.623319149017334
vertex 44.92180633544922 49.72077560424805 -5.3114013671875
vertex 44.86490249633789 49.90837097167969 -5.087292194366455
endloop
endfacet
facet normal -0.14532508463231278 0.7419408926996023 -0.6545260357821746
outer loop
vertex 20.651350021362305 43.43861770629883 -5.632931709289551
vertex 20.600263595581055 42.67320251464844 -6.48922872543335
vertex 20.432527542114258 43.41002655029297 -5.616755962371826
endloop
endfacet
facet normal -0.1452159985260487 0.7411068539926229 -0.6554944276935081
outer loop
vertex 38.338829040527344 46.38831329345703 -6.216407775878906
vertex 20.651350021362305 43.43861770629883 -5.632931709289551
vertex 38.16697692871094 47.143375396728516 -5.324657440185547
endloop
endfacet
facet normal -0.14532317736164152 0.7419410454469711 -0.6545262861051283
outer loop
vertex 38.338829040527344 46.38831329345703 -6.216407775878906
vertex 20.600263595581055 42.67320251464844 -6.48922872543335
vertex 20.651350021362305 43.43861770629883 -5.632931709289551
endloop
endfacet
facet normal -0.20669129112407994 0.7278551346439542 -0.6538391339969581
outer loop
vertex 38.87103271484375 46.55289077758789 -6.20432186126709
vertex 38.31802749633789 47.175323486328125 -5.336612701416016
vertex 38.55306625366211 47.2559928894043 -5.321111679077148
endloop
endfacet
facet normal -0.205612806388766 0.7269693977809356 -0.6551632380857153
outer loop
vertex 38.31802749633789 47.175323486328125 -5.336612701416016
vertex 38.338829040527344 46.38831329345703 -6.216407775878906
vertex 38.16697692871094 47.143375396728516 -5.324657440185547
endloop
endfacet
facet normal -0.20972400814754297 0.7262703815535293 -0.6546351451645566
outer loop
vertex 38.87103271484375 46.55289077758789 -6.20432186126709
vertex 38.338829040527344 46.38831329345703 -6.216407775878906
vertex 38.31802749633789 47.175323486328125 -5.336612701416016
endloop
endfacet
facet normal 0.004999907254051946 0.7569779571302203 -0.6534212832058726
outer loop
vertex 19.964208602905273 42.609580993652344 -6.493900775909424
vertex 15.24782943725586 42.64284133911133 -6.491458415985107
vertex 15.253437042236328 43.375675201416016 -5.642439365386963
endloop
endfacet
facet normal 0.005000123935651647 0.7569785387713808 -0.6534206077253558
outer loop
vertex 19.964208602905273 42.609580993652344 -6.493900775909424
vertex 15.253437042236328 43.375675201416016 -5.642439365386963
vertex 19.97008514404297 43.37765121459961 -5.604057312011719
endloop
endfacet
facet normal -0.07626497014002635 0.7544991896463205 -0.6518547592467103
outer loop
vertex 20.18610191345215 43.377830505371094 -5.625190734863281
vertex 20.432527542114258 43.41002655029297 -5.616755962371826
vertex 20.600263595581055 42.67320251464844 -6.48922872543335
endloop
endfacet
facet normal -0.07085248308513745 0.7561220703750233 -0.6505838457358578
outer loop
vertex 20.600263595581055 42.67320251464844 -6.48922872543335
vertex 19.964208602905273 42.609580993652344 -6.493900775909424
vertex 20.18610191345215 43.377830505371094 -5.625190734863281
endloop
endfacet
facet normal -0.06439525579907938 0.7556434637813499 -0.6518099467445206
outer loop
vertex 20.18610191345215 43.377830505371094 -5.625190734863281
vertex 19.964208602905273 42.609580993652344 -6.493900775909424
vertex 19.97008514404297 43.37765121459961 -5.604057312011719
endloop
endfacet
facet normal 0.32577662187807754 0.6776923272340809 -0.6592440384605412
outer loop
vertex 13.896159172058105 43.70967483520508 -5.712224960327148
vertex 13.890539169311523 42.97832107543945 -6.466822147369385
vertex 13.5015869140625 43.954402923583984 -5.655632972717285
endloop
endfacet
facet normal 0.4033630399341705 0.6745617225211007 -0.6182756185751064
outer loop
vertex 13.5015869140625 43.954402923583984 -5.655632972717285
vertex 13.890539169311523 42.97832107543945 -6.466822147369385
vertex 13.3925142288208 44.04817199707031 -5.624486446380615
endloop
endfacet
facet normal 0.304900866257673 0.6827517289407475 -0.6639921222301818
outer loop
vertex 14.225924491882324 43.57015609741211 -5.704259395599365
vertex 13.890539169311523 42.97832107543945 -6.466822147369385
vertex 13.896159172058105 43.70967483520508 -5.712224960327148
endloop
endfacet
facet normal 0.3235247739006422 0.673717354701409 -0.6644069887099879
outer loop
vertex 13.890539169311523 42.97832107543945 -6.466822147369385
vertex 13.036702156066895 43.420352935791016 -6.434361457824707
vertex 13.3925142288208 44.04817199707031 -5.624486446380615
endloop
endfacet
facet normal 0.33413547261882676 0.6750981871776949 -0.6577202472230753
outer loop
vertex 14.124018669128418 42.869903564453125 -6.474783897399902
vertex 14.225924491882324 43.57015609741211 -5.704259395599365
vertex 14.323769569396973 43.52875900268555 -5.697042942047119
endloop
endfacet
facet normal 0.20575506762550544 0.7281308168668258 -0.6538274739373322
outer loop
vertex 14.685286521911621 42.700103759765625 -6.487253189086914
vertex 14.124018669128418 42.869903564453125 -6.474783897399902
vertex 14.411392211914062 43.5068244934082 -5.675046443939209
endloop
endfacet
facet normal 0.2963697907586003 0.6869643736571169 -0.6635095300382571
outer loop
vertex 14.124018669128418 42.869903564453125 -6.474783897399902
vertex 13.890539169311523 42.97832107543945 -6.466822147369385
vertex 14.225924491882324 43.57015609741211 -5.704259395599365
endloop
endfacet
facet normal 0.07195965767956786 0.754806116145379 -0.6519889068812199
outer loop
vertex 14.838460922241211 43.410587310791016 -5.647822380065918
vertex 15.253437042236328 43.375675201416016 -5.642439365386963
vertex 15.24782943725586 42.64284133911133 -6.491458415985107
endloop
endfacet
facet normal 0.33411168956692167 0.6751078960083673 -0.6577223636473769
outer loop
vertex 14.411392211914062 43.5068244934082 -5.675046443939209
vertex 14.124018669128418 42.869903564453125 -6.474783897399902
vertex 14.323769569396973 43.52875900268555 -5.697042942047119
endloop
endfacet
facet normal 0.2057573928748761 0.7281308417287933 -0.6538267145051914
outer loop
vertex 14.774173736572266 43.41599655151367 -5.662030220031738
vertex 14.685286521911621 42.700103759765625 -6.487253189086914
vertex 14.411392211914062 43.5068244934082 -5.675046443939209
endloop
endfacet
facet normal 0.20576545752576958 0.7281291222092267 -0.6538260914647196
outer loop
vertex 14.838460922241211 43.410587310791016 -5.647822380065918
vertex 14.685286521911621 42.700103759765625 -6.487253189086914
vertex 14.774173736572266 43.41599655151367 -5.662030220031738
endloop
endfacet
facet normal 0.07195941881226177 0.7548060728396376 -0.6519889833797846
outer loop
vertex 15.24782943725586 42.64284133911133 -6.491458415985107
vertex 14.685286521911621 42.700103759765625 -6.487253189086914
vertex 14.838460922241211 43.410587310791016 -5.647822380065918
endloop
endfacet
facet normal 0.5367258665095146 0.5108890138771967 -0.6715041025334069
outer loop
vertex 12.144078254699707 44.126129150390625 -6.382532596588135
vertex 10.720050811767578 47.0562858581543 -5.291440963745117
vertex 10.803741455078125 46.98480987548828 -5.278927803039551
endloop
endfacet
facet normal 0.5322239237958513 0.5105167978452706 -0.6753593814090088
outer loop
vertex 12.822364807128906 44.64156723022461 -5.458372592926025
vertex 12.144078254699707 44.126129150390625 -6.382532596588135
vertex 10.97043514251709 46.818115234375 -5.2725114822387695
endloop
endfacet
facet normal 0.5367405773723913 0.5108908365297145 -0.6714909573121
outer loop
vertex 10.97043514251709 46.818115234375 -5.2725114822387695
vertex 12.144078254699707 44.126129150390625 -6.382532596588135
vertex 10.803741455078125 46.98480987548828 -5.278927803039551
endloop
endfacet
facet normal 0.5367383621274132 0.5108908479113733 -0.6714927193508354
outer loop
vertex 12.144078254699707 44.126129150390625 -6.382532596588135
vertex 10.102479934692383 46.500160217285156 -6.208194732666016
vertex 10.720050811767578 47.0562858581543 -5.291440963745117
endloop
endfacet
facet normal 0.36012960706315755 0.6592649987566084 -0.6600578213542998
outer loop
vertex 13.036702156066895 43.420352935791016 -6.434361457824707
vertex 12.752914428710938 43.587677001953125 -6.422073841094971
vertex 13.207935333251953 44.206851959228516 -5.555381774902344
endloop
endfacet
facet normal 0.32825724053573074 0.6712553712027471 -0.6645776182413377
outer loop
vertex 13.3925142288208 44.04817199707031 -5.624486446380615
vertex 13.036702156066895 43.420352935791016 -6.434361457824707
vertex 13.207935333251953 44.206851959228516 -5.555381774902344
endloop
endfacet
facet normal 0.4496620600258034 0.5981119481801578 -0.6633748029715079
outer loop
vertex 13.149502754211426 44.25708770751953 -5.549698352813721
vertex 12.299525260925293 43.958763122558594 -6.394822597503662
vertex 12.926529884338379 44.519142150878906 -5.464564800262451
endloop
endfacet
facet normal 0.4496634546565946 0.5981100767047521 -0.6633755449898137
outer loop
vertex 12.752914428710938 43.587677001953125 -6.422073841094971
vertex 12.299525260925293 43.958763122558594 -6.394822597503662
vertex 13.149502754211426 44.25708770751953 -5.549698352813721
endloop
endfacet
facet normal 0.5161192338480638 0.5288389836391343 -0.6737583141124237
outer loop
vertex 12.299525260925293 43.958763122558594 -6.394822597503662
vertex 12.144078254699707 44.126129150390625 -6.382532596588135
vertex 12.822364807128906 44.64156723022461 -5.458372592926025
endloop
endfacet
facet normal 0.5479222684278825 0.5001155098704226 -0.6705711480133117
outer loop
vertex 12.299525260925293 43.958763122558594 -6.394822597503662
vertex 12.822364807128906 44.64156723022461 -5.458372592926025
vertex 12.926529884338379 44.519142150878906 -5.464564800262451
endloop
endfacet
facet normal 0.44967722308475344 0.5981007342018335 -0.6633746353200524
outer loop
vertex 13.207935333251953 44.206851959228516 -5.555381774902344
vertex 12.752914428710938 43.587677001953125 -6.422073841094971
vertex 13.149502754211426 44.25708770751953 -5.549698352813721
endloop
endfacet
facet normal 0.4566872563091718 0.5901871959160591 -0.6656694552865859
outer loop
vertex 10.720050811767578 47.0562858581543 -5.291440963745117
vertex 10.102479934692383 46.500160217285156 -6.208194732666016
vertex 8.655677795410156 48.819427490234375 -5.144505023956299
endloop
endfacet
facet normal 0.45668212146054465 0.5901857432628451 -0.6656742659796753
outer loop
vertex 10.102479934692383 46.500160217285156 -6.208194732666016
vertex 8.386616706848145 49.00600051879883 -5.163679122924805
vertex 8.464960098266602 48.95799255371094 -5.152495861053467
endloop
endfacet
facet normal 0.4566886944636847 0.5901875120159814 -0.6656681883712343
outer loop
vertex 10.102479934692383 46.500160217285156 -6.208194732666016
vertex 8.464960098266602 48.95799255371094 -5.152495861053467
vertex 8.655677795410156 48.819427490234375 -5.144505023956299
endloop
endfacet
facet normal 0.4566872636466736 0.5901872405177033 -0.6656694107085079
outer loop
vertex 10.102479934692383 46.500160217285156 -6.208194732666016
vertex 7.883963584899902 48.37187957763672 -6.070744037628174
vertex 8.386616706848145 49.00600051879883 -5.163679122924805
endloop
endfacet
facet normal 0.36653169364378874 0.6548571490307511 -0.6609210481728756
outer loop
vertex 7.883963584899902 48.37187957763672 -6.070744037628174
vertex 5.398987770080566 49.874088287353516 -5.960428714752197
vertex 6.056344509124756 50.43399429321289 -5.041104793548584
endloop
endfacet
facet normal 0.36653252916564444 0.6548574896585756 -0.6609202473078764
outer loop
vertex 8.386616706848145 49.00600051879883 -5.163679122924805
vertex 7.883963584899902 48.37187957763672 -6.070744037628174
vertex 6.056344509124756 50.43399429321289 -5.041104793548584
endloop
endfacet
facet normal 0.3665343697375217 0.6548550253322257 -0.6609216682771473
outer loop
vertex 6.056344509124756 50.43399429321289 -5.041104793548584
vertex 5.398987770080566 49.874088287353516 -5.960428714752197
vertex 5.846297740936279 50.541019439697266 -5.051549911499023
endloop
endfacet
facet normal 0.3665312307495253 0.6548569304996078 -0.6609215214092139
outer loop
vertex 5.398987770080566 49.874088287353516 -5.960428714752197
vertex 5.780551433563232 50.56825256347656 -5.061028003692627
vertex 5.846297740936279 50.541019439697266 -5.051549911499023
endloop
endfacet
facet normal 0.26725147928810594 0.7046777998073452 -0.6572715156440283
outer loop
vertex 5.398987770080566 49.874088287353516 -5.960428714752197
vertex 3.0122365951538086 51.69490432739258 -4.978755474090576
vertex 3.2364392280578613 51.6220588684082 -4.965692520141602
endloop
endfacet
facet normal 0.2672598125901344 0.7046830052556293 -0.6572625462310939
outer loop
vertex 5.398987770080566 49.874088287353516 -5.960428714752197
vertex 3.2364392280578613 51.6220588684082 -4.965692520141602
vertex 5.780551433563232 50.56825256347656 -5.061028003692627
endloop
endfacet
facet normal 0.2672603188507866 0.704683914502302 -0.6572613655232508
outer loop
vertex 5.398987770080566 49.874088287353516 -5.960428714752197
vertex 2.709754228591919 50.96900939941406 -5.8800225257873535
vertex 3.0122365951538086 51.69490432739258 -4.978755474090576
endloop
endfacet
facet normal 0.26726167106640286 0.7046833799391828 -0.65726138880683
outer loop
vertex 2.709754228591919 50.96900939941406 -5.8800225257873535
vertex 2.965251922607422 51.70618438720703 -4.985766887664795
vertex 3.0122365951538086 51.69490432739258 -4.978755474090576
endloop
endfacet
facet normal 0.16132805985075152 0.7384021531589423 -0.6547789835624157
outer loop
vertex 2.709754228591919 50.96900939941406 -5.8800225257873535
vertex 0.00860558357089758 52.39312744140625 -4.93955135345459
vertex 0.2653976380825043 52.35436248779297 -4.919997215270996
endloop
endfacet
facet normal 0.1613227847479674 0.738397434108105 -0.6547856049301388
outer loop
vertex 2.965251922607422 51.70618438720703 -4.985766887664795
vertex 2.709754228591919 50.96900939941406 -5.8800225257873535
vertex 0.2653976380825043 52.35436248779297 -4.919997215270996
endloop
endfacet
facet normal 0.1613223044192774 0.7383964330578532 -0.6547868521467833
outer loop
vertex 2.709754228591919 50.96900939941406 -5.8800225257873535
vertex -0.11754290759563446 51.62973403930664 -5.8315019607543945
vertex 0.00860558357089758 52.39312744140625 -4.93955135345459
endloop
endfacet
facet normal 0.0513546949169178 0.7551330820964389 -0.6535569781078946
outer loop
vertex -0.11754290759563446 51.62973403930664 -5.8315019607543945
vertex -3.0188825130462646 52.61288070678711 -4.9235334396362305
vertex -2.783623218536377 52.61288070678711 -4.905047416687012
endloop
endfacet
facet normal 0.05135413175041589 0.7551323709272765 -0.6535578440581299
outer loop
vertex -2.783623218536377 52.61288070678711 -4.905047416687012
vertex 0.00860558357089758 52.39312744140625 -4.93955135345459
vertex -0.11754290759563446 51.62973403930664 -5.8315019607543945
endloop
endfacet
facet normal 0.05135392375014793 0.7551320082034765 -0.6535582794992723
outer loop
vertex -0.11754290759563446 51.62973403930664 -5.8315019607543945
vertex -3.0163493156433105 51.84025192260742 -5.816042423248291
vertex -3.0188825130462646 52.61288070678711 -4.9235334396362305
endloop
endfacet
facet normal -0.055628399807092235 0.7548086315345608 -0.6535819848311504
outer loop
vertex -5.811110496520996 52.39316177368164 -4.939627170562744
vertex -3.0188825130462646 52.61288070678711 -4.9235334396362305
vertex -3.0163493156433105 51.84025192260742 -5.816042423248291
endloop
endfacet
facet normal -0.05562765342432212 0.7548099999349924 -0.6535804680164794
outer loop
vertex -3.0163493156433105 51.84025192260742 -5.816042423248291
vertex -5.682499885559082 51.63042068481445 -5.831451416015625
vertex -5.811110496520996 52.39316177368164 -4.939627170562744
endloop
endfacet
facet normal -0.16132254328215911 0.7383965569849408 -0.6547866535458408
outer loop
vertex -5.682499885559082 51.63042068481445 -5.831451416015625
vertex -8.76823902130127 51.70618438720703 -4.985766887664795
vertex -6.068384647369385 52.35436248779297 -4.919997215270996
endloop
endfacet
facet normal -0.16131721145112388 0.7383984149577492 -0.654785871928768
outer loop
vertex -5.682499885559082 51.63042068481445 -5.831451416015625
vertex -6.068384647369385 52.35436248779297 -4.919997215270996
vertex -5.811110496520996 52.39316177368164 -4.939627170562744
endloop
endfacet
facet normal -0.1613222286918121 0.7383975636437365 -0.6547855958517266
outer loop
vertex -5.682499885559082 51.63042068481445 -5.831451416015625
vertex -8.512741088867188 50.96900939941406 -5.8800225257873535
vertex -8.76823902130127 51.70618438720703 -4.985766887664795
endloop
endfacet
facet normal -0.2672598068589991 0.7046832133145802 -0.6572623254913736
outer loop
vertex -8.512741088867188 50.96900939941406 -5.8800225257873535
vertex -11.583539009094238 50.56825256347656 -5.061028003692627
vertex -9.03942584991455 51.6220588684082 -4.965692520141602
endloop
endfacet
facet normal -0.2672598491196562 0.7046829119535496 -0.6572626314109181
outer loop
vertex -8.512741088867188 50.96900939941406 -5.8800225257873535
vertex -11.201974868774414 49.874088287353516 -5.960428714752197
vertex -11.583539009094238 50.56825256347656 -5.061028003692627
endloop
endfacet
facet normal -0.2672616683056903 0.7046833433751081 -0.6572614291316193
outer loop
vertex -8.76823902130127 51.70618438720703 -4.985766887664795
vertex -8.512741088867188 50.96900939941406 -5.8800225257873535
vertex -8.815223693847656 51.69490432739258 -4.978755474090576
endloop
endfacet
facet normal -0.26725421146240597 0.7046862912230943 -0.6572613007152086
outer loop
vertex -8.512741088867188 50.96900939941406 -5.8800225257873535
vertex -9.03942584991455 51.6220588684082 -4.965692520141602
vertex -8.815223693847656 51.69490432739258 -4.978755474090576
endloop
endfacet
facet normal -0.36653210510004297 0.6548577678822285 -0.6609202068141331
outer loop
vertex -11.201974868774414 49.874088287353516 -5.960428714752197
vertex -13.68695068359375 48.37187957763672 -6.070744037628174
vertex -14.189603805541992 49.00600051879883 -5.163679122924805
endloop
endfacet
facet normal -0.36653208648393776 0.6548569561118521 -0.6609210214614534
outer loop
vertex -11.201974868774414 49.874088287353516 -5.960428714752197
vertex -14.189603805541992 49.00600051879883 -5.163679122924805
vertex -11.859331130981445 50.43399429321289 -5.041104793548584
endloop
endfacet
facet normal -0.3665356038224849 0.6548541648139802 -0.6609218364952628
outer loop
vertex -11.201974868774414 49.874088287353516 -5.960428714752197
vertex -11.859331130981445 50.43399429321289 -5.041104793548584
vertex -11.649285316467285 50.541019439697266 -5.051549911499023
endloop
endfacet
facet normal -0.3665312064384268 0.6548568337530791 -0.660921630750336
outer loop
vertex -11.583539009094238 50.56825256347656 -5.061028003692627
vertex -11.201974868774414 49.874088287353516 -5.960428714752197
vertex -11.649285316467285 50.541019439697266 -5.051549911499023
endloop
endfacet
facet normal -0.4566872149246201 0.5901871840180403 -0.6656694942276157
outer loop
vertex -13.68695068359375 48.37187957763672 -6.070744037628174
vertex -16.523801803588867 47.055633544921875 -5.291495323181152
vertex -14.458664894104004 48.819427490234375 -5.144505023956299
endloop
endfacet
facet normal -0.45668393683795777 0.5901898424819904 -0.6656693861559713
outer loop
vertex -13.68695068359375 48.37187957763672 -6.070744037628174
vertex -14.26794719696045 48.95799255371094 -5.152495861053467
vertex -14.189603805541992 49.00600051879883 -5.163679122924805
endloop
endfacet
facet normal -0.45668793756524056 0.5901863825436983 -0.6656697090467544
outer loop
vertex -13.68695068359375 48.37187957763672 -6.070744037628174
vertex -14.458664894104004 48.819427490234375 -5.144505023956299
vertex -14.26794719696045 48.95799255371094 -5.152495861053467
endloop
endfacet
facet normal -0.45668696622165705 0.590185843203679 -0.6656708536245383
outer loop
vertex -13.68695068359375 48.37187957763672 -6.070744037628174
vertex -15.911906242370605 46.49472427368164 -6.208593368530273
vertex -16.523801803588867 47.055633544921875 -5.291495323181152
endloop
endfacet
facet normal -0.5276707889530448 0.5217144585127469 -0.670356295013646
outer loop
vertex -15.911906242370605 46.49472427368164 -6.208593368530273
vertex -18.590089797973633 44.691070556640625 -5.504181385040283
vertex -16.773422241210938 46.818115234375 -5.2787675857543945
endloop
endfacet
facet normal -0.5288794945045683 0.5198716343459276 -0.6708352734428077
outer loop
vertex -15.911906242370605 46.49472427368164 -6.208593368530273
vertex -16.773422241210938 46.818115234375 -5.2787675857543945
vertex -16.60672950744629 46.98480987548828 -5.281004428863525
endloop
endfacet
facet normal -0.5288680908757609 0.5198850865389736 -0.6708338387766316
outer loop
vertex -15.911906242370605 46.49472427368164 -6.208593368530273
vertex -16.60672950744629 46.98480987548828 -5.281004428863525
vertex -16.523801803588867 47.055633544921875 -5.291495323181152
endloop
endfacet
facet normal -0.5261010014587537 0.5176880636398067 -0.6746975656017767
outer loop
vertex -15.911906242370605 46.49472427368164 -6.208593368530273
vertex -17.95926856994629 44.19388198852539 -6.377556800842285
vertex -18.590089797973633 44.691070556640625 -5.504181385040283
endloop
endfacet
facet normal -0.24438390887379421 0.7206470745673805 -0.6488022032954585
outer loop
vertex -19.13911247253418 43.391387939453125 -6.436488628387451
vertex -20.311689376831055 43.67237091064453 -5.682717323303223
vertex -19.832969665527344 43.8067626953125 -5.7137627601623535
endloop
endfacet
facet normal -0.2525401221261894 0.7141209761356168 -0.6528818562034047
outer loop
vertex -19.832969665527344 43.8067626953125 -5.7137627601623535
vertex -19.412681579589844 44.00408935546875 -5.660498142242432
vertex -19.13911247253418 43.391387939453125 -6.436488628387451
endloop
endfacet
facet normal -0.25098640778904874 0.7119596930680532 -0.6558347494236585
outer loop
vertex -20.053142547607422 43.0457878112793 -6.461867332458496
vertex -20.311689376831055 43.67237091064453 -5.682717323303223
vertex -19.13911247253418 43.391387939453125 -6.436488628387451
endloop
endfacet
facet normal -0.44966471630475163 0.5981095802050305 -0.6633751374430078
outer loop
vertex -18.534847259521484 43.693450927734375 -6.414306163787842
vertex -18.984691619873047 44.305580139160156 -5.55747652053833
vertex -18.081459045410156 44.064537048339844 -6.387055397033691
endloop
endfacet
facet normal -0.2067307474795574 0.731130275270438 -0.6501622248558564
outer loop
vertex -19.05211639404297 43.41770553588867 -6.434555530548096
vertex -19.13911247253418 43.391387939453125 -6.436488628387451
vertex -19.412681579589844 44.00408935546875 -5.660498142242432
endloop
endfacet
facet normal -0.3341331656996122 0.6750981923096845 -0.6577214139130273
outer loop
vertex -19.05211639404297 43.41770553588867 -6.434555530548096
vertex -19.027873992919922 44.2639045715332 -5.578315734863281
vertex -18.534847259521484 43.693450927734375 -6.414306163787842
endloop
endfacet
facet normal -0.5147789151213519 0.5354726993782781 -0.6695309229356208
outer loop
vertex -18.081459045410156 44.064537048339844 -6.387055397033691
vertex -18.680086135864258 44.599552154541016 -5.4989013671875
vertex -17.95926856994629 44.19388198852539 -6.377556800842285
endloop
endfacet
facet normal -0.5447329692449656 0.49626999789558174 -0.6760044980666051
outer loop
vertex -17.95926856994629 44.19388198852539 -6.377556800842285
vertex -18.680086135864258 44.599552154541016 -5.4989013671875
vertex -18.61275291442871 44.66453552246094 -5.505453586578369
endloop
endfacet
facet normal -0.258514014236011 0.7082368578469759 -0.6569406804503934
outer loop
vertex -19.412681579589844 44.00408935546875 -5.660498142242432
vertex -19.339101791381836 44.053768157958984 -5.635894775390625
vertex -19.05211639404297 43.41770553588867 -6.434555530548096
endloop
endfacet
facet normal -0.33413378821323986 0.67509804408742 -0.657721249803904
outer loop
vertex -19.027873992919922 44.2639045715332 -5.578315734863281
vertex -19.05211639404297 43.41770553588867 -6.434555530548096
vertex -19.339101791381836 44.053768157958984 -5.635894775390625
endloop
endfacet
facet normal -0.33413371075454606 0.6750978421527135 -0.6577214964239404
outer loop
vertex -18.984691619873047 44.305580139160156 -5.55747652053833
vertex -18.534847259521484 43.693450927734375 -6.414306163787842
vertex -19.027873992919922 44.2639045715332 -5.578315734863281
endloop
endfacet
facet normal -0.44966451054137685 0.5981098851155954 -0.6633750020061001
outer loop
vertex -18.680086135864258 44.599552154541016 -5.4989013671875
vertex -18.081459045410156 44.064537048339844 -6.387055397033691
vertex -18.984691619873047 44.305580139160156 -5.55747652053833
endloop
endfacet
facet normal -0.5440653330948378 0.4970844434374462 -0.6759437620223204
outer loop
vertex -18.590089797973633 44.691070556640625 -5.504181385040283
vertex -17.95926856994629 44.19388198852539 -6.377556800842285
vertex -18.61275291442871 44.66453552246094 -5.505453586578369
endloop
endfacet
facet normal -0.004099035314507534 0.7569817308943835 -0.653423183703818
outer loop
vertex -53.00186538696289 43.18027114868164 -5.888064861297607
vertex -65.41185760498047 43.37382888793945 -5.5859808921813965
vertex -53.02106857299805 43.375247955322266 -5.662066459655762
endloop
endfacet
facet normal -0.004098026889522286 0.7569844266069102 -0.6534200670703496
outer loop
vertex -28.617103576660156 42.80152893066406 -6.479804992675781
vertex -30.470970153808594 43.377830505371094 -5.800535202026367
vertex -30.010526657104492 43.43760681152344 -5.734172344207764
endloop
endfacet
facet normal -0.00425419935422006 0.7569143994777144 -0.6535001864201307
outer loop
vertex -21.093778610229492 42.846675872802734 -6.476489543914795
vertex -28.617103576660156 42.80152893066406 -6.479804992675781
vertex -29.454105377197266 43.61288070678711 -5.534610748291016
endloop
endfacet
facet normal -0.004099011489661091 0.7569831364176999 -0.6534215555703909
outer loop
vertex -65.74075317382812 42.5869026184082 -6.495565891265869
vertex -65.8420181274414 43.356773376464844 -5.603042125701904
vertex -52.94496154785156 42.992679595947266 -6.105746746063232
endloop
endfacet
facet normal -0.004099134084838248 0.7569849657138917 -0.6534194355717411
outer loop
vertex -52.8525505065918 42.819793701171875 -6.306614398956299
vertex -65.74075317382812 42.5869026184082 -6.495565891265869
vertex -52.94496154785156 42.992679595947266 -6.105746746063232
endloop
endfacet
facet normal -0.004099054342593326 0.7569830261557641 -0.6534216830390298
outer loop
vertex -28.617103576660156 42.80152893066406 -6.479804992675781
vertex -51.0402946472168 43.18027114868164 -5.900370121002197
vertex -30.470970153808594 43.377830505371094 -5.800535202026367
endloop
endfacet
facet normal -0.0040982859903388544 0.7569930247174207 -0.6534101044375668
outer loop
vertex -52.94496154785156 42.992679595947266 -6.105746746063232
vertex -65.8420181274414 43.356773376464844 -5.603042125701904
vertex -65.41185760498047 43.37382888793945 -5.5859808921813965
endloop
endfacet
facet normal -0.0040988611886154745 0.7569771814969956 -0.6534284551730365
outer loop
vertex -52.72077941894531 42.662174224853516 -6.4900383949279785
vertex -65.74075317382812 42.5869026184082 -6.495565891265869
vertex -52.8525505065918 42.819793701171875 -6.306614398956299
endloop
endfacet
facet normal -0.004099984332828063 0.7569826020020269 -0.6534221685822356
outer loop
vertex -28.617103576660156 42.80152893066406 -6.479804992675781
vertex -30.010526657104492 43.43760681152344 -5.734172344207764
vertex -29.454105377197266 43.61288070678711 -5.534610748291016
endloop
endfacet
facet normal -0.00409885893646258 0.7569857586841651 -0.6534185186423614
outer loop
vertex -52.94496154785156 42.992679595947266 -6.105746746063232
vertex -65.41185760498047 43.37382888793945 -5.5859808921813965
vertex -53.00186538696289 43.18027114868164 -5.888064861297607
endloop
endfacet
facet normal -0.004198893936661471 0.7571634951092048 -0.6532119188775738
outer loop
vertex -21.093778610229492 42.846675872802734 -6.476489543914795
vertex -29.454105377197266 43.61288070678711 -5.534610748291016
vertex -21.098609924316406 43.61671447753906 -5.583876609802246
endloop
endfacet
facet normal -0.004098999764127221 0.7569797819610768 -0.6534254417323327
outer loop
vertex -28.617103576660156 42.80152893066406 -6.479804992675781
vertex -51.312278747558594 42.670318603515625 -6.489440441131592
vertex -51.18960952758789 42.819793701171875 -6.317046165466309
endloop
endfacet
facet normal -0.004098956144975066 0.7569845428326728 -0.6534199265946294
outer loop
vertex -28.617103576660156 42.80152893066406 -6.479804992675781
vertex -51.18960952758789 42.819793701171875 -6.317046165466309
vertex -51.09720230102539 42.992679595947266 -6.117338180541992
endloop
endfacet
facet normal -0.004098918519723291 0.7569859271383634 -0.6534183231142521
outer loop
vertex -28.617103576660156 42.80152893066406 -6.479804992675781
vertex -51.09720230102539 42.992679595947266 -6.117338180541992
vertex -51.0402946472168 43.18027114868164 -5.900370121002197
endloop
endfacet
facet normal -0.004099036621926845 0.7569818624543787 -0.6534230312851484
outer loop
vertex -30.470970153808594 43.377830505371094 -5.800535202026367
vertex -51.0402946472168 43.18027114868164 -5.900370121002197
vertex -51.02109146118164 43.3754768371582 -5.674347400665283
endloop
endfacet
facet normal -0.06947212602280141 0.755165623086241 -0.6518423930787576
outer loop
vertex -20.527414321899414 42.902305603027344 -6.4724040031433105
vertex -21.093778610229492 42.846675872802734 -6.476489543914795
vertex -20.739116668701172 43.616878509521484 -5.622001647949219
endloop
endfacet
facet normal -0.20575623981943467 0.7281290150018804 -0.6538291116857362
outer loop
vertex -20.053142547607422 43.0457878112793 -6.461867332458496
vertex -20.527414321899414 42.902305603027344 -6.4724040031433105
vertex -20.311689376831055 43.67237091064453 -5.682717323303223
endloop
endfacet
facet normal -0.20576331904385495 0.7281288742769524 -0.6538270405697786
outer loop
vertex -20.311689376831055 43.67237091064453 -5.682717323303223
vertex -20.527414321899414 42.902305603027344 -6.4724040031433105
vertex -20.68303871154785 43.6241569519043 -5.619544506072998
endloop
endfacet
facet normal -0.06945312693291908 0.7551690022893676 -0.6518405028383255
outer loop
vertex -20.739116668701172 43.616878509521484 -5.622001647949219
vertex -20.68303871154785 43.6241569519043 -5.619544506072998
vertex -20.527414321899414 42.902305603027344 -6.4724040031433105
endloop
endfacet
facet normal -0.0694738190219296 0.7551658766232517 -0.6518419189146583
outer loop
vertex -20.739116668701172 43.616878509521484 -5.622001647949219
vertex -21.093778610229492 42.846675872802734 -6.476489543914795
vertex -21.098609924316406 43.61671447753906 -5.583876609802246
endloop
endfacet
facet normal -0.1653995535240806 0.7374322195880613 -0.6548562507966615
outer loop
vertex -65.74075317382812 42.5869026184082 -6.495565891265869
vertex -67.2221908569336 42.231449127197266 -6.521668910980225
vertex -67.55048370361328 42.95590591430664 -5.622941493988037
endloop
endfacet
facet normal -0.16539823046644822 0.7374313852331654 -0.6548575245285516
outer loop
vertex -65.74075317382812 42.5869026184082 -6.495565891265869
vertex -66.79088592529297 43.206573486328125 -5.532524585723877
vertex -65.8420181274414 43.356773376464844 -5.603042125701904
endloop
endfacet
facet normal -0.16540202795211223 0.7374285031025403 -0.654859810922365
outer loop
vertex -65.74075317382812 42.5869026184082 -6.495565891265869
vertex -67.55048370361328 42.95590591430664 -5.622941493988037
vertex -66.79088592529297 43.206573486328125 -5.532524585723877
endloop
endfacet
facet normal -0.37145774564225603 0.6518520944638254 -0.6611414297603025
outer loop
vertex -67.2221908569336 42.231449127197266 -6.521668910980225
vertex -68.44364929199219 42.50642013549805 -5.564293384552002
vertex -67.60836791992188 42.936805725097656 -5.609251976013184
endloop
endfacet
facet normal -0.37145750978660214 0.6518524348977985 -0.6611412266232892
outer loop
vertex -67.2221908569336 42.231449127197266 -6.521668910980225
vertex -69.05435943603516 42.05646514892578 -5.664803504943848
vertex -68.44364929199219 42.50642013549805 -5.564293384552002
endloop
endfacet
facet normal -0.3714528751001925 0.6518548220697987 -0.6611414769352714
outer loop
vertex -67.55048370361328 42.95590591430664 -5.622941493988037
vertex -67.2221908569336 42.231449127197266 -6.521668910980225
vertex -67.60836791992188 42.936805725097656 -5.609251976013184
endloop
endfacet
facet normal -0.37145762332145804 0.651852042755711 -0.6611415494669659
outer loop
vertex -67.2221908569336 42.231449127197266 -6.521668910980225
vertex -68.4809799194336 41.45640182495117 -6.578584671020508
vertex -69.05435943603516 42.05646514892578 -5.664803504943848
endloop
endfacet
facet normal -0.5402155499498065 0.5068143116932655 -0.671793430345452
outer loop
vertex -68.4809799194336 41.45640182495117 -6.578584671020508
vertex -69.43684387207031 40.32767105102539 -6.661473751068115
vertex -70.2201156616211 40.73337173461914 -5.725545406341553
endloop
endfacet
facet normal -0.5402143406861468 0.5068178439854694 -0.6717917379180485
outer loop
vertex -68.4809799194336 41.45640182495117 -6.578584671020508
vertex -69.13670349121094 41.99579620361328 -5.644357681274414
vertex -69.05435943603516 42.05646514892578 -5.664803504943848
endloop
endfacet
facet normal -0.5402164639250359 0.5068154429689669 -0.6717918419216627
outer loop
vertex -69.13670349121094 41.99579620361328 -5.644357681274414
vertex -68.4809799194336 41.45640182495117 -6.578584671020508
vertex -69.79671478271484 41.32698059082031 -5.618184566497803
endloop
endfacet
facet normal -0.5402156774552616 0.506818202325929 -0.6717903926245647
outer loop
vertex -68.4809799194336 41.45640182495117 -6.578584671020508
vertex -70.2201156616211 40.73337173461914 -5.725545406341553
vertex -69.79671478271484 41.32698059082031 -5.618184566497803
endloop
endfacet
facet normal -0.655214683490046 0.316951732413873 -0.6857370617509918
outer loop
vertex -69.43684387207031 40.32767105102539 -6.661473751068115
vertex -69.98137664794922 38.98936080932617 -6.759753227233887
vertex -70.92875671386719 39.10511779785156 -5.801037788391113
endloop
endfacet
facet normal -0.6552167023220925 0.3169573960965359 -0.6857325149486979
outer loop
vertex -69.43684387207031 40.32767105102539 -6.661473751068115
vertex -70.92875671386719 39.10511779785156 -5.801037788391113
vertex -70.71588134765625 39.78523254394531 -5.690079212188721
endloop
endfacet
facet normal -0.655212488806929 0.31695855888118024 -0.6857360034761156
outer loop
vertex -70.2201156616211 40.73337173461914 -5.725545406341553
vertex -69.43684387207031 40.32767105102539 -6.661473751068115
vertex -70.29660034179688 40.62614059448242 -5.702029228210449
endloop
endfacet
facet normal -0.6552163591870281 0.31694929159309565 -0.6857365887950928
outer loop
vertex -69.43684387207031 40.32767105102539 -6.661473751068115
vertex -70.71588134765625 39.78523254394531 -5.690079212188721
vertex -70.29660034179688 40.62614059448242 -5.702029228210449
endloop
endfacet
facet normal -0.7071043020270498 0.052887840702162944 -0.7051286282379277
outer loop
vertex -69.98137664794922 38.98936080932617 -6.759753227233887
vertex -71.10999298095703 38.034080505371094 -5.699625015258789
vertex -70.9730224609375 38.96368408203125 -5.767254829406738
endloop
endfacet
facet normal -0.707105237358876 0.05289018149485674 -0.7051275147099914
outer loop
vertex -69.98137664794922 38.98936080932617 -6.759753227233887
vertex -71.11148834228516 -49.191104888916016 -12.24070930480957
vertex -71.10999298095703 38.034080505371094 -5.699625015258789
endloop
endfacet
facet normal -0.7071044684871504 0.05288105765642664 -0.7051289700378521
outer loop
vertex -70.92875671386719 39.10511779785156 -5.801037788391113
vertex -69.98137664794922 38.98936080932617 -6.759753227233887
vertex -70.9730224609375 38.96368408203125 -5.767254829406738
endloop
endfacet
facet normal -0.7071071827629494 0.05289008561569879 -0.7051255710358326
outer loop
vertex -69.98137664794922 38.98936080932617 -6.759753227233887
vertex -70.1194076538086 -49.02826690673828 -13.223363876342773
vertex -71.11148834228516 -49.191104888916016 -12.24070930480957
endloop
endfacet
facet normal -0.6952531325238498 -0.0768014480956675 -0.7146499977514746
outer loop
vertex -70.1194076538086 -49.02826690673828 -13.223363876342773
vertex -69.78328704833984 -50.83585739135742 -13.356104850769043
vertex -70.72730255126953 -51.257198333740234 -12.392431259155273
endloop
endfacet
facet normal -0.6952571137782915 -0.07677511790194738 -0.7146489536911266
outer loop
vertex -70.1194076538086 -49.02826690673828 -13.223363876342773
vertex -71.11149597167969 -49.337215423583984 -12.225005149841309
vertex -71.11148834228516 -49.191104888916016 -12.24070930480957
endloop
endfacet
facet normal -0.6952511721066238 -0.07680314521180025 -0.7146517225683715
outer loop
vertex -70.1194076538086 -49.02826690673828 -13.223363876342773
vertex -70.99242401123047 -50.5018424987793 -12.215682983398438
vertex -71.11149597167969 -49.337215423583984 -12.225005149841309
endloop
endfacet
facet normal -0.6952256583137971 -0.07681823248272453 -0.7146749213316341
outer loop
vertex -70.1194076538086 -49.02826690673828 -13.223363876342773
vertex -70.72730255126953 -51.257198333740234 -12.392431259155273
vertex -70.7662582397461 -51.27085876464844 -12.353067398071289
endloop
endfacet
facet normal -0.6952534710907967 -0.07680045168191776 -0.7146497754548393
outer loop
vertex -70.1194076538086 -49.02826690673828 -13.223363876342773
vertex -70.7662582397461 -51.27085876464844 -12.353067398071289
vertex -70.99242401123047 -50.5018424987793 -12.215682983398438
endloop
endfacet
facet normal -0.6246208345587243 -0.29836238481577926 -0.7216846266633393
outer loop
vertex -70.72730255126953 -51.4033088684082 -12.332025527954102
vertex -70.7662582397461 -51.27085876464844 -12.353067398071289
vertex -70.72730255126953 -51.257198333740234 -12.392431259155273
endloop
endfacet
facet normal -0.6115107384464954 -0.30230174299931983 -0.7312101428072475
outer loop
vertex -70.35655975341797 -52.18022918701172 -12.320878028869629
vertex -70.72730255126953 -51.4033088684082 -12.332025527954102
vertex -69.78328704833984 -50.83585739135742 -13.356104850769043
endloop
endfacet
facet normal -0.6115114526955738 -0.3023004451287581 -0.7312100820537855
outer loop
vertex -70.72730255126953 -51.257198333740234 -12.392431259155273
vertex -69.78328704833984 -50.83585739135742 -13.356104850769043
vertex -70.72730255126953 -51.4033088684082 -12.332025527954102
endloop
endfacet
facet normal -0.6268539765569109 -0.2972439472051144 -0.7202083920121392
outer loop
vertex -69.78328704833984 -50.83585739135742 -13.356104850769043
vertex -69.82423400878906 -52.80842971801758 -12.506346702575684
vertex -69.88245391845703 -52.86984634399414 -12.430325508117676
endloop
endfacet
facet normal -0.610206286121818 -0.30335956985155704 -0.7318615031253497
outer loop
vertex -69.78328704833984 -50.83585739135742 -13.356104850769043
vertex -69.88245391845703 -52.86984634399414 -12.430325508117676
vertex -70.35655975341797 -52.18022918701172 -12.320878028869629
endloop
endfacet
facet normal -0.611509690355177 -0.3023021759264185 -0.7312108403407792
outer loop
vertex -69.78328704833984 -50.83585739135742 -13.356104850769043
vertex -69.04576873779297 -52.10271453857422 -13.449136734008789
vertex -69.82423400878906 -52.80842971801758 -12.506346702575684
endloop
endfacet
facet normal -0.470859584510734 -0.4743347049436484 -0.743839928587059
outer loop
vertex -69.82423400878906 -52.95454025268555 -12.413175582885742
vertex -68.55000305175781 -54.09721374511719 -12.491114616394043
vertex -69.23025512695312 -53.577632904052734 -12.39183521270752
endloop
endfacet
facet normal -0.4708555368293251 -0.4743325502632974 -0.7438438647981742
outer loop
vertex -69.82423400878906 -52.95454025268555 -12.413175582885742
vertex -69.04576873779297 -52.10271453857422 -13.449136734008789
vertex -68.48351287841797 -54.00188446044922 -12.593988418579102
endloop
endfacet
facet normal -0.470847694890028 -0.4743203068937055 -0.7438566358412136
outer loop
vertex -69.82423400878906 -52.95454025268555 -12.413175582885742
vertex -68.48351287841797 -54.00188446044922 -12.593988418579102
vertex -68.55000305175781 -54.09721374511719 -12.491114616394043
endloop
endfacet
facet normal -0.47085989583265064 -0.47433258760486974 -0.7438410817053155
outer loop
vertex -69.04576873779297 -52.10271453857422 -13.449136734008789
vertex -67.94112396240234 -53.08603286743164 -13.521347045898438
vertex -68.48351287841797 -54.00188446044922 -12.593988418579102
endloop
endfacet
facet normal -0.4708571316859325 -0.47433103786913955 -0.7438438196654465
outer loop
vertex -69.04576873779297 -52.10271453857422 -13.449136734008789
vertex -69.82423400878906 -52.95454025268555 -12.413175582885742
vertex -69.82423400878906 -52.80842971801758 -12.506346702575684
endloop
endfacet
facet normal -0.47089488271551944 -0.4743202041286474 -0.7438268302418888
outer loop
vertex -69.82423400878906 -52.80842971801758 -12.506346702575684
vertex -69.82423400878906 -52.95454025268555 -12.413175582885742
vertex -69.88245391845703 -52.86984634399414 -12.430325508117676
endloop
endfacet
facet normal -0.2832223563610962 -0.5943829164546761 -0.7526579870592629
outer loop
vertex -67.72521209716797 -54.55546569824219 -12.44216537475586
vertex -67.94112396240234 -53.08603286743164 -13.521347045898438
vertex -66.87981414794922 -54.85075378417969 -12.527092933654785
endloop
endfacet
facet normal -0.30966348614152683 -0.5892923859990873 -0.7462191428489215
outer loop
vertex -68.48351287841797 -54.14799499511719 -12.478604316711426
vertex -68.55000305175781 -54.09721374511719 -12.491114616394043
vertex -68.48351287841797 -54.00188446044922 -12.593988418579102
endloop
endfacet
facet normal -0.28323338766671446 -0.5943773571161975 -0.7526582261945994
outer loop
vertex -68.48351287841797 -54.00188446044922 -12.593988418579102
vertex -67.94112396240234 -53.08603286743164 -13.521347045898438
vertex -68.48351287841797 -54.14799499511719 -12.478604316711426
endloop
endfacet
facet normal -0.2832198745370299 -0.5943822476212589 -0.7526594491401337
outer loop
vertex -67.94112396240234 -53.08603286743164 -13.521347045898438
vertex -66.83812713623047 -54.71920394897461 -12.646665573120117
vertex -66.87981414794922 -54.85075378417969 -12.527092933654785
endloop
endfacet
facet normal -0.2832221386238058 -0.5943829342906178 -0.7526580549076937
outer loop
vertex -68.48351287841797 -54.14799499511719 -12.478604316711426
vertex -67.94112396240234 -53.08603286743164 -13.521347045898438
vertex -67.72521209716797 -54.55546569824219 -12.44216537475586
endloop
endfacet
facet normal -0.2832191566848619 -0.5943820085771461 -0.7526599080371645
outer loop
vertex -67.94112396240234 -53.08603286743164 -13.521347045898438
vertex -66.59485626220703 -53.672943115234375 -13.564447402954102
vertex -66.83812713623047 -54.71920394897461 -12.646665573120117
endloop
endfacet
facet normal -0.05392059278797504 -0.6513667115021399 -0.7568447508044708
outer loop
vertex -66.59485626220703 -53.672943115234375 -13.564447402954102
vertex -61.191341400146484 -54.0850830078125 -13.59471321105957
vertex -61.847007751464844 -55.2390022277832 -12.554898262023926
endloop
endfacet
facet normal -0.05937272404031366 -0.6610624254414418 -0.7479781743537113
outer loop
vertex -66.83812713623047 -54.71920394897461 -12.646665573120117
vertex -65.9906997680664 -55.01675033569336 -12.450961112976074
vertex -66.87981414794922 -54.85075378417969 -12.527092933654785
endloop
endfacet
facet normal 0.01293182663937726 -0.35879122488588944 -0.9333282513696091
outer loop
vertex -66.83812713623047 -54.86531448364258 -12.520917892456055
vertex -66.87981414794922 -54.85075378417969 -12.527092933654785
vertex -65.9906997680664 -55.01675033569336 -12.450961112976074
endloop
endfacet
facet normal -0.0539192280371711 -0.6513671975971429 -0.756844429683089
outer loop
vertex -61.847007751464844 -55.2390022277832 -12.554898262023926
vertex -61.191341400146484 -54.0850830078125 -13.59471321105957
vertex -61.229225158691406 -55.147010803222656 -12.678081512451172
endloop
endfacet
facet normal -0.053920432717858124 -0.6513664041087343 -0.7568450267617381
outer loop
vertex -62.83864974975586 -55.05927276611328 -12.638931274414062
vertex -66.59485626220703 -53.672943115234375 -13.564447402954102
vertex -61.847007751464844 -55.2390022277832 -12.554898262023926
endloop
endfacet
facet normal -0.05391864693676054 -0.6513690363821645 -0.7568428885542094
outer loop
vertex -61.847007751464844 -55.2390022277832 -12.554898262023926
vertex -61.229225158691406 -55.147010803222656 -12.678081512451172
vertex -61.23700714111328 -55.29243850708008 -12.552366256713867
endloop
endfacet
facet normal -0.053921045577388 -0.6513674401876381 -0.7568440914133141
outer loop
vertex -65.9906997680664 -55.01675033569336 -12.450961112976074
vertex -66.59485626220703 -53.672943115234375 -13.564447402954102
vertex -62.83864974975586 -55.05927276611328 -12.638931274414062
endloop
endfacet
facet normal -0.053921175090119365 -0.6513674697134216 -0.7568440567752616
outer loop
vertex -66.83812713623047 -54.71920394897461 -12.646665573120117
vertex -66.59485626220703 -53.672943115234375 -13.564447402954102
vertex -65.9906997680664 -55.01675033569336 -12.450961112976074
endloop
endfacet
facet normal -0.00000703320024880123 -0.6534211438047163 -0.7569945896632752
outer loop
vertex -61.191341400146484 -54.0850830078125 -13.59471321105957
vertex 52.99720764160156 -54.08621597290039 -13.594796180725098
vertex 53.11637878417969 -55.14814376831055 -12.6781644821167
endloop
endfacet
facet normal -0.000007027185574144371 -0.653420547860246 -0.7569951040691311
outer loop
vertex -61.229225158691406 -55.147010803222656 -12.678081512451172
vertex -61.191341400146484 -54.0850830078125 -13.59471321105957
vertex 53.11637878417969 -55.294254302978516 -12.552045822143555
endloop
endfacet
facet normal -0.000008264441535709618 -0.6539729358503605 -0.7565179436781122
outer loop
vertex -61.229225158691406 -55.147010803222656 -12.678081512451172
vertex 53.11637878417969 -55.294254302978516 -12.552045822143555
vertex -61.23700714111328 -55.29243850708008 -12.552366256713867
endloop
endfacet
facet normal -0.000006996973669047587 -0.653418910512554 -0.7569965173867244
outer loop
vertex 53.11637878417969 -55.294254302978516 -12.552045822143555
vertex -61.191341400146484 -54.0850830078125 -13.59471321105957
vertex 53.11637878417969 -55.14814376831055 -12.6781644821167
endloop
endfacet
facet normal 0 -1 0
outer loop
vertex -5.277153491973877 -53.607120513916016 -3.8893399238586426
vertex -4.790518760681152 -53.607120513916016 -11.335819244384766
vertex -4.790518760681152 -53.607120513916016 -3.564180612564087
endloop
endfacet
facet normal 0.83146912469304 0 -0.5555709627781045
outer loop
vertex -5.602313041687012 -53.607120513916016 -4.375974655151367
vertex -5.277153491973877 -55.293678283691406 -3.8893399238586426
vertex -5.602313041687012 -55.29367446899414 -4.375974655151367
endloop
endfacet
facet normal 0 0 -1
outer loop
vertex 7.783506393432617 -55.29380798339844 -3.450000047683716
vertex -4.216493606567383 -53.607120513916016 -3.450000047683716
vertex 7.783506393432617 -53.607120513916016 -3.450000047683716
endloop
endfacet
facet normal -0.1950900960897925 0 -0.9807853253427457
outer loop
vertex 7.783506393432617 -53.607120513916016 -3.450000047683716
vertex 8.357531547546387 -55.2938117980957 -3.564180612564087
vertex 7.783506393432617 -55.29380798339844 -3.450000047683716
endloop
endfacet
facet normal -0.1950900960897925 0 -0.9807853253427458
outer loop
vertex 7.783506393432617 -53.607120513916016 -3.450000047683716
vertex 8.357531547546387 -53.607120513916016 -3.564180612564087
vertex 8.357531547546387 -55.2938117980957 -3.564180612564087
endloop
endfacet
facet normal 0 -1 0
outer loop
vertex -1.9664936065673828 -53.607120513916016 -5.699999809265137
vertex 5.533506393432617 -53.607120513916016 -5.699999809265137
vertex 7.783506393432617 -53.607120513916016 -3.450000047683716
endloop
endfacet
facet normal 1 0 0
outer loop
vertex -5.716493606567383 -55.293670654296875 -4.949999809265137
vertex -5.716493606567383 -53.607120513916016 -9.949999809265137
vertex -5.716493606567383 -53.607120513916016 -4.949999809265137
endloop
endfacet
facet normal 0 -1 0
outer loop
vertex 9.169325828552246 -53.607120513916016 -10.524024963378906
vertex 9.283506393432617 -53.607120513916016 -9.949999809265137
vertex 9.169325828552246 -53.607120513916016 -4.375974655151367
endloop
endfacet
facet normal 0 -1 0
outer loop
vertex 8.84416675567627 -53.607120513916016 -11.010660171508789
vertex 9.169325828552246 -53.607120513916016 -10.524024963378906
vertex 8.84416675567627 -53.607120513916016 -3.8893399238586426
endloop
endfacet
facet normal -1 0 0
outer loop
vertex 9.283506393432617 -53.607120513916016 -9.949999809265137
vertex 9.283506393432617 -55.293819427490234 -9.949999809265137
vertex 9.283506393432617 -53.607120513916016 -4.949999809265137
endloop
endfacet
facet normal 0 -1 0
outer loop
vertex -4.216493606567383 -53.607120513916016 -11.449999809265137
vertex -2.966493606567383 -53.607120513916016 -8.199999809265137
vertex -4.216493606567383 -53.607120513916016 -3.450000047683716
endloop
endfacet
facet normal 0 -1 0
outer loop
vertex -5.716493606567383 -53.607120513916016 -9.949999809265137
vertex -5.602313041687012 -53.607120513916016 -10.524024963378906
vertex -5.716493606567383 -53.607120513916016 -4.949999809265137
endloop
endfacet
facet normal 1 0 0
outer loop
vertex -5.716493606567383 -55.293670654296875 -4.949999809265137
vertex -5.716493606567383 -55.293670654296875 -9.949999809265137
vertex -5.716493606567383 -53.607120513916016 -9.949999809265137
endloop
endfacet
facet normal 0 -1 0
outer loop
vertex -5.602313041687012 -53.607120513916016 -10.524024963378906
vertex -5.277153491973877 -53.607120513916016 -11.010660171508789
vertex -5.602313041687012 -53.607120513916016 -4.375974655151367
endloop
endfacet
facet normal 0 -1 0
outer loop
vertex -4.216493606567383 -53.607120513916016 -11.449999809265137
vertex -2.8903729915618896 -53.607120513916016 -8.582683563232422
vertex -2.966493606567383 -53.607120513916016 -8.199999809265137
endloop
endfacet
facet normal 0 -1 0
outer loop
vertex -4.790518760681152 -53.607120513916016 -11.335819244384766
vertex -4.216493606567383 -53.607120513916016 -11.449999809265137
vertex -4.790518760681152 -53.607120513916016 -3.564180612564087
endloop
endfacet
facet normal 0 -1 0
outer loop
vertex -5.277153491973877 -53.607120513916016 -11.010660171508789
vertex -4.790518760681152 -53.607120513916016 -11.335819244384766
vertex -5.277153491973877 -53.607120513916016 -3.8893399238586426
endloop
endfacet
facet normal 0 -1 0
outer loop
vertex 6.533506393432617 -53.607120513916016 -6.699999809265137
vertex 7.783506393432617 -53.607120513916016 -11.449999809265137
vertex 7.783506393432617 -53.607120513916016 -3.450000047683716
endloop
endfacet
facet normal 0 -1 0
outer loop
vertex 8.357531547546387 -53.607120513916016 -11.335819244384766
vertex 8.84416675567627 -53.607120513916016 -11.010660171508789
vertex 8.357531547546387 -53.607120513916016 -3.564180612564087
endloop
endfacet
facet normal -0.9807853253427458 0 0.1950900960897925
outer loop
vertex 9.283506393432617 -53.607120513916016 -9.949999809265137
vertex 9.169325828552246 -55.293819427490234 -10.524024963378906
vertex 9.283506393432617 -55.293819427490234 -9.949999809265137
endloop
endfacet
facet normal 0 -1 0
outer loop
vertex 7.783506393432617 -53.607120513916016 -11.449999809265137
vertex 8.357531547546387 -53.607120513916016 -11.335819244384766
vertex 7.783506393432617 -53.607120513916016 -3.450000047683716
endloop
endfacet
facet normal 0 -1 0
outer loop
vertex -4.216493606567383 -53.607120513916016 -11.449999809265137
vertex -2.673600435256958 -53.607120513916016 -8.907106399536133
vertex -2.8903729915618896 -53.607120513916016 -8.582683563232422
endloop
endfacet
facet normal 0 -1 0
outer loop
vertex -4.216493606567383 -53.607120513916016 -11.449999809265137
vertex -2.3491768836975098 -53.607120513916016 -9.123879432678223
vertex -2.673600435256958 -53.607120513916016 -8.907106399536133
endloop
endfacet
facet normal 0 -1 0
outer loop
vertex 6.533506393432617 -53.607120513916016 -8.199999809265137
vertex 7.783506393432617 -53.607120513916016 -11.449999809265137
vertex 6.533506393432617 -53.607120513916016 -6.699999809265137
endloop
endfacet
facet normal 0 -1 0
outer loop
vertex 6.457386016845703 -53.607120513916016 -8.582683563232422
vertex 7.783506393432617 -53.607120513916016 -11.449999809265137
vertex 6.533506393432617 -53.607120513916016 -8.199999809265137
endloop
endfacet
facet normal 0 -1 0
outer loop
vertex 6.2406134605407715 -53.607120513916016 -8.907106399536133
vertex 7.783506393432617 -53.607120513916016 -11.449999809265137
vertex 6.457386016845703 -53.607120513916016 -8.582683563232422
endloop
endfacet
facet normal 0 -1 0
outer loop
vertex 5.916189670562744 -53.607120513916016 -9.123879432678223
vertex 7.783506393432617 -53.607120513916016 -11.449999809265137
vertex 6.2406134605407715 -53.607120513916016 -8.907106399536133
endloop
endfacet
facet normal 0 -1 0
outer loop
vertex 5.533506393432617 -53.607120513916016 -9.199999809265137
vertex 7.783506393432617 -53.607120513916016 -11.449999809265137
vertex 5.916189670562744 -53.607120513916016 -9.123879432678223
endloop
endfacet
facet normal 0 -1 0
outer loop
vertex -1.9664936065673828 -53.607120513916016 -9.199999809265137
vertex -4.216493606567383 -53.607120513916016 -11.449999809265137
vertex 5.533506393432617 -53.607120513916016 -9.199999809265137
endloop
endfacet
facet normal 0 -1 0
outer loop
vertex -4.216493606567383 -53.607120513916016 -11.449999809265137
vertex -1.9664936065673828 -53.607120513916016 -9.199999809265137
vertex -2.3491768836975098 -53.607120513916016 -9.123879432678223
endloop
endfacet
facet normal 0.9807853253427458 0 0.1950900960897925
outer loop
vertex -5.716493606567383 -55.293670654296875 -9.949999809265137
vertex -5.602313041687012 -53.607120513916016 -10.524024963378906
vertex -5.716493606567383 -53.607120513916016 -9.949999809265137
endloop
endfacet
facet normal 0.9807853253427457 0 0.1950900960897925
outer loop
vertex -5.716493606567383 -55.293670654296875 -9.949999809265137
vertex -5.602313041687012 -55.29367446899414 -10.524024963378906
vertex -5.602313041687012 -53.607120513916016 -10.524024963378906
endloop
endfacet
facet normal -0.8314695010489663 0 -0.5555703995223136
outer loop
vertex 8.84416675567627 -53.607120513916016 -3.8893399238586426
vertex 9.169325828552246 -55.293819427490234 -4.375974655151367
vertex 8.84416675567627 -55.29381561279297 -3.8893399238586426
endloop
endfacet
facet normal -0.8314695010489663 0 -0.5555703995223136
outer loop
vertex 8.84416675567627 -53.607120513916016 -3.8893399238586426
vertex 9.169325828552246 -53.607120513916016 -4.375974655151367
vertex 9.169325828552246 -55.293819427490234 -4.375974655151367
endloop
endfacet
facet normal -0.9807853253427458 0 -0.1950900960897925
outer loop
vertex 9.169325828552246 -53.607120513916016 -4.375974655151367
vertex 9.283506393432617 -55.293819427490234 -4.949999809265137
vertex 9.169325828552246 -55.293819427490234 -4.375974655151367
endloop
endfacet
facet normal 0.831469376166266 0 0.5555705864223558
outer loop
vertex -5.602313041687012 -55.29367446899414 -10.524024963378906
vertex -5.277153491973877 -53.607120513916016 -11.010660171508789
vertex -5.602313041687012 -53.607120513916016 -10.524024963378906
endloop
endfacet
facet normal 0.8314693761662661 0 0.5555705864223558
outer loop
vertex -5.602313041687012 -55.29367446899414 -10.524024963378906
vertex -5.277153491973877 -55.293678283691406 -11.010660171508789
vertex -5.277153491973877 -53.607120513916016 -11.010660171508789
endloop
endfacet
facet normal 0 -1 0
outer loop
vertex -4.790518760681152 -53.607120513916016 -3.564180612564087
vertex -4.216493606567383 -53.607120513916016 -11.449999809265137
vertex -4.216493606567383 -53.607120513916016 -3.450000047683716
endloop
endfacet
facet normal 0 -1 0
outer loop
vertex -4.216493606567383 -53.607120513916016 -3.450000047683716
vertex -2.966493606567383 -53.607120513916016 -8.199999809265137
vertex -2.966493606567383 -53.607120513916016 -6.699999809265137
endloop
endfacet
facet normal 0 -1 0
outer loop
vertex -4.216493606567383 -53.607120513916016 -3.450000047683716
vertex -2.966493606567383 -53.607120513916016 -6.699999809265137
vertex -2.8903729915618896 -53.607120513916016 -6.31731653213501
endloop
endfacet
facet normal 0.5555703995223135 0 0.8314695010489662
outer loop
vertex -5.277153491973877 -55.293678283691406 -11.010660171508789
vertex -4.790518760681152 -53.607120513916016 -11.335819244384766
vertex -5.277153491973877 -53.607120513916016 -11.010660171508789
endloop
endfacet
facet normal 0 0 1
outer loop
vertex -4.216493606567383 -53.607120513916016 -11.449999809265137
vertex -4.216493606567383 -55.29368591308594 -11.449999809265137
vertex 7.783506393432617 -53.607120513916016 -11.449999809265137
endloop
endfacet
facet normal -0.9807853253427458 0 0.1950900960897925
outer loop
vertex 9.169325828552246 -53.607120513916016 -10.524024963378906
vertex 9.169325828552246 -55.293819427490234 -10.524024963378906
vertex 9.283506393432617 -53.607120513916016 -9.949999809265137
endloop
endfacet
facet normal -0.8314697525217963 0 0.5555700231666056
outer loop
vertex 9.169325828552246 -53.607120513916016 -10.524024963378906
vertex 8.84416675567627 -55.29381561279297 -11.010660171508789
vertex 9.169325828552246 -55.293819427490234 -10.524024963378906
endloop
endfacet
facet normal -0.8314697525217963 0 0.5555700231666056
outer loop
vertex 8.84416675567627 -53.607120513916016 -11.010660171508789
vertex 8.84416675567627 -55.29381561279297 -11.010660171508789
vertex 9.169325828552246 -53.607120513916016 -10.524024963378906
endloop
endfacet
facet normal -0.5555703047945764 0 -0.8314695643440364
outer loop
vertex 8.357531547546387 -53.607120513916016 -3.564180612564087
vertex 8.84416675567627 -55.29381561279297 -3.8893399238586426
vertex 8.357531547546387 -55.2938117980957 -3.564180612564087
endloop
endfacet
facet normal -0.9807853253427458 0 -0.1950900960897925
outer loop
vertex 9.283506393432617 -53.607120513916016 -4.949999809265137
vertex 9.283506393432617 -55.293819427490234 -4.949999809265137
vertex 9.169325828552246 -53.607120513916016 -4.375974655151367
endloop
endfacet
facet normal -0.5555703047945764 0 -0.8314695643440363
outer loop
vertex 8.357531547546387 -53.607120513916016 -3.564180612564087
vertex 8.84416675567627 -53.607120513916016 -3.8893399238586426
vertex 8.84416675567627 -55.29381561279297 -3.8893399238586426
endloop
endfacet
facet normal 0.1950900960897925 0 0.9807853253427457
outer loop
vertex -4.216493606567383 -53.607120513916016 -11.449999809265137
vertex -4.790518760681152 -55.29368209838867 -11.335819244384766
vertex -4.216493606567383 -55.29368591308594 -11.449999809265137
endloop
endfacet
facet normal 0.1950900960897925 0 0.9807853253427457
outer loop
vertex -4.790518760681152 -55.29368209838867 -11.335819244384766
vertex -4.216493606567383 -53.607120513916016 -11.449999809265137
vertex -4.790518760681152 -53.607120513916016 -11.335819244384766
endloop
endfacet
facet normal 0.5555703995223136 0 0.8314695010489663
outer loop
vertex -5.277153491973877 -55.293678283691406 -11.010660171508789
vertex -4.790518760681152 -55.29368209838867 -11.335819244384766
vertex -4.790518760681152 -53.607120513916016 -11.335819244384766
endloop
endfacet
facet normal 0 -1 0
outer loop
vertex 8.357531547546387 -53.607120513916016 -3.564180612564087
vertex 8.84416675567627 -53.607120513916016 -11.010660171508789
vertex 8.84416675567627 -53.607120513916016 -3.8893399238586426
endloop
endfacet
facet normal 0.9807853253427458 0 -0.1950900960897925
outer loop
vertex -5.602313041687012 -55.29367446899414 -4.375974655151367
vertex -5.716493606567383 -55.293670654296875 -4.949999809265137
vertex -5.716493606567383 -53.607120513916016 -4.949999809265137
endloop
endfacet
facet normal 0 -1 0
outer loop
vertex -4.216493606567383 -53.607120513916016 -3.450000047683716
vertex -1.9664936065673828 -53.607120513916016 -5.699999809265137
vertex 7.783506393432617 -53.607120513916016 -3.450000047683716
endloop
endfacet
facet normal 0 -1 0
outer loop
vertex 5.533506393432617 -53.607120513916016 -5.699999809265137
vertex 5.916189670562744 -53.607120513916016 -5.776120662689209
vertex 7.783506393432617 -53.607120513916016 -3.450000047683716
endloop
endfacet
facet normal 0 -1 0
outer loop
vertex 5.916189670562744 -53.607120513916016 -5.776120662689209
vertex 6.2406134605407715 -53.607120513916016 -5.992893218994141
vertex 7.783506393432617 -53.607120513916016 -3.450000047683716
endloop
endfacet
facet normal 0 -1 0
outer loop
vertex 6.2406134605407715 -53.607120513916016 -5.992893218994141
vertex 6.457386016845703 -53.607120513916016 -6.31731653213501
vertex 7.783506393432617 -53.607120513916016 -3.450000047683716
endloop
endfacet
facet normal 0 -1 0
outer loop
vertex -5.602313041687012 -53.607120513916016 -4.375974655151367
vertex -5.277153491973877 -53.607120513916016 -11.010660171508789
vertex -5.277153491973877 -53.607120513916016 -3.8893399238586426
endloop
endfacet
facet normal 0 -1 0
outer loop
vertex 7.783506393432617 -53.607120513916016 -3.450000047683716
vertex 8.357531547546387 -53.607120513916016 -11.335819244384766
vertex 8.357531547546387 -53.607120513916016 -3.564180612564087
endloop
endfacet
facet normal 0 -1 0
outer loop
vertex -5.716493606567383 -53.607120513916016 -4.949999809265137
vertex -5.602313041687012 -53.607120513916016 -10.524024963378906
vertex -5.602313041687012 -53.607120513916016 -4.375974655151367
endloop
endfacet
facet normal 0 -1 0
outer loop
vertex 6.533506393432617 -53.607120513916016 -6.699999809265137
vertex 7.783506393432617 -53.607120513916016 -3.450000047683716
vertex 6.457386016845703 -53.607120513916016 -6.31731653213501
endloop
endfacet
facet normal 0 -1 0
outer loop
vertex -4.216493606567383 -53.607120513916016 -3.450000047683716
vertex -2.8903729915618896 -53.607120513916016 -6.31731653213501
vertex -2.673600435256958 -53.607120513916016 -5.992893218994141
endloop
endfacet
facet normal 0 -1 0
outer loop
vertex -4.216493606567383 -53.607120513916016 -3.450000047683716
vertex -2.673600435256958 -53.607120513916016 -5.992893218994141
vertex -2.3491768836975098 -53.607120513916016 -5.776120662689209
endloop
endfacet
facet normal 0 0 1
outer loop
vertex 7.783506393432617 -53.607120513916016 -11.449999809265137
vertex -4.216493606567383 -55.29368591308594 -11.449999809265137
vertex 7.783506393432617 -55.29380798339844 -11.449999809265137
endloop
endfacet
facet normal -0.1950900960897925 0 0.9807853253427458
outer loop
vertex 7.783506393432617 -55.29380798339844 -11.449999809265137
vertex 8.357531547546387 -55.2938117980957 -11.335819244384766
vertex 8.357531547546387 -53.607120513916016 -11.335819244384766
endloop
endfacet
facet normal 0 -1 0
outer loop
vertex -4.216493606567383 -53.607120513916016 -3.450000047683716
vertex -2.3491768836975098 -53.607120513916016 -5.776120662689209
vertex -1.9664936065673828 -53.607120513916016 -5.699999809265137
endloop
endfacet
facet normal 0 0 -1
outer loop
vertex -4.216493606567383 -53.607120513916016 -3.450000047683716
vertex 7.783506393432617 -55.29380798339844 -3.450000047683716
vertex -4.216493606567383 -55.29368591308594 -3.450000047683716
endloop
endfacet
facet normal 0.1950900960897925 0 -0.9807853253427457
outer loop
vertex -4.216493606567383 -55.29368591308594 -3.450000047683716
vertex -4.790518760681152 -53.607120513916016 -3.564180612564087
vertex -4.216493606567383 -53.607120513916016 -3.450000047683716
endloop
endfacet
facet normal 0.1950900960897925 0 -0.9807853253427457
outer loop
vertex -4.790518760681152 -53.607120513916016 -3.564180612564087
vertex -4.216493606567383 -55.29368591308594 -3.450000047683716
vertex -4.790518760681152 -55.29368209838867 -3.564180612564087
endloop
endfacet
facet normal 0.5555706811503046 0 -0.8314693128710083
outer loop
vertex -4.790518760681152 -55.29368209838867 -3.564180612564087
vertex -5.277153491973877 -53.607120513916016 -3.8893399238586426
vertex -4.790518760681152 -53.607120513916016 -3.564180612564087
endloop
endfacet
facet normal -0.1950900960897925 0 0.9807853253427457
outer loop
vertex 7.783506393432617 -53.607120513916016 -11.449999809265137
vertex 7.783506393432617 -55.29380798339844 -11.449999809265137
vertex 8.357531547546387 -53.607120513916016 -11.335819244384766
endloop
endfacet
facet normal -0.5555700231666056 0 0.8314697525217963
outer loop
vertex 8.357531547546387 -53.607120513916016 -11.335819244384766
vertex 8.357531547546387 -55.2938117980957 -11.335819244384766
vertex 8.84416675567627 -53.607120513916016 -11.010660171508789
endloop
endfacet
facet normal 0 -1 0
outer loop
vertex 8.84416675567627 -53.607120513916016 -3.8893399238586426
vertex 9.169325828552246 -53.607120513916016 -10.524024963378906
vertex 9.169325828552246 -53.607120513916016 -4.375974655151367
endloop
endfacet
facet normal 0 -1 0
outer loop
vertex 9.169325828552246 -53.607120513916016 -4.375974655151367
vertex 9.283506393432617 -53.607120513916016 -9.949999809265137
vertex 9.283506393432617 -53.607120513916016 -4.949999809265137
endloop
endfacet
facet normal -1 0 0
outer loop
vertex 9.283506393432617 -53.607120513916016 -4.949999809265137
vertex 9.283506393432617 -55.293819427490234 -9.949999809265137
vertex 9.283506393432617 -55.293819427490234 -4.949999809265137
endloop
endfacet
facet normal 0 -1 0
outer loop
vertex 5.533506393432617 -53.607120513916016 -9.199999809265137
vertex -4.216493606567383 -53.607120513916016 -11.449999809265137
vertex 7.783506393432617 -53.607120513916016 -11.449999809265137
endloop
endfacet
facet normal 0.5555706811503046 0 -0.8314693128710082
outer loop
vertex -5.277153491973877 -53.607120513916016 -3.8893399238586426
vertex -4.790518760681152 -55.29368209838867 -3.564180612564087
vertex -5.277153491973877 -55.293678283691406 -3.8893399238586426
endloop
endfacet
facet normal 0.83146912469304 0 -0.5555709627781045
outer loop
vertex -5.277153491973877 -55.293678283691406 -3.8893399238586426
vertex -5.602313041687012 -53.607120513916016 -4.375974655151367
vertex -5.277153491973877 -53.607120513916016 -3.8893399238586426
endloop
endfacet
facet normal 0.9807853253427457 0 -0.1950900960897925
outer loop
vertex -5.602313041687012 -55.29367446899414 -4.375974655151367
vertex -5.716493606567383 -53.607120513916016 -4.949999809265137
vertex -5.602313041687012 -53.607120513916016 -4.375974655151367
endloop
endfacet
facet normal -0.5555700231666056 0 0.8314697525217963
outer loop
vertex 8.84416675567627 -53.607120513916016 -11.010660171508789
vertex 8.357531547546387 -55.2938117980957 -11.335819244384766
vertex 8.84416675567627 -55.29381561279297 -11.010660171508789
endloop
endfacet
facet normal -0.19509134961587388 0 -0.9807850760003728
outer loop
vertex 5.533506393432617 -52.40711975097656 -5.699999809265137
vertex 5.916189670562744 -53.607120513916016 -5.776120662689209
vertex 5.533506393432617 -53.607120513916016 -5.699999809265137
endloop
endfacet
facet normal 0 0 1
outer loop
vertex -1.9664936065673828 -52.40711975097656 -9.199999809265137
vertex -1.9664936065673828 -53.607120513916016 -9.199999809265137
vertex 5.533506393432617 -52.40711975097656 -9.199999809265137
endloop
endfacet
facet normal -0.5555693651831525 0 -0.8314701921716671
outer loop
vertex 6.2406134605407715 -52.40711975097656 -5.992893218994141
vertex 6.2406134605407715 -53.607120513916016 -5.992893218994141
vertex 5.916189670562744 -52.40711975097656 -5.776120662689209
endloop
endfacet
facet normal -0.5555693651831525 0 -0.8314701921716671
outer loop
vertex 5.916189670562744 -53.607120513916016 -5.776120662689209
vertex 5.916189670562744 -52.40711975097656 -5.776120662689209
vertex 6.2406134605407715 -53.607120513916016 -5.992893218994141
endloop
endfacet
facet normal -0.831469814963294 0 -0.555569929716238
outer loop
vertex 6.2406134605407715 -52.40711975097656 -5.992893218994141
vertex 6.457386016845703 -53.607120513916016 -6.31731653213501
vertex 6.2406134605407715 -53.607120513916016 -5.992893218994141
endloop
endfacet
facet normal -0.831469814963294 0 -0.555569929716238
outer loop
vertex 6.2406134605407715 -52.40711975097656 -5.992893218994141
vertex 6.457386016845703 -52.40711975097656 -6.31731653213501
vertex 6.457386016845703 -53.607120513916016 -6.31731653213501
endloop
endfacet
facet normal 0.9807851929195416 0 -0.1950907618258171
outer loop
vertex -2.8903729915618896 -53.607120513916016 -6.31731653213501
vertex -2.966493606567383 -52.40711975097656 -6.699999809265137
vertex -2.8903729915618896 -52.40711975097656 -6.31731653213501
endloop
endfacet
facet normal 0.19509134961587388 0 -0.9807850760003728
outer loop
vertex -1.9664936065673828 -53.607120513916016 -5.699999809265137
vertex -2.3491768836975098 -52.40711975097656 -5.776120662689209
vertex -1.9664936065673828 -52.40711975097656 -5.699999809265137
endloop
endfacet
facet normal 0.9807851929195416 0 -0.1950907618258171
outer loop
vertex -2.966493606567383 -53.607120513916016 -6.699999809265137
vertex -2.966493606567383 -52.40711975097656 -6.699999809265137
vertex -2.8903729915618896 -53.607120513916016 -6.31731653213501
endloop
endfacet
facet normal 0 0 -1
outer loop
vertex 5.533506393432617 -53.607120513916016 -5.699999809265137
vertex -1.9664936065673828 -52.40711975097656 -5.699999809265137
vertex 5.533506393432617 -52.40711975097656 -5.699999809265137
endloop
endfacet
facet normal 0 0 -1
outer loop
vertex -1.9664936065673828 -52.40711975097656 -5.699999809265137
vertex 5.533506393432617 -53.607120513916016 -5.699999809265137
vertex -1.9664936065673828 -53.607120513916016 -5.699999809265137
endloop
endfacet
facet normal 1 0 0
outer loop
vertex -2.966493606567383 -53.607120513916016 -6.699999809265137
vertex -2.966493606567383 -52.40711975097656 -8.199999809265137
vertex -2.966493606567383 -52.40711975097656 -6.699999809265137
endloop
endfacet
facet normal 1 0 0
outer loop
vertex -2.966493606567383 -53.607120513916016 -8.199999809265137
vertex -2.966493606567383 -52.40711975097656 -8.199999809265137
vertex -2.966493606567383 -53.607120513916016 -6.699999809265137
endloop
endfacet
facet normal 0.9807852394328397 0 0.19509052798807858
outer loop
vertex -2.966493606567383 -53.607120513916016 -8.199999809265137
vertex -2.8903729915618896 -52.40711975097656 -8.582683563232422
vertex -2.966493606567383 -52.40711975097656 -8.199999809265137
endloop
endfacet
facet normal 0.9807852394328397 0 0.19509052798807858
outer loop
vertex -2.8903729915618896 -53.607120513916016 -8.582683563232422
vertex -2.8903729915618896 -52.40711975097656 -8.582683563232422
vertex -2.966493606567383 -53.607120513916016 -8.199999809265137
endloop
endfacet
facet normal 0.831469437753771 0 0.5555704942502147
outer loop
vertex -2.8903729915618896 -53.607120513916016 -8.582683563232422
vertex -2.673600435256958 -52.40711975097656 -8.907106399536133
vertex -2.8903729915618896 -52.40711975097656 -8.582683563232422
endloop
endfacet
facet normal 0.19509134961587388 0 -0.9807850760003728
outer loop
vertex -2.3491768836975098 -53.607120513916016 -5.776120662689209
vertex -2.3491768836975098 -52.40711975097656 -5.776120662689209
vertex -1.9664936065673828 -53.607120513916016 -5.699999809265137
endloop
endfacet
facet normal -0.9807853098383859 0 -0.19509017403555012
outer loop
vertex 6.457386016845703 -52.40711975097656 -6.31731653213501
vertex 6.533506393432617 -53.607120513916016 -6.699999809265137
vertex 6.457386016845703 -53.607120513916016 -6.31731653213501
endloop
endfacet
facet normal -0.9807853098383859 0 -0.19509017403555012
outer loop
vertex 6.533506393432617 -52.40711975097656 -6.699999809265137
vertex 6.533506393432617 -53.607120513916016 -6.699999809265137
vertex 6.457386016845703 -52.40711975097656 -6.31731653213501
endloop
endfacet
facet normal 0.831469437753771 0 0.5555704942502147
outer loop
vertex -2.8903729915618896 -53.607120513916016 -8.582683563232422
vertex -2.673600435256958 -53.607120513916016 -8.907106399536133
vertex -2.673600435256958 -52.40711975097656 -8.907106399536133
endloop
endfacet
facet normal 0.5555704923334805 0 0.8314694390344929
outer loop
vertex -2.673600435256958 -53.607120513916016 -8.907106399536133
vertex -2.3491768836975098 -52.40711975097656 -9.123879432678223
vertex -2.673600435256958 -52.40711975097656 -8.907106399536133
endloop
endfacet
facet normal 0.5555704923334805 0 0.8314694390344929
outer loop
vertex -2.673600435256958 -53.607120513916016 -8.907106399536133
vertex -2.3491768836975098 -53.607120513916016 -9.123879432678223
vertex -2.3491768836975098 -52.40711975097656 -9.123879432678223
endloop
endfacet
facet normal 0.19509017403555012 0 0.9807853098383859
outer loop
vertex -1.9664936065673828 -52.40711975097656 -9.199999809265137
vertex -2.3491768836975098 -52.40711975097656 -9.123879432678223
vertex -2.3491768836975098 -53.607120513916016 -9.123879432678223
endloop
endfacet
facet normal 0.19509017403555012 0 0.9807853098383859
outer loop
vertex -1.9664936065673828 -53.607120513916016 -9.199999809265137
vertex -1.9664936065673828 -52.40711975097656 -9.199999809265137
vertex -2.3491768836975098 -53.607120513916016 -9.123879432678223
endloop
endfacet
facet normal 0.5555696474495838 0 -0.8314700035676242
outer loop
vertex -2.3491768836975098 -53.607120513916016 -5.776120662689209
vertex -2.673600435256958 -52.40711975097656 -5.992893218994141
vertex -2.3491768836975098 -52.40711975097656 -5.776120662689209
endloop
endfacet
facet normal -1 0 0
outer loop
vertex 6.533506393432617 -52.40711975097656 -6.699999809265137
vertex 6.533506393432617 -53.607120513916016 -8.199999809265137
vertex 6.533506393432617 -53.607120513916016 -6.699999809265137
endloop
endfacet
facet normal 0.5555696474495838 0 -0.8314700035676242
outer loop
vertex -2.673600435256958 -53.607120513916016 -5.992893218994141
vertex -2.673600435256958 -52.40711975097656 -5.992893218994141
vertex -2.3491768836975098 -53.607120513916016 -5.776120662689209
endloop
endfacet
facet normal -1 0 0
outer loop
vertex 6.533506393432617 -52.40711975097656 -8.199999809265137
vertex 6.533506393432617 -53.607120513916016 -8.199999809265137
vertex 6.533506393432617 -52.40711975097656 -6.699999809265137
endloop
endfacet
facet normal -0.9807853563514094 0 0.1950899401984604
outer loop
vertex 6.533506393432617 -52.40711975097656 -8.199999809265137
vertex 6.457386016845703 -53.607120513916016 -8.582683563232422
vertex 6.533506393432617 -53.607120513916016 -8.199999809265137
endloop
endfacet
facet normal 0.831469814963294 0 -0.555569929716238
outer loop
vertex -2.673600435256958 -53.607120513916016 -5.992893218994141
vertex -2.8903729915618896 -52.40711975097656 -6.31731653213501
vertex -2.673600435256958 -52.40711975097656 -5.992893218994141
endloop
endfacet
facet normal 0.831469814963294 0 -0.555569929716238
outer loop
vertex -2.8903729915618896 -53.607120513916016 -6.31731653213501
vertex -2.8903729915618896 -52.40711975097656 -6.31731653213501
vertex -2.673600435256958 -53.607120513916016 -5.992893218994141
endloop
endfacet
facet normal -0.9807853563514094 0 0.1950899401984604
outer loop
vertex 6.533506393432617 -52.40711975097656 -8.199999809265137
vertex 6.457386016845703 -52.40711975097656 -8.582683563232422
vertex 6.457386016845703 -53.607120513916016 -8.582683563232422
endloop
endfacet
facet normal -0.831469437753771 0 0.5555704942502147
outer loop
vertex 6.457386016845703 -52.40711975097656 -8.582683563232422
vertex 6.2406134605407715 -53.607120513916016 -8.907106399536133
vertex 6.457386016845703 -53.607120513916016 -8.582683563232422
endloop
endfacet
facet normal -0.831469437753771 0 0.5555704942502147
outer loop
vertex 6.2406134605407715 -52.40711975097656 -8.907106399536133
vertex 6.2406134605407715 -53.607120513916016 -8.907106399536133
vertex 6.457386016845703 -52.40711975097656 -8.582683563232422
endloop
endfacet
facet normal -0.5555702100670031 0 0.8314696276389812
outer loop
vertex 6.2406134605407715 -52.40711975097656 -8.907106399536133
vertex 5.916189670562744 -53.607120513916016 -9.123879432678223
vertex 6.2406134605407715 -53.607120513916016 -8.907106399536133
endloop
endfacet
facet normal -0.5555702100670031 0 0.8314696276389812
outer loop
vertex 5.916189670562744 -52.40711975097656 -9.123879432678223
vertex 5.916189670562744 -53.607120513916016 -9.123879432678223
vertex 6.2406134605407715 -52.40711975097656 -8.907106399536133
endloop
endfacet
facet normal -0.19509017403555012 0 0.9807853098383859
outer loop
vertex 5.533506393432617 -52.40711975097656 -9.199999809265137
vertex 5.533506393432617 -53.607120513916016 -9.199999809265137
vertex 5.916189670562744 -52.40711975097656 -9.123879432678223
endloop
endfacet
facet normal -0.19509017403555012 0 0.9807853098383859
outer loop
vertex 5.916189670562744 -53.607120513916016 -9.123879432678223
vertex 5.916189670562744 -52.40711975097656 -9.123879432678223
vertex 5.533506393432617 -53.607120513916016 -9.199999809265137
endloop
endfacet
facet normal 0 0 1
outer loop
vertex 5.533506393432617 -52.40711975097656 -9.199999809265137
vertex -1.9664936065673828 -53.607120513916016 -9.199999809265137
vertex 5.533506393432617 -53.607120513916016 -9.199999809265137
endloop
endfacet
facet normal -0.19509134961587388 0 -0.9807850760003728
outer loop
vertex 5.916189670562744 -52.40711975097656 -5.776120662689209
vertex 5.916189670562744 -53.607120513916016 -5.776120662689209
vertex 5.533506393432617 -52.40711975097656 -5.699999809265137
endloop
endfacet
facet normal 0 0 1
outer loop
vertex 26.783506393432617 -53.607120513916016 -11.449999809265137
vertex 14.783506393432617 -55.29387664794922 -11.449999809265137
vertex 26.783506393432617 -55.29399490356445 -11.449999809265137
endloop
endfacet
facet normal 0 -1 0
outer loop
vertex 14.783506393432617 -53.607120513916016 -11.449999809265137
vertex 26.783506393432617 -53.607120513916016 -11.449999809265137
vertex 24.533506393432617 -53.607120513916016 -9.199999809265137
endloop
endfacet
facet normal -0.1950897843073725 0 0.9807853873599988
outer loop
vertex 26.783506393432617 -53.607120513916016 -11.449999809265137
vertex 26.783506393432617 -55.29399490356445 -11.449999809265137
vertex 27.357532501220703 -53.607120513916016 -11.335819244384766
endloop
endfacet
facet normal -0.19508978430737248 0 0.9807853873599988
outer loop
vertex 27.357532501220703 -53.607120513916016 -11.335819244384766
vertex 26.783506393432617 -55.29399490356445 -11.449999809265137
vertex 27.357532501220703 -55.29399871826172 -11.335819244384766
endloop
endfacet
facet normal -0.5555715285918135 0 0.8314687466274098
outer loop
vertex 27.357532501220703 -53.607120513916016 -11.335819244384766
vertex 27.357532501220703 -55.29399871826172 -11.335819244384766
vertex 27.844165802001953 -53.607120513916016 -11.010660171508789
endloop
endfacet
facet normal -0.5555715285918135 0 0.8314687466274098
outer loop
vertex 27.844165802001953 -53.607120513916016 -11.010660171508789
vertex 27.357532501220703 -55.29399871826172 -11.335819244384766
vertex 27.844165802001953 -55.29400634765625 -11.010660171508789
endloop
endfacet
facet normal -0.8314697525217963 0 0.5555700231666056
outer loop
vertex 27.844165802001953 -53.607120513916016 -11.010660171508789
vertex 27.844165802001953 -55.29400634765625 -11.010660171508789
vertex 28.16932487487793 -53.607120513916016 -10.524024963378906
endloop
endfacet
facet normal -0.8314697525217963 0 0.5555700231666056
outer loop
vertex 28.16932487487793 -53.607120513916016 -10.524024963378906
vertex 27.844165802001953 -55.29400634765625 -11.010660171508789
vertex 28.16932487487793 -55.29400634765625 -10.524024963378906
endloop
endfacet
facet normal -0.9807850135586839 0 0.1950916635294606
outer loop
vertex 28.16932487487793 -53.607120513916016 -10.524024963378906
vertex 28.16932487487793 -55.29400634765625 -10.524024963378906
vertex 28.283506393432617 -53.607120513916016 -9.949999809265137
endloop
endfacet
facet normal 0 -1 0
outer loop
vertex 25.533506393432617 -53.607120513916016 -6.699999809265137
vertex 26.783506393432617 -53.607120513916016 -3.450000047683716
vertex 25.457386016845703 -53.607120513916016 -6.31731653213501
endloop
endfacet
facet normal -0.1950897843073725 0 -0.9807853873599988
outer loop
vertex 26.783506393432617 -53.607120513916016 -3.450000047683716
vertex 27.357532501220703 -55.29399871826172 -3.564180612564087
vertex 26.783506393432617 -55.29399490356445 -3.450000047683716
endloop
endfacet
facet normal -0.5555718102198659 0 -0.8314685584488576
outer loop
vertex 27.357532501220703 -53.607120513916016 -3.564180612564087
vertex 27.844165802001953 -55.29400634765625 -3.8893399238586426
vertex 27.357532501220703 -55.29399871826172 -3.564180612564087
endloop
endfacet
facet normal 0 0 1
outer loop
vertex 14.783506393432617 -53.607120513916016 -11.449999809265137
vertex 14.783506393432617 -55.29387664794922 -11.449999809265137
vertex 26.783506393432617 -53.607120513916016 -11.449999809265137
endloop
endfacet
facet normal 0.5555703047945764 0 -0.8314695643440363
outer loop
vertex 14.209481239318848 -55.29386901855469 -3.564180612564087
vertex 13.722846031188965 -55.29386520385742 -3.8893399238586426
vertex 13.722846031188965 -53.607120513916016 -3.8893399238586426
endloop
endfacet
facet normal 0 0 -1
outer loop
vertex 26.783506393432617 -55.29399490356445 -3.450000047683716
vertex 14.783506393432617 -53.607120513916016 -3.450000047683716
vertex 26.783506393432617 -53.607120513916016 -3.450000047683716
endloop
endfacet
facet normal 0 0 -1
outer loop
vertex 26.783506393432617 -55.29399490356445 -3.450000047683716
vertex 14.783506393432617 -55.29387664794922 -3.450000047683716
vertex 14.783506393432617 -53.607120513916016 -3.450000047683716
endloop
endfacet
facet normal 0.19509009608979253 0 -0.9807853253427458
outer loop
vertex 14.783506393432617 -55.29387664794922 -3.450000047683716
vertex 14.209481239318848 -53.607120513916016 -3.564180612564087
vertex 14.783506393432617 -53.607120513916016 -3.450000047683716
endloop
endfacet
facet normal -1 0 0
outer loop
vertex 28.283506393432617 -53.607120513916016 -4.949999809265137
vertex 28.283506393432617 -55.294010162353516 -9.949999809265137
vertex 28.283506393432617 -55.294010162353516 -4.949999809265137
endloop
endfacet
facet normal 0 -1 0
outer loop
vertex 28.16932487487793 -53.607120513916016 -4.375974655151367
vertex 28.283506393432617 -53.607120513916016 -9.949999809265137
vertex 28.283506393432617 -53.607120513916016 -4.949999809265137
endloop
endfacet
facet normal 0.8314695010489663 0 -0.5555703995223136
outer loop
vertex 13.722846031188965 -55.29386520385742 -3.8893399238586426
vertex 13.397686958312988 -53.607120513916016 -4.375974655151367
vertex 13.722846031188965 -53.607120513916016 -3.8893399238586426
endloop
endfacet
facet normal 0.9807853253427458 0 0.1950900960897925
outer loop
vertex 13.283506393432617 -55.293861389160156 -9.949999809265137
vertex 13.397686958312988 -55.293861389160156 -10.524024963378906
vertex 13.397686958312988 -53.607120513916016 -10.524024963378906
endloop
endfacet
facet normal 0.8314697525217963 0 0.5555700231666058
outer loop
vertex 13.397686958312988 -55.293861389160156 -10.524024963378906
vertex 13.722846031188965 -53.607120513916016 -11.010660171508789
vertex 13.397686958312988 -53.607120513916016 -10.524024963378906
endloop
endfacet
facet normal 0.8314695010489663 0 -0.5555703995223136
outer loop
vertex 13.722846031188965 -55.29386520385742 -3.8893399238586426
vertex 13.397686958312988 -55.293861389160156 -4.375974655151367
vertex 13.397686958312988 -53.607120513916016 -4.375974655151367
endloop
endfacet
facet normal 0.9807853253427458 0 -0.1950900960897925
outer loop
vertex 13.397686958312988 -55.293861389160156 -4.375974655151367
vertex 13.283506393432617 -53.607120513916016 -4.949999809265137
vertex 13.397686958312988 -53.607120513916016 -4.375974655151367
endloop
endfacet
facet normal 0 -1 0
outer loop
vertex 14.783506393432617 -53.607120513916016 -3.450000047683716
vertex 16.65082359313965 -53.607120513916016 -5.776120662689209
vertex 17.033506393432617 -53.607120513916016 -5.699999809265137
endloop
endfacet
facet normal 0 -1 0
outer loop
vertex 27.844165802001953 -53.607120513916016 -3.8893399238586426
vertex 28.16932487487793 -53.607120513916016 -10.524024963378906
vertex 28.16932487487793 -53.607120513916016 -4.375974655151367
endloop
endfacet
facet normal 0.9807853253427458 0 0.1950900960897925
outer loop
vertex 13.283506393432617 -55.293861389160156 -9.949999809265137
vertex 13.397686958312988 -53.607120513916016 -10.524024963378906
vertex 13.283506393432617 -53.607120513916016 -9.949999809265137
endloop
endfacet
facet normal 0 -1 0
outer loop
vertex 17.033506393432617 -53.607120513916016 -9.199999809265137
vertex 16.65082359313965 -53.607120513916016 -9.123879432678223
vertex 14.783506393432617 -53.607120513916016 -11.449999809265137
endloop
endfacet
facet normal 0 -1 0
outer loop
vertex 14.783506393432617 -53.607120513916016 -11.449999809265137
vertex 16.65082359313965 -53.607120513916016 -9.123879432678223
vertex 16.326398849487305 -53.607120513916016 -8.907106399536133
endloop
endfacet
facet normal 0 -1 0
outer loop
vertex 14.783506393432617 -53.607120513916016 -11.449999809265137
vertex 16.326398849487305 -53.607120513916016 -8.907106399536133
vertex 16.10962677001953 -53.607120513916016 -8.582683563232422
endloop
endfacet
facet normal 0 -1 0
outer loop
vertex 28.16932487487793 -53.607120513916016 -10.524024963378906
vertex 28.283506393432617 -53.607120513916016 -9.949999809265137
vertex 28.16932487487793 -53.607120513916016 -4.375974655151367
endloop
endfacet
facet normal 0 -1 0
outer loop
vertex 27.844165802001953 -53.607120513916016 -11.010660171508789
vertex 28.16932487487793 -53.607120513916016 -10.524024963378906
vertex 27.844165802001953 -53.607120513916016 -3.8893399238586426
endloop
endfacet
facet normal -1 0 0
outer loop
vertex 28.283506393432617 -53.607120513916016 -9.949999809265137
vertex 28.283506393432617 -55.294010162353516 -9.949999809265137
vertex 28.283506393432617 -53.607120513916016 -4.949999809265137
endloop
endfacet
facet normal 0 -1 0
outer loop
vertex 27.357532501220703 -53.607120513916016 -11.335819244384766
vertex 27.844165802001953 -53.607120513916016 -11.010660171508789
vertex 27.357532501220703 -53.607120513916016 -3.564180612564087
endloop
endfacet
facet normal 0 -1 0
outer loop
vertex 14.783506393432617 -53.607120513916016 -11.449999809265137
vertex 16.10962677001953 -53.607120513916016 -8.582683563232422
vertex 16.033506393432617 -53.607120513916016 -8.199999809265137
endloop
endfacet
facet normal 0 -1 0
outer loop
vertex 13.722846031188965 -53.607120513916016 -11.010660171508789
vertex 14.209481239318848 -53.607120513916016 -11.335819244384766
vertex 13.722846031188965 -53.607120513916016 -3.8893399238586426
endloop
endfacet
facet normal 0 -1 0
outer loop
vertex 14.209481239318848 -53.607120513916016 -11.335819244384766
vertex 14.783506393432617 -53.607120513916016 -11.449999809265137
vertex 14.209481239318848 -53.607120513916016 -3.564180612564087
endloop
endfacet
facet normal 0 -1 0
outer loop
vertex 25.533506393432617 -53.607120513916016 -6.699999809265137
vertex 26.783506393432617 -53.607120513916016 -11.449999809265137
vertex 26.783506393432617 -53.607120513916016 -3.450000047683716
endloop
endfacet
facet normal 0 -1 0
outer loop
vertex 26.783506393432617 -53.607120513916016 -11.449999809265137
vertex 27.357532501220703 -53.607120513916016 -11.335819244384766
vertex 26.783506393432617 -53.607120513916016 -3.450000047683716
endloop
endfacet
facet normal -0.9807850135586839 0 0.1950916635294606
outer loop
vertex 28.283506393432617 -53.607120513916016 -9.949999809265137
vertex 28.16932487487793 -55.29400634765625 -10.524024963378906
vertex 28.283506393432617 -55.294010162353516 -9.949999809265137
endloop
endfacet
facet normal 0.1950900960897925 0 -0.9807853253427457
outer loop
vertex 14.783506393432617 -55.29387664794922 -3.450000047683716
vertex 14.209481239318848 -55.29386901855469 -3.564180612564087
vertex 14.209481239318848 -53.607120513916016 -3.564180612564087
endloop
endfacet
facet normal 0.9807853253427458 0 -0.1950900960897925
outer loop
vertex 13.397686958312988 -55.293861389160156 -4.375974655151367
vertex 13.283506393432617 -55.293861389160156 -4.949999809265137
vertex 13.283506393432617 -53.607120513916016 -4.949999809265137
endloop
endfacet
facet normal 0.8314697525217963 0 0.5555700231666056
outer loop
vertex 13.397686958312988 -55.293861389160156 -10.524024963378906
vertex 13.722846031188965 -55.29386520385742 -11.010660171508789
vertex 13.722846031188965 -53.607120513916016 -11.010660171508789
endloop
endfacet
facet normal 0 -1 0
outer loop
vertex 27.357532501220703 -53.607120513916016 -3.564180612564087
vertex 27.844165802001953 -53.607120513916016 -11.010660171508789
vertex 27.844165802001953 -53.607120513916016 -3.8893399238586426
endloop
endfacet
facet normal 0 -1 0
outer loop
vertex 25.533506393432617 -53.607120513916016 -8.199999809265137
vertex 26.783506393432617 -53.607120513916016 -11.449999809265137
vertex 25.533506393432617 -53.607120513916016 -6.699999809265137
endloop
endfacet
facet normal 0 -1 0
outer loop
vertex 25.457386016845703 -53.607120513916016 -8.582683563232422
vertex 26.783506393432617 -53.607120513916016 -11.449999809265137
vertex 25.533506393432617 -53.607120513916016 -8.199999809265137
endloop
endfacet
facet normal 0.5555700231666056 0 0.8314697525217963
outer loop
vertex 13.722846031188965 -55.29386520385742 -11.010660171508789
vertex 14.209481239318848 -53.607120513916016 -11.335819244384766
vertex 13.722846031188965 -53.607120513916016 -11.010660171508789
endloop
endfacet
facet normal 0 -1 0
outer loop
vertex 14.783506393432617 -53.607120513916016 -3.450000047683716
vertex 16.326398849487305 -53.607120513916016 -5.992893218994141
vertex 16.65082359313965 -53.607120513916016 -5.776120662689209
endloop
endfacet
facet normal 0 -1 0
outer loop
vertex 25.24061393737793 -53.607120513916016 -8.907106399536133
vertex 26.783506393432617 -53.607120513916016 -11.449999809265137
vertex 25.457386016845703 -53.607120513916016 -8.582683563232422
endloop
endfacet
facet normal 0 -1 0
outer loop
vertex 24.916189193725586 -53.607120513916016 -9.123879432678223
vertex 26.783506393432617 -53.607120513916016 -11.449999809265137
vertex 25.24061393737793 -53.607120513916016 -8.907106399536133
endloop
endfacet
facet normal 0 -1 0
outer loop
vertex 24.533506393432617 -53.607120513916016 -9.199999809265137
vertex 26.783506393432617 -53.607120513916016 -11.449999809265137
vertex 24.916189193725586 -53.607120513916016 -9.123879432678223
endloop
endfacet
facet normal 0 -1 0
outer loop
vertex 26.783506393432617 -53.607120513916016 -3.450000047683716
vertex 27.357532501220703 -53.607120513916016 -11.335819244384766
vertex 27.357532501220703 -53.607120513916016 -3.564180612564087
endloop
endfacet
facet normal 0 -1 0
outer loop
vertex 25.24061393737793 -53.607120513916016 -5.992893218994141
vertex 25.457386016845703 -53.607120513916016 -6.31731653213501
vertex 26.783506393432617 -53.607120513916016 -3.450000047683716
endloop
endfacet
facet normal 0 -1 0
outer loop
vertex 24.916189193725586 -53.607120513916016 -5.776120662689209
vertex 25.24061393737793 -53.607120513916016 -5.992893218994141
vertex 26.783506393432617 -53.607120513916016 -3.450000047683716
endloop
endfacet
facet normal 0.5555700231666056 0 0.8314697525217963
outer loop
vertex 13.722846031188965 -55.29386520385742 -11.010660171508789
vertex 14.209481239318848 -55.29386901855469 -11.335819244384766
vertex 14.209481239318848 -53.607120513916016 -11.335819244384766
endloop
endfacet
facet normal 0.19509009608979253 0 0.9807853253427458
outer loop
vertex 14.209481239318848 -53.607120513916016 -11.335819244384766
vertex 14.783506393432617 -55.29387664794922 -11.449999809265137
vertex 14.783506393432617 -53.607120513916016 -11.449999809265137
endloop
endfacet
facet normal 0.1950900960897925 0 0.9807853253427457
outer loop
vertex 14.209481239318848 -55.29386901855469 -11.335819244384766
vertex 14.783506393432617 -55.29387664794922 -11.449999809265137
vertex 14.209481239318848 -53.607120513916016 -11.335819244384766
endloop
endfacet
facet normal 0 -1 0
outer loop
vertex 14.783506393432617 -53.607120513916016 -3.450000047683716
vertex 16.10962677001953 -53.607120513916016 -6.31731653213501
vertex 16.326398849487305 -53.607120513916016 -5.992893218994141
endloop
endfacet
facet normal -0.19508978430737248 0 -0.9807853873599988
outer loop
vertex 26.783506393432617 -53.607120513916016 -3.450000047683716
vertex 27.357532501220703 -53.607120513916016 -3.564180612564087
vertex 27.357532501220703 -55.29399871826172 -3.564180612564087
endloop
endfacet
facet normal 0 -1 0
outer loop
vertex 14.209481239318848 -53.607120513916016 -3.564180612564087
vertex 14.783506393432617 -53.607120513916016 -11.449999809265137
vertex 14.783506393432617 -53.607120513916016 -3.450000047683716
endloop
endfacet
facet normal 0 -1 0
outer loop
vertex 17.033506393432617 -53.607120513916016 -5.699999809265137
vertex 24.533506393432617 -53.607120513916016 -5.699999809265137
vertex 26.783506393432617 -53.607120513916016 -3.450000047683716
endloop
endfacet
facet normal 0.5555703047945764 0 -0.8314695643440363
outer loop
vertex 14.209481239318848 -55.29386901855469 -3.564180612564087
vertex 13.722846031188965 -53.607120513916016 -3.8893399238586426
vertex 14.209481239318848 -53.607120513916016 -3.564180612564087
endloop
endfacet
facet normal 0 -1 0
outer loop
vertex 24.533506393432617 -53.607120513916016 -5.699999809265137
vertex 24.916189193725586 -53.607120513916016 -5.776120662689209
vertex 26.783506393432617 -53.607120513916016 -3.450000047683716
endloop
endfacet
facet normal 0 -1 0
outer loop
vertex 13.722846031188965 -53.607120513916016 -3.8893399238586426
vertex 14.209481239318848 -53.607120513916016 -11.335819244384766
vertex 14.209481239318848 -53.607120513916016 -3.564180612564087
endloop
endfacet
facet normal 0 -1 0
outer loop
vertex 13.397686958312988 -53.607120513916016 -4.375974655151367
vertex 13.722846031188965 -53.607120513916016 -11.010660171508789
vertex 13.722846031188965 -53.607120513916016 -3.8893399238586426
endloop
endfacet
facet normal 0 -1 0
outer loop
vertex 14.783506393432617 -53.607120513916016 -3.450000047683716
vertex 17.033506393432617 -53.607120513916016 -5.699999809265137
vertex 26.783506393432617 -53.607120513916016 -3.450000047683716
endloop
endfacet
facet normal 0 -1 0
outer loop
vertex 17.033506393432617 -53.607120513916016 -9.199999809265137
vertex 14.783506393432617 -53.607120513916016 -11.449999809265137
vertex 24.533506393432617 -53.607120513916016 -9.199999809265137
endloop
endfacet
facet normal -0.9807850135586839 0 -0.1950916635294606
outer loop
vertex 28.283506393432617 -53.607120513916016 -4.949999809265137
vertex 28.283506393432617 -55.294010162353516 -4.949999809265137
vertex 28.16932487487793 -53.607120513916016 -4.375974655151367
endloop
endfacet
facet normal -0.9807850135586839 0 -0.1950916635294606
outer loop
vertex 28.16932487487793 -53.607120513916016 -4.375974655151367
vertex 28.283506393432617 -55.294010162353516 -4.949999809265137
vertex 28.16932487487793 -55.29400634765625 -4.375974655151367
endloop
endfacet
facet normal -0.8314695010489662 0 -0.5555703995223135
outer loop
vertex 27.844165802001953 -53.607120513916016 -3.8893399238586426
vertex 28.16932487487793 -53.607120513916016 -4.375974655151367
vertex 28.16932487487793 -55.29400634765625 -4.375974655151367
endloop
endfacet
facet normal 0 -1 0
outer loop
vertex 13.397686958312988 -53.607120513916016 -10.524024963378906
vertex 13.722846031188965 -53.607120513916016 -11.010660171508789
vertex 13.397686958312988 -53.607120513916016 -4.375974655151367
endloop
endfacet
facet normal 0 -1 0
outer loop
vertex 13.283506393432617 -53.607120513916016 -9.949999809265137
vertex 13.397686958312988 -53.607120513916016 -10.524024963378906
vertex 13.283506393432617 -53.607120513916016 -4.949999809265137
endloop
endfacet
facet normal 0 -1 0
outer loop
vertex 14.783506393432617 -53.607120513916016 -11.449999809265137
vertex 16.033506393432617 -53.607120513916016 -8.199999809265137
vertex 14.783506393432617 -53.607120513916016 -3.450000047683716
endloop
endfacet
facet normal 1 0 0
outer loop
vertex 13.283506393432617 -55.293861389160156 -4.949999809265137
vertex 13.283506393432617 -55.293861389160156 -9.949999809265137
vertex 13.283506393432617 -53.607120513916016 -9.949999809265137
endloop
endfacet
facet normal 0 -1 0
outer loop
vertex 13.283506393432617 -53.607120513916016 -4.949999809265137
vertex 13.397686958312988 -53.607120513916016 -10.524024963378906
vertex 13.397686958312988 -53.607120513916016 -4.375974655151367
endloop
endfacet
facet normal 1 0 0
outer loop
vertex 13.283506393432617 -55.293861389160156 -4.949999809265137
vertex 13.283506393432617 -53.607120513916016 -9.949999809265137
vertex 13.283506393432617 -53.607120513916016 -4.949999809265137
endloop
endfacet
facet normal -0.8314695010489662 0 -0.5555703995223135
outer loop
vertex 27.844165802001953 -53.607120513916016 -3.8893399238586426
vertex 28.16932487487793 -55.29400634765625 -4.375974655151367
vertex 27.844165802001953 -55.29400634765625 -3.8893399238586426
endloop
endfacet
facet normal 0 -1 0
outer loop
vertex 14.783506393432617 -53.607120513916016 -3.450000047683716
vertex 16.033506393432617 -53.607120513916016 -8.199999809265137
vertex 16.033506393432617 -53.607120513916016 -6.699999809265137
endloop
endfacet
facet normal -0.5555718102198659 0 -0.8314685584488576
outer loop
vertex 27.357532501220703 -53.607120513916016 -3.564180612564087
vertex 27.844165802001953 -53.607120513916016 -3.8893399238586426
vertex 27.844165802001953 -55.29400634765625 -3.8893399238586426
endloop
endfacet
facet normal 0 -1 0
outer loop
vertex 14.783506393432617 -53.607120513916016 -3.450000047683716
vertex 16.033506393432617 -53.607120513916016 -6.699999809265137
vertex 16.10962677001953 -53.607120513916016 -6.31731653213501
endloop
endfacet
facet normal 0.9807853563514094 0 0.1950899401984604
outer loop
vertex 16.10962677001953 -53.607120513916016 -8.582683563232422
vertex 16.10962677001953 -52.40711975097656 -8.582683563232422
vertex 16.033506393432617 -53.607120513916016 -8.199999809265137
endloop
endfacet
facet normal -0.19509158345481065 0 -0.9807850294866326
outer loop
vertex 24.916189193725586 -52.40711975097656 -5.776120662689209
vertex 24.916189193725586 -53.607120513916016 -5.776120662689209
vertex 24.533506393432617 -52.40711975097656 -5.699999809265137
endloop
endfacet
facet normal 1 0 0
outer loop
vertex 16.033506393432617 -53.607120513916016 -6.699999809265137
vertex 16.033506393432617 -52.40711975097656 -8.199999809265137
vertex 16.033506393432617 -52.40711975097656 -6.699999809265137
endloop
endfacet
facet normal 1 0 0
outer loop
vertex 16.033506393432617 -53.607120513916016 -8.199999809265137
vertex 16.033506393432617 -52.40711975097656 -8.199999809265137
vertex 16.033506393432617 -53.607120513916016 -6.699999809265137
endloop
endfacet
facet normal 0 0 1
outer loop
vertex 17.033506393432617 -52.40711975097656 -9.199999809265137
vertex 17.033506393432617 -53.607120513916016 -9.199999809265137
vertex 24.533506393432617 -52.40711975097656 -9.199999809265137
endloop
endfacet
facet normal 0 0 1
outer loop
vertex 24.533506393432617 -52.40711975097656 -9.199999809265137
vertex 17.033506393432617 -53.607120513916016 -9.199999809265137
vertex 24.533506393432617 -53.607120513916016 -9.199999809265137
endloop
endfacet
facet normal -0.19509040787318935 0 0.9807852633251952
outer loop
vertex 24.916189193725586 -53.607120513916016 -9.123879432678223
vertex 24.916189193725586 -52.40711975097656 -9.123879432678223
vertex 24.533506393432617 -53.607120513916016 -9.199999809265137
endloop
endfacet
facet normal -0.19509040787318935 0 0.9807852633251952
outer loop
vertex 24.533506393432617 -52.40711975097656 -9.199999809265137
vertex 24.533506393432617 -53.607120513916016 -9.199999809265137
vertex 24.916189193725586 -52.40711975097656 -9.123879432678223
endloop
endfacet
facet normal -0.5555690810033217 0 0.83147038205406
outer loop
vertex 24.916189193725586 -52.40711975097656 -9.123879432678223
vertex 24.916189193725586 -53.607120513916016 -9.123879432678223
vertex 25.24061393737793 -52.40711975097656 -8.907106399536133
endloop
endfacet
facet normal -0.5555690810033217 0 0.83147038205406
outer loop
vertex 25.24061393737793 -52.40711975097656 -8.907106399536133
vertex 24.916189193725586 -53.607120513916016 -9.123879432678223
vertex 25.24061393737793 -53.607120513916016 -8.907106399536133
endloop
endfacet
facet normal -0.8314700022881474 0 0.5555696493644593
outer loop
vertex 25.24061393737793 -52.40711975097656 -8.907106399536133
vertex 25.24061393737793 -53.607120513916016 -8.907106399536133
vertex 25.457386016845703 -52.40711975097656 -8.582683563232422
endloop
endfacet
facet normal -0.8314700022881474 0 0.5555696493644593
outer loop
vertex 25.457386016845703 -52.40711975097656 -8.582683563232422
vertex 25.24061393737793 -53.607120513916016 -8.907106399536133
vertex 25.457386016845703 -53.607120513916016 -8.582683563232422
endloop
endfacet
facet normal 0.8314700022881474 0 0.5555696493644593
outer loop
vertex 16.10962677001953 -53.607120513916016 -8.582683563232422
vertex 16.326398849487305 -52.40711975097656 -8.907106399536133
vertex 16.10962677001953 -52.40711975097656 -8.582683563232422
endloop
endfacet
facet normal 0.9807853563514094 0 0.1950899401984604
outer loop
vertex 16.033506393432617 -53.607120513916016 -8.199999809265137
vertex 16.10962677001953 -52.40711975097656 -8.582683563232422
vertex 16.033506393432617 -52.40711975097656 -8.199999809265137
endloop
endfacet
facet normal 0.8314700022881474 0 0.5555696493644593
outer loop
vertex 16.10962677001953 -53.607120513916016 -8.582683563232422
vertex 16.326398849487305 -53.607120513916016 -8.907106399536133
vertex 16.326398849487305 -52.40711975097656 -8.907106399536133
endloop
endfacet
facet normal 0.5555690810033217 0 0.83147038205406
outer loop
vertex 16.326398849487305 -53.607120513916016 -8.907106399536133
vertex 16.65082359313965 -52.40711975097656 -9.123879432678223
vertex 16.326398849487305 -52.40711975097656 -8.907106399536133
endloop
endfacet
facet normal 0.5555690810033217 0 0.83147038205406
outer loop
vertex 16.326398849487305 -53.607120513916016 -8.907106399536133
vertex 16.65082359313965 -53.607120513916016 -9.123879432678223
vertex 16.65082359313965 -52.40711975097656 -9.123879432678223
endloop
endfacet
facet normal 0.19509040787318935 0 0.9807852633251952
outer loop
vertex 16.65082359313965 -53.607120513916016 -9.123879432678223
vertex 17.033506393432617 -52.40711975097656 -9.199999809265137
vertex 16.65082359313965 -52.40711975097656 -9.123879432678223
endloop
endfacet
facet normal -0.9807853563514094 0 0.1950899401984604
outer loop
vertex 25.533506393432617 -52.40711975097656 -8.199999809265137
vertex 25.457386016845703 -52.40711975097656 -8.582683563232422
vertex 25.457386016845703 -53.607120513916016 -8.582683563232422
endloop
endfacet
facet normal -0.9807853563514094 0 0.1950899401984604
outer loop
vertex 25.533506393432617 -52.40711975097656 -8.199999809265137
vertex 25.457386016845703 -53.607120513916016 -8.582683563232422
vertex 25.533506393432617 -53.607120513916016 -8.199999809265137
endloop
endfacet
facet normal -1 0 0
outer loop
vertex 25.533506393432617 -52.40711975097656 -8.199999809265137
vertex 25.533506393432617 -53.607120513916016 -8.199999809265137
vertex 25.533506393432617 -52.40711975097656 -6.699999809265137
endloop
endfacet
facet normal 0.19509040787318935 0 0.9807852633251952
outer loop
vertex 16.65082359313965 -53.607120513916016 -9.123879432678223
vertex 17.033506393432617 -53.607120513916016 -9.199999809265137
vertex 17.033506393432617 -52.40711975097656 -9.199999809265137
endloop
endfacet
facet normal -1 0 0
outer loop
vertex 25.533506393432617 -52.40711975097656 -6.699999809265137
vertex 25.533506393432617 -53.607120513916016 -8.199999809265137
vertex 25.533506393432617 -53.607120513916016 -6.699999809265137
endloop
endfacet
facet normal 0.9807853098383859 0 -0.19509017403555012
outer loop
vertex 16.033506393432617 -53.607120513916016 -6.699999809265137
vertex 16.033506393432617 -52.40711975097656 -6.699999809265137
vertex 16.10962677001953 -53.607120513916016 -6.31731653213501
endloop
endfacet
facet normal 0.9807853098383859 0 -0.19509017403555012
outer loop
vertex 16.10962677001953 -53.607120513916016 -6.31731653213501
vertex 16.033506393432617 -52.40711975097656 -6.699999809265137
vertex 16.10962677001953 -52.40711975097656 -6.31731653213501
endloop
endfacet
facet normal 0.831470379496779 0 -0.5555690848305744
outer loop
vertex 16.10962677001953 -53.607120513916016 -6.31731653213501
vertex 16.10962677001953 -52.40711975097656 -6.31731653213501
vertex 16.326398849487305 -53.607120513916016 -5.992893218994141
endloop
endfacet
facet normal 0.831470379496779 0 -0.5555690848305744
outer loop
vertex 16.326398849487305 -53.607120513916016 -5.992893218994141
vertex 16.10962677001953 -52.40711975097656 -6.31731653213501
vertex 16.326398849487305 -52.40711975097656 -5.992893218994141
endloop
endfacet
facet normal 0.5555682361196549 0 -0.8314709465849636
outer loop
vertex 16.326398849487305 -53.607120513916016 -5.992893218994141
vertex 16.326398849487305 -52.40711975097656 -5.992893218994141
vertex 16.65082359313965 -53.607120513916016 -5.776120662689209
endloop
endfacet
facet normal 0.5555682361196549 0 -0.8314709465849636
outer loop
vertex 16.65082359313965 -53.607120513916016 -5.776120662689209
vertex 16.326398849487305 -52.40711975097656 -5.992893218994141
vertex 16.65082359313965 -52.40711975097656 -5.776120662689209
endloop
endfacet
facet normal 0.19509158345481065 0 -0.9807850294866326
outer loop
vertex 16.65082359313965 -53.607120513916016 -5.776120662689209
vertex 16.65082359313965 -52.40711975097656 -5.776120662689209
vertex 17.033506393432617 -53.607120513916016 -5.699999809265137
endloop
endfacet
facet normal 0.19509158345481065 0 -0.9807850294866326
outer loop
vertex 17.033506393432617 -53.607120513916016 -5.699999809265137
vertex 16.65082359313965 -52.40711975097656 -5.776120662689209
vertex 17.033506393432617 -52.40711975097656 -5.699999809265137
endloop
endfacet
facet normal -0.9807853098383859 0 -0.19509017403555012
outer loop
vertex 25.457386016845703 -53.607120513916016 -6.31731653213501
vertex 25.457386016845703 -52.40711975097656 -6.31731653213501
vertex 25.533506393432617 -53.607120513916016 -6.699999809265137
endloop
endfacet
facet normal -0.9807853098383859 0 -0.19509017403555012
outer loop
vertex 25.533506393432617 -52.40711975097656 -6.699999809265137
vertex 25.533506393432617 -53.607120513916016 -6.699999809265137
vertex 25.457386016845703 -52.40711975097656 -6.31731653213501
endloop
endfacet
facet normal 0 0 -1
outer loop
vertex 17.033506393432617 -53.607120513916016 -5.699999809265137
vertex 17.033506393432617 -52.40711975097656 -5.699999809265137
vertex 24.533506393432617 -53.607120513916016 -5.699999809265137
endloop
endfacet
facet normal 0 0 -1
outer loop
vertex 24.533506393432617 -53.607120513916016 -5.699999809265137
vertex 17.033506393432617 -52.40711975097656 -5.699999809265137
vertex 24.533506393432617 -52.40711975097656 -5.699999809265137
endloop
endfacet
facet normal -0.831470379496779 0 -0.5555690848305744
outer loop
vertex 25.457386016845703 -52.40711975097656 -6.31731653213501
vertex 25.457386016845703 -53.607120513916016 -6.31731653213501
vertex 25.24061393737793 -52.40711975097656 -5.992893218994141
endloop
endfacet
facet normal -0.831470379496779 0 -0.5555690848305744
outer loop
vertex 25.24061393737793 -52.40711975097656 -5.992893218994141
vertex 25.457386016845703 -53.607120513916016 -6.31731653213501
vertex 25.24061393737793 -53.607120513916016 -5.992893218994141
endloop
endfacet
facet normal -0.5555682361196549 0 -0.8314709465849636
outer loop
vertex 24.916189193725586 -53.607120513916016 -5.776120662689209
vertex 24.916189193725586 -52.40711975097656 -5.776120662689209
vertex 25.24061393737793 -53.607120513916016 -5.992893218994141
endloop
endfacet
facet normal -0.5555682361196549 0 -0.8314709465849636
outer loop
vertex 25.24061393737793 -52.40711975097656 -5.992893218994141
vertex 25.24061393737793 -53.607120513916016 -5.992893218994141
vertex 24.916189193725586 -52.40711975097656 -5.776120662689209
endloop
endfacet
facet normal -0.19509158345481065 0 -0.9807850294866326
outer loop
vertex 24.533506393432617 -52.40711975097656 -5.699999809265137
vertex 24.916189193725586 -53.607120513916016 -5.776120662689209
vertex 24.533506393432617 -53.607120513916016 -5.699999809265137
endloop
endfacet
facet normal -0.02751590757491118 -0.10269097938276679 -0.9943326594172279
outer loop
vertex 42.69013977050781 -55.891239166259766 -1.5949000120162964
vertex 41.47726058959961 -55.56624984741211 -1.5949000120162964
vertex 42.7954216003418 -55.29415512084961 -1.6594780683517456
endloop
endfacet
facet normal 1 0 0
outer loop
vertex 48.44102096557617 -55.29420852661133 -1
vertex 48.44102096557617 -54.79420852661133 -0.5
vertex 48.44102096557617 -55.375221252441406 -0.5
endloop
endfacet
facet normal 0.25881803504136525 -0.9659260969335732 0
outer loop
vertex 45.33020782470703 -56.67558288574219 -0.5
vertex 45.33020782470703 -56.67558288574219 -1.5
vertex 46.67718505859375 -56.31466293334961 -0.5
endloop
endfacet
facet normal 0.42262052825064694 -0.9063067301422538 0
outer loop
vertex 46.67718505859375 -56.31466293334961 -0.5
vertex 46.67718505859375 -56.31466293334961 -1.5
vertex 47.94102096557617 -55.72532272338867 -0.5
endloop
endfacet
facet normal 0.0871572759617764 -0.9961945639517026 0
outer loop
vertex 44.34102249145508 -56.76212692260742 -0.5
vertex 44.34102249145508 -56.76212692260742 -1.5
vertex 45.33020782470703 -56.67558288574219 -0.5
endloop
endfacet
facet normal 1 0 0
outer loop
vertex 48.44102096557617 -55.375221252441406 -0.5
vertex 48.44102096557617 -55.375221252441406 -1.5
vertex 48.44102096557617 -55.29420852661133 -1
endloop
endfacet
facet normal 0.5735739099356075 -0.8191538132983204 0
outer loop
vertex 47.94102096557617 -55.72532272338867 -1.5
vertex 48.44102096557617 -55.375221252441406 -1.5
vertex 48.44102096557617 -55.375221252441406 -0.5
endloop
endfacet
facet normal 0.42262052825064694 -0.9063067301422538 0
outer loop
vertex 46.67718505859375 -56.31466293334961 -1.5
vertex 47.94102096557617 -55.72532272338867 -1.5
vertex 47.94102096557617 -55.72532272338867 -0.5
endloop
endfacet
facet normal 0.25881803504136525 -0.9659260969335732 0
outer loop
vertex 45.33020782470703 -56.67558288574219 -1.5
vertex 46.67718505859375 -56.31466293334961 -1.5
vertex 46.67718505859375 -56.31466293334961 -0.5
endloop
endfacet
facet normal 0.0871572759617764 -0.9961945639517026 0
outer loop
vertex 45.33020782470703 -56.67558288574219 -1.5
vertex 45.33020782470703 -56.67558288574219 -0.5
vertex 44.34102249145508 -56.76212692260742 -1.5
endloop
endfacet
facet normal 1 0 0
outer loop
vertex 48.44102096557617 -55.375221252441406 -1.5
vertex 48.44102096557617 -55.29420852661133 -1.5079374313354492
vertex 48.44102096557617 -55.29420852661133 -1
endloop
endfacet
facet normal 0.06811866680813863 -0.09728417681855309 -0.9929227745263064
outer loop
vertex 47.94102096557617 -55.72532272338867 -1.5
vertex 48.44102096557617 -55.29420852661133 -1.5079374313354492
vertex 48.44102096557617 -55.375221252441406 -1.5
endloop
endfacet
facet normal 0.06812015311134027 -0.09728589563348998 -0.9929225041516972
outer loop
vertex 47.94102096557617 -55.72532272338867 -1.5
vertex 47.692115783691406 -55.2942008972168 -1.5593173503875732
vertex 48.44102096557617 -55.29420852661133 -1.5079374313354492
endloop
endfacet
facet normal 0.050191687535439074 -0.10763677172060511 -0.9929225145377212
outer loop
vertex 47.94102096557617 -55.72532272338867 -1.5
vertex 46.40478515625 -55.56624984741211 -1.5949000120162964
vertex 47.692115783691406 -55.2942008972168 -1.5593173503875732
endloop
endfacet
facet normal 0.05019157055515792 -0.10763620942604898 -0.9929225814058205
outer loop
vertex 46.40478515625 -55.56624984741211 -1.5949000120162964
vertex 46.98821258544922 -55.294193267822266 -1.5949000120162964
vertex 47.692115783691406 -55.2942008972168 -1.5593173503875732
endloop
endfacet
facet normal 0.050191781208217705 -0.10763591937932698 -0.9929226021994432
outer loop
vertex 46.67718505859375 -56.31466293334961 -1.5
vertex 46.40478515625 -55.56624984741211 -1.5949000120162964
vertex 47.94102096557617 -55.72532272338867 -1.5
endloop
endfacet
facet normal 0.04493027497426754 -0.09635332055181618 -0.9943325942607812
outer loop
vertex 46.305763244628906 -55.294189453125 -1.6257377862930298
vertex 46.98821258544922 -55.294193267822266 -1.5949000120162964
vertex 46.40478515625 -55.56624984741211 -1.5949000120162964
endloop
endfacet
facet normal 0.027516067274480735 -0.10269157539091808 -0.9943325934442043
outer loop
vertex 46.40478515625 -55.56624984741211 -1.5949000120162964
vertex 45.1919059753418 -55.891239166259766 -1.5949000120162964
vertex 46.305763244628906 -55.294189453125 -1.6257377862930298
endloop
endfacet
facet normal 0.02751550964689257 -0.10269054139227704 -0.9943327156628372
outer loop
vertex 45.1919059753418 -55.891239166259766 -1.5949000120162964
vertex 45.08662796020508 -55.29417419433594 -1.6594756841659546
vertex 46.305763244628906 -55.294189453125 -1.6257377862930298
endloop
endfacet
facet normal 0.03073812088894997 -0.11471646827852612 -0.9929226051560707
outer loop
vertex 46.67718505859375 -56.31466293334961 -1.5
vertex 45.1919059753418 -55.891239166259766 -1.5949000120162964
vertex 46.40478515625 -55.56624984741211 -1.5949000120162964
endloop
endfacet
facet normal 0.03073808729870106 -0.11471658335900925 -0.9929225929001984
outer loop
vertex 45.33020782470703 -56.67558288574219 -1.5
vertex 45.1919059753418 -55.891239166259766 -1.5949000120162964
vertex 46.67718505859375 -56.31466293334961 -1.5
endloop
endfacet
facet normal 0.009265955253423693 -0.10590870525734913 -0.9943326848816515
outer loop
vertex 45.1919059753418 -55.891239166259766 -1.5949000120162964
vertex 44.34102249145508 -55.96568298339844 -1.5949000120162964
vertex 44.34102249145508 -55.29417037963867 -1.6664243936538696
endloop
endfacet
facet normal 0.009266194356821057 -0.10590836854017235 -0.9943327185179519
outer loop
vertex 45.1919059753418 -55.891239166259766 -1.5949000120162964
vertex 44.34102249145508 -55.29417037963867 -1.6664243936538696
vertex 45.08662796020508 -55.29417419433594 -1.6594756841659546
endloop
endfacet
facet normal 0.010351066279839425 -0.11831138805961072 -0.9929225905790836
outer loop
vertex 45.33020782470703 -56.67558288574219 -1.5
vertex 44.34102249145508 -55.96568298339844 -1.5949000120162964
vertex 45.1919059753418 -55.891239166259766 -1.5949000120162964
endloop
endfacet
facet normal 0.01035108629984877 -0.1183113605733453 -0.9929225936454951
outer loop
vertex 44.34102249145508 -56.76212692260742 -1.5
vertex 44.34102249145508 -55.96568298339844 -1.5949000120162964
vertex 45.33020782470703 -56.67558288574219 -1.5
endloop
endfacet
facet normal -0.0871572759617764 -0.9961945639517026 0
outer loop
vertex 42.55183792114258 -56.67558288574219 -0.5
vertex 42.55183792114258 -56.67558288574219 -1.5
vertex 43.54102325439453 -56.76212692260742 -0.5
endloop
endfacet
facet normal -0.25881803504136525 -0.9659260969335732 0
outer loop
vertex 41.20486068725586 -56.31466293334961 -0.5
vertex 41.20486068725586 -56.31466293334961 -1.5
vertex 42.55183792114258 -56.67558288574219 -0.5
endloop
endfacet
facet normal -0.42261948047228126 -0.9063072187317825 0
outer loop
vertex 39.94102096557617 -55.72532272338867 -0.5
vertex 39.94102096557617 -55.72532272338867 -1.5
vertex 41.20486068725586 -56.31466293334961 -0.5
endloop
endfacet
facet normal -0.0871572759617764 -0.9961945639517026 0
outer loop
vertex 42.55183792114258 -56.67558288574219 -1.5
vertex 43.54102325439453 -56.76212692260742 -1.5
vertex 43.54102325439453 -56.76212692260742 -0.5
endloop
endfacet
facet normal -0.25881803504136525 -0.9659260969335732 0
outer loop
vertex 41.20486068725586 -56.31466293334961 -1.5
vertex 42.55183792114258 -56.67558288574219 -1.5
vertex 42.55183792114258 -56.67558288574219 -0.5
endloop
endfacet
facet normal -0.42261948047228126 -0.9063072187317825 0
outer loop
vertex 41.20486068725586 -56.31466293334961 -1.5
vertex 41.20486068725586 -56.31466293334961 -0.5
vertex 39.94102096557617 -55.72532272338867 -1.5
endloop
endfacet
facet normal -1 0 0
outer loop
vertex 39.44102096557617 -54.79412078857422 -0.5
vertex 39.44102096557617 -55.29412078857422 -1
vertex 39.44102096557617 -55.375221252441406 -0.5
endloop
endfacet
facet normal -0.5735739099356075 -0.8191538132983204 0
outer loop
vertex 39.44102096557617 -55.375221252441406 -0.5
vertex 39.44102096557617 -55.375221252441406 -1.5
vertex 39.94102096557617 -55.72532272338867 -0.5
endloop
endfacet
facet normal -1 0 0
outer loop
vertex 39.44102096557617 -55.29412078857422 -1
vertex 39.44102096557617 -55.375221252441406 -1.5
vertex 39.44102096557617 -55.375221252441406 -0.5
endloop
endfacet
facet normal -0.5735739099356075 -0.8191538132983204 0
outer loop
vertex 39.94102096557617 -55.72532272338867 -1.5
vertex 39.94102096557617 -55.72532272338867 -0.5
vertex 39.44102096557617 -55.375221252441406 -1.5
endloop
endfacet
facet normal -0.00926590600901877 -0.10590814239998322 -0.9943327452916436
outer loop
vertex 43.54102325439453 -55.96568298339844 -1.5949000120162964
vertex 42.69013977050781 -55.891239166259766 -1.5949000120162964
vertex 43.54102325439453 -55.294158935546875 -1.6664252281188965
endloop
endfacet
facet normal -0.00926525817581368 -0.10590905469316345 -0.9943326541580217
outer loop
vertex 43.54102325439453 -55.294158935546875 -1.6664252281188965
vertex 42.69013977050781 -55.891239166259766 -1.5949000120162964
vertex 42.7954216003418 -55.29415512084961 -1.6594780683517456
endloop
endfacet
facet normal -0.010351063877468076 -0.11831136060080781 -0.9929225938759729
outer loop
vertex 43.54102325439453 -56.76212692260742 -1.5
vertex 42.69013977050781 -55.891239166259766 -1.5949000120162964
vertex 43.54102325439453 -55.96568298339844 -1.5949000120162964
endloop
endfacet
facet normal -0.010351088366339644 -0.11831138419302538 -0.9929225908095567
outer loop
vertex 42.55183792114258 -56.67558288574219 -1.5
vertex 42.69013977050781 -55.891239166259766 -1.5949000120162964
vertex 43.54102325439453 -56.76212692260742 -1.5
endloop
endfacet
facet normal -0.030738148798137778 -0.11471657243725038 -0.9929225922581844
outer loop
vertex 42.55183792114258 -56.67558288574219 -1.5
vertex 41.47726058959961 -55.56624984741211 -1.5949000120162964
vertex 42.69013977050781 -55.891239166259766 -1.5949000120162964
endloop
endfacet
facet normal -0.04492920708107571 -0.09635218457704901 -0.9943327525925596
outer loop
vertex 40.89370346069336 -55.29413604736328 -1.5949000120162964
vertex 41.57630157470703 -55.29413986206055 -1.62574303150177
vertex 41.47726058959961 -55.56624984741211 -1.5949000120162964
endloop
endfacet
facet normal -0.05019097196671979 -0.10763621504185898 -0.9929226110551108
outer loop
vertex 41.20486068725586 -56.31466293334961 -1.5
vertex 40.89370346069336 -55.29413604736328 -1.5949000120162964
vertex 41.47726058959961 -55.56624984741211 -1.5949000120162964
endloop
endfacet
facet normal -0.027516091932778826 -0.10269010644816284 -0.9943327444685767
outer loop
vertex 41.47726058959961 -55.56624984741211 -1.5949000120162964
vertex 41.57630157470703 -55.29413986206055 -1.62574303150177
vertex 42.7954216003418 -55.29415512084961 -1.6594780683517456
endloop
endfacet
facet normal -0.030738062168052558 -0.11471648956975991 -0.9929226045140398
outer loop
vertex 41.20486068725586 -56.31466293334961 -1.5
vertex 41.47726058959961 -55.56624984741211 -1.5949000120162964
vertex 42.55183792114258 -56.67558288574219 -1.5
endloop
endfacet
facet normal -0.05019189558504398 -0.10763648954308151 -0.9929225346100381
outer loop
vertex 39.94102096557617 -55.72532272338867 -1.5
vertex 40.89370346069336 -55.29413604736328 -1.5949000120162964
vertex 41.20486068725586 -56.31466293334961 -1.5
endloop
endfacet
facet normal -0.05019195293289046 -0.1076363651657144 -0.9929225451940829
outer loop
vertex 40.18997573852539 -55.29412841796875 -1.5593276023864746
vertex 40.89370346069336 -55.29413604736328 -1.5949000120162964
vertex 39.94102096557617 -55.72532272338867 -1.5
endloop
endfacet
facet normal -1 0 0
outer loop
vertex 39.44102096557617 -55.29412078857422 -1
vertex 39.44102096557617 -55.29412078857422 -1.5079461336135864
vertex 39.44102096557617 -55.375221252441406 -1.5
endloop
endfacet
facet normal -0.06811968437355492 -0.0972854544685436 -0.9929225795346263
outer loop
vertex 40.18997573852539 -55.29412841796875 -1.5593276023864746
vertex 39.44102096557617 -55.375221252441406 -1.5
vertex 39.44102096557617 -55.29412078857422 -1.5079461336135864
endloop
endfacet
facet normal -0.06811966697601139 -0.0972856052156833 -0.9929225659581393
outer loop
vertex 39.44102096557617 -55.375221252441406 -1.5
vertex 40.18997573852539 -55.29412841796875 -1.5593276023864746
vertex 39.94102096557617 -55.72532272338867 -1.5
endloop
endfacet
facet normal 0.5735739099356075 -0.8191538132983204 0
outer loop
vertex 47.94102096557617 -55.72532272338867 -0.5
vertex 47.94102096557617 -55.72532272338867 -1.5
vertex 48.44102096557617 -55.375221252441406 -0.5
endloop
endfacet
facet normal 0.2588187189266581 -0.9659259136875683 0
outer loop
vertex -50.631893157958984 -56.67558288574219 -0.5
vertex -50.631893157958984 -56.67558288574219 -1.5
vertex -49.28491973876953 -56.31466293334961 -0.5
endloop
endfacet
facet normal 1 0 0
outer loop
vertex -47.521080017089844 -55.29325866699219 -1
vertex -47.521080017089844 -54.79325866699219 -0.5
vertex -47.521080017089844 -55.375221252441406 -0.5
endloop
endfacet
facet normal 0.5735739099356075 -0.8191538132983204 0
outer loop
vertex -48.021080017089844 -55.72532272338867 -0.5
vertex -48.021080017089844 -55.72532272338867 -1.5
vertex -47.521080017089844 -55.375221252441406 -0.5
endloop
endfacet
facet normal 1 0 0
outer loop
vertex -47.521080017089844 -55.375221252441406 -1.5
vertex -47.521080017089844 -55.29325866699219 -1.508030652999878
vertex -47.521080017089844 -55.29325866699219 -1
endloop
endfacet
facet normal 0.06811978573668624 -0.09728604977537776 -0.992922514252895
outer loop
vertex -47.521080017089844 -55.375221252441406 -1.5
vertex -48.270538330078125 -55.293251037597656 -1.5594482421875
vertex -47.521080017089844 -55.29325866699219 -1.508030652999878
endloop
endfacet
facet normal 0.06811981320133753 -0.09728581404846218 -0.9929225354650497
outer loop
vertex -48.021080017089844 -55.72532272338867 -1.5
vertex -48.270538330078125 -55.293251037597656 -1.5594482421875
vertex -47.521080017089844 -55.375221252441406 -1.5
endloop
endfacet
facet normal 0.05019162427365953 -0.10763672378597623 -0.9929225229318717
outer loop
vertex -48.021080017089844 -55.72532272338867 -1.5
vertex -48.97185134887695 -55.293243408203125 -1.5949000120162964
vertex -48.270538330078125 -55.293251037597656 -1.5594482421875
endloop
endfacet
facet normal 0.05019155121429017 -0.10763688160347105 -0.9929225095169227
outer loop
vertex -48.021080017089844 -55.72532272338867 -1.5
vertex -49.55731964111328 -55.56624984741211 -1.5949000120162964
vertex -48.97185134887695 -55.293243408203125 -1.5949000120162964
endloop
endfacet
facet normal 0.04492954080088015 -0.09635238494692641 -0.9943327180971475
outer loop
vertex -49.65668869018555 -55.293235778808594 -1.6258455514907837
vertex -48.97185134887695 -55.293243408203125 -1.5949000120162964
vertex -49.55731964111328 -55.56624984741211 -1.5949000120162964
endloop
endfacet
facet normal 0.05019165176549849 -0.10763596667221456 -0.9929226036160064
outer loop
vertex -49.28491973876953 -56.31466293334961 -1.5
vertex -49.55731964111328 -55.56624984741211 -1.5949000120162964
vertex -48.021080017089844 -55.72532272338867 -1.5
endloop
endfacet
facet normal 0.030738209004710124 -0.11471643632919659 -0.9929226061194862
outer loop
vertex -49.28491973876953 -56.31466293334961 -1.5
vertex -50.77019500732422 -55.891239166259766 -1.5949000120162964
vertex -49.55731964111328 -55.56624984741211 -1.5949000120162964
endloop
endfacet
facet normal 0.02751591704030702 -0.1026906917286609 -0.9943326888630988
outer loop
vertex -50.77019500732422 -55.891239166259766 -1.5949000120162964
vertex -50.875640869140625 -55.2932243347168 -1.659578561782837
vertex -49.55731964111328 -55.56624984741211 -1.5949000120162964
endloop
endfacet
facet normal 0.027515977364269566 -0.1026904070206267 -0.9943327165972299
outer loop
vertex -49.55731964111328 -55.56624984741211 -1.5949000120162964
vertex -50.875640869140625 -55.2932243347168 -1.659578561782837
vertex -49.65668869018555 -55.293235778808594 -1.6258455514907837
endloop
endfacet
facet normal 0.009265671367845821 -0.10590869364991887 -0.9943326887634092
outer loop
vertex -50.77019500732422 -55.891239166259766 -1.5949000120162964
vertex -51.62107849121094 -55.293216705322266 -1.6665257215499878
vertex -50.875640869140625 -55.2932243347168 -1.659578561782837
endloop
endfacet
facet normal 0.030738170396299697 -0.11471656860160676 -0.9929225920327128
outer loop
vertex -50.631893157958984 -56.67558288574219 -1.5
vertex -50.77019500732422 -55.891239166259766 -1.5949000120162964
vertex -49.28491973876953 -56.31466293334961 -1.5
endloop
endfacet
facet normal 0.010351066279839425 -0.11831138805961072 -0.9929225905790836
outer loop
vertex -50.631893157958984 -56.67558288574219 -1.5
vertex -51.62107849121094 -55.96568298339844 -1.5949000120162964
vertex -50.77019500732422 -55.891239166259766 -1.5949000120162964
endloop
endfacet
facet normal 0.009265923253062431 -0.1059083394972374 -0.9943327241377538
outer loop
vertex -51.62107849121094 -55.96568298339844 -1.5949000120162964
vertex -51.62107849121094 -55.293216705322266 -1.6665257215499878
vertex -50.77019500732422 -55.891239166259766 -1.5949000120162964
endloop
endfacet
facet normal 0.01035108629984877 -0.1183113605733453 -0.9929225936454951
outer loop
vertex -51.62107849121094 -55.96568298339844 -1.5949000120162964
vertex -50.631893157958984 -56.67558288574219 -1.5
vertex -51.62107849121094 -56.76212692260742 -1.5
endloop
endfacet
facet normal -0.009265926046853548 -0.1059083714299191 -0.9943327207105057
outer loop
vertex -52.42108154296875 -55.96568298339844 -1.5949000120162964
vertex -53.27196502685547 -55.891239166259766 -1.5949000120162964
vertex -52.42108154296875 -55.293209075927734 -1.6665265560150146
endloop
endfacet
facet normal -0.009265819688143145 -0.10590852096923659 -0.9943327057738852
outer loop
vertex -53.27196502685547 -55.891239166259766 -1.5949000120162964
vertex -53.1665153503418 -55.2932014465332 -1.659580945968628
vertex -52.42108154296875 -55.293209075927734 -1.6665265560150146
endloop
endfacet
facet normal -0.010351063877468076 -0.11831136060080781 -0.9929225938759729
outer loop
vertex -52.42108154296875 -56.76212692260742 -1.5
vertex -53.27196502685547 -55.891239166259766 -1.5949000120162964
vertex -52.42108154296875 -55.96568298339844 -1.5949000120162964
endloop
endfacet
facet normal -0.010351088366339644 -0.11831138419302538 -0.9929225908095567
outer loop
vertex -53.27196502685547 -55.891239166259766 -1.5949000120162964
vertex -52.42108154296875 -56.76212692260742 -1.5
vertex -53.4102668762207 -56.67558288574219 -1.5
endloop
endfacet
facet normal -0.5735739099356075 -0.8191538132983204 0
outer loop
vertex -56.021080017089844 -55.72532272338867 -1.5
vertex -56.021080017089844 -55.72532272338867 -0.5
vertex -56.521080017089844 -55.375221252441406 -1.5
endloop
endfacet
facet normal -0.42261948047228126 -0.9063072187317825 0
outer loop
vertex -54.757240295410156 -56.31466293334961 -1.5
vertex -54.757240295410156 -56.31466293334961 -0.5
vertex -56.021080017089844 -55.72532272338867 -1.5
endloop
endfacet
facet normal -0.02751588121468679 -0.10269055802576749 -0.9943327036627809
outer loop
vertex -53.27196502685547 -55.891239166259766 -1.5949000120162964
vertex -54.484840393066406 -55.56624984741211 -1.5949000120162964
vertex -53.1665153503418 -55.2932014465332 -1.659580945968628
endloop
endfacet
facet normal -0.027515730582532476 -0.10269126890015325 -0.9943326344147546
outer loop
vertex -54.484840393066406 -55.56624984741211 -1.5949000120162964
vertex -54.38545608520508 -55.293190002441406 -1.6258509159088135
vertex -53.1665153503418 -55.2932014465332 -1.659580945968628
endloop
endfacet
facet normal -0.03073824108335615 -0.1147165560482067 -0.9929225912947798
outer loop
vertex -53.4102668762207 -56.67558288574219 -1.5
vertex -54.484840393066406 -55.56624984741211 -1.5949000120162964
vertex -53.27196502685547 -55.891239166259766 -1.5949000120162964
endloop
endfacet
facet normal 0.42261948047228126 -0.9063072187317825 0
outer loop
vertex -49.28491973876953 -56.31466293334961 -0.5
vertex -49.28491973876953 -56.31466293334961 -1.5
vertex -48.021080017089844 -55.72532272338867 -0.5
endloop
endfacet
facet normal 1 0 0
outer loop
vertex -47.521080017089844 -55.375221252441406 -0.5
vertex -47.521080017089844 -55.375221252441406 -1.5
vertex -47.521080017089844 -55.29325866699219 -1
endloop
endfacet
facet normal 0.5735739099356075 -0.8191538132983204 0
outer loop
vertex -48.021080017089844 -55.72532272338867 -1.5
vertex -47.521080017089844 -55.375221252441406 -1.5
vertex -47.521080017089844 -55.375221252441406 -0.5
endloop
endfacet
facet normal -0.03073814151130625 -0.11471646080119803 -0.9929226053815463
outer loop
vertex -54.757240295410156 -56.31466293334961 -1.5
vertex -54.484840393066406 -55.56624984741211 -1.5949000120162964
vertex -53.4102668762207 -56.67558288574219 -1.5
endloop
endfacet
facet normal -0.044929962143919824 -0.09635309247552179 -0.9943326304975361
outer loop
vertex -55.070438385009766 -55.293182373046875 -1.5949000120162964
vertex -54.38545608520508 -55.293190002441406 -1.6258509159088135
vertex -54.484840393066406 -55.56624984741211 -1.5949000120162964
endloop
endfacet
facet normal -0.050191288577919574 -0.10763609936556182 -0.9929226075904681
outer loop
vertex -54.757240295410156 -56.31466293334961 -1.5
vertex -55.070438385009766 -55.293182373046875 -1.5949000120162964
vertex -54.484840393066406 -55.56624984741211 -1.5949000120162964
endloop
endfacet
facet normal -0.0501917824833266 -0.10763624699651742 -0.9929225666202027
outer loop
vertex -56.021080017089844 -55.72532272338867 -1.5
vertex -55.070438385009766 -55.293182373046875 -1.5949000120162964
vertex -54.757240295410156 -56.31466293334961 -1.5
endloop
endfacet
facet normal -0.2588187189266581 -0.9659259136875683 0
outer loop
vertex -54.757240295410156 -56.31466293334961 -1.5
vertex -53.4102668762207 -56.67558288574219 -1.5
vertex -53.4102668762207 -56.67558288574219 -0.5
endloop
endfacet
facet normal -0.06811969796773833 -0.09728564947674688 -0.992922559495287
outer loop
vertex -56.521080017089844 -55.375221252441406 -1.5
vertex -55.77157974243164 -55.293174743652344 -1.5594584941864014
vertex -56.021080017089844 -55.72532272338867 -1.5
endloop
endfacet
facet normal -1 0 0
outer loop
vertex -56.521080017089844 -55.29316711425781 -1.5080393552780151
vertex -56.521080017089844 -55.375221252441406 -1.5
vertex -56.521080017089844 -55.375221252441406 -0.5
endloop
endfacet
facet normal -1 0 0
outer loop
vertex -56.521080017089844 -55.29316711425781 -1
vertex -56.521080017089844 -55.29316711425781 -1.5080393552780151
vertex -56.521080017089844 -55.375221252441406 -0.5
endloop
endfacet
facet normal -0.06812002605591753 -0.09728283583655116 -0.9929228126605509
outer loop
vertex -56.521080017089844 -55.29316711425781 -1.5080393552780151
vertex -55.77157974243164 -55.293174743652344 -1.5594584941864014
vertex -56.521080017089844 -55.375221252441406 -1.5
endloop
endfacet
facet normal -0.050191738642968005 -0.10763634167134248 -0.9929225585732283
outer loop
vertex -56.021080017089844 -55.72532272338867 -1.5
vertex -55.77157974243164 -55.293174743652344 -1.5594584941864014
vertex -55.070438385009766 -55.293182373046875 -1.5949000120162964
endloop
endfacet
facet normal 0.42261948047228126 -0.9063072187317825 0
outer loop
vertex -49.28491973876953 -56.31466293334961 -1.5
vertex -48.021080017089844 -55.72532272338867 -1.5
vertex -48.021080017089844 -55.72532272338867 -0.5
endloop
endfacet
facet normal -0.0871572759617764 -0.9961945639517026 0
outer loop
vertex -53.4102668762207 -56.67558288574219 -1.5
vertex -52.42108154296875 -56.76212692260742 -1.5
vertex -52.42108154296875 -56.76212692260742 -0.5
endloop
endfacet
facet normal 0.0871572759617764 -0.9961945639517026 0
outer loop
vertex -50.631893157958984 -56.67558288574219 -1.5
vertex -50.631893157958984 -56.67558288574219 -0.5
vertex -51.62107849121094 -56.76212692260742 -1.5
endloop
endfacet
facet normal 0.2588187189266581 -0.9659259136875683 0
outer loop
vertex -50.631893157958984 -56.67558288574219 -1.5
vertex -49.28491973876953 -56.31466293334961 -1.5
vertex -49.28491973876953 -56.31466293334961 -0.5
endloop
endfacet
facet normal -0.0871572759617764 -0.9961945639517026 0
outer loop
vertex -53.4102668762207 -56.67558288574219 -0.5
vertex -53.4102668762207 -56.67558288574219 -1.5
vertex -52.42108154296875 -56.76212692260742 -0.5
endloop
endfacet
facet normal -0.42261948047228126 -0.9063072187317825 0
outer loop
vertex -56.021080017089844 -55.72532272338867 -0.5
vertex -56.021080017089844 -55.72532272338867 -1.5
vertex -54.757240295410156 -56.31466293334961 -0.5
endloop
endfacet
facet normal -0.5735739099356075 -0.8191538132983204 0
outer loop
vertex -56.521080017089844 -55.375221252441406 -0.5
vertex -56.521080017089844 -55.375221252441406 -1.5
vertex -56.021080017089844 -55.72532272338867 -0.5
endloop
endfacet
facet normal -1 0 0
outer loop
vertex -56.521080017089844 -54.79316711425781 -0.5
vertex -56.521080017089844 -55.29316711425781 -1
vertex -56.521080017089844 -55.375221252441406 -0.5
endloop
endfacet
facet normal -0.2588187189266581 -0.9659259136875683 0
outer loop
vertex -54.757240295410156 -56.31466293334961 -0.5
vertex -54.757240295410156 -56.31466293334961 -1.5
vertex -53.4102668762207 -56.67558288574219 -0.5
endloop
endfacet
facet normal 0.0871572759617764 -0.9961945639517026 0
outer loop
vertex -51.62107849121094 -56.76212692260742 -0.5
vertex -51.62107849121094 -56.76212692260742 -1.5
vertex -50.631893157958984 -56.67558288574219 -0.5
endloop
endfacet
facet normal -1 0 0
outer loop
vertex 44.34102249145508 -54.09712219238281 -0.5
vertex 44.34102249145508 -55.29417037963867 -1.6664243936538696
vertex 44.34102249145508 -55.96568298339844 -1.5949000120162964
endloop
endfacet
facet normal 1 0 0
outer loop
vertex 37.94102096557617 -53.59712219238281 -0.5
vertex 37.94102096557617 -53.59712219238281 -4
vertex 37.94102096557617 -52.59712219238281 -0.5
endloop
endfacet
facet normal 0.007193270138980207 0.999974128097676 0
outer loop
vertex 38.24967956542969 -54.059059143066406 -4
vertex 43.54102325439453 -54.09712219238281 -0.5
vertex 43.54102325439453 -54.09712219238281 -4
endloop
endfacet
facet normal 0.831469252991977 0.5555707707654927 0
outer loop
vertex 38.08747100830078 -53.95067596435547 -0.5
vertex 38.08747100830078 -53.95067596435547 -4
vertex 37.97908401489258 -53.7884635925293 -4
endloop
endfacet
facet normal 0.5555662850640511 0.8314722502285506 0
outer loop
vertex 38.24967956542969 -54.059059143066406 -0.5
vertex 38.24967956542969 -54.059059143066406 -4
vertex 38.08747100830078 -53.95067596435547 -4
endloop
endfacet
facet normal 0.980782457176804 0.19510451479714808 0
outer loop
vertex 37.97908401489258 -53.7884635925293 -0.5
vertex 37.97908401489258 -53.7884635925293 -4
vertex 37.94102096557617 -53.59712219238281 -4
endloop
endfacet
facet normal 0 -1 0
outer loop
vertex 38.44102096557617 -52.09712219238281 -0.5
vertex 38.44102096557617 -52.09712219238281 -5
vertex 49.44102096557617 -52.09712219238281 -5
endloop
endfacet
facet normal 1 0 0
outer loop
vertex 43.54102325439453 -55.294158935546875 -1.6664252281188965
vertex 43.54102325439453 -55.294158935546875 -4
vertex 43.54102325439453 -54.09712219238281 -4
endloop
endfacet
facet normal 1 0 0
outer loop
vertex 37.94102096557617 -52.59712219238281 -5
vertex 37.94102096557617 -52.59712219238281 -0.5
vertex 37.94102096557617 -53.59712219238281 -4
endloop
endfacet
facet normal 0.19508570553829577 -0.9807861986664705 0
outer loop
vertex 38.24967956542969 -52.13518142700195 -0.5
vertex 38.24967956542969 -52.13518142700195 -5
vertex 38.44102096557617 -52.09712219238281 -5
endloop
endfacet
facet normal 1 0 0
outer loop
vertex 43.54102325439453 -55.294158935546875 -1.6664252281188965
vertex 43.54102325439453 -56.76212692260742 -0.5
vertex 43.54102325439453 -55.96568298339844 -1.5949000120162964
endloop
endfacet
facet normal 1 0 0
outer loop
vertex 43.54102325439453 -56.76212692260742 -0.5
vertex 43.54102325439453 -56.76212692260742 -1.5
vertex 43.54102325439453 -55.96568298339844 -1.5949000120162964
endloop
endfacet
facet normal -0.9807861986664705 -0.19508570553829577 0
outer loop
vertex 49.90296173095703 -52.40578079223633 -0.5
vertex 49.90296173095703 -52.40578079223633 -5
vertex 49.94102096557617 -52.59712219238281 -5
endloop
endfacet
facet normal -1 0 0
outer loop
vertex 44.34102249145508 -56.76212692260742 -1.5
vertex 44.34102249145508 -54.09712219238281 -0.5
vertex 44.34102249145508 -55.96568298339844 -1.5949000120162964
endloop
endfacet
facet normal 0.5555798033776967 -0.8314632175140401 0
outer loop
vertex 38.08747100830078 -52.243568420410156 -0.5
vertex 38.08747100830078 -52.243568420410156 -5
vertex 38.24967956542969 -52.13518142700195 -5
endloop
endfacet
facet normal 0.831469252991977 -0.5555707707654927 0
outer loop
vertex 37.97908401489258 -52.40578079223633 -0.5
vertex 37.97908401489258 -52.40578079223633 -5
vertex 38.08747100830078 -52.243568420410156 -5
endloop
endfacet
facet normal -0.19508196428504695 -0.9807869428222868 0
outer loop
vertex 49.44102096557617 -52.09712219238281 -0.5
vertex 49.44102096557617 -52.09712219238281 -5
vertex 49.63236618041992 -52.13518142700195 -5
endloop
endfacet
facet normal -0.831469252991977 -0.5555707707654927 0
outer loop
vertex 49.79457473754883 -52.243568420410156 -0.5
vertex 49.79457473754883 -52.243568420410156 -5
vertex 49.90296173095703 -52.40578079223633 -5
endloop
endfacet
facet normal 0.007193270138980207 0.999974128097676 0
outer loop
vertex 38.24967956542969 -54.059059143066406 -4
vertex 38.24967956542969 -54.059059143066406 -0.5
vertex 43.54102325439453 -54.09712219238281 -0.5
endloop
endfacet
facet normal 1 0 0
outer loop
vertex 37.94102096557617 -55.294105529785156 -5
vertex 37.94102096557617 -52.59712219238281 -5
vertex 37.94102096557617 -53.59712219238281 -4
endloop
endfacet
facet normal 0 0 1
outer loop
vertex 37.94102096557617 -55.294105529785156 -5
vertex 37.97908401489258 -52.40578079223633 -5
vertex 37.94102096557617 -52.59712219238281 -5
endloop
endfacet
facet normal -0.5555798033776967 -0.8314632175140401 0
outer loop
vertex 49.63236618041992 -52.13518142700195 -0.5
vertex 49.63236618041992 -52.13518142700195 -5
vertex 49.79457473754883 -52.243568420410156 -5
endloop
endfacet
facet normal -1 0 0
outer loop
vertex 44.34102249145508 -54.09712219238281 -0.5
vertex 44.34102249145508 -55.29417037963867 -4
vertex 44.34102249145508 -55.29417037963867 -1.6664243936538696
endloop
endfacet
facet normal 0 0 1
outer loop
vertex 37.97908401489258 -52.40578079223633 -5
vertex 37.94102096557617 -55.294105529785156 -5
vertex 38.08747100830078 -52.243568420410156 -5
endloop
endfacet
facet normal 0.5555798033776967 -0.8314632175140401 0
outer loop
vertex 38.24967956542969 -52.13518142700195 -5
vertex 38.24967956542969 -52.13518142700195 -0.5
vertex 38.08747100830078 -52.243568420410156 -0.5
endloop
endfacet
facet normal 0.831469252991977 -0.5555707707654927 0
outer loop
vertex 38.08747100830078 -52.243568420410156 -5
vertex 38.08747100830078 -52.243568420410156 -0.5
vertex 37.97908401489258 -52.40578079223633 -0.5
endloop
endfacet
facet normal 0.980782457176804 -0.19510451479714808 0
outer loop
vertex 37.94102096557617 -52.59712219238281 -0.5
vertex 37.94102096557617 -52.59712219238281 -5
vertex 37.97908401489258 -52.40578079223633 -0.5
endloop
endfacet
facet normal 0.980782457176804 0.19510451479714808 0
outer loop
vertex 37.94102096557617 -53.59712219238281 -4
vertex 37.94102096557617 -53.59712219238281 -0.5
vertex 37.97908401489258 -53.7884635925293 -0.5
endloop
endfacet
facet normal 0.831469252991977 0.5555707707654927 0
outer loop
vertex 37.97908401489258 -53.7884635925293 -4
vertex 37.97908401489258 -53.7884635925293 -0.5
vertex 38.08747100830078 -53.95067596435547 -0.5
endloop
endfacet
facet normal 0.980782457176804 -0.19510451479714808 0
outer loop
vertex 37.97908401489258 -52.40578079223633 -0.5
vertex 37.94102096557617 -52.59712219238281 -5
vertex 37.97908401489258 -52.40578079223633 -5
endloop
endfacet
facet normal 1 0 0
outer loop
vertex 43.54102325439453 -56.76212692260742 -0.5
vertex 43.54102325439453 -55.294158935546875 -1.6664252281188965
vertex 43.54102325439453 -54.09712219238281 -0.5
endloop
endfacet
facet normal -1 0 0
outer loop
vertex 44.34102249145508 -54.09712219238281 -0.5
vertex 44.34102249145508 -56.76212692260742 -1.5
vertex 44.34102249145508 -56.76212692260742 -0.5
endloop
endfacet
facet normal 0.5555662850640511 0.8314722502285506 0
outer loop
vertex 38.08747100830078 -53.95067596435547 -4
vertex 38.08747100830078 -53.95067596435547 -0.5
vertex 38.24967956542969 -54.059059143066406 -0.5
endloop
endfacet
facet normal 0 0 -1
outer loop
vertex 49.94102096557617 -53.59712219238281 -4
vertex 49.94102096557617 -55.29422378540039 -4
vertex 49.90296173095703 -53.7884635925293 -4
endloop
endfacet
facet normal 0 0 -1
outer loop
vertex 49.94102096557617 -55.29422378540039 -4
vertex 49.79457473754883 -53.95067596435547 -4
vertex 49.90296173095703 -53.7884635925293 -4
endloop
endfacet
facet normal -0.9807861986664705 0.19508570553829574 0
outer loop
vertex 49.94102096557617 -53.59712219238281 -0.5
vertex 49.94102096557617 -53.59712219238281 -4
vertex 49.90296173095703 -53.7884635925293 -4
endloop
endfacet
facet normal -0.831469252991977 0.5555707707654927 0
outer loop
vertex 49.90296173095703 -53.7884635925293 -0.5
vertex 49.90296173095703 -53.7884635925293 -4
vertex 49.79457473754883 -53.95067596435547 -4
endloop
endfacet
facet normal 0 0 -1
outer loop
vertex 49.94102096557617 -55.29422378540039 -4
vertex 49.63236618041992 -54.059059143066406 -4
vertex 49.79457473754883 -53.95067596435547 -4
endloop
endfacet
facet normal -1 0 0
outer loop
vertex 49.94102096557617 -53.59712219238281 -4
vertex 49.94102096557617 -55.29422378540039 -5
vertex 49.94102096557617 -55.29422378540039 -4
endloop
endfacet
facet normal 0 0 -1
outer loop
vertex 49.94102096557617 -55.29422378540039 -4
vertex 44.34102249145508 -54.09712219238281 -4
vertex 49.63236618041992 -54.059059143066406 -4
endloop
endfacet
facet normal 0 0 -1
outer loop
vertex 44.34102249145508 -55.29417037963867 -4
vertex 44.34102249145508 -54.09712219238281 -4
vertex 49.94102096557617 -55.29422378540039 -4
endloop
endfacet
facet normal -0.5555662850640511 0.8314722502285506 0
outer loop
vertex 49.79457473754883 -53.95067596435547 -0.5
vertex 49.79457473754883 -53.95067596435547 -4
vertex 49.63236618041992 -54.059059143066406 -4
endloop
endfacet
facet normal -1 0 0
outer loop
vertex 49.94102096557617 -52.59712219238281 -5
vertex 49.94102096557617 -55.29422378540039 -5
vertex 49.94102096557617 -53.59712219238281 -4
endloop
endfacet
facet normal 0 0 1
outer loop
vertex 49.63236618041992 -52.13518142700195 -5
vertex 37.94102096557617 -55.294105529785156 -5
vertex 49.79457473754883 -52.243568420410156 -5
endloop
endfacet
facet normal 0 0 1
outer loop
vertex 49.44102096557617 -52.09712219238281 -5
vertex 37.94102096557617 -55.294105529785156 -5
vertex 49.63236618041992 -52.13518142700195 -5
endloop
endfacet
facet normal 0 1 0
outer loop
vertex 44.34102249145508 -54.09712219238281 -4
vertex 44.34102249145508 -54.09712219238281 -0.5
vertex 47.62700653076172 -54.09712219238281 -0.5
endloop
endfacet
facet normal 0 0 1
outer loop
vertex 49.90296173095703 -52.40578079223633 -5
vertex 37.94102096557617 -55.294105529785156 -5
vertex 49.94102096557617 -52.59712219238281 -5
endloop
endfacet
facet normal 0 0 1
outer loop
vertex 37.94102096557617 -55.294105529785156 -5
vertex 49.90296173095703 -52.40578079223633 -5
vertex 49.79457473754883 -52.243568420410156 -5
endloop
endfacet
facet normal 0 0 1
outer loop
vertex 49.94102096557617 -55.29422378540039 -5
vertex 49.94102096557617 -52.59712219238281 -5
vertex 37.94102096557617 -55.294105529785156 -5
endloop
endfacet
facet normal 0 0 -1
outer loop
vertex 43.54102325439453 -55.294158935546875 -4
vertex 38.24967956542969 -54.059059143066406 -4
vertex 43.54102325439453 -54.09712219238281 -4
endloop
endfacet
facet normal 0 0 -1
outer loop
vertex 37.94102096557617 -55.294105529785156 -4
vertex 38.24967956542969 -54.059059143066406 -4
vertex 43.54102325439453 -55.294158935546875 -4
endloop
endfacet
facet normal 0 0 -1
outer loop
vertex 38.08747100830078 -53.95067596435547 -4
vertex 37.94102096557617 -55.294105529785156 -4
vertex 37.97908401489258 -53.7884635925293 -4
endloop
endfacet
facet normal -0.018974230354065993 0.9996612625295666 0.017814005171882412
outer loop
vertex 47.62700653076172 -54.09712219238281 -0.5
vertex 49.63236618041992 -54.059059143066406 -0.5
vertex 44.34102249145508 -54.09712219238281 -4
endloop
endfacet
facet normal 0 -1 0
outer loop
vertex 38.44102096557617 -52.09712219238281 -0.5
vertex 49.44102096557617 -52.09712219238281 -5
vertex 49.44102096557617 -52.09712219238281 -0.5
endloop
endfacet
facet normal -0.5555662850640511 0.8314722502285506 0
outer loop
vertex 49.63236618041992 -54.059059143066406 -4
vertex 49.63236618041992 -54.059059143066406 -0.5
vertex 49.79457473754883 -53.95067596435547 -0.5
endloop
endfacet
facet normal -0.831469252991977 0.5555707707654927 0
outer loop
vertex 49.79457473754883 -53.95067596435547 -4
vertex 49.79457473754883 -53.95067596435547 -0.5
vertex 49.90296173095703 -53.7884635925293 -0.5
endloop
endfacet
facet normal -0.9807861986664705 0.19508570553829574 0
outer loop
vertex 49.90296173095703 -53.7884635925293 -4
vertex 49.90296173095703 -53.7884635925293 -0.5
vertex 49.94102096557617 -53.59712219238281 -0.5
endloop
endfacet
facet normal -0.007193270138980207 0.999974128097676 0
outer loop
vertex 49.63236618041992 -54.059059143066406 -0.5
vertex 49.63236618041992 -54.059059143066406 -4
vertex 44.34102249145508 -54.09712219238281 -4
endloop
endfacet
facet normal -0.19508196428504695 -0.9807869428222868 0
outer loop
vertex 49.63236618041992 -52.13518142700195 -5
vertex 49.63236618041992 -52.13518142700195 -0.5
vertex 49.44102096557617 -52.09712219238281 -0.5
endloop
endfacet
facet normal -0.5555798033776967 -0.8314632175140401 0
outer loop
vertex 49.79457473754883 -52.243568420410156 -5
vertex 49.79457473754883 -52.243568420410156 -0.5
vertex 49.63236618041992 -52.13518142700195 -0.5
endloop
endfacet
facet normal -0.831469252991977 -0.5555707707654927 0
outer loop
vertex 49.90296173095703 -52.40578079223633 -5
vertex 49.90296173095703 -52.40578079223633 -0.5
vertex 49.79457473754883 -52.243568420410156 -0.5
endloop
endfacet
facet normal -1 0 0
outer loop
vertex 49.94102096557617 -52.59712219238281 -0.5
vertex 49.94102096557617 -52.59712219238281 -5
vertex 49.94102096557617 -53.59712219238281 -0.5
endloop
endfacet
facet normal -0.9807861986664705 -0.19508570553829577 0
outer loop
vertex 49.94102096557617 -52.59712219238281 -5
vertex 49.94102096557617 -52.59712219238281 -0.5
vertex 49.90296173095703 -52.40578079223633 -0.5
endloop
endfacet
facet normal 0 0 -1
outer loop
vertex 37.94102096557617 -55.294105529785156 -4
vertex 38.08747100830078 -53.95067596435547 -4
vertex 38.24967956542969 -54.059059143066406 -4
endloop
endfacet
facet normal 0 0 -1
outer loop
vertex 37.94102096557617 -55.294105529785156 -4
vertex 37.94102096557617 -53.59712219238281 -4
vertex 37.97908401489258 -53.7884635925293 -4
endloop
endfacet
facet normal 1 0 0
outer loop
vertex 37.94102096557617 -55.294105529785156 -4
vertex 37.94102096557617 -55.294105529785156 -5
vertex 37.94102096557617 -53.59712219238281 -4
endloop
endfacet
facet normal 0 0 1
outer loop
vertex 38.44102096557617 -52.09712219238281 -5
vertex 37.94102096557617 -55.294105529785156 -5
vertex 49.44102096557617 -52.09712219238281 -5
endloop
endfacet
facet normal 0 0 1
outer loop
vertex 38.24967956542969 -52.13518142700195 -5
vertex 37.94102096557617 -55.294105529785156 -5
vertex 38.44102096557617 -52.09712219238281 -5
endloop
endfacet
facet normal 0 0 1
outer loop
vertex 38.08747100830078 -52.243568420410156 -5
vertex 37.94102096557617 -55.294105529785156 -5
vertex 38.24967956542969 -52.13518142700195 -5
endloop
endfacet
facet normal -1 0 0
outer loop
vertex 49.94102096557617 -53.59712219238281 -0.5
vertex 49.94102096557617 -52.59712219238281 -5
vertex 49.94102096557617 -53.59712219238281 -4
endloop
endfacet
facet normal 1 0 0
outer loop
vertex 43.54102325439453 -54.09712219238281 -4
vertex 43.54102325439453 -54.09712219238281 -0.5
vertex 43.54102325439453 -55.294158935546875 -1.6664252281188965
endloop
endfacet
facet normal 0.19508570553829577 -0.9807861986664705 0
outer loop
vertex 38.44102096557617 -52.09712219238281 -5
vertex 38.44102096557617 -52.09712219238281 -0.5
vertex 38.24967956542969 -52.13518142700195 -0.5
endloop
endfacet
facet normal -1 0 0
outer loop
vertex 44.34102249145508 -55.29417037963867 -4
vertex 44.34102249145508 -54.09712219238281 -0.5
vertex 44.34102249145508 -54.09712219238281 -4
endloop
endfacet
facet normal 0.9807861986664705 -0.19508570553829577 0
outer loop
vertex -57.9830207824707 -52.40578079223633 -5
vertex -57.9830207824707 -52.40578079223633 -0.5
vertex -58.021080017089844 -52.59712219238281 -0.5
endloop
endfacet
facet normal -1 0 0
outer loop
vertex -51.62107849121094 -54.09712219238281 -0.5
vertex -51.62107849121094 -56.76212692260742 -1.5
vertex -51.62107849121094 -56.76212692260742 -0.5
endloop
endfacet
facet normal 0.0071932753245719 0.9999741280603738 0
outer loop
vertex -57.71242141723633 -54.059059143066406 -4
vertex -57.71242141723633 -54.059059143066406 -0.5
vertex -52.42108154296875 -54.09712219238281 -0.5
endloop
endfacet
facet normal 0.831469252991977 -0.5555707707654927 0
outer loop
vertex -57.8746337890625 -52.243568420410156 -5
vertex -57.8746337890625 -52.243568420410156 -0.5
vertex -57.9830207824707 -52.40578079223633 -0.5
endloop
endfacet
facet normal 0.9807861986664705 0.19508570553829574 0
outer loop
vertex -58.021080017089844 -53.59712219238281 -4
vertex -58.021080017089844 -53.59712219238281 -0.5
vertex -57.9830207824707 -53.7884635925293 -0.5
endloop
endfacet
facet normal 0.831469252991977 0.5555707707654927 0
outer loop
vertex -57.9830207824707 -53.7884635925293 -4
vertex -57.9830207824707 -53.7884635925293 -0.5
vertex -57.8746337890625 -53.95067596435547 -0.5
endloop
endfacet
facet normal 0.5555572524753821 0.8314782854783427 0
outer loop
vertex -57.8746337890625 -53.95067596435547 -4
vertex -57.8746337890625 -53.95067596435547 -0.5
vertex -57.71242141723633 -54.059059143066406 -0.5
endloop
endfacet
facet normal 1 0 0
outer loop
vertex -52.42108154296875 -54.09712219238281 -4
vertex -52.42108154296875 -55.293209075927734 -1.6665265560150146
vertex -52.42108154296875 -55.293209075927734 -4
endloop
endfacet
facet normal -1 0 0
outer loop
vertex -51.62107849121094 -54.09712219238281 -4
vertex -51.62107849121094 -55.293216705322266 -4
vertex -51.62107849121094 -55.293216705322266 -1.6665257215499878
endloop
endfacet
facet normal -0.9807861986664705 -0.19508570553829577 0
outer loop
vertex -46.059139251708984 -52.40578079223633 -0.5
vertex -46.059139251708984 -52.40578079223633 -5
vertex -46.021080017089844 -52.59712219238281 -5
endloop
endfacet
facet normal -0.831469252991977 -0.5555707707654927 0
outer loop
vertex -46.16752624511719 -52.243568420410156 -0.5
vertex -46.16752624511719 -52.243568420410156 -5
vertex -46.059139251708984 -52.40578079223633 -5
endloop
endfacet
facet normal -0.5555707707654927 -0.831469252991977 0
outer loop
vertex -46.32973861694336 -52.13518142700195 -0.5
vertex -46.32973861694336 -52.13518142700195 -5
vertex -46.16752624511719 -52.243568420410156 -5
endloop
endfacet
facet normal -1 0 0
outer loop
vertex -46.021080017089844 -53.59712219238281 -0.5
vertex -46.021080017089844 -52.59712219238281 -5
vertex -46.021080017089844 -53.59712219238281 -4
endloop
endfacet
facet normal -0.0071932753245719 0.9999741280603738 0
outer loop
vertex -46.32973861694336 -54.059059143066406 -0.5
vertex -46.32973861694336 -54.059059143066406 -4
vertex -51.62107849121094 -54.09712219238281 -4
endloop
endfacet
facet normal -0.5555572524753821 0.8314782854783427 0
outer loop
vertex -46.16752624511719 -53.95067596435547 -0.5
vertex -46.16752624511719 -53.95067596435547 -4
vertex -46.32973861694336 -54.059059143066406 -4
endloop
endfacet
facet normal -0.831469252991977 0.5555707707654927 0
outer loop
vertex -46.059139251708984 -53.7884635925293 -0.5
vertex -46.059139251708984 -53.7884635925293 -4
vertex -46.16752624511719 -53.95067596435547 -4
endloop
endfacet
facet normal -0.9807861986664705 0.19508570553829574 0
outer loop
vertex -46.021080017089844 -53.59712219238281 -0.5
vertex -46.021080017089844 -53.59712219238281 -4
vertex -46.059139251708984 -53.7884635925293 -4
endloop
endfacet
facet normal 1 0 0
outer loop
vertex -52.42108154296875 -54.09712219238281 -4
vertex -52.42108154296875 -54.09712219238281 -0.5
vertex -52.42108154296875 -55.293209075927734 -1.6665265560150146
endloop
endfacet
facet normal -1 0 0
outer loop
vertex -51.62107849121094 -54.09712219238281 -0.5
vertex -51.62107849121094 -54.09712219238281 -4
vertex -51.62107849121094 -55.293216705322266 -1.6665257215499878
endloop
endfacet
facet normal 0.0071932753245719 0.9999741280603738 0
outer loop
vertex -57.71242141723633 -54.059059143066406 -4
vertex -52.42108154296875 -54.09712219238281 -0.5
vertex -52.42108154296875 -54.09712219238281 -4
endloop
endfacet
facet normal 0.5555572524753821 0.8314782854783427 0
outer loop
vertex -57.71242141723633 -54.059059143066406 -0.5
vertex -57.71242141723633 -54.059059143066406 -4
vertex -57.8746337890625 -53.95067596435547 -4
endloop
endfacet
facet normal 0.831469252991977 0.5555707707654927 0
outer loop
vertex -57.8746337890625 -53.95067596435547 -0.5
vertex -57.8746337890625 -53.95067596435547 -4
vertex -57.9830207824707 -53.7884635925293 -4
endloop
endfacet
facet normal 0.9807861986664705 0.19508570553829574 0
outer loop
vertex -57.9830207824707 -53.7884635925293 -0.5
vertex -57.9830207824707 -53.7884635925293 -4
vertex -58.021080017089844 -53.59712219238281 -4
endloop
endfacet
facet normal 0 -1 0
outer loop
vertex -57.71242141723633 -52.13518142700195 -0.5
vertex -57.71242141723633 -52.13518142700195 -5
vertex -46.32973861694336 -52.13518142700195 -5
endloop
endfacet
facet normal 1 0 0
outer loop
vertex -58.021080017089844 -52.59712219238281 -5
vertex -58.021080017089844 -52.59712219238281 -0.5
vertex -58.021080017089844 -53.59712219238281 -4
endloop
endfacet
facet normal 0.5555707707654927 -0.831469252991977 0
outer loop
vertex -57.8746337890625 -52.243568420410156 -0.5
vertex -57.8746337890625 -52.243568420410156 -5
vertex -57.71242141723633 -52.13518142700195 -5
endloop
endfacet
facet normal 0.831469252991977 -0.5555707707654927 0
outer loop
vertex -57.9830207824707 -52.40578079223633 -0.5
vertex -57.9830207824707 -52.40578079223633 -5
vertex -57.8746337890625 -52.243568420410156 -5
endloop
endfacet
facet normal 0.9807861986664705 -0.19508570553829577 0
outer loop
vertex -58.021080017089844 -52.59712219238281 -0.5
vertex -58.021080017089844 -52.59712219238281 -5
vertex -57.9830207824707 -52.40578079223633 -5
endloop
endfacet
facet normal 0 0 -1
outer loop
vertex -46.021080017089844 -53.59712219238281 -4
vertex -46.021080017089844 -55.29327392578125 -4
vertex -46.059139251708984 -53.7884635925293 -4
endloop
endfacet
facet normal 0 0 -1
outer loop
vertex -46.021080017089844 -55.29327392578125 -4
vertex -46.16752624511719 -53.95067596435547 -4
vertex -46.059139251708984 -53.7884635925293 -4
endloop
endfacet
facet normal 0 0 -1
outer loop
vertex -46.021080017089844 -55.29327392578125 -4
vertex -46.32973861694336 -54.059059143066406 -4
vertex -46.16752624511719 -53.95067596435547 -4
endloop
endfacet
facet normal 0 0 -1
outer loop
vertex -46.021080017089844 -55.29327392578125 -4
vertex -51.62107849121094 -54.09712219238281 -4
vertex -46.32973861694336 -54.059059143066406 -4
endloop
endfacet
facet normal -1 0 0
outer loop
vertex -46.021080017089844 -53.59712219238281 -4
vertex -46.021080017089844 -55.29327392578125 -5
vertex -46.021080017089844 -55.29327392578125 -4
endloop
endfacet
facet normal -0.0071932753245719 0.9999741280603738 0
outer loop
vertex -46.32973861694336 -54.059059143066406 -0.5
vertex -51.62107849121094 -54.09712219238281 -4
vertex -51.62107849121094 -54.09712219238281 -0.5
endloop
endfacet
facet normal 0 -1 0
outer loop
vertex -57.71242141723633 -52.13518142700195 -0.5
vertex -46.32973861694336 -52.13518142700195 -5
vertex -46.32973861694336 -52.13518142700195 -0.5
endloop
endfacet
facet normal 0 0 -1
outer loop
vertex -51.62107849121094 -54.09712219238281 -4
vertex -46.021080017089844 -55.29327392578125 -4
vertex -51.62107849121094 -55.293216705322266 -4
endloop
endfacet
facet normal -1 0 0
outer loop
vertex -46.021080017089844 -52.59712219238281 -5
vertex -46.021080017089844 -55.29327392578125 -5
vertex -46.021080017089844 -53.59712219238281 -4
endloop
endfacet
facet normal 0 0 1
outer loop
vertex -46.32973861694336 -52.13518142700195 -5
vertex -58.021080017089844 -55.29315185546875 -5
vertex -46.16752624511719 -52.243568420410156 -5
endloop
endfacet
facet normal 0 0 1
outer loop
vertex -58.021080017089844 -55.29315185546875 -5
vertex -46.059139251708984 -52.40578079223633 -5
vertex -46.16752624511719 -52.243568420410156 -5
endloop
endfacet
facet normal 0 0 1
outer loop
vertex -58.021080017089844 -55.29315185546875 -5
vertex -46.021080017089844 -52.59712219238281 -5
vertex -46.059139251708984 -52.40578079223633 -5
endloop
endfacet
facet normal -0.5555572524753821 0.8314782854783427 0
outer loop
vertex -46.32973861694336 -54.059059143066406 -4
vertex -46.32973861694336 -54.059059143066406 -0.5
vertex -46.16752624511719 -53.95067596435547 -0.5
endloop
endfacet
facet normal -0.831469252991977 0.5555707707654927 0
outer loop
vertex -46.16752624511719 -53.95067596435547 -4
vertex -46.16752624511719 -53.95067596435547 -0.5
vertex -46.059139251708984 -53.7884635925293 -0.5
endloop
endfacet
facet normal -0.9807861986664705 0.19508570553829574 0
outer loop
vertex -46.059139251708984 -53.7884635925293 -4
vertex -46.059139251708984 -53.7884635925293 -0.5
vertex -46.021080017089844 -53.59712219238281 -0.5
endloop
endfacet
facet normal 0 0 1
outer loop
vertex -46.021080017089844 -55.29327392578125 -5
vertex -46.021080017089844 -52.59712219238281 -5
vertex -58.021080017089844 -55.29315185546875 -5
endloop
endfacet
facet normal -1 0 0
outer loop
vertex -46.021080017089844 -52.59712219238281 -0.5
vertex -46.021080017089844 -52.59712219238281 -5
vertex -46.021080017089844 -53.59712219238281 -0.5
endloop
endfacet
facet normal 0 0 -1
outer loop
vertex -52.42108154296875 -55.293209075927734 -4
vertex -57.71242141723633 -54.059059143066406 -4
vertex -52.42108154296875 -54.09712219238281 -4
endloop
endfacet
facet normal -0.9807861986664705 -0.19508570553829577 0
outer loop
vertex -46.021080017089844 -52.59712219238281 -5
vertex -46.021080017089844 -52.59712219238281 -0.5
vertex -46.059139251708984 -52.40578079223633 -0.5
endloop
endfacet
facet normal -0.5555707707654927 -0.831469252991977 0
outer loop
vertex -46.16752624511719 -52.243568420410156 -5
vertex -46.16752624511719 -52.243568420410156 -0.5
vertex -46.32973861694336 -52.13518142700195 -0.5
endloop
endfacet
facet normal 0 0 -1
outer loop
vertex -58.021080017089844 -55.29315185546875 -4
vertex -57.71242141723633 -54.059059143066406 -4
vertex -52.42108154296875 -55.293209075927734 -4
endloop
endfacet
facet normal 0 0 -1
outer loop
vertex -57.9830207824707 -53.7884635925293 -4
vertex -58.021080017089844 -55.29315185546875 -4
vertex -58.021080017089844 -53.59712219238281 -4
endloop
endfacet
facet normal 0 0 -1
outer loop
vertex -57.8746337890625 -53.95067596435547 -4
vertex -58.021080017089844 -55.29315185546875 -4
vertex -57.9830207824707 -53.7884635925293 -4
endloop
endfacet
facet normal 0 0 -1
outer loop
vertex -58.021080017089844 -55.29315185546875 -4
vertex -57.8746337890625 -53.95067596435547 -4
vertex -57.71242141723633 -54.059059143066406 -4
endloop
endfacet
facet normal 1 0 0
outer loop
vertex -58.021080017089844 -55.29315185546875 -4
vertex -58.021080017089844 -55.29315185546875 -5
vertex -58.021080017089844 -53.59712219238281 -4
endloop
endfacet
facet normal 0 0 1
outer loop
vertex -57.71242141723633 -52.13518142700195 -5
vertex -58.021080017089844 -55.29315185546875 -5
vertex -46.32973861694336 -52.13518142700195 -5
endloop
endfacet
facet normal -0.831469252991977 -0.5555707707654927 0
outer loop
vertex -46.059139251708984 -52.40578079223633 -5
vertex -46.059139251708984 -52.40578079223633 -0.5
vertex -46.16752624511719 -52.243568420410156 -0.5
endloop
endfacet
facet normal 1 0 0
outer loop
vertex -52.42108154296875 -56.76212692260742 -0.5
vertex -52.42108154296875 -55.96568298339844 -1.5949000120162964
vertex -52.42108154296875 -55.293209075927734 -1.6665265560150146
endloop
endfacet
facet normal 0 0 1
outer loop
vertex -57.8746337890625 -52.243568420410156 -5
vertex -58.021080017089844 -55.29315185546875 -5
vertex -57.71242141723633 -52.13518142700195 -5
endloop
endfacet
facet normal 1 0 0
outer loop
vertex -52.42108154296875 -56.76212692260742 -0.5
vertex -52.42108154296875 -56.76212692260742 -1.5
vertex -52.42108154296875 -55.96568298339844 -1.5949000120162964
endloop
endfacet
facet normal -1 0 0
outer loop
vertex -51.62107849121094 -54.09712219238281 -0.5
vertex -51.62107849121094 -55.293216705322266 -1.6665257215499878
vertex -51.62107849121094 -55.96568298339844 -1.5949000120162964
endloop
endfacet
facet normal -1 0 0
outer loop
vertex -51.62107849121094 -56.76212692260742 -1.5
vertex -51.62107849121094 -54.09712219238281 -0.5
vertex -51.62107849121094 -55.96568298339844 -1.5949000120162964
endloop
endfacet
facet normal 1 0 0
outer loop
vertex -58.021080017089844 -55.29315185546875 -5
vertex -58.021080017089844 -52.59712219238281 -5
vertex -58.021080017089844 -53.59712219238281 -4
endloop
endfacet
facet normal 0 0 1
outer loop
vertex -57.9830207824707 -52.40578079223633 -5
vertex -58.021080017089844 -55.29315185546875 -5
vertex -57.8746337890625 -52.243568420410156 -5
endloop
endfacet
facet normal 0 0 1
outer loop
vertex -58.021080017089844 -55.29315185546875 -5
vertex -57.9830207824707 -52.40578079223633 -5
vertex -58.021080017089844 -52.59712219238281 -5
endloop
endfacet
facet normal 1 0 0
outer loop
vertex -58.021080017089844 -53.59712219238281 -0.5
vertex -58.021080017089844 -53.59712219238281 -4
vertex -58.021080017089844 -52.59712219238281 -0.5
endloop
endfacet
facet normal 1 0 0
outer loop
vertex -52.42108154296875 -56.76212692260742 -0.5
vertex -52.42108154296875 -55.293209075927734 -1.6665265560150146
vertex -52.42108154296875 -54.09712219238281 -0.5
endloop
endfacet
facet normal 0.5555707707654927 -0.831469252991977 0
outer loop
vertex -57.71242141723633 -52.13518142700195 -5
vertex -57.71242141723633 -52.13518142700195 -0.5
vertex -57.8746337890625 -52.243568420410156 -0.5
endloop
endfacet
facet normal 0.8819178600193749 0.47140310582223155 0
outer loop
vertex -52.8525505065918 42.819793701171875 -6.306614398956299
vertex -52.94496154785156 42.992679595947266 -6.105746746063232
vertex -52.94496154785156 42.992679595947266 -3.5
endloop
endfacet
facet normal 0.4714031058222316 0.881917860019375 0
outer loop
vertex -52.40376281738281 42.451480865478516 -6.5055108070373535
vertex -52.5766487121582 42.54389190673828 -6.498724460601807
vertex -52.5766487121582 42.54389190673828 -3.5
endloop
endfacet
facet normal -0.8819259499769284 0.471387970526712 0
outer loop
vertex -51.18960952758789 42.819793701171875 -6.317046165466309
vertex -51.18960952758789 42.819793701171875 -3.5
vertex -51.09720230102539 42.992679595947266 -6.117338180541992
endloop
endfacet
facet normal 0.6343846338849528 0.773017552381949 -2.7432231991655347e-7
outer loop
vertex -52.5766487121582 42.54389190673828 -6.498724460601807
vertex -52.72077941894531 42.662174224853516 -6.4900383949279785
vertex -52.728187561035156 42.66825485229492 -3.5
endloop
endfacet
facet normal 0.290277967867665 0.9569423709767578 0
outer loop
vertex -52.21617126464844 42.39457702636719 -6.509689807891846
vertex -52.40376281738281 42.451480865478516 -6.5055108070373535
vertex -52.40376281738281 42.451480865478516 -3.5
endloop
endfacet
facet normal 0.09801622777686082 0.9951848165503705 0
outer loop
vertex -52.021080017089844 42.375362396240234 -6.511100769042969
vertex -52.21617126464844 42.39457702636719 -6.509689807891846
vertex -52.21617126464844 42.39457702636719 -3.5
endloop
endfacet
facet normal -0.09801622777686082 0.9951848165503705 0
outer loop
vertex -52.021080017089844 42.375362396240234 -6.511100769042969
vertex -52.021080017089844 42.375362396240234 -3.5
vertex -51.82598876953125 42.39457702636719 -6.509689807891846
endloop
endfacet
facet normal -0.290277967867665 0.9569423709767578 0
outer loop
vertex -51.82598876953125 42.39457702636719 -6.509689807891846
vertex -51.82598876953125 42.39457702636719 -3.5
vertex -51.638397216796875 42.451480865478516 -6.5055108070373535
endloop
endfacet
facet normal -0.4714031058222316 0.881917860019375 0
outer loop
vertex -51.638397216796875 42.451480865478516 -6.5055108070373535
vertex -51.638397216796875 42.451480865478516 -3.5
vertex -51.465511322021484 42.54389190673828 -6.498724460601807
endloop
endfacet
facet normal -0.6364123759347317 0.7713490051572698 0
outer loop
vertex -51.465511322021484 42.54389190673828 -6.498724460601807
vertex -51.465511322021484 42.54389190673828 -3.5
vertex -51.312278747558594 42.670318603515625 -6.489440441131592
endloop
endfacet
facet normal -0.7730150643808814 0.6343876655801415 -1.909173911430029e-8
outer loop
vertex -51.18960952758789 42.819793701171875 -6.317046165466309
vertex -51.312278747558594 42.670318603515625 -6.489440441131592
vertex -51.31397247314453 42.66825485229492 -3.5
endloop
endfacet
facet normal 0.7672112609460751 0.641394481639446 0
outer loop
vertex -52.72077941894531 42.662174224853516 -6.4900383949279785
vertex -52.8525505065918 42.819793701171875 -6.306614398956299
vertex -52.8525505065918 42.819793701171875 -3.5
endloop
endfacet
facet normal 0.9569423709767578 0.290277967867665 0
outer loop
vertex -52.94496154785156 42.992679595947266 -6.105746746063232
vertex -53.00186538696289 43.18027114868164 -5.888064861297607
vertex -53.00186538696289 43.18027114868164 -3.5
endloop
endfacet
facet normal 0.9951849025589038 0.09801535450542968 0
outer loop
vertex -53.00186538696289 43.18027114868164 -3.5
vertex -53.00186538696289 43.18027114868164 -5.888064861297607
vertex -53.02106857299805 43.375247955322266 -5.662066459655762
endloop
endfacet
facet normal -0.9569369653840532 0.2902957875711588 0
outer loop
vertex -51.09720230102539 42.992679595947266 -6.117338180541992
vertex -51.09720230102539 42.992679595947266 -3.5
vertex -51.0402946472168 43.18027114868164 -5.900370121002197
endloop
endfacet
facet normal -0.9951961063117225 0.09790153207170349 0
outer loop
vertex -51.02109146118164 43.3754768371582 -5.674347400665283
vertex -51.0402946472168 43.18027114868164 -5.900370121002197
vertex -51.0402946472168 43.18027114868164 -3.5
endloop
endfacet
facet normal 0.7730147393006498 0.6343877537052356 0.0006251182077732599
outer loop
vertex -52.728187561035156 42.66825485229492 -3.5
vertex -52.72077941894531 42.662174224853516 -6.4900383949279785
vertex -52.8525505065918 42.819793701171875 -3.5
endloop
endfacet
facet normal 0.6343878776560029 0.7730148903372509 0
outer loop
vertex -52.5766487121582 42.54389190673828 -3.5
vertex -52.5766487121582 42.54389190673828 -6.498724460601807
vertex -52.728187561035156 42.66825485229492 -3.5
endloop
endfacet
facet normal 0.4714031058222316 0.881917860019375 0
outer loop
vertex -52.40376281738281 42.451480865478516 -3.5
vertex -52.40376281738281 42.451480865478516 -6.5055108070373535
vertex -52.5766487121582 42.54389190673828 -3.5
endloop
endfacet
facet normal 0.290277967867665 0.9569423709767578 0
outer loop
vertex -52.21617126464844 42.39457702636719 -3.5
vertex -52.21617126464844 42.39457702636719 -6.509689807891846
vertex -52.40376281738281 42.451480865478516 -3.5
endloop
endfacet
facet normal 0.09801622777686082 0.9951848165503705 0
outer loop
vertex -52.021080017089844 42.375362396240234 -3.5
vertex -52.021080017089844 42.375362396240234 -6.511100769042969
vertex -52.21617126464844 42.39457702636719 -3.5
endloop
endfacet
facet normal -0.09801622777686082 0.9951848165503705 0
outer loop
vertex -51.82598876953125 42.39457702636719 -3.5
vertex -51.82598876953125 42.39457702636719 -6.509689807891846
vertex -52.021080017089844 42.375362396240234 -3.5
endloop
endfacet
facet normal -0.290277967867665 0.9569423709767578 0
outer loop
vertex -51.638397216796875 42.451480865478516 -3.5
vertex -51.638397216796875 42.451480865478516 -6.5055108070373535
vertex -51.82598876953125 42.39457702636719 -3.5
endloop
endfacet
facet normal -0.4714031058222316 0.881917860019375 0
outer loop
vertex -51.465511322021484 42.54389190673828 -3.5
vertex -51.465511322021484 42.54389190673828 -6.498724460601807
vertex -51.638397216796875 42.451480865478516 -3.5
endloop
endfacet
facet normal -0.6343878680279283 0.7730148786052408 0.00017422372049628426
outer loop
vertex -51.31397247314453 42.66825485229492 -3.5
vertex -51.312278747558594 42.670318603515625 -6.489440441131592
vertex -51.465511322021484 42.54389190673828 -3.5
endloop
endfacet
facet normal 0.881917860019375 0.47140310582223166 0
outer loop
vertex -52.8525505065918 42.819793701171875 -3.5
vertex -52.8525505065918 42.819793701171875 -6.306614398956299
vertex -52.94496154785156 42.992679595947266 -3.5
endloop
endfacet
facet normal -0.773014890337251 0.634387877656003 0
outer loop
vertex -51.18960952758789 42.819793701171875 -3.5
vertex -51.18960952758789 42.819793701171875 -6.317046165466309
vertex -51.31397247314453 42.66825485229492 -3.5
endloop
endfacet
facet normal 0.9569423709767579 0.2902779678676651 0
outer loop
vertex -52.94496154785156 42.992679595947266 -3.5
vertex -52.94496154785156 42.992679595947266 -6.105746746063232
vertex -53.00186538696289 43.18027114868164 -3.5
endloop
endfacet
facet normal 0.9951849025589038 0.09801535450542968 0
outer loop
vertex -53.00186538696289 43.18027114868164 -3.5
vertex -53.02106857299805 43.375247955322266 -5.662066459655762
vertex -53.02106857299805 43.375247955322266 -3.5
endloop
endfacet
facet normal -0.8819259499769283 0.47138797052671194 0
outer loop
vertex -51.09720230102539 42.992679595947266 -3.5
vertex -51.09720230102539 42.992679595947266 -6.117338180541992
vertex -51.18960952758789 42.819793701171875 -3.5
endloop
endfacet
facet normal -0.9569369653840532 0.2902957875711588 0
outer loop
vertex -51.0402946472168 43.18027114868164 -3.5
vertex -51.0402946472168 43.18027114868164 -5.900370121002197
vertex -51.09720230102539 42.992679595947266 -3.5
endloop
endfacet
facet normal -0.995184816496585 0.09801622777156346 0.000010396707292467696
outer loop
vertex -51.021080017089844 43.375362396240234 -3.5
vertex -51.02109146118164 43.3754768371582 -5.674347400665283
vertex -51.0402946472168 43.18027114868164 -3.5
endloop
endfacet
facet normal 0 0 -1
outer loop
vertex -52.21617126464844 42.39457702636719 -3.5
vertex -52.40376281738281 42.451480865478516 -3.5
vertex -53.02106857299805 43.375247955322266 -3.5
endloop
endfacet
facet normal 0 0 -1
outer loop
vertex -52.021080017089844 42.375362396240234 -3.5
vertex -52.21617126464844 42.39457702636719 -3.5
vertex -53.02106857299805 43.375247955322266 -3.5
endloop
endfacet
facet normal 0 0 -1
outer loop
vertex -51.82598876953125 42.39457702636719 -3.5
vertex -52.021080017089844 42.375362396240234 -3.5
vertex -53.02106857299805 43.375247955322266 -3.5
endloop
endfacet
facet normal 0 0 -1
outer loop
vertex -51.638397216796875 42.451480865478516 -3.5
vertex -51.82598876953125 42.39457702636719 -3.5
vertex -53.02106857299805 43.375247955322266 -3.5
endloop
endfacet
facet normal 0 0 -1
outer loop
vertex -52.728187561035156 42.66825485229492 -3.5
vertex -52.8525505065918 42.819793701171875 -3.5
vertex -53.02106857299805 43.375247955322266 -3.5
endloop
endfacet
facet normal 0 0 -1
outer loop
vertex -52.8525505065918 42.819793701171875 -3.5
vertex -52.94496154785156 42.992679595947266 -3.5
vertex -53.00186538696289 43.18027114868164 -3.5
endloop
endfacet
facet normal 0 0 -1
outer loop
vertex -53.02106857299805 43.375247955322266 -3.5
vertex -52.8525505065918 42.819793701171875 -3.5
vertex -53.00186538696289 43.18027114868164 -3.5
endloop
endfacet
facet normal 0 0 -1
outer loop
vertex -52.40376281738281 42.451480865478516 -3.5
vertex -52.5766487121582 42.54389190673828 -3.5
vertex -53.02106857299805 43.375247955322266 -3.5
endloop
endfacet
facet normal 0 0 -1
outer loop
vertex -52.5766487121582 42.54389190673828 -3.5
vertex -52.728187561035156 42.66825485229492 -3.5
vertex -53.02106857299805 43.375247955322266 -3.5
endloop
endfacet
facet normal 0 0 -1
outer loop
vertex -51.465511322021484 42.54389190673828 -3.5
vertex -51.638397216796875 42.451480865478516 -3.5
vertex -53.02106857299805 43.375247955322266 -3.5
endloop
endfacet
facet normal 0 0 -1
outer loop
vertex -51.31397247314453 42.66825485229492 -3.5
vertex -51.465511322021484 42.54389190673828 -3.5
vertex -53.02106857299805 43.375247955322266 -3.5
endloop
endfacet
facet normal 0 0 -1
outer loop
vertex -51.18960952758789 42.819793701171875 -3.5
vertex -51.31397247314453 42.66825485229492 -3.5
vertex -53.02106857299805 43.375247955322266 -3.5
endloop
endfacet
facet normal 0 0 -1
outer loop
vertex -51.09720230102539 42.992679595947266 -3.5
vertex -51.18960952758789 42.819793701171875 -3.5
vertex -53.02106857299805 43.375247955322266 -3.5
endloop
endfacet
facet normal 0 0 -1
outer loop
vertex -51.0402946472168 43.18027114868164 -3.5
vertex -51.09720230102539 42.992679595947266 -3.5
vertex -53.02106857299805 43.375247955322266 -3.5
endloop
endfacet
facet normal 0 0 -1
outer loop
vertex -51.021080017089844 43.375362396240234 -3.5
vertex -51.0402946472168 43.18027114868164 -3.5
vertex -53.02106857299805 43.375247955322266 -3.5
endloop
endfacet
facet normal -0.47140310582223155 0.8819178600193749 0
outer loop
vertex 44.4965934753418 48.694217681884766 -6.047072887420654
vertex 44.323707580566406 48.601806640625 -6.053859233856201
vertex 44.323707580566406 48.601806640625 -3.5
endloop
endfacet
facet normal 0 0 -1
outer loop
vertex 43.5583381652832 48.601806640625 -3.5
vertex 43.38545227050781 48.694217681884766 -3.5
vertex 43.02097702026367 49.13582992553711 -3.5
endloop
endfacet
facet normal 0.290212966634714 0.9569620859649041 -0.000004772589383756162
outer loop
vertex 43.70948028564453 48.55595779418945 -6.057226181030273
vertex 43.5583381652832 48.601806640625 -3.5
vertex 43.745933532714844 48.54490280151367 -6.058038234710693
endloop
endfacet
facet normal 0.09801812595133512 0.9951846295964323 0
outer loop
vertex 43.745933532714844 48.54490280151367 -6.058038234710693
vertex 43.745933532714844 48.54490280151367 -3.5
vertex 43.94102096557617 48.52568817138672 -6.059449195861816
endloop
endfacet
facet normal 0.29028691216334057 0.9569396577771626 0
outer loop
vertex 43.5583381652832 48.601806640625 -3.5
vertex 43.70948028564453 48.55595779418945 -6.057226181030273
vertex 43.5583381652832 48.601806640625 -5.945853233337402
endloop
endfacet
facet normal -0.09801622777686081 0.9951848165503704 0
outer loop
vertex 43.94102096557617 48.52568817138672 -6.059449195861816
vertex 43.94102096557617 48.52568817138672 -3.5
vertex 44.136112213134766 48.54490280151367 -6.058038234710693
endloop
endfacet
facet normal -0.2902725625063677 0.9569440106171243 0
outer loop
vertex 44.136112213134766 48.54490280151367 -6.058038234710693
vertex 44.136112213134766 48.54490280151367 -3.5
vertex 44.323707580566406 48.601806640625 -6.053859233856201
endloop
endfacet
facet normal 0.4714031058222316 0.8819178600193749 0
outer loop
vertex 43.5583381652832 48.601806640625 -5.945853233337402
vertex 43.38545227050781 48.694217681884766 -5.775712490081787
vertex 43.38545227050781 48.694217681884766 -3.5
endloop
endfacet
facet normal 0.7730070588633648 0.6343974203505326 0
outer loop
vertex 43.233917236328125 48.818580627441406 -5.580202102661133
vertex 43.109554290771484 48.970115661621094 -5.366835594177246
vertex 43.109554290771484 48.970115661621094 -3.5
endloop
endfacet
facet normal 0.6343974203505327 0.773007058863365 0
outer loop
vertex 43.38545227050781 48.694217681884766 -5.775712490081787
vertex 43.233917236328125 48.818580627441406 -5.580202102661133
vertex 43.233917236328125 48.818580627441406 -3.5
endloop
endfacet
facet normal 0 0 -1
outer loop
vertex 43.94102096557617 48.52568817138672 -3.5
vertex 43.745933532714844 48.54490280151367 -3.5
vertex 43.02097702026367 49.13582992553711 -3.5
endloop
endfacet
facet normal 0.8819187176074529 0.4714015014121465 0
outer loop
vertex 43.109554290771484 48.970115661621094 -5.366835594177246
vertex 43.02097702026367 49.13582992553711 -5.153067588806152
vertex 43.02097702026367 49.13582992553711 -3.5
endloop
endfacet
facet normal 0.773007058863365 0.6343974203505327 0
outer loop
vertex 43.233917236328125 48.818580627441406 -3.5
vertex 43.233917236328125 48.818580627441406 -5.580202102661133
vertex 43.109554290771484 48.970115661621094 -3.5
endloop
endfacet
facet normal 0.2902725625063677 0.9569440106171243 0
outer loop
vertex 43.745933532714844 48.54490280151367 -3.5
vertex 43.745933532714844 48.54490280151367 -6.058038234710693
vertex 43.5583381652832 48.601806640625 -3.5
endloop
endfacet
facet normal 0.4714031058222316 0.881917860019375 0
outer loop
vertex 43.5583381652832 48.601806640625 -3.5
vertex 43.5583381652832 48.601806640625 -5.945853233337402
vertex 43.38545227050781 48.694217681884766 -3.5
endloop
endfacet
facet normal 0.09801812595133512 0.9951846295964323 0
outer loop
vertex 43.94102096557617 48.52568817138672 -3.5
vertex 43.94102096557617 48.52568817138672 -6.059449195861816
vertex 43.745933532714844 48.54490280151367 -3.5
endloop
endfacet
facet normal -0.09801622777686081 0.9951848165503704 0
outer loop
vertex 44.136112213134766 48.54490280151367 -3.5
vertex 44.136112213134766 48.54490280151367 -6.058038234710693
vertex 43.94102096557617 48.52568817138672 -3.5
endloop
endfacet
facet normal -0.2902725625063676 0.9569440106171242 0
outer loop
vertex 44.323707580566406 48.601806640625 -3.5
vertex 44.323707580566406 48.601806640625 -6.053859233856201
vertex 44.136112213134766 48.54490280151367 -3.5
endloop
endfacet
facet normal 0 0 -1
outer loop
vertex 44.86490249633789 49.90837097167969 -3.5
vertex 44.92180633544922 49.72077560424805 -3.5
vertex 44.86490249633789 49.143001556396484 -3.5
endloop
endfacet
facet normal 0 0 -1
outer loop
vertex 44.94102096557617 49.52568817138672 -3.5
vertex 44.86490249633789 49.143001556396484 -3.5
vertex 44.92180633544922 49.72077560424805 -3.5
endloop
endfacet
facet normal 0 0 -1
outer loop
vertex 44.92180633544922 49.330596923828125 -3.5
vertex 44.86490249633789 49.143001556396484 -3.5
vertex 44.94102096557617 49.52568817138672 -3.5
endloop
endfacet
facet normal 0 0 -1
outer loop
vertex 44.86490249633789 49.143001556396484 -3.5
vertex 44.772491455078125 48.970115661621094 -3.5
vertex 44.86490249633789 49.90837097167969 -3.5
endloop
endfacet
facet normal 0.6343974203505327 0.7730070588633648 0
outer loop
vertex 43.38545227050781 48.694217681884766 -3.5
vertex 43.38545227050781 48.694217681884766 -5.775712490081787
vertex 43.233917236328125 48.818580627441406 -3.5
endloop
endfacet
facet normal 0.8819187176074529 0.4714015014121465 0
outer loop
vertex 43.109554290771484 48.970115661621094 -3.5
vertex 43.109554290771484 48.970115661621094 -5.366835594177246
vertex 43.02097702026367 49.13582992553711 -3.5
endloop
endfacet
facet normal 0 0 -1
outer loop
vertex 44.772491455078125 48.970115661621094 -3.5
vertex 43.02097702026367 49.13582992553711 -3.5
vertex 44.86490249633789 49.90837097167969 -3.5
endloop
endfacet
facet normal 0 0 -1
outer loop
vertex 44.648128509521484 48.818580627441406 -3.5
vertex 43.02097702026367 49.13582992553711 -3.5
vertex 44.772491455078125 48.970115661621094 -3.5
endloop
endfacet
facet normal 0 0 -1
outer loop
vertex 44.4965934753418 48.694217681884766 -3.5
vertex 43.02097702026367 49.13582992553711 -3.5
vertex 44.648128509521484 48.818580627441406 -3.5
endloop
endfacet
facet normal 0 0 -1
outer loop
vertex 44.323707580566406 48.601806640625 -3.5
vertex 43.02097702026367 49.13582992553711 -3.5
vertex 44.4965934753418 48.694217681884766 -3.5
endloop
endfacet
facet normal 0 0 -1
outer loop
vertex 44.323707580566406 48.601806640625 -3.5
vertex 44.136112213134766 48.54490280151367 -3.5
vertex 43.02097702026367 49.13582992553711 -3.5
endloop
endfacet
facet normal 0 0 -1
outer loop
vertex 44.136112213134766 48.54490280151367 -3.5
vertex 43.94102096557617 48.52568817138672 -3.5
vertex 43.02097702026367 49.13582992553711 -3.5
endloop
endfacet
facet normal 0 0 -1
outer loop
vertex 43.745933532714844 48.54490280151367 -3.5
vertex 43.5583381652832 48.601806640625 -3.5
vertex 43.02097702026367 49.13582992553711 -3.5
endloop
endfacet
facet normal 0 0 -1
outer loop
vertex 43.38545227050781 48.694217681884766 -3.5
vertex 43.109554290771484 48.970115661621094 -3.5
vertex 43.02097702026367 49.13582992553711 -3.5
endloop
endfacet
facet normal 0 0 -1
outer loop
vertex 43.233917236328125 48.818580627441406 -3.5
vertex 43.109554290771484 48.970115661621094 -3.5
vertex 43.38545227050781 48.694217681884766 -3.5
endloop
endfacet
facet normal -0.9569440106171243 -0.2902725625063677 0
outer loop
vertex 44.86490249633789 49.90837097167969 -3.5
vertex 44.86490249633789 49.90837097167969 -5.087292194366455
vertex 44.92180633544922 49.72077560424805 -3.5
endloop
endfacet
facet normal -0.9951848165503704 0.09801622777686081 0
outer loop
vertex 44.94102096557617 49.52568817138672 -3.5
vertex 44.94102096557617 49.52568817138672 -5.527984142303467
vertex 44.92180633544922 49.330596923828125 -3.5
endloop
endfacet
facet normal -0.9951846295964324 -0.09801812595133513 0
outer loop
vertex 44.92180633544922 49.72077560424805 -3.5
vertex 44.92180633544922 49.72077560424805 -5.3114013671875
vertex 44.94102096557617 49.52568817138672 -3.5
endloop
endfacet
facet normal -0.9569440106171243 0.2902725625063677 0
outer loop
vertex 44.92180633544922 49.330596923828125 -3.5
vertex 44.92180633544922 49.330596923828125 -5.72871732711792
vertex 44.86490249633789 49.143001556396484 -3.5
endloop
endfacet
facet normal -0.8819178600193565 0.4714031058222217 -2.0448981742319418e-7
outer loop
vertex 44.86490249633789 49.143001556396484 -3.5
vertex 44.790321350097656 49.00347137451172 -6.024362564086914
vertex 44.772491455078125 48.970115661621094 -3.5
endloop
endfacet
facet normal -0.7730070588633648 0.6343974203505326 0
outer loop
vertex 44.772491455078125 48.970115661621094 -3.5
vertex 44.772491455078125 48.970115661621094 -6.0268120765686035
vertex 44.648128509521484 48.818580627441406 -3.5
endloop
endfacet
facet normal -0.6343974203505327 0.7730070588633648 0
outer loop
vertex 44.648128509521484 48.818580627441406 -3.5
vertex 44.648128509521484 48.818580627441406 -6.037940502166748
vertex 44.4965934753418 48.694217681884766 -3.5
endloop
endfacet
facet normal -0.4714031058222316 0.8819178600193749 0
outer loop
vertex 44.4965934753418 48.694217681884766 -3.5
vertex 44.4965934753418 48.694217681884766 -6.047072887420654
vertex 44.323707580566406 48.601806640625 -3.5
endloop
endfacet
facet normal -0.9569440106171244 -0.2902725625063677 0
outer loop
vertex 44.86490249633789 49.90837097167969 -5.087292194366455
vertex 44.92180633544922 49.72077560424805 -5.3114013671875
vertex 44.92180633544922 49.72077560424805 -3.5
endloop
endfacet
facet normal -0.9951846295964323 -0.09801812595133512 0
outer loop
vertex 44.92180633544922 49.72077560424805 -5.3114013671875
vertex 44.94102096557617 49.52568817138672 -5.527984142303467
vertex 44.94102096557617 49.52568817138672 -3.5
endloop
endfacet
facet normal -0.9951848165503705 0.09801622777686082 0
outer loop
vertex 44.94102096557617 49.52568817138672 -5.527984142303467
vertex 44.92180633544922 49.330596923828125 -5.72871732711792
vertex 44.92180633544922 49.330596923828125 -3.5
endloop
endfacet
facet normal -0.9569440106171243 0.2902725625063677 0
outer loop
vertex 44.92180633544922 49.330596923828125 -5.72871732711792
vertex 44.86490249633789 49.143001556396484 -5.905887126922607
vertex 44.86490249633789 49.143001556396484 -3.5
endloop
endfacet
facet normal -0.8819193980864203 0.4714002283398748 0
outer loop
vertex 44.790321350097656 49.00347137451172 -6.024362564086914
vertex 44.86490249633789 49.143001556396484 -3.5
vertex 44.86490249633789 49.143001556396484 -5.905887126922607
endloop
endfacet
facet normal -0.8819114260921436 0.47141514244678395 0
outer loop
vertex 44.790321350097656 49.00347137451172 -6.024362564086914
vertex 44.772491455078125 48.970115661621094 -6.0268120765686035
vertex 44.772491455078125 48.970115661621094 -3.5
endloop
endfacet
facet normal -0.7730070588633648 0.6343974203505327 0
outer loop
vertex 44.772491455078125 48.970115661621094 -6.0268120765686035
vertex 44.648128509521484 48.818580627441406 -6.037940502166748
vertex 44.648128509521484 48.818580627441406 -3.5
endloop
endfacet
facet normal -0.6343974203505326 0.7730070588633648 0
outer loop
vertex 44.648128509521484 48.818580627441406 -6.037940502166748
vertex 44.4965934753418 48.694217681884766 -6.047072887420654
vertex 44.4965934753418 48.694217681884766 -3.5
endloop
endfacet
facet normal -0.000014194648703451106 0.12403473299058289 -0.9922778768119679
outer loop
vertex -53.2210807800293 43.37522506713867 -2.5
vertex -53.02117156982422 44.17524719238281 -2.4000000953674316
vertex -51.02117156982422 44.17547607421875 -2.4000000953674316
endloop
endfacet
facet normal -0.000014194665361427377 0.12403487855020062 0.9922778586170047
outer loop
vertex -51.02117156982422 44.17547607421875 -1.2000000476837158
vertex -53.02117156982422 44.17524719238281 -1.2000000476837158
vertex -50.82107925415039 43.3754997253418 -1.100000023841858
endloop
endfacet
facet normal -0.000014194656339504544 0.12403487857463785 0.9922778586139502
outer loop
vertex -53.02117156982422 44.17524719238281 -1.2000000476837158
vertex -53.2210807800293 43.37522506713867 -1.100000023841858
vertex -50.82107925415039 43.3754997253418 -1.100000023841858
endloop
endfacet
facet normal 0.9701144655314099 0.2426477359603977 0
outer loop
vertex -50.82107925415039 43.3754997253418 -2.5
vertex -51.02117156982422 44.17547607421875 -1.2000000476837158
vertex -50.82107925415039 43.3754997253418 -1.100000023841858
endloop
endfacet
facet normal -0.00011444091721934947 0.9999999934516383 0
outer loop
vertex -51.02117156982422 44.17547607421875 -1.2000000476837158
vertex -53.02117156982422 44.17524719238281 -2.4000000953674316
vertex -53.02117156982422 44.17524719238281 -1.2000000476837158
endloop
endfacet
facet normal -0.9701699778166861 0.242425687878102 0
outer loop
vertex -53.02117156982422 44.17524719238281 -1.2000000476837158
vertex -53.02117156982422 44.17524719238281 -2.4000000953674316
vertex -53.2210807800293 43.37522506713867 -1.100000023841858
endloop
endfacet
facet normal 0.9701144655314099 0.2426477359603977 0
outer loop
vertex -50.82107925415039 43.3754997253418 -2.5
vertex -51.02117156982422 44.17547607421875 -2.4000000953674316
vertex -51.02117156982422 44.17547607421875 -1.2000000476837158
endloop
endfacet
facet normal -0.00011444091721934947 0.9999999934516383 0
outer loop
vertex -51.02117156982422 44.17547607421875 -2.4000000953674316
vertex -53.02117156982422 44.17524719238281 -2.4000000953674316
vertex -51.02117156982422 44.17547607421875 -1.2000000476837158
endloop
endfacet
facet normal -0.9701699778166861 0.24242568787810204 0
outer loop
vertex -53.02117156982422 44.17524719238281 -2.4000000953674316
vertex -53.2210807800293 43.37522506713867 -2.5
vertex -53.2210807800293 43.37522506713867 -1.100000023841858
endloop
endfacet
facet normal -0.000014194639675945866 0.12403473296614775 -0.9922778768150223
outer loop
vertex -50.82107925415039 43.3754997253418 -2.5
vertex -53.2210807800293 43.37522506713867 -2.5
vertex -51.02117156982422 44.17547607421875 -2.4000000953674316
endloop
endfacet
facet normal -0.04839281493368017 0.1142045986142909 -0.9922779072004693
outer loop
vertex 45.045921325683594 49.993873596191406 -2.5
vertex 42.836124420166016 49.057498931884766 -2.5
vertex 44.54964828491211 50.652442932128906 -2.4000000953674316
endloop
endfacet
facet normal -0.04839308258837824 0.11420488329568347 -0.9922778613820897
outer loop
vertex 44.54964828491211 50.652442932128906 -2.4000000953674316
vertex 42.836124420166016 49.057498931884766 -2.5
vertex 42.70814895629883 49.872127532958984 -2.4000000953674316
endloop
endfacet
facet normal -0.9878841173128887 -0.15519333349385525 0
outer loop
vertex 42.70814895629883 49.872127532958984 -2.4000000953674316
vertex 42.836124420166016 49.057498931884766 -2.5
vertex 42.836124420166016 49.057498931884766 -1.100000023841858
endloop
endfacet
facet normal -0.39015711925277524 0.9207482947561596 0
outer loop
vertex 44.54964828491211 50.652442932128906 -2.4000000953674316
vertex 42.70814895629883 49.872127532958984 -2.4000000953674316
vertex 44.54964828491211 50.652442932128906 -1.2000000476837158
endloop
endfacet
facet normal -0.9878841173128885 -0.15519333349385522 0
outer loop
vertex 42.70814895629883 49.872127532958984 -2.4000000953674316
vertex 42.836124420166016 49.057498931884766 -1.100000023841858
vertex 42.70814895629883 49.872127532958984 -1.2000000476837158
endloop
endfacet
facet normal -0.39015711925277524 0.9207482947561596 0
outer loop
vertex 44.54964828491211 50.652442932128906 -1.2000000476837158
vertex 42.70814895629883 49.872127532958984 -2.4000000953674316
vertex 42.70814895629883 49.872127532958984 -1.2000000476837158
endloop
endfacet
facet normal -0.048393001744778716 0.11420503947904645 0.9922778473490776
outer loop
vertex 42.70814895629883 49.872127532958984 -1.2000000476837158
vertex 42.836124420166016 49.057498931884766 -1.100000023841858
vertex 45.045921325683594 49.993873596191406 -1.100000023841858
endloop
endfacet
facet normal -0.048392983377990494 0.11420464916489147 0.9922778931674845
outer loop
vertex 44.54964828491211 50.652442932128906 -1.2000000476837158
vertex 42.70814895629883 49.872127532958984 -1.2000000476837158
vertex 45.045921325683594 49.993873596191406 -1.100000023841858
endloop
endfacet
facet normal 0.7986323332675614 0.60181923885799 0
outer loop
vertex 45.045921325683594 49.993873596191406 -2.5
vertex 44.54964828491211 50.652442932128906 -2.4000000953674316
vertex 44.54964828491211 50.652442932128906 -1.2000000476837158
endloop
endfacet
facet normal 0.7986323332675614 0.60181923885799 0
outer loop
vertex 44.54964828491211 50.652442932128906 -1.2000000476837158
vertex 45.045921325683594 49.993873596191406 -1.100000023841858
vertex 45.045921325683594 49.993873596191406 -2.5
endloop
endfacet
facet normal 0 0 1
outer loop
vertex -19.22272491455078 41.01287841796875 -0.5
vertex -19.693357467651367 43.32850646972656 -0.5
vertex -20.139060974121094 43.198394775390625 -0.5
endloop
endfacet
facet normal 0 0 1
outer loop
vertex 38.24967956542969 -52.13518142700195 -0.5
vertex 38.44102096557617 -52.09712219238281 -0.5
vertex 28.552682876586914 -52.05329895019531 -0.5
endloop
endfacet
facet normal 0 0 1
outer loop
vertex -57.8746337890625 -53.95067596435547 -0.5
vertex -57.9830207824707 -53.7884635925293 -0.5
vertex -61.20736312866211 -54.793121337890625 -0.5
endloop
endfacet
facet normal 0 0 1
outer loop
vertex -57.9830207824707 -53.7884635925293 -0.5
vertex -58.021080017089844 -53.59712219238281 -0.5
vertex -61.20736312866211 -54.793121337890625 -0.5
endloop
endfacet
facet normal 0 0 1
outer loop
vertex -19.22272491455078 41.01287841796875 -0.5
vertex -20.139060974121094 43.198394775390625 -0.5
vertex -20.21449089050293 43.18227005004883 -0.5
endloop
endfacet
facet normal 0 0 1
outer loop
vertex -19.22272491455078 41.01287841796875 -0.5
vertex -18.663156509399414 42.2128791809082 -0.5
vertex -19.62047576904297 43.354164123535156 -0.5
endloop
endfacet
facet normal 0 0 1
outer loop
vertex -58.021080017089844 -53.59712219238281 -0.5
vertex -65.60421752929688 -52.039974212646484 -0.5
vertex -61.20736312866211 -54.793121337890625 -0.5
endloop
endfacet
facet normal 0 0 1
outer loop
vertex -27.901493072509766 41.01287841796875 -0.5
vertex -19.22272491455078 41.01287841796875 -0.5
vertex -20.21449089050293 43.18227005004883 -0.5
endloop
endfacet
facet normal 0 0 1
outer loop
vertex -27.901493072509766 41.01287841796875 -0.5
vertex -20.738887786865234 43.116878509521484 -0.5
vertex -29.377105712890625 43.1129150390625 -0.5
endloop
endfacet
facet normal 0 0 1
outer loop
vertex -27.901493072509766 41.01287841796875 -0.5
vertex -29.377105712890625 43.1129150390625 -0.5
vertex -29.86030387878418 42.9607048034668 -0.5
endloop
endfacet
facet normal 0 0 1
outer loop
vertex 54.15077590942383 -54.656898498535156 -0.5
vertex 54.693485260009766 -54.497398376464844 -0.5
vertex 51.19668197631836 -50.04427719116211 -0.5
endloop
endfacet
facet normal 0 0 1
outer loop
vertex 54.693485260009766 -54.497398376464844 -0.5
vertex 55.21565246582031 -54.27987289428711 -0.5
vertex 51.19668197631836 -50.04427719116211 -0.5
endloop
endfacet
facet normal 0 0 1
outer loop
vertex -57.71242141723633 -54.059059143066406 -0.5
vertex -61.20736312866211 -54.793121337890625 -0.5
vertex -56.521080017089844 -54.79316711425781 -0.5
endloop
endfacet
facet normal 0 0 1
outer loop
vertex -58.021080017089844 -53.59712219238281 -0.5
vertex -58.021080017089844 -52.59712219238281 -0.5
vertex -65.60421752929688 -52.039974212646484 -0.5
endloop
endfacet
facet normal 0 0 1
outer loop
vertex -58.021080017089844 -52.59712219238281 -0.5
vertex -57.9830207824707 -52.40578079223633 -0.5
vertex -65.60421752929688 -52.039974212646484 -0.5
endloop
endfacet
facet normal 0 0 1
outer loop
vertex 13.717731475830078 40.37382888793945 -0.5
vertex 20.18651008605957 42.877830505371094 -0.5
vertex 15.275798797607422 42.87382888793945 -0.5
endloop
endfacet
facet normal 0 0 1
outer loop
vertex -27.901493072509766 41.01287841796875 -0.5
vertex -20.6749324798584 43.122493743896484 -0.5
vertex -20.738887786865234 43.116878509521484 -0.5
endloop
endfacet
facet normal 0 0 1
outer loop
vertex -27.901493072509766 41.01287841796875 -0.5
vertex -20.21449089050293 43.18227005004883 -0.5
vertex -20.6749324798584 43.122493743896484 -0.5
endloop
endfacet
facet normal 0 0 1
outer loop
vertex 56.17393493652344 -53.68170928955078 -0.5
vertex 51.2813606262207 -49.53984451293945 -0.5
vertex 51.19668197631836 -50.04427719116211 -0.5
endloop
endfacet
facet normal 0 0 1
outer loop
vertex 53.59211349487305 -54.75681686401367 -0.5
vertex 54.15077590942383 -54.656898498535156 -0.5
vertex 51.19668197631836 -50.04427719116211 -0.5
endloop
endfacet
facet normal 0 0 1
outer loop
vertex 53.09748840332031 -54.794254302978516 -0.5
vertex 53.59211349487305 -54.75681686401367 -0.5
vertex 51.19668197631836 -50.04427719116211 -0.5
endloop
endfacet
facet normal 0 0 1
outer loop
vertex 53.09748840332031 -54.794254302978516 -0.5
vertex 51.19668197631836 -50.04427719116211 -0.5
vertex 51.01837921142578 -50.52368927001953 -0.5
endloop
endfacet
facet normal 0 0 1
outer loop
vertex 44.34102249145508 -54.09712219238281 -0.5
vertex 44.34102249145508 -56.76212692260742 -0.5
vertex 45.33020782470703 -56.67558288574219 -0.5
endloop
endfacet
facet normal 0 0 1
outer loop
vertex 45.33020782470703 -56.67558288574219 -0.5
vertex 46.67718505859375 -56.31466293334961 -0.5
vertex 44.34102249145508 -54.09712219238281 -0.5
endloop
endfacet
facet normal 0 0 1
outer loop
vertex 46.67718505859375 -56.31466293334961 -0.5
vertex 47.62700653076172 -54.09712219238281 -0.5
vertex 44.34102249145508 -54.09712219238281 -0.5
endloop
endfacet
facet normal 0 0 1
outer loop
vertex -69.11072540283203 -4.506385326385498 -0.5
vertex -70.61072540283203 -4.506359577178955 -0.5
vertex -69.11076354980469 -6.796816825866699 -0.5
endloop
endfacet
facet normal 0 0 1
outer loop
vertex -57.9830207824707 -52.40578079223633 -0.5
vertex -57.8746337890625 -52.243568420410156 -0.5
vertex -65.60421752929688 -52.039974212646484 -0.5
endloop
endfacet
facet normal 0 0 1
outer loop
vertex -57.8746337890625 -52.243568420410156 -0.5
vertex -57.71242141723633 -52.13518142700195 -0.5
vertex -65.60421752929688 -52.039974212646484 -0.5
endloop
endfacet
facet normal 0 0 1
outer loop
vertex -70.61076354980469 -6.796791076660156 -0.5
vertex -69.11076354980469 -6.796816825866699 -0.5
vertex -70.61072540283203 -4.506359577178955 -0.5
endloop
endfacet
facet normal 0 0 1
outer loop
vertex 53.09748840332031 -54.794254302978516 -0.5
vertex 51.01837921142578 -50.52368927001953 -0.5
vertex 50.75286102294922 -50.96086502075195 -0.5
endloop
endfacet
facet normal 0 0 1
outer loop
vertex -19.22272491455078 41.01287841796875 -0.5
vertex -19.62047576904297 43.354164123535156 -0.5
vertex -19.693357467651367 43.32850646972656 -0.5
endloop
endfacet
facet normal 0 0 1
outer loop
vertex 20.75596046447754 40.37382888793945 -0.5
vertex 20.18651008605957 42.877830505371094 -0.5
vertex 13.717731475830078 40.37382888793945 -0.5
endloop
endfacet
facet normal 0 0 1
outer loop
vertex 50.40964889526367 -51.340118408203125 -0.5
vertex 53.09748840332031 -54.794254302978516 -0.5
vertex 50.75286102294922 -50.96086502075195 -0.5
endloop
endfacet
facet normal 0 0 1
outer loop
vertex 55.21565246582031 -54.27987289428711 -0.5
vertex 55.711090087890625 -54.006900787353516 -0.5
vertex 51.19668197631836 -50.04427719116211 -0.5
endloop
endfacet
facet normal 0 0 1
outer loop
vertex 53.09748840332031 -54.794254302978516 -0.5
vertex 50.40964889526367 -51.340118408203125 -0.5
vertex 50.001068115234375 -51.647830963134766 -0.5
endloop
endfacet
facet normal 0 0 1
outer loop
vertex 20.75596046447754 40.37382888793945 -0.5
vertex 21.07201385498047 40.46126937866211 -0.5
vertex 20.715940475463867 42.94426727294922 -0.5
endloop
endfacet
facet normal 0 0 1
outer loop
vertex 20.18651008605957 42.877830505371094 -0.5
vertex 20.75596046447754 40.37382888793945 -0.5
vertex 20.25069236755371 42.883480072021484 -0.5
endloop
endfacet
facet normal 0 0 1
outer loop
vertex 14.129562377929688 43.069732666015625 -0.5
vertex 13.70195198059082 43.25064468383789 -0.5
vertex 12.86016845703125 42.2128791809082 -0.5
endloop
endfacet
facet normal 0 0 1
outer loop
vertex -52.42108154296875 -54.09712219238281 -0.5
vertex -56.521080017089844 -55.375221252441406 -0.5
vertex -56.021080017089844 -55.72532272338867 -0.5
endloop
endfacet
facet normal 0 0 1
outer loop
vertex -53.4102668762207 -56.67558288574219 -0.5
vertex -52.42108154296875 -56.76212692260742 -0.5
vertex -54.757240295410156 -56.31466293334961 -0.5
endloop
endfacet
facet normal 0 0 1
outer loop
vertex -52.42108154296875 -54.09712219238281 -0.5
vertex -56.021080017089844 -55.72532272338867 -0.5
vertex -54.757240295410156 -56.31466293334961 -0.5
endloop
endfacet
facet normal 0 0 1
outer loop
vertex -52.42108154296875 -54.09712219238281 -0.5
vertex -56.521080017089844 -54.79316711425781 -0.5
vertex -56.521080017089844 -55.375221252441406 -0.5
endloop
endfacet
facet normal 0 0 1
outer loop
vertex 66.79084014892578 29.50560188293457 -0.5
vertex 60.15034484863281 23.921682357788086 -0.5
vertex 67.34178161621094 26.98039436340332 -0.5
endloop
endfacet
facet normal 0 0 1
outer loop
vertex -52.42108154296875 -54.09712219238281 -0.5
vertex -57.71242141723633 -54.059059143066406 -0.5
vertex -56.521080017089844 -54.79316711425781 -0.5
endloop
endfacet
facet normal 0 0 1
outer loop
vertex -57.71242141723633 -52.13518142700195 -0.5
vertex -45.0066032409668 -52.04359817504883 -0.5
vertex -65.60421752929688 -52.039974212646484 -0.5
endloop
endfacet
facet normal 0 0 1
outer loop
vertex 60.38949966430664 50.31918716430664 -0.5
vertex 69.01934051513672 32.517173767089844 -0.5
vertex 61.020809173583984 51.39237976074219 -0.5
endloop
endfacet
facet normal 0 0 1
outer loop
vertex -51.62107849121094 -54.09712219238281 -0.5
vertex -50.631893157958984 -56.67558288574219 -0.5
vertex -49.28491973876953 -56.31466293334961 -0.5
endloop
endfacet
facet normal 0 0 1
outer loop
vertex 13.70195198059082 43.25064468383789 -0.5
vertex 13.633211135864258 43.285728454589844 -0.5
vertex 12.86016845703125 42.2128791809082 -0.5
endloop
endfacet
facet normal 0 0 1
outer loop
vertex 55.711090087890625 -54.006900787353516 -0.5
vertex 56.17393493652344 -53.68170928955078 -0.5
vertex 51.19668197631836 -50.04427719116211 -0.5
endloop
endfacet
facet normal 0 0 1
outer loop
vertex 56.17393493652344 -53.68170928955078 -0.5
vertex 56.59870910644531 -53.30815505981445 -0.5
vertex 51.2813606262207 -49.53984451293945 -0.5
endloop
endfacet
facet normal 0 0 1
outer loop
vertex 51.2813606262207 -49.53984451293945 -0.5
vertex 56.59870910644531 -53.30815505981445 -0.5
vertex 57.31442642211914 -52.434165954589844 -0.5
endloop
endfacet
facet normal 0 0 1
outer loop
vertex 56.65446472167969 -50.53473663330078 -0.5
vertex 51.2813606262207 -49.53984451293945 -0.5
vertex 57.31442642211914 -52.434165954589844 -0.5
endloop
endfacet
facet normal 0 0 1
outer loop
vertex -32.477134704589844 40.37382888793945 -0.5
vertex -29.86030387878418 42.9607048034668 -0.5
vertex -29.94634437561035 42.94322204589844 -0.5
endloop
endfacet
facet normal 0 0 1
outer loop
vertex -32.477134704589844 40.37382888793945 -0.5
vertex -29.94634437561035 42.94322204589844 -0.5
vertex -30.40678596496582 42.883445739746094 -0.5
endloop
endfacet
facet normal 0 0 1
outer loop
vertex -32.477134704589844 40.37382888793945 -0.5
vertex -30.40678596496582 42.883445739746094 -0.5
vertex -30.47091293334961 42.877830505371094 -0.5
endloop
endfacet
facet normal 0 0 1
outer loop
vertex 56.59870910644531 -53.30815505981445 -0.5
vertex 56.98038101196289 -52.89065933227539 -0.5
vertex 57.31442642211914 -52.434165954589844 -0.5
endloop
endfacet
facet normal 0 0 1
outer loop
vertex -32.477134704589844 40.37382888793945 -0.5
vertex -27.901493072509766 41.01287841796875 -0.5
vertex -29.86030387878418 42.9607048034668 -0.5
endloop
endfacet
facet normal 0 0 1
outer loop
vertex 56.65446472167969 -50.53473663330078 -0.5
vertex 57.31442642211914 -52.434165954589844 -0.5
vertex 57.59689712524414 -51.9440803527832 -0.5
endloop
endfacet
facet normal 0 0 1
outer loop
vertex 57.59689712524414 -51.9440803527832 -0.5
vertex 57.824440002441406 -51.42620086669922 -0.5
vertex 56.65446472167969 -50.53473663330078 -0.5
endloop
endfacet
facet normal 0 0 1
outer loop
vertex 57.824440002441406 -51.42620086669922 -0.5
vertex 57.99436950683594 -50.88666534423828 -0.5
vertex 56.65446472167969 -50.53473663330078 -0.5
endloop
endfacet
facet normal 0 0 1
outer loop
vertex 56.65708923339844 -4.259466648101807 -0.5
vertex 56.657386779785156 1.0158040523529053 -0.5
vertex 51.28850555419922 17.15287971496582 -0.5
endloop
endfacet
facet normal 0 0 1
outer loop
vertex 57.99436950683594 -50.88666534423828 -0.5
vertex 58.06432342529297 -50.53481674194336 -0.5
vertex 56.65446472167969 -50.53473663330078 -0.5
endloop
endfacet
facet normal 0 0 1
outer loop
vertex 58.157386779785156 1.0157190561294556 -0.5
vertex 56.657386779785156 1.0158040523529053 -0.5
vertex 58.15708923339844 -4.259552001953125 -0.5
endloop
endfacet
facet normal 0 0 1
outer loop
vertex 13.717731475830078 40.37382888793945 -0.5
vertex 15.275798797607422 42.87382888793945 -0.5
vertex 15.233475685119629 42.87559127807617 -0.5
endloop
endfacet
facet normal 0 0 1
outer loop
vertex 42.55183792114258 -56.67558288574219 -0.5
vertex 43.54102325439453 -56.76212692260742 -0.5
vertex 43.54102325439453 -54.09712219238281 -0.5
endloop
endfacet
facet normal 0 0 1
outer loop
vertex 41.20486068725586 -56.31466293334961 -0.5
vertex 42.55183792114258 -56.67558288574219 -0.5
vertex 43.54102325439453 -54.09712219238281 -0.5
endloop
endfacet
facet normal 0 0 1
outer loop
vertex 13.717731475830078 40.37382888793945 -0.5
vertex 15.233475685119629 42.87559127807617 -0.5
vertex 14.732258796691895 42.917755126953125 -0.5
endloop
endfacet
facet normal 0 0 1
outer loop
vertex 14.653185844421387 42.93274688720703 -0.5
vertex 14.202335357666016 43.043731689453125 -0.5
vertex 13.717731475830078 40.37382888793945 -0.5
endloop
endfacet
facet normal 0 0 1
outer loop
vertex 13.717731475830078 40.37382888793945 -0.5
vertex 14.732258796691895 42.917755126953125 -0.5
vertex 14.653185844421387 42.93274688720703 -0.5
endloop
endfacet
facet normal 0 0 1
outer loop
vertex 14.202335357666016 43.043731689453125 -0.5
vertex 14.129562377929688 43.069732666015625 -0.5
vertex 13.717731475830078 40.37382888793945 -0.5
endloop
endfacet
facet normal 0 0 1
outer loop
vertex 39.44102096557617 -54.79412078857422 -0.5
vertex 39.44102096557617 -55.375221252441406 -0.5
vertex 43.54102325439453 -54.09712219238281 -0.5
endloop
endfacet
facet normal 0 0 1
outer loop
vertex 14.129562377929688 43.069732666015625 -0.5
vertex 12.86016845703125 42.2128791809082 -0.5
vertex 13.717731475830078 40.37382888793945 -0.5
endloop
endfacet
facet normal 0 0 1
outer loop
vertex 56.65855026245117 21.515804290771484 -0.5
vertex 51.19166946411133 17.865962982177734 -0.5
vertex 51.27254867553711 17.443588256835938 -0.5
endloop
endfacet
facet normal 0 0 1
outer loop
vertex -32.477134704589844 40.37382888793945 -0.5
vertex -27.901493072509766 40.61288070678711 -0.5
vertex -27.901493072509766 41.01287841796875 -0.5
endloop
endfacet
facet normal 0 0 1
outer loop
vertex -27.901493072509766 40.37382888793945 -0.5
vertex -27.901493072509766 40.61288070678711 -0.5
vertex -32.477134704589844 40.37382888793945 -0.5
endloop
endfacet
facet normal 0 0 1
outer loop
vertex 56.65855026245117 21.515804290771484 -0.5
vertex 51.27254867553711 17.443588256835938 -0.5
vertex 51.28850555419922 17.15287971496582 -0.5
endloop
endfacet
facet normal 0 0 1
outer loop
vertex 61.020809173583984 51.39237976074219 -0.5
vertex 62.33467102050781 51.94914245605469 -0.5
vertex 62.05968475341797 52.38690185546875 -0.5
endloop
endfacet
facet normal 0 0 1
outer loop
vertex 56.17430114746094 54.16635513305664 -0.5
vertex 62.05968475341797 52.38690185546875 -0.5
vertex 61.54418182373047 52.97438049316406 -0.5
endloop
endfacet
facet normal 0 0 1
outer loop
vertex 56.65446472167969 -50.53473663330078 -0.5
vertex 56.6556282043457 -30.034738540649414 -0.5
vertex 51.2813606262207 -49.53984451293945 -0.5
endloop
endfacet
facet normal 0 0 1
outer loop
vertex 59.8565559387207 51.12882614135742 -0.5
vertex 61.020809173583984 51.39237976074219 -0.5
vertex 62.05968475341797 52.38690185546875 -0.5
endloop
endfacet
facet normal 0 0 1
outer loop
vertex 10.602660179138184 46.478782653808594 -0.5
vertex 10.464079856872559 46.61736297607422 -0.5
vertex 8.7972412109375 47.05488586425781 -0.5
endloop
endfacet
facet normal 0 0 1
outer loop
vertex 59.469844818115234 51.4636116027832 -0.5
vertex 59.8565559387207 51.12882614135742 -0.5
vertex 62.05968475341797 52.38690185546875 -0.5
endloop
endfacet
facet normal 0 0 1
outer loop
vertex -68.07179260253906 -49.8068962097168 -0.5
vertex -69.11115264892578 -29.587247848510742 -0.5
vertex -69.11150360107422 -50.087249755859375 -0.5
endloop
endfacet
facet normal 0 0 1
outer loop
vertex 59.02693176269531 51.71944808959961 -0.5
vertex 59.469844818115234 51.4636116027832 -0.5
vertex 62.05968475341797 52.38690185546875 -0.5
endloop
endfacet
facet normal 0 0 1
outer loop
vertex -51.62107849121094 -54.09712219238281 -0.5
vertex -49.28491973876953 -56.31466293334961 -0.5
vertex -48.021080017089844 -55.72532272338867 -0.5
endloop
endfacet
facet normal 0 0 1
outer loop
vertex -65.60421752929688 -52.039974212646484 -0.5
vertex -66.10865020751953 -51.95529556274414 -0.5
vertex -65.94303131103516 -54.5173454284668 -0.5
endloop
endfacet
facet normal 0 0 1
outer loop
vertex -65.60421752929688 -52.039974212646484 -0.5
vertex -61.78046798706055 -54.742916107177734 -0.5
vertex -61.20736312866211 -54.793121337890625 -0.5
endloop
endfacet
facet normal 0 0 1
outer loop
vertex 39.94102096557617 -55.72532272338867 -0.5
vertex 41.20486068725586 -56.31466293334961 -0.5
vertex 43.54102325439453 -54.09712219238281 -0.5
endloop
endfacet
facet normal 0 0 1
outer loop
vertex 39.44102096557617 -55.375221252441406 -0.5
vertex 39.94102096557617 -55.72532272338867 -0.5
vertex 43.54102325439453 -54.09712219238281 -0.5
endloop
endfacet
facet normal 0 0 1
outer loop
vertex -65.60421752929688 -52.039974212646484 -0.5
vertex -62.74951934814453 -54.56748580932617 -0.5
vertex -61.78046798706055 -54.742916107177734 -0.5
endloop
endfacet
facet normal 0 0 1
outer loop
vertex -65.60421752929688 -52.039974212646484 -0.5
vertex -62.831912994384766 -54.55986022949219 -0.5
vertex -62.74951934814453 -54.56748580932617 -0.5
endloop
endfacet
facet normal 0 0 1
outer loop
vertex 10.464079856872559 46.61736297607422 -0.5
vertex 8.345891952514648 48.42646789550781 -0.5
vertex 8.7972412109375 47.05488586425781 -0.5
endloop
endfacet
facet normal 0 0 1
outer loop
vertex -51.62107849121094 -54.09712219238281 -0.5
vertex -48.021080017089844 -55.72532272338867 -0.5
vertex -47.521080017089844 -54.79325866699219 -0.5
endloop
endfacet
facet normal 0 0 1
outer loop
vertex -46.32973861694336 -52.13518142700195 -0.5
vertex -45.0066032409668 -52.04359817504883 -0.5
vertex -57.71242141723633 -52.13518142700195 -0.5
endloop
endfacet
facet normal 0 0 1
outer loop
vertex 12.768913269042969 43.93326187133789 -0.5
vertex 10.602660179138184 46.478782653808594 -0.5
vertex 8.7972412109375 47.05488586425781 -0.5
endloop
endfacet
facet normal 0 0 1
outer loop
vertex 12.768913269042969 43.93326187133789 -0.5
vertex 8.7972412109375 47.05488586425781 -0.5
vertex 11.040514945983887 44.811614990234375 -0.5
endloop
endfacet
facet normal 0 0 1
outer loop
vertex -65.60421752929688 -52.039974212646484 -0.5
vertex -65.94303131103516 -54.5173454284668 -0.5
vertex -62.831912994384766 -54.55986022949219 -0.5
endloop
endfacet
facet normal 0 0 1
outer loop
vertex -66.10865020751953 -51.95529556274414 -0.5
vertex -66.71090698242188 -54.380126953125 -0.5
vertex -65.94303131103516 -54.5173454284668 -0.5
endloop
endfacet
facet normal 0 0 1
outer loop
vertex -48.021080017089844 -55.72532272338867 -0.5
vertex -47.521080017089844 -55.375221252441406 -0.5
vertex -47.521080017089844 -54.79325866699219 -0.5
endloop
endfacet
facet normal 0 0 1
outer loop
vertex 60.88252258300781 53.5244026184082 -0.5
vertex 56.17430114746094 54.16635513305664 -0.5
vertex 61.54418182373047 52.97438049316406 -0.5
endloop
endfacet
facet normal 0 0 1
outer loop
vertex 56.6556282043457 -30.034738540649414 -0.5
vertex 51.28850555419922 17.15287971496582 -0.5
vertex 51.2813606262207 -49.53984451293945 -0.5
endloop
endfacet
facet normal 0 0 1
outer loop
vertex 56.6556282043457 -30.034738540649414 -0.5
vertex 58.1556282043457 -30.034822463989258 -0.5
vertex 56.65592575073242 -24.75946617126465 -0.5
endloop
endfacet
facet normal 0 0 1
outer loop
vertex 38.44102096557617 -52.09712219238281 -0.5
vertex 49.048282623291016 -52.007423400878906 -0.5
vertex 28.552682876586914 -52.05329895019531 -0.5
endloop
endfacet
facet normal 0 0 1
outer loop
vertex 34.6306266784668 -54.794071197509766 -0.5
vertex 39.44102096557617 -54.79412078857422 -0.5
vertex 43.54102325439453 -54.09712219238281 -0.5
endloop
endfacet
facet normal 0 0 1
outer loop
vertex 34.6306266784668 -54.794071197509766 -0.5
vertex 43.54102325439453 -54.09712219238281 -0.5
vertex 38.24967956542969 -54.059059143066406 -0.5
endloop
endfacet
facet normal 0 0 1
outer loop
vertex 58.15592575073242 -24.759552001953125 -0.5
vertex 56.65592575073242 -24.75946617126465 -0.5
vertex 58.1556282043457 -30.034822463989258 -0.5
endloop
endfacet
facet normal 0 0 1
outer loop
vertex 56.17430114746094 54.16635513305664 -0.5
vertex 60.88252258300781 53.5244026184082 -0.5
vertex 60.2098503112793 53.922447204589844 -0.5
endloop
endfacet
facet normal 0 0 1
outer loop
vertex 34.6306266784668 -54.794071197509766 -0.5
vertex 37.97908401489258 -53.7884635925293 -0.5
vertex 37.94102096557617 -53.59712219238281 -0.5
endloop
endfacet
facet normal 0 0 1
outer loop
vertex 34.6306266784668 -54.794071197509766 -0.5
vertex 38.08747100830078 -53.95067596435547 -0.5
vertex 37.97908401489258 -53.7884635925293 -0.5
endloop
endfacet
facet normal 0 0 1
outer loop
vertex 34.6306266784668 -54.794071197509766 -0.5
vertex 38.24967956542969 -54.059059143066406 -0.5
vertex 38.08747100830078 -53.95067596435547 -0.5
endloop
endfacet
facet normal 0 0 1
outer loop
vertex 13.175951957702637 43.57562255859375 -0.5
vertex 12.823867797851562 43.8783073425293 -0.5
vertex 11.040514945983887 44.811614990234375 -0.5
endloop
endfacet
facet normal 0 0 1
outer loop
vertex 12.823867797851562 43.8783073425293 -0.5
vertex 12.768913269042969 43.93326187133789 -0.5
vertex 11.040514945983887 44.811614990234375 -0.5
endloop
endfacet
facet normal 0 0 1
outer loop
vertex 56.17430114746094 54.16635513305664 -0.5
vertex 60.2098503112793 53.922447204589844 -0.5
vertex 59.40994644165039 54.23942184448242 -0.5
endloop
endfacet
facet normal 0 0 1
outer loop
vertex 58.64683532714844 54.408531188964844 -0.5
vertex 56.17430114746094 54.16635513305664 -0.5
vertex 59.40994644165039 54.23942184448242 -0.5
endloop
endfacet
facet normal 0 0 1
outer loop
vertex 13.633211135864258 43.285728454589844 -0.5
vertex 13.238638877868652 43.53045654296875 -0.5
vertex 12.86016845703125 42.2128791809082 -0.5
endloop
endfacet
facet normal 0 0 1
outer loop
vertex 13.238638877868652 43.53045654296875 -0.5
vertex 13.175951957702637 43.57562255859375 -0.5
vertex 12.86016845703125 42.2128791809082 -0.5
endloop
endfacet
facet normal 0 0 1
outer loop
vertex -68.07179260253906 -49.8068962097168 -0.5
vertex -69.11150360107422 -50.087249755859375 -0.5
vertex -67.93733215332031 -50.30039978027344 -0.5
endloop
endfacet
facet normal 0 0 1
outer loop
vertex -67.71220397949219 -50.75968551635742 -0.5
vertex -67.93733215332031 -50.30039978027344 -0.5
vertex -70.49971008300781 -50.405059814453125 -0.5
endloop
endfacet
facet normal 0 0 1
outer loop
vertex -67.71220397949219 -50.75968551635742 -0.5
vertex -70.49971008300781 -50.405059814453125 -0.5
vertex -67.40448760986328 -51.16826248168945 -0.5
endloop
endfacet
facet normal 0 0 1
outer loop
vertex -67.02523803710938 -51.511474609375 -0.5
vertex -67.40448760986328 -51.16826248168945 -0.5
vertex -68.89549255371094 -53.20416259765625 -0.5
endloop
endfacet
facet normal 0 0 1
outer loop
vertex 13.175951957702637 43.57562255859375 -0.5
vertex 11.040514945983887 44.811614990234375 -0.5
vertex 12.86016845703125 42.2128791809082 -0.5
endloop
endfacet
facet normal 0 0 1
outer loop
vertex -46.32973861694336 -54.059059143066406 -0.5
vertex -51.62107849121094 -54.09712219238281 -0.5
vertex -47.521080017089844 -54.79325866699219 -0.5
endloop
endfacet
facet normal 0 0 1
outer loop
vertex 46.67718505859375 -56.31466293334961 -0.5
vertex 47.94102096557617 -55.72532272338867 -0.5
vertex 47.62700653076172 -54.09712219238281 -0.5
endloop
endfacet
facet normal 0 0 1
outer loop
vertex 56.6556282043457 -30.034738540649414 -0.5
vertex 56.65592575073242 -24.75946617126465 -0.5
vertex 51.28850555419922 17.15287971496582 -0.5
endloop
endfacet
facet normal 0 0 1
outer loop
vertex -66.58805847167969 -51.77699661254883 -0.5
vertex -67.02523803710938 -51.511474609375 -0.5
vertex -68.89549255371094 -53.20416259765625 -0.5
endloop
endfacet
facet normal 0 0 1
outer loop
vertex -66.10865020751953 -51.95529556274414 -0.5
vertex -66.58805847167969 -51.77699661254883 -0.5
vertex -67.523193359375 -54.096405029296875 -0.5
endloop
endfacet
facet normal 0 0 1
outer loop
vertex -66.58805847167969 -51.77699661254883 -0.5
vertex -68.21171569824219 -53.726436614990234 -0.5
vertex -67.523193359375 -54.096405029296875 -0.5
endloop
endfacet
facet normal 0 0 1
outer loop
vertex -67.40448760986328 -51.16826248168945 -0.5
vertex -69.43480682373047 -52.63841247558594 -0.5
vertex -68.89549255371094 -53.20416259765625 -0.5
endloop
endfacet
facet normal 0 0 1
outer loop
vertex 56.657386779785156 1.0158040523529053 -0.5
vertex 56.65855026245117 21.515804290771484 -0.5
vertex 51.28850555419922 17.15287971496582 -0.5
endloop
endfacet
facet normal 0 0 1
outer loop
vertex -69.11115264892578 -29.587247848510742 -0.5
vertex -68.07179260253906 -49.8068962097168 -0.5
vertex -69.11111450195312 -27.296815872192383 -0.5
endloop
endfacet
facet normal 0 0 1
outer loop
vertex -51.62107849121094 -54.09712219238281 -0.5
vertex -51.62107849121094 -56.76212692260742 -0.5
vertex -50.631893157958984 -56.67558288574219 -0.5
endloop
endfacet
facet normal 0 0 1
outer loop
vertex 58.54371643066406 51.88715744018555 -0.5
vertex 59.02693176269531 51.71944808959961 -0.5
vertex 62.05968475341797 52.38690185546875 -0.5
endloop
endfacet
facet normal 0 0 1
outer loop
vertex -52.42108154296875 -56.76212692260742 -0.5
vertex -52.42108154296875 -54.09712219238281 -0.5
vertex -54.757240295410156 -56.31466293334961 -0.5
endloop
endfacet
facet normal 0 0 1
outer loop
vertex 58.037540435791016 51.96072006225586 -0.5
vertex 58.54371643066406 51.88715744018555 -0.5
vertex 62.05968475341797 52.38690185546875 -0.5
endloop
endfacet
facet normal 0 0 1
outer loop
vertex 66.79084014892578 29.50560188293457 -0.5
vertex 52.139854431152344 23.243404388427734 -0.5
vertex 60.15034484863281 23.921682357788086 -0.5
endloop
endfacet
facet normal 0 0 1
outer loop
vertex 20.75596046447754 40.37382888793945 -0.5
vertex 20.715940475463867 42.94426727294922 -0.5
vertex 20.25069236755371 42.883480072021484 -0.5
endloop
endfacet
facet normal 0 0 1
outer loop
vertex 21.07201385498047 40.46126937866211 -0.5
vertex 20.754817962646484 42.949440002441406 -0.5
vertex 20.715940475463867 42.94426727294922 -0.5
endloop
endfacet
facet normal 0 0 1
outer loop
vertex 53.09748840332031 -54.794254302978516 -0.5
vertex 50.001068115234375 -51.647830963134766 -0.5
vertex 49.79457473754883 -52.243568420410156 -0.5
endloop
endfacet
facet normal 0 0 1
outer loop
vertex 53.09748840332031 -54.794254302978516 -0.5
vertex 49.79457473754883 -52.243568420410156 -0.5
vertex 49.90296173095703 -52.40578079223633 -0.5
endloop
endfacet
facet normal 0 0 1
outer loop
vertex -66.58805847167969 -51.77699661254883 -0.5
vertex -68.89549255371094 -53.20416259765625 -0.5
vertex -68.21171569824219 -53.726436614990234 -0.5
endloop
endfacet
facet normal 0 0 1
outer loop
vertex -69.11150360107422 -50.087249755859375 -0.5
vertex -70.5322036743164 -50.087223052978516 -0.5
vertex -67.93733215332031 -50.30039978027344 -0.5
endloop
endfacet
facet normal 0 0 1
outer loop
vertex -67.93733215332031 -50.30039978027344 -0.5
vertex -70.5322036743164 -50.087223052978516 -0.5
vertex -70.49971008300781 -50.405059814453125 -0.5
endloop
endfacet
facet normal 0 0 1
outer loop
vertex 49.94102096557617 -52.59712219238281 -0.5
vertex 53.09748840332031 -54.794254302978516 -0.5
vertex 49.90296173095703 -52.40578079223633 -0.5
endloop
endfacet
facet normal 0 0 1
outer loop
vertex 50.001068115234375 -51.647830963134766 -0.5
vertex 49.44102096557617 -52.09712219238281 -0.5
vertex 49.63236618041992 -52.13518142700195 -0.5
endloop
endfacet
facet normal 0 0 1
outer loop
vertex -67.40448760986328 -51.16826248168945 -0.5
vertex -70.49971008300781 -50.405059814453125 -0.5
vertex -70.25887298583984 -51.223968505859375 -0.5
endloop
endfacet
facet normal 0 0 1
outer loop
vertex 50.001068115234375 -51.647830963134766 -0.5
vertex 49.541786193847656 -51.87295913696289 -0.5
vertex 49.44102096557617 -52.09712219238281 -0.5
endloop
endfacet
facet normal 0 0 1
outer loop
vertex 50.001068115234375 -51.647830963134766 -0.5
vertex 49.63236618041992 -52.13518142700195 -0.5
vertex 49.79457473754883 -52.243568420410156 -0.5
endloop
endfacet
facet normal 0 0 1
outer loop
vertex 49.44102096557617 -52.09712219238281 -0.5
vertex 49.541786193847656 -51.87295913696289 -0.5
vertex 49.048282623291016 -52.007423400878906 -0.5
endloop
endfacet
facet normal 0 0 1
outer loop
vertex 58.35273361206055 21.905698776245117 -0.5
vertex 58.37861633300781 21.97831916809082 -0.5
vertex 56.65855026245117 21.515804290771484 -0.5
endloop
endfacet
facet normal 0 0 1
outer loop
vertex -67.40448760986328 -51.16826248168945 -0.5
vertex -70.25887298583984 -51.223968505859375 -0.5
vertex -69.92224884033203 -51.929386138916016 -0.5
endloop
endfacet
facet normal 0 0 1
outer loop
vertex 58.037540435791016 51.96072006225586 -0.5
vertex 62.05968475341797 52.38690185546875 -0.5
vertex 56.17430114746094 54.16635513305664 -0.5
endloop
endfacet
facet normal 0 0 1
outer loop
vertex 47.62700653076172 -54.09712219238281 -0.5
vertex 47.94102096557617 -55.72532272338867 -0.5
vertex 48.44102096557617 -55.375221252441406 -0.5
endloop
endfacet
facet normal 0 0 1
outer loop
vertex 56.65855026245117 21.515804290771484 -0.5
vertex 52.139854431152344 23.243404388427734 -0.5
vertex 51.19166946411133 17.865962982177734 -0.5
endloop
endfacet
facet normal 0 0 1
outer loop
vertex 38.48011016845703 46.703086853027344 -0.5
vertex 38.42124938964844 46.687313079833984 -0.5
vertex 39.35960006713867 44.32577133178711 -0.5
endloop
endfacet
facet normal 0 0 1
outer loop
vertex 38.88144302368164 46.8408317565918 -0.5
vertex 38.48011016845703 46.703086853027344 -0.5
vertex 39.35960006713867 44.32577133178711 -0.5
endloop
endfacet
facet normal 0 0 1
outer loop
vertex 38.913822174072266 46.854156494140625 -0.5
vertex 38.88144302368164 46.8408317565918 -0.5
vertex 39.35960006713867 44.32577133178711 -0.5
endloop
endfacet
facet normal 0 0 1
outer loop
vertex 8.345891952514648 48.42646789550781 -0.5
vertex 8.186960220336914 48.54193878173828 -0.5
vertex 8.7972412109375 47.05488586425781 -0.5
endloop
endfacet
facet normal 0 0 1
outer loop
vertex 51.28850555419922 17.15287971496582 -0.5
vertex 56.65592575073242 -24.75946617126465 -0.5
vertex 56.65708923339844 -4.259466648101807 -0.5
endloop
endfacet
facet normal 0 0 1
outer loop
vertex 6.1985063552856445 48.874542236328125 -0.5
vertex 8.186960220336914 48.54193878173828 -0.5
vertex 5.811845302581787 49.99740982055664 -0.5
endloop
endfacet
facet normal 0 0 1
outer loop
vertex 58.37861633300781 21.97831916809082 -0.5
vertex 52.139854431152344 23.243404388427734 -0.5
vertex 56.65855026245117 21.515804290771484 -0.5
endloop
endfacet
facet normal 0 0 1
outer loop
vertex 6.1985063552856445 48.874542236328125 -0.5
vertex 8.7972412109375 47.05488586425781 -0.5
vertex 8.186960220336914 48.54193878173828 -0.5
endloop
endfacet
facet normal 0 0 1
outer loop
vertex 56.65708923339844 -4.259466648101807 -0.5
vertex 58.15708923339844 -4.259552001953125 -0.5
vertex 56.657386779785156 1.0158040523529053 -0.5
endloop
endfacet
facet normal 0 0 1
outer loop
vertex 52.139854431152344 23.243404388427734 -0.5
vertex 58.37861633300781 21.97831916809082 -0.5
vertex 58.568180084228516 22.402164459228516 -0.5
endloop
endfacet
facet normal 0 0 1
outer loop
vertex 60.38949966430664 50.31918716430664 -0.5
vertex 61.020809173583984 51.39237976074219 -0.5
vertex 60.17318344116211 50.727115631103516 -0.5
endloop
endfacet
facet normal 0 0 1
outer loop
vertex 49.94102096557617 -52.59712219238281 -0.5
vertex 49.94102096557617 -53.59712219238281 -0.5
vertex 53.09748840332031 -54.794254302978516 -0.5
endloop
endfacet
facet normal 0 0 1
outer loop
vertex 61.020809173583984 51.39237976074219 -0.5
vertex 59.8565559387207 51.12882614135742 -0.5
vertex 60.17318344116211 50.727115631103516 -0.5
endloop
endfacet
facet normal 0 0 1
outer loop
vertex 53.09748840332031 -54.794254302978516 -0.5
vertex 49.94102096557617 -53.59712219238281 -0.5
vertex 49.90296173095703 -53.7884635925293 -0.5
endloop
endfacet
facet normal 0 0 1
outer loop
vertex 21.07201385498047 40.46126937866211 -0.5
vertex 38.42124938964844 46.687313079833984 -0.5
vertex 20.754817962646484 42.949440002441406 -0.5
endloop
endfacet
facet normal 0 0 1
outer loop
vertex 53.09748840332031 -54.794254302978516 -0.5
vertex 49.90296173095703 -53.7884635925293 -0.5
vertex 49.79457473754883 -53.95067596435547 -0.5
endloop
endfacet
facet normal 0 0 1
outer loop
vertex -30.47091293334961 42.877830505371094 -0.5
vertex -65.88153839111328 40.33413314819336 -0.5
vertex -32.477134704589844 40.37382888793945 -0.5
endloop
endfacet
facet normal 0 0 1
outer loop
vertex 38.42124938964844 46.687313079833984 -0.5
vertex 21.07201385498047 40.46126937866211 -0.5
vertex 39.35960006713867 44.32577133178711 -0.5
endloop
endfacet
facet normal 0 0 1
outer loop
vertex 49.63236618041992 -54.059059143066406 -0.5
vertex 53.09748840332031 -54.794254302978516 -0.5
vertex 49.79457473754883 -53.95067596435547 -0.5
endloop
endfacet
facet normal 0 0 1
outer loop
vertex 56.17430114746094 54.16635513305664 -0.5
vertex 58.64683532714844 54.408531188964844 -0.5
vertex 57.788021087646484 54.461021423339844 -0.5
endloop
endfacet
facet normal 0 0 1
outer loop
vertex 57.010162353515625 54.384422302246094 -0.5
vertex 56.17430114746094 54.16635513305664 -0.5
vertex 57.788021087646484 54.461021423339844 -0.5
endloop
endfacet
facet normal 0 0 1
outer loop
vertex 3.323272943496704 50.21528625488281 -0.5
vertex 5.811845302581787 49.99740982055664 -0.5
vertex 5.636806488037109 50.08659744262695 -0.5
endloop
endfacet
facet normal 0 0 1
outer loop
vertex -67.40448760986328 -51.16826248168945 -0.5
vertex -69.92224884033203 -51.929386138916016 -0.5
vertex -69.43480682373047 -52.63841247558594 -0.5
endloop
endfacet
facet normal 0 0 1
outer loop
vertex 56.17430114746094 54.16635513305664 -0.5
vertex 38.913822174072266 46.854156494140625 -0.5
vertex 39.35960006713867 44.32577133178711 -0.5
endloop
endfacet
facet normal 0 0 1
outer loop
vertex -68.07179260253906 -49.8068962097168 -0.5
vertex -68.11381530761719 15.381361961364746 -0.5
vertex -69.11072540283203 -4.506385326385498 -0.5
endloop
endfacet
facet normal 0 0 1
outer loop
vertex 56.17430114746094 54.16635513305664 -0.5
vertex 39.35960006713867 44.32577133178711 -0.5
vertex 57.02915954589844 51.81830978393555 -0.5
endloop
endfacet
facet normal 0 0 1
outer loop
vertex 49.63236618041992 -54.059059143066406 -0.5
vertex 48.44102096557617 -54.79420852661133 -0.5
vertex 53.09748840332031 -54.794254302978516 -0.5
endloop
endfacet
facet normal 0 0 1
outer loop
vertex 49.048282623291016 -52.007423400878906 -0.5
vertex 38.44102096557617 -52.09712219238281 -0.5
vertex 49.44102096557617 -52.09712219238281 -0.5
endloop
endfacet
facet normal 0 0 1
outer loop
vertex 3.323272943496704 50.21528625488281 -0.5
vertex 6.1985063552856445 48.874542236328125 -0.5
vertex 5.811845302581787 49.99740982055664 -0.5
endloop
endfacet
facet normal 0 0 1
outer loop
vertex 58.244659423828125 21.515714645385742 -0.5
vertex 58.35273361206055 21.905698776245117 -0.5
vertex 56.65855026245117 21.515804290771484 -0.5
endloop
endfacet
facet normal 0 0 1
outer loop
vertex 49.63236618041992 -54.059059143066406 -0.5
vertex 47.62700653076172 -54.09712219238281 -0.5
vertex 48.44102096557617 -54.79420852661133 -0.5
endloop
endfacet
facet normal 0 0 1
outer loop
vertex 58.58991622924805 22.44877815246582 -0.5
vertex 52.139854431152344 23.243404388427734 -0.5
vertex 58.568180084228516 22.402164459228516 -0.5
endloop
endfacet
facet normal 0 0 1
outer loop
vertex 48.44102096557617 -54.79420852661133 -0.5
vertex 47.62700653076172 -54.09712219238281 -0.5
vertex 48.44102096557617 -55.375221252441406 -0.5
endloop
endfacet
facet normal 0 0 1
outer loop
vertex -18.663156509399414 42.2128791809082 -0.5
vertex -19.20099449157715 43.5532112121582 -0.5
vertex -19.62047576904297 43.354164123535156 -0.5
endloop
endfacet
facet normal 0 0 1
outer loop
vertex -57.71242141723633 -54.059059143066406 -0.5
vertex -57.8746337890625 -53.95067596435547 -0.5
vertex -61.20736312866211 -54.793121337890625 -0.5
endloop
endfacet
facet normal 0 0 1
outer loop
vertex 58.85749816894531 22.85955238342285 -0.5
vertex 52.139854431152344 23.243404388427734 -0.5
vertex 58.58991622924805 22.44877815246582 -0.5
endloop
endfacet
facet normal 0 0 1
outer loop
vertex -0.026254670694470406 51.89432144165039 -0.5
vertex -2.901493549346924 51.3128776550293 -0.5
vertex 0.16777722537517548 51.863590240478516 -0.5
endloop
endfacet
facet normal 0 0 1
outer loop
vertex -68.07179260253906 -49.8068962097168 -0.5
vertex -69.11072540283203 -4.506385326385498 -0.5
vertex -69.11076354980469 -6.796816825866699 -0.5
endloop
endfacet
facet normal 0 0 1
outer loop
vertex -66.10865020751953 -51.95529556274414 -0.5
vertex -67.523193359375 -54.096405029296875 -0.5
vertex -66.71090698242188 -54.380126953125 -0.5
endloop
endfacet
facet normal 0 0 1
outer loop
vertex -0.026254670694470406 51.89432144165039 -0.5
vertex -2.8032681941986084 52.11288070678711 -0.5
vertex -2.901493549346924 51.3128776550293 -0.5
endloop
endfacet
facet normal 0 0 1
outer loop
vertex -2.8032681941986084 52.11288070678711 -0.5
vertex -2.9997189044952393 52.11288070678711 -0.5
vertex -2.901493549346924 51.3128776550293 -0.5
endloop
endfacet
facet normal 0 0 1
outer loop
vertex 52.139854431152344 23.243404388427734 -0.5
vertex 58.85749816894531 22.85955238342285 -0.5
vertex 58.89260482788086 22.90968894958496 -0.5
endloop
endfacet
facet normal 0 0 1
outer loop
vertex -18.663156509399414 42.2128791809082 -0.5
vertex -18.74808692932129 43.84951400756836 -0.5
vertex -19.132892608642578 43.589698791503906 -0.5
endloop
endfacet
facet normal 0 0 1
outer loop
vertex -68.07179260253906 -49.8068962097168 -0.5
vertex -69.11076354980469 -6.796816825866699 -0.5
vertex -69.11111450195312 -27.296815872192383 -0.5
endloop
endfacet
facet normal 0 0 1
outer loop
vertex -69.11111450195312 -27.296815872192383 -0.5
vertex -70.61111450195312 -27.296791076660156 -0.5
vertex -69.11115264892578 -29.587247848510742 -0.5
endloop
endfacet
facet normal 0 0 1
outer loop
vertex -18.663156509399414 42.2128791809082 -0.5
vertex -18.68065643310547 43.90412902832031 -0.5
vertex -18.74808692932129 43.84951400756836 -0.5
endloop
endfacet
facet normal 0 0 1
outer loop
vertex -18.663156509399414 42.2128791809082 -0.5
vertex -18.266801834106445 44.30607223510742 -0.5
vertex -18.68065643310547 43.90412902832031 -0.5
endloop
endfacet
facet normal 0 0 1
outer loop
vertex 57.526573181152344 51.93749237060547 -0.5
vertex 58.037540435791016 51.96072006225586 -0.5
vertex 56.17430114746094 54.16635513305664 -0.5
endloop
endfacet
facet normal 0 0 1
outer loop
vertex -70.61115264892578 -29.587223052978516 -0.5
vertex -69.11115264892578 -29.587247848510742 -0.5
vertex -70.61111450195312 -27.296791076660156 -0.5
endloop
endfacet
facet normal 0 0 1
outer loop
vertex 5.636806488037109 50.08659744262695 -0.5
vertex 3.0632472038269043 51.1525993347168 -0.5
vertex 3.323272943496704 50.21528625488281 -0.5
endloop
endfacet
facet normal 0 0 1
outer loop
vertex 3.0632472038269043 51.1525993347168 -0.5
vertex 2.8764114379882812 51.21330642700195 -0.5
vertex 3.323272943496704 50.21528625488281 -0.5
endloop
endfacet
facet normal 0 0 1
outer loop
vertex 57.526573181152344 51.93749237060547 -0.5
vertex 56.17430114746094 54.16635513305664 -0.5
vertex 57.02915954589844 51.81830978393555 -0.5
endloop
endfacet
facet normal 0 0 1
outer loop
vertex 0.25890326499938965 51.036380767822266 -0.5
vertex 3.323272943496704 50.21528625488281 -0.5
vertex 2.8764114379882812 51.21330642700195 -0.5
endloop
endfacet
facet normal 0 0 1
outer loop
vertex 0.25890326499938965 51.036380767822266 -0.5
vertex 2.8764114379882812 51.21330642700195 -0.5
vertex 0.16777722537517548 51.863590240478516 -0.5
endloop
endfacet
facet normal 0 0 1
outer loop
vertex 52.139854431152344 23.243404388427734 -0.5
vertex 60.09231948852539 23.89427947998047 -0.5
vertex 60.15034484863281 23.921682357788086 -0.5
endloop
endfacet
facet normal 0 0 1
outer loop
vertex 52.139854431152344 23.243404388427734 -0.5
vertex 59.691986083984375 23.65909194946289 -0.5
vertex 60.09231948852539 23.89427947998047 -0.5
endloop
endfacet
facet normal 0 0 1
outer loop
vertex 52.139854431152344 23.243404388427734 -0.5
vertex 59.62864685058594 23.614742279052734 -0.5
vertex 59.691986083984375 23.65909194946289 -0.5
endloop
endfacet
facet normal 0 0 1
outer loop
vertex 52.139854431152344 23.243404388427734 -0.5
vertex 59.264007568359375 23.31717872619629 -0.5
vertex 59.62864685058594 23.614742279052734 -0.5
endloop
endfacet
facet normal 0 0 1
outer loop
vertex -65.88153839111328 40.33413314819336 -0.5
vertex -30.47091293334961 42.877830505371094 -0.5
vertex -65.40192413330078 42.87382888793945 -0.5
endloop
endfacet
facet normal 0 0 1
outer loop
vertex -65.88153839111328 40.33413314819336 -0.5
vertex -65.40192413330078 42.87382888793945 -0.5
vertex -65.81147003173828 42.85758972167969 -0.5
endloop
endfacet
facet normal 0 0 1
outer loop
vertex -65.81147003173828 42.85758972167969 -0.5
vertex -66.67211151123047 42.71924591064453 -0.5
vertex -65.88153839111328 40.33413314819336 -0.5
endloop
endfacet
facet normal 0 0 1
outer loop
vertex -66.67211151123047 42.71924591064453 -0.5
vertex -66.37504577636719 40.199668884277344 -0.5
vertex -65.88153839111328 40.33413314819336 -0.5
endloop
endfacet
facet normal 0 0 1
outer loop
vertex -66.67211151123047 42.71924591064453 -0.5
vertex -67.4143295288086 42.47431945800781 -0.5
vertex -66.37504577636719 40.199668884277344 -0.5
endloop
endfacet
facet normal 0 0 1
outer loop
vertex -67.4143295288086 42.47431945800781 -0.5
vertex -68.17918395996094 42.08021926879883 -0.5
vertex -66.37504577636719 40.199668884277344 -0.5
endloop
endfacet
facet normal 0 0 1
outer loop
vertex -67.24290466308594 39.66682815551758 -0.5
vertex -68.17918395996094 42.08021926879883 -0.5
vertex -68.8084487915039 41.6165885925293 -0.5
endloop
endfacet
facet normal 0 0 1
outer loop
vertex -66.8343276977539 39.97454071044922 -0.5
vertex -66.37504577636719 40.199668884277344 -0.5
vertex -68.17918395996094 42.08021926879883 -0.5
endloop
endfacet
facet normal 0 0 1
outer loop
vertex -67.24290466308594 39.66682815551758 -0.5
vertex -66.8343276977539 39.97454071044922 -0.5
vertex -68.17918395996094 42.08021926879883 -0.5
endloop
endfacet
facet normal 0 0 1
outer loop
vertex 66.79084014892578 29.50560188293457 -0.5
vertex 67.34178161621094 26.98039436340332 -0.5
vertex 67.71248626708984 27.155426025390625 -0.5
endloop
endfacet
facet normal 0 0 1
outer loop
vertex -67.58612060546875 39.287574768066406 -0.5
vertex -67.24290466308594 39.66682815551758 -0.5
vertex -68.8084487915039 41.6165885925293 -0.5
endloop
endfacet
facet normal 0 0 1
outer loop
vertex 67.71248626708984 27.155426025390625 -0.5
vertex 68.45063018798828 27.619102478027344 -0.5
vertex 67.19255828857422 29.822229385375977 -0.5
endloop
endfacet
facet normal 0 0 1
outer loop
vertex 68.45063018798828 27.619102478027344 -0.5
vertex 69.0381088256836 28.13460350036621 -0.5
vertex 67.19255828857422 29.822229385375977 -0.5
endloop
endfacet
facet normal 0 0 1
outer loop
vertex 67.71248626708984 27.155426025390625 -0.5
vertex 67.19255828857422 29.822229385375977 -0.5
vertex 66.79084014892578 29.50560188293457 -0.5
endloop
endfacet
facet normal 0 0 1
outer loop
vertex 69.0381088256836 28.13460350036621 -0.5
vertex 67.52733612060547 30.208940505981445 -0.5
vertex 67.19255828857422 29.822229385375977 -0.5
endloop
endfacet
facet normal 0 0 1
outer loop
vertex 69.0381088256836 28.13460350036621 -0.5
vertex 69.58812713623047 28.796260833740234 -0.5
vertex 67.52733612060547 30.208940505981445 -0.5
endloop
endfacet
facet normal 0 0 1
outer loop
vertex 69.58812713623047 28.796260833740234 -0.5
vertex 67.7831802368164 30.651853561401367 -0.5
vertex 67.52733612060547 30.208940505981445 -0.5
endloop
endfacet
facet normal 0 0 1
outer loop
vertex 67.95088958740234 31.135068893432617 -0.5
vertex 67.7831802368164 30.651853561401367 -0.5
vertex 69.58812713623047 28.796260833740234 -0.5
endloop
endfacet
facet normal 0 0 1
outer loop
vertex -67.58612060546875 39.287574768066406 -0.5
vertex -68.8084487915039 41.6165885925293 -0.5
vertex -69.41281127929688 41.00416564941406 -0.5
endloop
endfacet
facet normal 0 0 1
outer loop
vertex -24.716493606567383 -52.40711975097656 -0.5
vertex -24.99906349182129 -52.047122955322266 -0.5
vertex -45.0066032409668 -52.04359817504883 -0.5
endloop
endfacet
facet normal 0 0 1
outer loop
vertex -24.716493606567383 -52.40711975097656 -0.5
vertex -24.716493606567383 -52.107120513916016 -0.5
vertex -24.93718910217285 -52.07141876220703 -0.5
endloop
endfacet
facet normal 0 0 1
outer loop
vertex -24.716493606567383 -52.40711975097656 -0.5
vertex -24.93718910217285 -52.07141876220703 -0.5
vertex -24.99906349182129 -52.047122955322266 -0.5
endloop
endfacet
facet normal 0 0 1
outer loop
vertex -67.85163879394531 38.850399017333984 -0.5
vertex -67.58612060546875 39.287574768066406 -0.5
vertex -69.41281127929688 41.00416564941406 -0.5
endloop
endfacet
facet normal 0 0 1
outer loop
vertex -46.32973861694336 -54.059059143066406 -0.5
vertex -47.521080017089844 -54.79325866699219 -0.5
vertex 34.6306266784668 -54.794071197509766 -0.5
endloop
endfacet
facet normal 0 0 1
outer loop
vertex -46.16752624511719 -53.95067596435547 -0.5
vertex -46.32973861694336 -54.059059143066406 -0.5
vertex 34.6306266784668 -54.794071197509766 -0.5
endloop
endfacet
facet normal 0 0 1
outer loop
vertex -46.059139251708984 -53.7884635925293 -0.5
vertex -46.16752624511719 -53.95067596435547 -0.5
vertex 34.6306266784668 -54.794071197509766 -0.5
endloop
endfacet
facet normal 0 0 1
outer loop
vertex 69.98617553710938 29.468936920166016 -0.5
vertex 67.95088958740234 31.135068893432617 -0.5
vertex 69.58812713623047 28.796260833740234 -0.5
endloop
endfacet
facet normal 0 0 1
outer loop
vertex 69.98617553710938 29.468936920166016 -0.5
vertex 70.30315399169922 30.26883888244629 -0.5
vertex 67.95088958740234 31.135068893432617 -0.5
endloop
endfacet
facet normal 0 0 1
outer loop
vertex -46.021080017089844 -53.59712219238281 -0.5
vertex -46.059139251708984 -53.7884635925293 -0.5
vertex 34.6306266784668 -54.794071197509766 -0.5
endloop
endfacet
facet normal 0 0 1
outer loop
vertex -46.021080017089844 -53.59712219238281 -0.5
vertex 34.6306266784668 -54.794071197509766 -0.5
vertex -46.021080017089844 -52.59712219238281 -0.5
endloop
endfacet
facet normal 0 0 1
outer loop
vertex 52.139854431152344 23.243404388427734 -0.5
vertex 58.89260482788086 22.90968894958496 -0.5
vertex 59.213809967041016 23.266979217529297 -0.5
endloop
endfacet
facet normal 0 0 1
outer loop
vertex 34.6306266784668 -54.794071197509766 -0.5
vertex -46.32973861694336 -52.13518142700195 -0.5
vertex -46.16752624511719 -52.243568420410156 -0.5
endloop
endfacet
facet normal 0 0 1
outer loop
vertex 34.6306266784668 -54.794071197509766 -0.5
vertex -46.16752624511719 -52.243568420410156 -0.5
vertex -46.059139251708984 -52.40578079223633 -0.5
endloop
endfacet
facet normal 0 0 1
outer loop
vertex 52.139854431152344 23.243404388427734 -0.5
vertex 59.213809967041016 23.266979217529297 -0.5
vertex 59.264007568359375 23.31717872619629 -0.5
endloop
endfacet
facet normal 0 0 1
outer loop
vertex 70.30315399169922 30.26883888244629 -0.5
vertex 68.02444458007812 31.641244888305664 -0.5
vertex 67.95088958740234 31.135068893432617 -0.5
endloop
endfacet
facet normal 0 0 1
outer loop
vertex 70.30315399169922 30.26883888244629 -0.5
vertex 68.001220703125 32.1522102355957 -0.5
vertex 68.02444458007812 31.641244888305664 -0.5
endloop
endfacet
facet normal 0 0 1
outer loop
vertex 69.01934051513672 32.517173767089844 -0.5
vertex 67.88203430175781 32.64962387084961 -0.5
vertex 68.001220703125 32.1522102355957 -0.5
endloop
endfacet
facet normal 0 0 1
outer loop
vertex 34.6306266784668 -54.794071197509766 -0.5
vertex -46.059139251708984 -52.40578079223633 -0.5
vertex -46.021080017089844 -52.59712219238281 -0.5
endloop
endfacet
facet normal 0 0 1
outer loop
vertex -46.32973861694336 -52.13518142700195 -0.5
vertex 34.6306266784668 -54.794071197509766 -0.5
vertex -45.0066032409668 -52.04359817504883 -0.5
endloop
endfacet
facet normal 0 0 1
outer loop
vertex -69.10997772216797 38.7840461730957 -0.5
vertex -68.02993774414062 38.37098693847656 -0.5
vertex -67.85163879394531 38.850399017333984 -0.5
endloop
endfacet
facet normal 0 0 1
outer loop
vertex -68.02993774414062 38.37098693847656 -0.5
vertex -69.10997772216797 38.7840461730957 -0.5
vertex -68.11461639404297 37.866554260253906 -0.5
endloop
endfacet
facet normal 0 0 1
outer loop
vertex 69.01934051513672 32.517173767089844 -0.5
vertex 68.001220703125 32.1522102355957 -0.5
vertex 70.30315399169922 30.26883888244629 -0.5
endloop
endfacet
facet normal 0 0 1
outer loop
vertex -67.85163879394531 38.850399017333984 -0.5
vertex -69.41281127929688 41.00416564941406 -0.5
vertex -69.86669158935547 40.367828369140625 -0.5
endloop
endfacet
facet normal 0 0 1
outer loop
vertex 69.01934051513672 32.517173767089844 -0.5
vertex 70.30315399169922 30.26883888244629 -0.5
vertex 70.47225952148438 31.03194808959961 -0.5
endloop
endfacet
facet normal 0 0 1
outer loop
vertex 70.52474975585938 31.890762329101562 -0.5
vertex 69.01934051513672 32.517173767089844 -0.5
vertex 70.47225952148438 31.03194808959961 -0.5
endloop
endfacet
facet normal 0 0 1
outer loop
vertex -18.232826232910156 44.34004592895508 -0.5
vertex -18.266801834106445 44.30607223510742 -0.5
vertex -18.663156509399414 42.2128791809082 -0.5
endloop
endfacet
facet normal 0 0 1
outer loop
vertex -69.10997772216797 38.7840461730957 -0.5
vertex -68.11381530761719 15.381361961364746 -0.5
vertex -68.11461639404297 37.866554260253906 -0.5
endloop
endfacet
facet normal 0 0 1
outer loop
vertex -16.405977249145508 46.478450775146484 -0.5
vertex -18.232826232910156 44.34004592895508 -0.5
vertex -18.663156509399414 42.2128791809082 -0.5
endloop
endfacet
facet normal 0 0 1
outer loop
vertex 70.52474975585938 31.890762329101562 -0.5
vertex 70.44815063476562 32.66862106323242 -0.5
vertex 69.01934051513672 32.517173767089844 -0.5
endloop
endfacet
facet normal 0 0 1
outer loop
vertex 70.44815063476562 32.66862106323242 -0.5
vertex 70.34149169921875 33.07744598388672 -0.5
vertex 69.01934051513672 32.517173767089844 -0.5
endloop
endfacet
facet normal 0 0 1
outer loop
vertex -16.405977249145508 46.478450775146484 -0.5
vertex -18.663156509399414 42.2128791809082 -0.5
vertex -16.843502044677734 44.811614990234375 -0.5
endloop
endfacet
facet normal 0 0 1
outer loop
vertex -2.9997189044952393 52.11288070678711 -0.5
vertex -6.061890602111816 51.036380767822266 -0.5
vertex -2.901493549346924 51.3128776550293 -0.5
endloop
endfacet
facet normal 0 0 1
outer loop
vertex 69.01934051513672 32.517173767089844 -0.5
vertex 60.38949966430664 50.31918716430664 -0.5
vertex 67.88203430175781 32.64962387084961 -0.5
endloop
endfacet
facet normal 0 0 1
outer loop
vertex -2.901493549346924 51.3128776550293 -0.5
vertex 0.25890326499938965 51.036380767822266 -0.5
vertex 0.16777722537517548 51.863590240478516 -0.5
endloop
endfacet
facet normal 0 0 1
outer loop
vertex -16.405977249145508 46.478450775146484 -0.5
vertex -16.843502044677734 44.811614990234375 -0.5
vertex -16.267066955566406 46.61736297607422 -0.5
endloop
endfacet
facet normal 0 0 1
outer loop
vertex -16.843502044677734 44.811614990234375 -0.5
vertex -14.600228309631348 47.05488586425781 -0.5
vertex -16.267066955566406 46.61736297607422 -0.5
endloop
endfacet
facet normal 0 0 1
outer loop
vertex -14.148879051208496 48.42646789550781 -0.5
vertex -16.267066955566406 46.61736297607422 -0.5
vertex -14.600228309631348 47.05488586425781 -0.5
endloop
endfacet
facet normal 0 0 1
outer loop
vertex -14.148879051208496 48.42646789550781 -0.5
vertex -14.600228309631348 47.05488586425781 -0.5
vertex -13.989947319030762 48.54193878173828 -0.5
endloop
endfacet
facet normal 0 0 1
outer loop
vertex -14.600228309631348 47.05488586425781 -0.5
vertex -11.614832878112793 49.99740982055664 -0.5
vertex -13.989947319030762 48.54193878173828 -0.5
endloop
endfacet
facet normal 0 0 1
outer loop
vertex -11.614832878112793 49.99740982055664 -0.5
vertex -14.600228309631348 47.05488586425781 -0.5
vertex -12.001493453979492 48.874542236328125 -0.5
endloop
endfacet
facet normal 0 0 1
outer loop
vertex -11.439793586730957 50.08659744262695 -0.5
vertex -11.614832878112793 49.99740982055664 -0.5
vertex -12.001493453979492 48.874542236328125 -0.5
endloop
endfacet
facet normal 0 0 1
outer loop
vertex -67.85163879394531 38.850399017333984 -0.5
vertex -69.86669158935547 40.367828369140625 -0.5
vertex -70.25062561035156 39.597816467285156 -0.5
endloop
endfacet
facet normal 0 0 1
outer loop
vertex -24.716493606567383 -52.40711975097656 -0.5
vertex -45.0066032409668 -52.04359817504883 -0.5
vertex 34.6306266784668 -54.794071197509766 -0.5
endloop
endfacet
facet normal 0 0 1
outer loop
vertex -70.25062561035156 39.597816467285156 -0.5
vertex -69.10997772216797 38.7840461730957 -0.5
vertex -67.85163879394531 38.850399017333984 -0.5
endloop
endfacet
facet normal 0 0 1
outer loop
vertex -2.9997189044952393 52.11288070678711 -0.5
vertex -5.776732444763184 51.89432144165039 -0.5
vertex -6.061890602111816 51.036380767822266 -0.5
endloop
endfacet
facet normal 0 0 1
outer loop
vertex -5.776732444763184 51.89432144165039 -0.5
vertex -5.97076416015625 51.863590240478516 -0.5
vertex -6.061890602111816 51.036380767822266 -0.5
endloop
endfacet
facet normal 0 0 1
outer loop
vertex 34.6306266784668 -54.794071197509766 -0.5
vertex 28.283506393432617 -52.40711975097656 -0.5
vertex -24.716493606567383 -52.40711975097656 -0.5
endloop
endfacet
facet normal 0 0 1
outer loop
vertex -5.97076416015625 51.863590240478516 -0.5
vertex -8.679398536682129 51.21330642700195 -0.5
vertex -6.061890602111816 51.036380767822266 -0.5
endloop
endfacet
facet normal 0 0 1
outer loop
vertex -68.11381530761719 15.381361961364746 -0.5
vertex -69.1103744506836 15.993614196777344 -0.5
vertex -69.11072540283203 -4.506385326385498 -0.5
endloop
endfacet
facet normal 0 0 1
outer loop
vertex -8.679398536682129 51.21330642700195 -0.5
vertex -9.126259803771973 50.21528625488281 -0.5
vertex -6.061890602111816 51.036380767822266 -0.5
endloop
endfacet
facet normal 0 0 1
outer loop
vertex -8.866233825683594 51.1525993347168 -0.5
vertex -9.126259803771973 50.21528625488281 -0.5
vertex -8.679398536682129 51.21330642700195 -0.5
endloop
endfacet
facet normal 0 0 1
outer loop
vertex -8.866233825683594 51.1525993347168 -0.5
vertex -12.001493453979492 48.874542236328125 -0.5
vertex -9.126259803771973 50.21528625488281 -0.5
endloop
endfacet
facet normal 0 0 1
outer loop
vertex -69.1103744506836 15.993614196777344 -0.5
vertex -68.11381530761719 15.381361961364746 -0.5
vertex -70.61033630371094 18.28407096862793 -0.5
endloop
endfacet
facet normal 0 0 1
outer loop
vertex -70.25062561035156 39.597816467285156 -0.5
vertex -70.48409271240234 38.85187911987305 -0.5
vertex -69.10997772216797 38.7840461730957 -0.5
endloop
endfacet
facet normal 0 0 1
outer loop
vertex 28.552682876586914 -52.05329895019531 -0.5
vertex 28.283506393432617 -52.107120513916016 -0.5
vertex 28.283506393432617 -52.40711975097656 -0.5
endloop
endfacet
facet normal 0 0 1
outer loop
vertex 34.6306266784668 -54.794071197509766 -0.5
vertex 28.552682876586914 -52.05329895019531 -0.5
vertex 28.283506393432617 -52.40711975097656 -0.5
endloop
endfacet
facet normal 0 0 1
outer loop
vertex 34.6306266784668 -54.794071197509766 -0.5
vertex 37.94102096557617 -53.59712219238281 -0.5
vertex 28.552682876586914 -52.05329895019531 -0.5
endloop
endfacet
facet normal 0 0 1
outer loop
vertex -70.6103744506836 15.993639945983887 -0.5
vertex -69.1103744506836 15.993614196777344 -0.5
vertex -70.61033630371094 18.28407096862793 -0.5
endloop
endfacet
facet normal 0 0 1
outer loop
vertex 37.94102096557617 -53.59712219238281 -0.5
vertex 37.94102096557617 -52.59712219238281 -0.5
vertex 28.552682876586914 -52.05329895019531 -0.5
endloop
endfacet
facet normal 0 0 1
outer loop
vertex -69.11033630371094 18.284046173095703 -0.5
vertex -70.61033630371094 18.28407096862793 -0.5
vertex -68.11381530761719 15.381361961364746 -0.5
endloop
endfacet
facet normal 0 0 1
outer loop
vertex 37.94102096557617 -52.59712219238281 -0.5
vertex 37.97908401489258 -52.40578079223633 -0.5
vertex 28.552682876586914 -52.05329895019531 -0.5
endloop
endfacet
facet normal 0 0 1
outer loop
vertex 28.552682876586914 -52.05329895019531 -0.5
vertex 37.97908401489258 -52.40578079223633 -0.5
vertex 38.08747100830078 -52.243568420410156 -0.5
endloop
endfacet
facet normal 0 0 1
outer loop
vertex -69.10997772216797 38.7840461730957 -0.5
vertex -69.11033630371094 18.284046173095703 -0.5
vertex -68.11381530761719 15.381361961364746 -0.5
endloop
endfacet
facet normal 0 0 1
outer loop
vertex -70.48409271240234 38.85187911987305 -0.5
vertex -70.49408721923828 38.7840690612793 -0.5
vertex -69.10997772216797 38.7840461730957 -0.5
endloop
endfacet
facet normal 0 0 1
outer loop
vertex 38.08747100830078 -52.243568420410156 -0.5
vertex 38.24967956542969 -52.13518142700195 -0.5
vertex 28.552682876586914 -52.05329895019531 -0.5
endloop
endfacet
facet normal 0 0 1
outer loop
vertex -8.866233825683594 51.1525993347168 -0.5
vertex -11.439793586730957 50.08659744262695 -0.5
vertex -12.001493453979492 48.874542236328125 -0.5
endloop
endfacet
facet normal 0 0 1
outer loop
vertex -18.663156509399414 42.2128791809082 -0.5
vertex -19.132892608642578 43.589698791503906 -0.5
vertex -19.20099449157715 43.5532112121582 -0.5
endloop
endfacet
facet normal -0.00005594889314155362 -0.9999999984340522 0.0000012715657532171278
outer loop
vertex 56.6556282043457 -30.034738540649414 -0.5
vertex 58.6556282043457 -30.03485107421875 -1
vertex 58.1556282043457 -30.034822463989258 -0.5
endloop
endfacet
facet normal -0.00005626678457889981 -0.9999999984170245 0
outer loop
vertex 56.6556282043457 -30.034738540649414 -1
vertex 58.6556282043457 -30.03485107421875 -1
vertex 56.6556282043457 -30.034738540649414 -0.5
endloop
endfacet
facet normal 0.9999999983894204 -0.00005675525718994175 0
outer loop
vertex 56.65446472167969 -50.53473663330078 -0.5
vertex 56.6556282043457 -30.034738540649414 -1
vertex 56.6556282043457 -30.034738540649414 -0.5
endloop
endfacet
facet normal 0.9999999983894204 -0.00005675525718994175 0
outer loop
vertex 56.6556282043457 -30.034738540649414 -1
vertex 56.65446472167969 -50.53473663330078 -0.5
vertex 56.65446472167969 -50.53473663330078 -1
endloop
endfacet
facet normal 0 0 1
outer loop
vertex 56.65446472167969 -50.53473663330078 -1
vertex 58.65450668334961 -49.78485107421875 -1
vertex 56.6556282043457 -30.034738540649414 -1
endloop
endfacet
facet normal 0.00005762875546085932 0.999999998336865 -0.0000022795200400008053
outer loop
vertex 58.574100494384766 -50.534847259521484 -1
vertex 56.65446472167969 -50.53473663330078 -1
vertex 58.06432342529297 -50.53481674194336 -0.5
endloop
endfacet
facet normal 0 0 1
outer loop
vertex 58.60038757324219 -50.40263748168945 -1
vertex 58.65450668334961 -49.78485107421875 -1
vertex 56.65446472167969 -50.53473663330078 -1
endloop
endfacet
facet normal 0 0 1
outer loop
vertex 58.60038757324219 -50.40263748168945 -1
vertex 56.65446472167969 -50.53473663330078 -1
vertex 58.574100494384766 -50.534847259521484 -1
endloop
endfacet
facet normal 0.00005682033401184087 0.9999999983857248 0
outer loop
vertex 56.65446472167969 -50.53473663330078 -0.5
vertex 58.06432342529297 -50.53481674194336 -0.5
vertex 56.65446472167969 -50.53473663330078 -1
endloop
endfacet
facet normal 0 0 1
outer loop
vertex 58.6556282043457 -30.03485107421875 -1
vertex 56.6556282043457 -30.034738540649414 -1
vertex 58.65450668334961 -49.78485107421875 -1
endloop
endfacet
facet normal -0.390171861187667 0.920742047881681 0
outer loop
vertex 69.01934051513672 32.517173767089844 -0.5
vertex 70.34149169921875 33.07744598388672 -0.5
vertex 69.01934051513672 32.517173767089844 -1
endloop
endfacet
facet normal 0 0 1
outer loop
vertex 61.020809173583984 51.39237976074219 -1
vertex 70.7046890258789 33.665985107421875 -1
vertex 63.15492248535156 51.48217010498047 -1
endloop
endfacet
facet normal 0 0 1
outer loop
vertex 61.020809173583984 51.39237976074219 -1
vertex 69.01934051513672 32.517173767089844 -1
vertex 70.7046890258789 33.665985107421875 -1
endloop
endfacet
facet normal 0.9207418599400854 0.3901723046989268 0
outer loop
vertex 69.01934051513672 32.517173767089844 -0.5
vertex 69.01934051513672 32.517173767089844 -1
vertex 61.020809173583984 51.39237976074219 -1
endloop
endfacet
facet normal 0.9207418599400854 0.3901723046989268 0
outer loop
vertex 69.01934051513672 32.517173767089844 -0.5
vertex 61.020809173583984 51.39237976074219 -1
vertex 61.020809173583984 51.39237976074219 -0.5
endloop
endfacet
facet normal -0.3901727520237385 0.9207416703780172 0.0000027786495626438746
outer loop
vertex 70.8067855834961 33.274620056152344 -1
vertex 69.01934051513672 32.517173767089844 -1
vertex 70.34149169921875 33.07744598388672 -0.5
endloop
endfacet
facet normal 0 0 1
outer loop
vertex 70.7046890258789 33.665985107421875 -1
vertex 69.01934051513672 32.517173767089844 -1
vertex 70.8067855834961 33.274620056152344 -1
endloop
endfacet
facet normal 0 0 1
outer loop
vertex 61.020809173583984 51.39237976074219 -1
vertex 63.15492248535156 51.48217010498047 -1
vertex 62.96269226074219 51.88935852050781 -1
endloop
endfacet
facet normal 0 0 1
outer loop
vertex 62.801002502441406 52.14675521850586 -1
vertex 61.020809173583984 51.39237976074219 -1
vertex 62.96269226074219 51.88935852050781 -1
endloop
endfacet
facet normal 0.39017373376310616 -0.9207412543604938 1.4540075696459173e-7
outer loop
vertex 61.020809173583984 51.39237976074219 -0.5
vertex 62.801002502441406 52.14675521850586 -1
vertex 62.33467102050781 51.94914245605469 -0.5
endloop
endfacet
facet normal 0.39017369914170297 -0.9207412690316861 0
outer loop
vertex 61.020809173583984 51.39237976074219 -1
vertex 62.801002502441406 52.14675521850586 -1
vertex 61.020809173583984 51.39237976074219 -0.5
endloop
endfacet
facet normal 0 0 1
outer loop
vertex -71.10999298095703 38.034080505371094 -1
vertex -69.10997772216797 38.7840461730957 -1
vertex -70.99948120117188 38.78407669067383 -1
endloop
endfacet
facet normal -0.9999999998470188 0.00001749178258116555 0
outer loop
vertex -69.11033630371094 18.284046173095703 -1
vertex -69.10997772216797 38.7840461730957 -0.5
vertex -69.10997772216797 38.7840461730957 -1
endloop
endfacet
facet normal 0 0 1
outer loop
vertex -69.10997772216797 38.7840461730957 -1
vertex -71.10999298095703 38.034080505371094 -1
vertex -69.11033630371094 18.284046173095703 -1
endloop
endfacet
facet normal -0.00001615110978101521 -0.999999999869002 0.000001066558309246652
outer loop
vertex -70.99948120117188 38.78407669067383 -1
vertex -69.10997772216797 38.7840461730957 -1
vertex -70.49408721923828 38.7840690612793 -0.5
endloop
endfacet
facet normal 0.000017166137692783273 0.9999999998526619 0
outer loop
vertex -69.11033630371094 18.284046173095703 -1
vertex -71.11033630371094 18.284080505371094 -1
vertex -69.11033630371094 18.284046173095703 -0.5
endloop
endfacet
facet normal -0.000016536396606675313 -0.9999999998632738 0
outer loop
vertex -69.10997772216797 38.7840461730957 -0.5
vertex -70.49408721923828 38.7840690612793 -0.5
vertex -69.10997772216797 38.7840461730957 -1
endloop
endfacet
facet normal 0.000016530354815396396 0.9999999998601399 0.000002543131510060984
outer loop
vertex -70.61033630371094 18.28407096862793 -0.5
vertex -69.11033630371094 18.284046173095703 -0.5
vertex -71.11033630371094 18.284080505371094 -1
endloop
endfacet
facet normal 0 0 1
outer loop
vertex -71.11033630371094 18.284080505371094 -1
vertex -69.11033630371094 18.284046173095703 -1
vertex -71.10999298095703 38.034080505371094 -1
endloop
endfacet
facet normal -0.9999999998470188 0.00001749178258116555 0
outer loop
vertex -69.11033630371094 18.284046173095703 -0.5
vertex -69.10997772216797 38.7840461730957 -0.5
vertex -69.11033630371094 18.284046173095703 -1
endloop
endfacet
facet normal -0.000017166137692752048 -0.9999999998508429 -0.0000019073486325280053
outer loop
vertex -71.11115264892578 -29.58721351623535 -1
vertex -69.11115264892578 -29.587247848510742 -1
vertex -70.61115264892578 -29.587223052978516 -0.5
endloop
endfacet
facet normal 0.000017850625959106394 0.9999999998406777 0
outer loop
vertex -69.11150360107422 -50.087249755859375 -1
vertex -71.0348129272461 -50.087215423583984 -1
vertex -69.11150360107422 -50.087249755859375 -0.5
endloop
endfacet
facet normal 0 0 1
outer loop
vertex -69.11150360107422 -50.087249755859375 -1
vertex -71.11115264892578 -29.58721351623535 -1
vertex -71.11149597167969 -49.337215423583984 -1
endloop
endfacet
facet normal -0.9999999998534594 0.00001711961540160957 0
outer loop
vertex -69.11150360107422 -50.087249755859375 -1
vertex -69.11150360107422 -50.087249755859375 -0.5
vertex -69.11115264892578 -29.587247848510742 -0.5
endloop
endfacet
facet normal 0 0 1
outer loop
vertex -71.11149597167969 -49.337215423583984 -1
vertex -71.0348129272461 -50.087215423583984 -1
vertex -69.11150360107422 -50.087249755859375 -1
endloop
endfacet
facet normal 0 0 1
outer loop
vertex -71.11115264892578 -29.58721351623535 -1
vertex -69.11150360107422 -50.087249755859375 -1
vertex -69.11115264892578 -29.587247848510742 -1
endloop
endfacet
facet normal -0.9999999998534594 0.00001711961540160957 0
outer loop
vertex -69.11115264892578 -29.587247848510742 -0.5
vertex -69.11115264892578 -29.587247848510742 -1
vertex -69.11150360107422 -50.087249755859375 -1
endloop
endfacet
facet normal 0.000018795579276309245 0.999999999816757 -0.000003634875057189077
outer loop
vertex -69.11150360107422 -50.087249755859375 -0.5
vertex -71.0348129272461 -50.087215423583984 -1
vertex -70.5322036743164 -50.087223052978516 -0.5
endloop
endfacet
facet normal -0.000016530354815449854 -0.9999999998633737 0
outer loop
vertex -69.11115264892578 -29.587247848510742 -0.5
vertex -70.61115264892578 -29.587223052978516 -0.5
vertex -69.11115264892578 -29.587247848510742 -1
endloop
endfacet
facet normal 0.9999999983894208 -0.00005675525124927989 0
outer loop
vertex 56.657386779785156 1.0158040523529053 -0.5
vertex 56.657386779785156 1.0158040523529053 -1
vertex 56.65855026245117 21.515804290771484 -1
endloop
endfacet
facet normal -0.000056519051640121614 -0.999999998399767 0.000002462269650743233
outer loop
vertex 56.65855026245117 21.515804290771484 -0.5
vertex 58.7628288269043 21.515684127807617 -1
vertex 58.244659423828125 21.515714645385742 -0.5
endloop
endfacet
facet normal 0 0 1
outer loop
vertex 58.65850830078125 20.765689849853516 -1
vertex 56.65855026245117 21.515804290771484 -1
vertex 58.657386779785156 1.0156906843185425 -1
endloop
endfacet
facet normal 0 0 1
outer loop
vertex 58.657386779785156 1.0156906843185425 -1
vertex 56.65855026245117 21.515804290771484 -1
vertex 56.657386779785156 1.0158040523529053 -1
endloop
endfacet
facet normal 0.00005668401709033131 0.9999999983934593 -5.960464467963334e-8
outer loop
vertex 58.657386779785156 1.0156906843185425 -1
vertex 56.657386779785156 1.0158040523529053 -1
vertex 58.157386779785156 1.0157190561294556 -0.5
endloop
endfacet
facet normal 0 0 1
outer loop
vertex 58.65850830078125 20.765689849853516 -1
vertex 58.71146774291992 21.32691192626953 -1
vertex 56.65855026245117 21.515804290771484 -1
endloop
endfacet
facet normal 0.000056664148875502 0.9999999983945872 0
outer loop
vertex 56.657386779785156 1.0158040523529053 -0.5
vertex 58.157386779785156 1.0157190561294556 -0.5
vertex 56.657386779785156 1.0158040523529053 -1
endloop
endfacet
facet normal 0 0 1
outer loop
vertex 58.71146774291992 21.32691192626953 -1
vertex 58.7628288269043 21.515684127807617 -1
vertex 56.65855026245117 21.515804290771484 -1
endloop
endfacet
facet normal 0.9999999983894208 -0.00005675525124927989 0
outer loop
vertex 56.657386779785156 1.0158040523529053 -0.5
vertex 56.65855026245117 21.515804290771484 -1
vertex 56.65855026245117 21.515804290771484 -0.5
endloop
endfacet
facet normal -0.00005710411430365818 -0.99999999836956 0
outer loop
vertex 58.7628288269043 21.515684127807617 -1
vertex 56.65855026245117 21.515804290771484 -0.5
vertex 56.65855026245117 21.515804290771484 -1
endloop
endfacet
facet normal 0.9999999983894206 -0.00005675525322950036 0
outer loop
vertex 56.65592575073242 -24.75946617126465 -0.5
vertex 56.65708923339844 -4.259466648101807 -1
vertex 56.65708923339844 -4.259466648101807 -0.5
endloop
endfacet
facet normal 0 0 1
outer loop
vertex 58.65708923339844 -4.259580135345459 -1
vertex 56.65708923339844 -4.259466648101807 -1
vertex 58.65592575073242 -24.759580612182617 -1
endloop
endfacet
facet normal -0.00005690256745343894 -0.9999999983808467 -6.357828765747368e-7
outer loop
vertex 56.65708923339844 -4.259466648101807 -0.5
vertex 58.65708923339844 -4.259580135345459 -1
vertex 58.15708923339844 -4.259552001953125 -0.5
endloop
endfacet
facet normal 0.9999999983894206 -0.00005675525322950036 0
outer loop
vertex 56.65592575073242 -24.75946617126465 -0.5
vertex 56.65592575073242 -24.75946617126465 -1
vertex 56.65708923339844 -4.259466648101807 -1
endloop
endfacet
facet normal 0 0 1
outer loop
vertex 56.65592575073242 -24.75946617126465 -1
vertex 58.65592575073242 -24.759580612182617 -1
vertex 56.65708923339844 -4.259466648101807 -1
endloop
endfacet
facet normal -0.00005674362173481922 -0.9999999983900807 0
outer loop
vertex 56.65708923339844 -4.259466648101807 -1
vertex 58.65708923339844 -4.259580135345459 -1
vertex 56.65708923339844 -4.259466648101807 -0.5
endloop
endfacet
facet normal 0.00005722045889069993 0.9999999983629095 0
outer loop
vertex 58.65592575073242 -24.759580612182617 -1
vertex 56.65592575073242 -24.75946617126465 -1
vertex 58.15592575073242 -24.759552001953125 -0.5
endloop
endfacet
facet normal 0.00005722045889069993 0.9999999983629095 0
outer loop
vertex 56.65592575073242 -24.75946617126465 -1
vertex 56.65592575073242 -24.75946617126465 -0.5
vertex 58.15592575073242 -24.759552001953125 -0.5
endloop
endfacet
facet normal 0 0 1
outer loop
vertex -71.11072540283203 -4.506350994110107 -1
vertex -69.11072540283203 -4.506385326385498 -1
vertex -71.1103744506836 15.993648529052734 -1
endloop
endfacet
facet normal -0.9999999998534594 0.00001711961739265078 0
outer loop
vertex -69.11072540283203 -4.506385326385498 -1
vertex -69.11072540283203 -4.506385326385498 -0.5
vertex -69.1103744506836 15.993614196777344 -0.5
endloop
endfacet
facet normal 0 0 1
outer loop
vertex -69.1103744506836 15.993614196777344 -1
vertex -71.1103744506836 15.993648529052734 -1
vertex -69.11072540283203 -4.506385326385498 -1
endloop
endfacet
facet normal -0.9999999998534594 0.00001711961739265078 0
outer loop
vertex -69.1103744506836 15.993614196777344 -0.5
vertex -69.1103744506836 15.993614196777344 -1
vertex -69.11072540283203 -4.506385326385498 -1
endloop
endfacet
facet normal -0.000017166137692783273 -0.9999999998526619 0
outer loop
vertex -71.1103744506836 15.993648529052734 -1
vertex -69.1103744506836 15.993614196777344 -1
vertex -70.6103744506836 15.993639945983887 -0.5
endloop
endfacet
facet normal -0.000017166137692783273 -0.9999999998526619 0
outer loop
vertex -69.1103744506836 15.993614196777344 -1
vertex -69.1103744506836 15.993614196777344 -0.5
vertex -70.6103744506836 15.993639945983887 -0.5
endloop
endfacet
facet normal 0.000017166137692783273 0.9999999998526619 0
outer loop
vertex -71.11072540283203 -4.506350994110107 -1
vertex -69.11072540283203 -4.506385326385498 -0.5
vertex -69.11072540283203 -4.506385326385498 -1
endloop
endfacet
facet normal 0.000017166137692783273 0.9999999998526619 0
outer loop
vertex -69.11072540283203 -4.506385326385498 -0.5
vertex -71.11072540283203 -4.506350994110107 -1
vertex -70.61072540283203 -4.506359577178955 -0.5
endloop
endfacet
facet normal 0.000016530354815396396 0.9999999998601399 0.000002543131510060984
outer loop
vertex -69.11111450195312 -27.296815872192383 -0.5
vertex -71.11111450195312 -27.296781539916992 -1
vertex -70.61111450195312 -27.296791076660156 -0.5
endloop
endfacet
facet normal -0.9999999998534594 0.000017119617790859075 0
outer loop
vertex -69.11111450195312 -27.296815872192383 -1
vertex -69.11111450195312 -27.296815872192383 -0.5
vertex -69.11076354980469 -6.796816825866699 -0.5
endloop
endfacet
facet normal 0 0 1
outer loop
vertex -69.11076354980469 -6.796816825866699 -1
vertex -71.11076354980469 -6.796782493591309 -1
vertex -69.11111450195312 -27.296815872192383 -1
endloop
endfacet
facet normal -0.9999999998534594 0.000017119617790859075 0
outer loop
vertex -69.11111450195312 -27.296815872192383 -1
vertex -69.11076354980469 -6.796816825866699 -0.5
vertex -69.11076354980469 -6.796816825866699 -1
endloop
endfacet
facet normal -0.000017166137692783273 -0.9999999998526619 0
outer loop
vertex -70.61076354980469 -6.796791076660156 -0.5
vertex -71.11076354980469 -6.796782493591309 -1
vertex -69.11076354980469 -6.796816825866699 -1
endloop
endfacet
facet normal -0.000017166137692783273 -0.9999999998526619 0
outer loop
vertex -69.11076354980469 -6.796816825866699 -0.5
vertex -70.61076354980469 -6.796791076660156 -0.5
vertex -69.11076354980469 -6.796816825866699 -1
endloop
endfacet
facet normal 0.000017166137692783273 0.9999999998526619 0
outer loop
vertex -69.11111450195312 -27.296815872192383 -1
vertex -71.11111450195312 -27.296781539916992 -1
vertex -69.11111450195312 -27.296815872192383 -0.5
endloop
endfacet
facet normal 0 0 1
outer loop
vertex -71.11111450195312 -27.296781539916992 -1
vertex -69.11111450195312 -27.296815872192383 -1
vertex -71.11076354980469 -6.796782493591309 -1
endloop
endfacet
endsolid auto-kdk-case
