solid auto-kdk-case
facet normal 0.2067161098896548 -0.978400965810997 -0.0000034923232775123288
outer loop
vertex 24.53361701965332 35.92896270751953 5
vertex 28.985340118408203 36.86952590942383 3.549999952316284
vertex 33.87734603881836 37.903106689453125 3.549999952316284
endloop
endfacet
facet normal -0.3907311821953994 0.9205048306552183 7.703749364677099e-7
outer loop
vertex 62.11545181274414 33.07258987426758 5
vertex 53.32463073730469 29.341108322143555 3.549999952316284
vertex 49.13633346557617 27.56328010559082 5
endloop
endfacet
facet normal -0.39073109412826923 0.9205048680378098 1.4025438144806228e-7
outer loop
vertex 62.11545181274414 33.07258987426758 5
vertex 57.927154541015625 31.294763565063477 3.549999952316284
vertex 53.32463073730469 29.341108322143555 3.549999952316284
endloop
endfacet
facet normal 0.39073106757452986 -0.9205048793084804 0.000001161108314920025
outer loop
vertex 43.62702560424805 40.54240036010742 5
vertex 52.4178466796875 44.27388000488281 3.549999952316284
vertex 56.606143951416016 46.05170822143555 5
endloop
endfacet
facet normal 0.39073109412791646 -0.9205048680369788 0.000001351098273730726
outer loop
vertex 43.62702560424805 40.54240036010742 5
vertex 47.81532287597656 42.32022476196289 3.549999952316284
vertex 52.4178466796875 44.27388000488281 3.549999952316284
endloop
endfacet
facet normal 0.39073140818318225 -0.9205047347293698 0
outer loop
vertex 52.4178466796875 44.27388000488281 3.549999952316284
vertex 56.606143951416016 46.05170822143555 0
vertex 56.606143951416016 46.05170822143555 5
endloop
endfacet
facet normal -0.9205048793091009 -0.39073106757479326 0
outer loop
vertex 56.606143951416016 46.05170822143555 5
vertex 62.11545181274414 33.07258987426758 0
vertex 62.11545181274414 33.07258987426758 5
endloop
endfacet
facet normal -0.2067163114384072 0.9784009232340796 0
outer loop
vertex 31.900043487548828 23.074071884155273 0
vertex 27.448318481445312 22.133512496948242 0
vertex 31.900043487548828 23.074071884155273 3.549999952316284
endloop
endfacet
facet normal 0.9784008936339379 0.206716451537636 0
outer loop
vertex 27.448318481445312 22.133512496948242 0
vertex 24.53361701965332 35.92896270751953 0
vertex 27.448318481445312 22.133512496948242 5
endloop
endfacet
facet normal -0.3907310529849708 0.9205048855021117 0
outer loop
vertex 62.11545181274414 33.07258987426758 0
vertex 57.927154541015625 31.294763565063477 3.549999952316284
vertex 62.11545181274414 33.07258987426758 5
endloop
endfacet
facet normal 0.20671719879068148 -0.9784007357540846 0
outer loop
vertex 24.53361701965332 35.92896270751953 0
vertex 28.985340118408203 36.86952590942383 0
vertex 28.985340118408203 36.86952590942383 3.549999952316284
endloop
endfacet
facet normal -0.2067163114384072 0.9784009232340796 0
outer loop
vertex 41.243770599365234 25.048213958740234 0
vertex 36.79204559326172 24.107654571533203 0
vertex 36.79204559326172 24.107654571533203 3.549999952316284
endloop
endfacet
facet normal 0.3907306977865849 -0.9205050362747662 0
outer loop
vertex 43.62702560424805 40.54240036010742 5
vertex 43.62702560424805 40.54240036010742 0
vertex 47.81532287597656 42.32022476196289 3.549999952316284
endloop
endfacet
facet normal 0.9205048999613231 0.3907310189211939 0
outer loop
vertex 49.13633346557617 27.56328010559082 5
vertex 43.62702560424805 40.54240036010742 0
vertex 43.62702560424805 40.54240036010742 5
endloop
endfacet
facet normal -0.9784008720552085 -0.206716553670981 0
outer loop
vertex 38.32906723022461 38.843666076660156 5
vertex 41.243770599365234 25.048213958740234 0
vertex 41.243770599365234 25.048213958740234 5
endloop
endfacet
facet normal -0.39073140818318225 0.9205047347293698 0
outer loop
vertex 53.32463073730469 29.341108322143555 3.549999952316284
vertex 49.13633346557617 27.56328010559082 0
vertex 49.13633346557617 27.56328010559082 5
endloop
endfacet
facet normal 0.20671648100510084 -0.9784008874080542 0
outer loop
vertex 33.87734603881836 37.903106689453125 3.549999952316284
vertex 38.32906723022461 38.843666076660156 0
vertex 38.32906723022461 38.843666076660156 5
endloop
endfacet
facet normal 0.20671648100510084 -0.9784008874080541 0
outer loop
vertex 33.87734603881836 37.903106689453125 3.549999952316284
vertex 33.87734603881836 37.903106689453125 0
vertex 38.32906723022461 38.843666076660156 0
endloop
endfacet
facet normal -0.20671662936539517 0.9784008560619569 0.000001019657134100016
outer loop
vertex 41.243770599365234 25.048213958740234 5
vertex 36.79204559326172 24.107654571533203 3.549999952316284
vertex 31.900043487548828 23.074071884155273 3.549999952316284
endloop
endfacet
facet normal -0.3907314081831823 0.9205047347293698 0
outer loop
vertex 53.32463073730469 29.341108322143555 0
vertex 49.13633346557617 27.56328010559082 0
vertex 53.32463073730469 29.341108322143555 3.549999952316284
endloop
endfacet
facet normal 0.3907306977865849 -0.9205050362747662 0
outer loop
vertex 43.62702560424805 40.54240036010742 0
vertex 47.81532287597656 42.32022476196289 0
vertex 47.81532287597656 42.32022476196289 3.549999952316284
endloop
endfacet
facet normal -0.39073105298497085 0.9205048855021118 0
outer loop
vertex 62.11545181274414 33.07258987426758 0
vertex 57.927154541015625 31.294763565063477 0
vertex 57.927154541015625 31.294763565063477 3.549999952316284
endloop
endfacet
facet normal 0.3907314081831823 -0.9205047347293698 0
outer loop
vertex 56.606143951416016 46.05170822143555 0
vertex 52.4178466796875 44.27388000488281 3.549999952316284
vertex 52.4178466796875 44.27388000488281 0
endloop
endfacet
facet normal -0.9784008720552085 -0.206716553670981 0
outer loop
vertex 38.32906723022461 38.843666076660156 0
vertex 41.243770599365234 25.048213958740234 0
vertex 38.32906723022461 38.843666076660156 5
endloop
endfacet
facet normal 0.9205048999613231 0.3907310189211939 0
outer loop
vertex 49.13633346557617 27.56328010559082 0
vertex 43.62702560424805 40.54240036010742 0
vertex 49.13633346557617 27.56328010559082 5
endloop
endfacet
facet normal -0.9205048793091009 -0.39073106757479326 0
outer loop
vertex 56.606143951416016 46.05170822143555 0
vertex 62.11545181274414 33.07258987426758 0
vertex 56.606143951416016 46.05170822143555 5
endloop
endfacet
facet normal -0.2067163114384072 0.9784009232340796 0
outer loop
vertex 41.243770599365234 25.048213958740234 0
vertex 36.79204559326172 24.107654571533203 3.549999952316284
vertex 41.243770599365234 25.048213958740234 5
endloop
endfacet
facet normal -0.2067163114384072 0.9784009232340796 0
outer loop
vertex 31.900043487548828 23.074071884155273 3.549999952316284
vertex 27.448318481445312 22.133512496948242 0
vertex 27.448318481445312 22.133512496948242 5
endloop
endfacet
facet normal -0.20671642417845548 0.978400899414316 -3.6158039805491913e-7
outer loop
vertex 31.900043487548828 23.074071884155273 3.549999952316284
vertex 27.448318481445312 22.133512496948242 5
vertex 41.243770599365234 25.048213958740234 5
endloop
endfacet
facet normal 0.20671719879068146 -0.9784007357540845 0
outer loop
vertex 24.53361701965332 35.92896270751953 0
vertex 28.985340118408203 36.86952590942383 3.549999952316284
vertex 24.53361701965332 35.92896270751953 5
endloop
endfacet
facet normal 0.9784008936339379 0.206716451537636 0
outer loop
vertex 27.448318481445312 22.133512496948242 5
vertex 24.53361701965332 35.92896270751953 0
vertex 24.53361701965332 35.92896270751953 5
endloop
endfacet
facet normal 0.20671658103015297 -0.9784008662747091 -3.2080054826024636e-7
outer loop
vertex 24.53361701965332 35.92896270751953 5
vertex 33.87734603881836 37.903106689453125 3.549999952316284
vertex 38.32906723022461 38.843666076660156 5
endloop
endfacet
facet normal 0 -1 0
outer loop
vertex 8.138506889343262 -13.797121047973633 0
vertex 3.5885064601898193 -13.797121047973633 3.549999952316284
vertex 3.5885064601898193 -13.797121047973633 0
endloop
endfacet
facet normal 0 -1 0
outer loop
vertex -5.961493492126465 5.202878952026367 0
vertex -1.4114935398101807 5.202878952026367 3.549999952316284
vertex -5.961493492126465 5.202878952026367 5
endloop
endfacet
facet normal 0 1 0
outer loop
vertex -58.411495208740234 -37.39712142944336 0
vertex -62.96149444580078 -37.39712142944336 0
vertex -58.411495208740234 -37.39712142944336 3.549999952316284
endloop
endfacet
facet normal 1 0 0
outer loop
vertex -5.961493492126465 -32.797122955322266 0
vertex -5.961493492126465 -46.89712142944336 5
vertex -5.961493492126465 -46.89712142944336 0
endloop
endfacet
facet normal -1 0 0
outer loop
vertex -10.861493110656738 -28.047121047973633 0
vertex -10.861493110656738 -42.14712142944336 0
vertex -10.861493110656738 -28.047121047973633 5
endloop
endfacet
facet normal 0 -1 0
outer loop
vertex -29.861494064331055 -23.297121047973633 0
vertex -34.411495208740234 -23.297121047973633 3.549999952316284
vertex -34.411495208740234 -23.297121047973633 0
endloop
endfacet
facet normal 0 1 0
outer loop
vertex 46.13850784301758 0.6028788685798645 0
vertex 41.588504791259766 0.6028788685798645 3.549999952316284
vertex 46.13850784301758 0.6028788685798645 5
endloop
endfacet
facet normal 1 0 0
outer loop
vertex -43.96149444580078 0.6028788685798645 0
vertex -43.96149444580078 14.702878952026367 0
vertex -43.96149444580078 0.6028788685798645 5
endloop
endfacet
facet normal 1 0 0
outer loop
vertex -49.85149383544922 19.60287857055664 0
vertex -49.85149383544922 33.702877044677734 0
vertex -49.85149383544922 19.60287857055664 5
endloop
endfacet
facet normal 0 -1 0
outer loop
vertex 27.138505935668945 9.952878952026367 5
vertex 13.038506507873535 9.952878952026367 5
vertex 22.5885066986084 9.952878952026367 3.549999952316284
endloop
endfacet
facet normal 0 -1 0
outer loop
vertex 13.038506507873535 9.952878952026367 5
vertex 17.5885066986084 9.952878952026367 3.549999952316284
vertex 22.5885066986084 9.952878952026367 3.549999952316284
endloop
endfacet
facet normal 0 -1 0
outer loop
vertex -5.961493492126465 5.202878952026367 5
vertex 3.5885064601898193 5.202878952026367 3.549999952316284
vertex 8.138506889343262 5.202878952026367 5
endloop
endfacet
facet normal 0 1 0
outer loop
vertex -29.861494064331055 -18.39712142944336 0
vertex -34.411495208740234 -18.39712142944336 0
vertex -34.411495208740234 -18.39712142944336 3.549999952316284
endloop
endfacet
facet normal 0 1 0
outer loop
vertex -48.86149215698242 -37.39712142944336 0
vertex -53.411495208740234 -37.39712142944336 0
vertex -53.411495208740234 -37.39712142944336 3.549999952316284
endloop
endfacet
facet normal 0 1 0
outer loop
vertex -39.411495208740234 -37.39712142944336 0
vertex -43.96149444580078 -37.39712142944336 0
vertex -39.411495208740234 -37.39712142944336 3.549999952316284
endloop
endfacet
facet normal 0 1 0
outer loop
vertex -20.4114933013916 -23.14712142944336 0
vertex -24.96149444580078 -23.14712142944336 0
vertex -20.4114933013916 -23.14712142944336 3.549999952316284
endloop
endfacet
facet normal 0 -1 0
outer loop
vertex -29.861494064331055 -4.297121047973633 0
vertex -34.411495208740234 -4.297121047973633 3.549999952316284
vertex -34.411495208740234 -4.297121047973633 0
endloop
endfacet
facet normal 0 -1 0
outer loop
vertex -20.4114933013916 -9.047121047973633 0
vertex -20.4114933013916 -9.047121047973633 3.549999952316284
vertex -24.96149444580078 -9.047121047973633 0
endloop
endfacet
facet normal -1 0 0
outer loop
vertex 46.13850784301758 14.702878952026367 5
vertex 46.13850784301758 0.6028788685798645 0
vertex 46.13850784301758 0.6028788685798645 5
endloop
endfacet
facet normal 0 -1 0
outer loop
vertex 32.03850555419922 14.702878952026367 5
vertex 32.03850555419922 14.702878952026367 0
vertex 36.588504791259766 14.702878952026367 3.549999952316284
endloop
endfacet
facet normal 1 0 0
outer loop
vertex 32.03850555419922 0.6028788685798645 5
vertex 32.03850555419922 14.702878952026367 0
vertex 32.03850555419922 14.702878952026367 5
endloop
endfacet
facet normal -1 0 0
outer loop
vertex 27.138505935668945 9.952878952026367 5
vertex 27.138505935668945 -4.147120952606201 0
vertex 27.138505935668945 -4.147120952606201 5
endloop
endfacet
facet normal 0 1 0
outer loop
vertex -20.4114933013916 -4.147120952606201 0
vertex -24.96149444580078 -4.147120952606201 0
vertex -20.4114933013916 -4.147120952606201 3.549999952316284
endloop
endfacet
facet normal 0 1 0
outer loop
vertex -10.861493110656738 -23.14712142944336 0
vertex -15.411493301391602 -23.14712142944336 0
vertex -15.411493301391602 -23.14712142944336 3.549999952316284
endloop
endfacet
facet normal 0 1 0
outer loop
vertex 36.588504791259766 0.6028788685798645 3.549999952316284
vertex 32.03850555419922 0.6028788685798645 0
vertex 32.03850555419922 0.6028788685798645 5
endloop
endfacet
facet normal 0 -1 0
outer loop
vertex 22.5885066986084 9.952878952026367 3.549999952316284
vertex 27.138505935668945 9.952878952026367 0
vertex 27.138505935668945 9.952878952026367 5
endloop
endfacet
facet normal 1 0 0
outer loop
vertex 13.038506507873535 9.952878952026367 5
vertex 13.038506507873535 -4.147120952606201 5
vertex 13.038506507873535 9.952878952026367 0
endloop
endfacet
facet normal 0 -1 0
outer loop
vertex -1.4114935398101807 -13.797121047973633 0
vertex -1.4114935398101807 -13.797121047973633 3.549999952316284
vertex -5.961493492126465 -13.797121047973633 0
endloop
endfacet
facet normal -1 0 0
outer loop
vertex 8.138506889343262 -32.797122955322266 0
vertex 8.138506889343262 -46.89712142944336 0
vertex 8.138506889343262 -32.797122955322266 5
endloop
endfacet
facet normal 0 -1 0
outer loop
vertex 13.038506507873535 9.952878952026367 0
vertex 17.5885066986084 9.952878952026367 3.549999952316284
vertex 13.038506507873535 9.952878952026367 5
endloop
endfacet
facet normal 0 -1 0
outer loop
vertex 3.5885064601898193 5.202878952026367 3.549999952316284
vertex 8.138506889343262 5.202878952026367 0
vertex 8.138506889343262 5.202878952026367 5
endloop
endfacet
facet normal 0 -1 0
outer loop
vertex 41.588504791259766 14.702878952026367 3.549999952316284
vertex 46.13850784301758 14.702878952026367 0
vertex 46.13850784301758 14.702878952026367 5
endloop
endfacet
facet normal 0 -1 0
outer loop
vertex -10.861493110656738 -9.047121047973633 0
vertex -15.411493301391602 -9.047121047973633 3.549999952316284
vertex -15.411493301391602 -9.047121047973633 0
endloop
endfacet
facet normal 1 0 0
outer loop
vertex -62.96149444580078 -37.39712142944336 0
vertex -62.96149444580078 -23.297121047973633 0
vertex -62.96149444580078 -37.39712142944336 5
endloop
endfacet
facet normal 0 1 0
outer loop
vertex -10.861493110656738 -4.147120952606201 0
vertex -15.411493301391602 -4.147120952606201 0
vertex -15.411493301391602 -4.147120952606201 3.549999952316284
endloop
endfacet
facet normal 0 -1 0
outer loop
vertex -10.861493110656738 -28.047121047973633 0
vertex -15.411493301391602 -28.047121047973633 3.549999952316284
vertex -15.411493301391602 -28.047121047973633 0
endloop
endfacet
facet normal -1 0 0
outer loop
vertex -48.86149215698242 -23.297121047973633 0
vertex -48.86149215698242 -37.39712142944336 0
vertex -48.86149215698242 -23.297121047973633 5
endloop
endfacet
facet normal 1 0 0
outer loop
vertex -43.96149444580078 -23.297121047973633 0
vertex -43.96149444580078 -37.39712142944336 5
vertex -43.96149444580078 -37.39712142944336 0
endloop
endfacet
facet normal 0 1 0
outer loop
vertex -1.4114935398101807 -8.89712142944336 0
vertex -5.961493492126465 -8.89712142944336 0
vertex -1.4114935398101807 -8.89712142944336 3.549999952316284
endloop
endfacet
facet normal 1 0 0
outer loop
vertex -24.96149444580078 -9.047121047973633 0
vertex -24.96149444580078 -23.14712142944336 5
vertex -24.96149444580078 -23.14712142944336 0
endloop
endfacet
facet normal -1 0 0
outer loop
vertex -29.861494064331055 -4.297121047973633 0
vertex -29.861494064331055 -18.39712142944336 0
vertex -29.861494064331055 -4.297121047973633 5
endloop
endfacet
facet normal 1 0 0
outer loop
vertex -5.961493492126465 -13.797121047973633 0
vertex -5.961493492126465 -27.89712142944336 5
vertex -5.961493492126465 -27.89712142944336 0
endloop
endfacet
facet normal -1 0 0
outer loop
vertex -10.861493110656738 -9.047121047973633 0
vertex -10.861493110656738 -23.14712142944336 0
vertex -10.861493110656738 -9.047121047973633 5
endloop
endfacet
facet normal 1 0 0
outer loop
vertex -5.961493492126465 -8.89712142944336 0
vertex -5.961493492126465 5.202878952026367 0
vertex -5.961493492126465 -8.89712142944336 5
endloop
endfacet
facet normal 0 1 0
outer loop
vertex -58.411495208740234 -37.39712142944336 3.549999952316284
vertex -62.96149444580078 -37.39712142944336 0
vertex -62.96149444580078 -37.39712142944336 5
endloop
endfacet
facet normal 1 0 0
outer loop
vertex -62.96149444580078 -37.39712142944336 5
vertex -62.96149444580078 -23.297121047973633 0
vertex -62.96149444580078 -23.297121047973633 5
endloop
endfacet
facet normal 0 -1 0
outer loop
vertex -45.30149459838867 33.702877044677734 0
vertex -45.30149459838867 33.702877044677734 3.549999952316284
vertex -49.85149383544922 33.702877044677734 0
endloop
endfacet
facet normal 0 -1 0
outer loop
vertex -40.30149459838867 33.702877044677734 0
vertex -35.751495361328125 33.702877044677734 0
vertex -40.30149459838867 33.702877044677734 3.549999952316284
endloop
endfacet
facet normal -1 0 0
outer loop
vertex -35.751495361328125 19.60287857055664 0
vertex -35.751495361328125 33.702877044677734 5
vertex -35.751495361328125 33.702877044677734 0
endloop
endfacet
facet normal 0 1 0
outer loop
vertex 46.13850784301758 0.6028788685798645 5
vertex 41.588504791259766 0.6028788685798645 3.549999952316284
vertex 36.588504791259766 0.6028788685798645 3.549999952316284
endloop
endfacet
facet normal 0 1 0
outer loop
vertex -48.86149215698242 -37.39712142944336 0
vertex -53.411495208740234 -37.39712142944336 3.549999952316284
vertex -48.86149215698242 -37.39712142944336 5
endloop
endfacet
facet normal 0 1 0
outer loop
vertex -39.411495208740234 -37.39712142944336 3.549999952316284
vertex -43.96149444580078 -37.39712142944336 0
vertex -43.96149444580078 -37.39712142944336 5
endloop
endfacet
facet normal -1 0 0
outer loop
vertex -48.86149215698242 -23.297121047973633 5
vertex -48.86149215698242 -37.39712142944336 0
vertex -48.86149215698242 -37.39712142944336 5
endloop
endfacet
facet normal 1 0 0
outer loop
vertex -43.96149444580078 -37.39712142944336 5
vertex -43.96149444580078 -23.297121047973633 0
vertex -43.96149444580078 -23.297121047973633 5
endloop
endfacet
facet normal 1 0 0
outer loop
vertex -62.96149444580078 0.6028788685798645 0
vertex -62.96149444580078 14.702878952026367 0
vertex -62.96149444580078 0.6028788685798645 5
endloop
endfacet
facet normal 0 1 0
outer loop
vertex -35.751495361328125 19.60287857055664 0
vertex -40.30149459838867 19.60287857055664 0
vertex -40.30149459838867 19.60287857055664 3.549999952316284
endloop
endfacet
facet normal 0 1 0
outer loop
vertex 36.588504791259766 0.6028788685798645 3.549999952316284
vertex 32.03850555419922 0.6028788685798645 5
vertex 46.13850784301758 0.6028788685798645 5
endloop
endfacet
facet normal 0 -1 0
outer loop
vertex 32.03850555419922 14.702878952026367 5
vertex 36.588504791259766 14.702878952026367 3.549999952316284
vertex 41.588504791259766 14.702878952026367 3.549999952316284
endloop
endfacet
facet normal 0 -1 0
outer loop
vertex 32.03850555419922 14.702878952026367 5
vertex 41.588504791259766 14.702878952026367 3.549999952316284
vertex 46.13850784301758 14.702878952026367 5
endloop
endfacet
facet normal 0 -1 0
outer loop
vertex -43.96149444580078 14.702878952026367 0
vertex -39.411495208740234 14.702878952026367 0
vertex -39.411495208740234 14.702878952026367 3.549999952316284
endloop
endfacet
facet normal 0 -1 0
outer loop
vertex -58.411495208740234 -23.297121047973633 0
vertex -58.411495208740234 -23.297121047973633 3.549999952316284
vertex -62.96149444580078 -23.297121047973633 0
endloop
endfacet
facet normal 0 1 0
outer loop
vertex -45.30149459838867 19.60287857055664 0
vertex -49.85149383544922 19.60287857055664 0
vertex -45.30149459838867 19.60287857055664 3.549999952316284
endloop
endfacet
facet normal 0 -1 0
outer loop
vertex -53.411495208740234 14.702878952026367 0
vertex -48.86149215698242 14.702878952026367 0
vertex -53.411495208740234 14.702878952026367 3.549999952316284
endloop
endfacet
facet normal 0 1 0
outer loop
vertex -58.411495208740234 -18.39712142944336 0
vertex -62.96149444580078 -18.39712142944336 0
vertex -58.411495208740234 -18.39712142944336 3.549999952316284
endloop
endfacet
facet normal 0 -1 0
outer loop
vertex 8.138506889343262 -32.797122955322266 0
vertex 3.5885064601898193 -32.797122955322266 3.549999952316284
vertex 3.5885064601898193 -32.797122955322266 0
endloop
endfacet
facet normal 0 1 0
outer loop
vertex 8.138506889343262 -27.89712142944336 0
vertex 3.5885064601898193 -27.89712142944336 0
vertex 3.5885064601898193 -27.89712142944336 3.549999952316284
endloop
endfacet
facet normal 0 1 0
outer loop
vertex -53.411495208740234 -37.39712142944336 3.549999952316284
vertex -58.411495208740234 -37.39712142944336 3.549999952316284
vertex -48.86149215698242 -37.39712142944336 5
endloop
endfacet
facet normal 0 1 0
outer loop
vertex -39.411495208740234 0.6028788685798645 0
vertex -43.96149444580078 0.6028788685798645 0
vertex -39.411495208740234 0.6028788685798645 3.549999952316284
endloop
endfacet
facet normal 0 1 0
outer loop
vertex -48.86149215698242 0.6028788685798645 0
vertex -53.411495208740234 0.6028788685798645 0
vertex -53.411495208740234 0.6028788685798645 3.549999952316284
endloop
endfacet
facet normal 0 1 0
outer loop
vertex -48.86149215698242 -37.39712142944336 5
vertex -58.411495208740234 -37.39712142944336 3.549999952316284
vertex -62.96149444580078 -37.39712142944336 5
endloop
endfacet
facet normal 0 -1 0
outer loop
vertex -58.411495208740234 14.702878952026367 0
vertex -58.411495208740234 14.702878952026367 3.549999952316284
vertex -62.96149444580078 14.702878952026367 0
endloop
endfacet
facet normal 0 1 0
outer loop
vertex -39.411495208740234 -37.39712142944336 3.549999952316284
vertex -43.96149444580078 -37.39712142944336 5
vertex -29.861494064331055 -37.39712142944336 5
endloop
endfacet
facet normal 0 -1 0
outer loop
vertex -62.96149444580078 -23.297121047973633 5
vertex -62.96149444580078 -23.297121047973633 0
vertex -58.411495208740234 -23.297121047973633 3.549999952316284
endloop
endfacet
facet normal -1 0 0
outer loop
vertex 46.13850784301758 14.702878952026367 0
vertex 46.13850784301758 0.6028788685798645 0
vertex 46.13850784301758 14.702878952026367 5
endloop
endfacet
facet normal 0 1 0
outer loop
vertex -29.861494064331055 0.6028788685798645 0
vertex -34.411495208740234 0.6028788685798645 0
vertex -34.411495208740234 0.6028788685798645 3.549999952316284
endloop
endfacet
facet normal 0 1 0
outer loop
vertex -58.411495208740234 -18.39712142944336 3.549999952316284
vertex -62.96149444580078 -18.39712142944336 0
vertex -62.96149444580078 -18.39712142944336 5
endloop
endfacet
facet normal 0 -1 0
outer loop
vertex 46.13850784301758 14.702878952026367 0
vertex 41.588504791259766 14.702878952026367 3.549999952316284
vertex 41.588504791259766 14.702878952026367 0
endloop
endfacet
facet normal 0 -1 0
outer loop
vertex -62.96149444580078 -4.297121047973633 0
vertex -58.411495208740234 -4.297121047973633 3.549999952316284
vertex -62.96149444580078 -4.297121047973633 5
endloop
endfacet
facet normal 1 0 0
outer loop
vertex -62.96149444580078 -18.39712142944336 5
vertex -62.96149444580078 -4.297121047973633 0
vertex -62.96149444580078 -4.297121047973633 5
endloop
endfacet
facet normal 0 -1 0
outer loop
vertex -53.411495208740234 -23.297121047973633 3.549999952316284
vertex -48.86149215698242 -23.297121047973633 0
vertex -48.86149215698242 -23.297121047973633 5
endloop
endfacet
facet normal 0 -1 0
outer loop
vertex 36.588504791259766 14.702878952026367 0
vertex 36.588504791259766 14.702878952026367 3.549999952316284
vertex 32.03850555419922 14.702878952026367 0
endloop
endfacet
facet normal 0 1 0
outer loop
vertex 46.13850784301758 0.6028788685798645 0
vertex 41.588504791259766 0.6028788685798645 0
vertex 41.588504791259766 0.6028788685798645 3.549999952316284
endloop
endfacet
facet normal 0 1 0
outer loop
vertex -48.86149215698242 -18.39712142944336 0
vertex -53.411495208740234 -18.39712142944336 3.549999952316284
vertex -48.86149215698242 -18.39712142944336 5
endloop
endfacet
facet normal 0 -1 0
outer loop
vertex -43.96149444580078 -23.297121047973633 5
vertex -43.96149444580078 -23.297121047973633 0
vertex -39.411495208740234 -23.297121047973633 3.549999952316284
endloop
endfacet
facet normal 0 1 0
outer loop
vertex -39.411495208740234 -18.39712142944336 3.549999952316284
vertex -43.96149444580078 -18.39712142944336 0
vertex -43.96149444580078 -18.39712142944336 5
endloop
endfacet
facet normal 0 1 0
outer loop
vertex 36.588504791259766 0.6028788685798645 0
vertex 32.03850555419922 0.6028788685798645 0
vertex 36.588504791259766 0.6028788685798645 3.549999952316284
endloop
endfacet
facet normal 0 -1 0
outer loop
vertex -53.411495208740234 -4.297121047973633 3.549999952316284
vertex -48.86149215698242 -4.297121047973633 0
vertex -48.86149215698242 -4.297121047973633 5
endloop
endfacet
facet normal 0 -1 0
outer loop
vertex -43.96149444580078 -4.297121047973633 0
vertex -39.411495208740234 -4.297121047973633 3.549999952316284
vertex -43.96149444580078 -4.297121047973633 5
endloop
endfacet
facet normal -1 0 0
outer loop
vertex -48.86149215698242 -4.297121047973633 5
vertex -48.86149215698242 -18.39712142944336 0
vertex -48.86149215698242 -18.39712142944336 5
endloop
endfacet
facet normal 0 -1 0
outer loop
vertex -58.411495208740234 -4.297121047973633 0
vertex -58.411495208740234 -4.297121047973633 3.549999952316284
vertex -62.96149444580078 -4.297121047973633 0
endloop
endfacet
facet normal 1 0 0
outer loop
vertex -43.96149444580078 -18.39712142944336 5
vertex -43.96149444580078 -4.297121047973633 0
vertex -43.96149444580078 -4.297121047973633 5
endloop
endfacet
facet normal 0 -1 0
outer loop
vertex -62.96149444580078 -23.297121047973633 5
vertex -58.411495208740234 -23.297121047973633 3.549999952316284
vertex -53.411495208740234 -23.297121047973633 3.549999952316284
endloop
endfacet
facet normal 0 1 0
outer loop
vertex -53.411495208740234 -18.39712142944336 3.549999952316284
vertex -58.411495208740234 -18.39712142944336 3.549999952316284
vertex -48.86149215698242 -18.39712142944336 5
endloop
endfacet
facet normal 0 -1 0
outer loop
vertex 27.138505935668945 -28.047121047973633 0
vertex 22.5885066986084 -28.047121047973633 3.549999952316284
vertex 22.5885066986084 -28.047121047973633 0
endloop
endfacet
facet normal 0 1 0
outer loop
vertex 27.138505935668945 -42.14712142944336 0
vertex 22.5885066986084 -42.14712142944336 0
vertex 22.5885066986084 -42.14712142944336 3.549999952316284
endloop
endfacet
facet normal 0 -1 0
outer loop
vertex -20.4114933013916 9.952878952026367 0
vertex -20.4114933013916 9.952878952026367 3.549999952316284
vertex -24.96149444580078 9.952878952026367 0
endloop
endfacet
facet normal 0 -1 0
outer loop
vertex -62.96149444580078 -23.297121047973633 5
vertex -53.411495208740234 -23.297121047973633 3.549999952316284
vertex -48.86149215698242 -23.297121047973633 5
endloop
endfacet
facet normal 1 0 0
outer loop
vertex -24.96149444580078 -28.047121047973633 0
vertex -24.96149444580078 -42.14712142944336 5
vertex -24.96149444580078 -42.14712142944336 0
endloop
endfacet
facet normal 0 1 0
outer loop
vertex -48.86149215698242 -18.39712142944336 5
vertex -58.411495208740234 -18.39712142944336 3.549999952316284
vertex -62.96149444580078 -18.39712142944336 5
endloop
endfacet
facet normal 0 -1 0
outer loop
vertex -62.96149444580078 -4.297121047973633 5
vertex -58.411495208740234 -4.297121047973633 3.549999952316284
vertex -53.411495208740234 -4.297121047973633 3.549999952316284
endloop
endfacet
facet normal 0 -1 0
outer loop
vertex 17.5885066986084 -28.047121047973633 0
vertex 17.5885066986084 -28.047121047973633 3.549999952316284
vertex 13.038506507873535 -28.047121047973633 0
endloop
endfacet
facet normal 1 0 0
outer loop
vertex 32.03850555419922 0.6028788685798645 0
vertex 32.03850555419922 14.702878952026367 0
vertex 32.03850555419922 0.6028788685798645 5
endloop
endfacet
facet normal -1 0 0
outer loop
vertex 27.138505935668945 9.952878952026367 0
vertex 27.138505935668945 -4.147120952606201 0
vertex 27.138505935668945 9.952878952026367 5
endloop
endfacet
facet normal 0 -1 0
outer loop
vertex -62.96149444580078 -4.297121047973633 5
vertex -53.411495208740234 -4.297121047973633 3.549999952316284
vertex -48.86149215698242 -4.297121047973633 5
endloop
endfacet
facet normal 0 -1 0
outer loop
vertex -48.86149215698242 -23.297121047973633 0
vertex -53.411495208740234 -23.297121047973633 3.549999952316284
vertex -53.411495208740234 -23.297121047973633 0
endloop
endfacet
facet normal 0 -1 0
outer loop
vertex -43.96149444580078 -23.297121047973633 5
vertex -39.411495208740234 -23.297121047973633 3.549999952316284
vertex -34.411495208740234 -23.297121047973633 3.549999952316284
endloop
endfacet
facet normal 0 1 0
outer loop
vertex -48.86149215698242 -18.39712142944336 0
vertex -53.411495208740234 -18.39712142944336 0
vertex -53.411495208740234 -18.39712142944336 3.549999952316284
endloop
endfacet
facet normal 0 -1 0
outer loop
vertex -39.411495208740234 -23.297121047973633 0
vertex -39.411495208740234 -23.297121047973633 3.549999952316284
vertex -43.96149444580078 -23.297121047973633 0
endloop
endfacet
facet normal 0 -1 0
outer loop
vertex -34.411495208740234 -23.297121047973633 3.549999952316284
vertex -29.861494064331055 -23.297121047973633 5
vertex -43.96149444580078 -23.297121047973633 5
endloop
endfacet
facet normal 0 1 0
outer loop
vertex -39.411495208740234 -18.39712142944336 3.549999952316284
vertex -43.96149444580078 -18.39712142944336 5
vertex -29.861494064331055 -18.39712142944336 5
endloop
endfacet
facet normal 0 1 0
outer loop
vertex -39.411495208740234 -18.39712142944336 0
vertex -43.96149444580078 -18.39712142944336 0
vertex -39.411495208740234 -18.39712142944336 3.549999952316284
endloop
endfacet
facet normal 0 -1 0
outer loop
vertex -43.96149444580078 -4.297121047973633 5
vertex -39.411495208740234 -4.297121047973633 3.549999952316284
vertex -34.411495208740234 -4.297121047973633 3.549999952316284
endloop
endfacet
facet normal 0 -1 0
outer loop
vertex -43.96149444580078 -4.297121047973633 5
vertex -34.411495208740234 -4.297121047973633 3.549999952316284
vertex -29.861494064331055 -4.297121047973633 5
endloop
endfacet
facet normal 0 1 0
outer loop
vertex -20.4114933013916 -42.14712142944336 3.549999952316284
vertex -24.96149444580078 -42.14712142944336 0
vertex -24.96149444580078 -42.14712142944336 5
endloop
endfacet
facet normal 0 1 0
outer loop
vertex -29.861494064331055 -37.39712142944336 0
vertex -34.411495208740234 -37.39712142944336 3.549999952316284
vertex -29.861494064331055 -37.39712142944336 5
endloop
endfacet
facet normal 1 0 0
outer loop
vertex 13.038506507873535 -4.147120952606201 5
vertex 13.038506507873535 -4.147120952606201 0
vertex 13.038506507873535 9.952878952026367 0
endloop
endfacet
facet normal -1 0 0
outer loop
vertex 8.138506889343262 5.202878952026367 0
vertex 8.138506889343262 -8.89712142944336 0
vertex 8.138506889343262 5.202878952026367 5
endloop
endfacet
facet normal 0 -1 0
outer loop
vertex -24.96149444580078 -28.047121047973633 0
vertex -20.4114933013916 -28.047121047973633 3.549999952316284
vertex -24.96149444580078 -28.047121047973633 5
endloop
endfacet
facet normal -1 0 0
outer loop
vertex -29.861494064331055 -23.297121047973633 5
vertex -29.861494064331055 -37.39712142944336 0
vertex -29.861494064331055 -37.39712142944336 5
endloop
endfacet
facet normal -1 0 0
outer loop
vertex -29.861494064331055 -23.297121047973633 0
vertex -29.861494064331055 -37.39712142944336 0
vertex -29.861494064331055 -23.297121047973633 5
endloop
endfacet
facet normal 1 0 0
outer loop
vertex -24.96149444580078 -42.14712142944336 5
vertex -24.96149444580078 -28.047121047973633 0
vertex -24.96149444580078 -28.047121047973633 5
endloop
endfacet
facet normal 0 -1 0
outer loop
vertex 22.5885066986084 9.952878952026367 0
vertex 27.138505935668945 9.952878952026367 0
vertex 22.5885066986084 9.952878952026367 3.549999952316284
endloop
endfacet
facet normal 0 1 0
outer loop
vertex -10.861493110656738 -42.14712142944336 0
vertex -15.411493301391602 -42.14712142944336 3.549999952316284
vertex -10.861493110656738 -42.14712142944336 5
endloop
endfacet
facet normal 0 1 0
outer loop
vertex -1.4114935398101807 -46.89712142944336 3.549999952316284
vertex -5.961493492126465 -46.89712142944336 0
vertex -5.961493492126465 -46.89712142944336 5
endloop
endfacet
facet normal 0 -1 0
outer loop
vertex 17.5885066986084 9.952878952026367 0
vertex 17.5885066986084 9.952878952026367 3.549999952316284
vertex 13.038506507873535 9.952878952026367 0
endloop
endfacet
facet normal 1 0 0
outer loop
vertex 13.038506507873535 -28.047121047973633 0
vertex 13.038506507873535 -42.14712142944336 5
vertex 13.038506507873535 -42.14712142944336 0
endloop
endfacet
facet normal 0 -1 0
outer loop
vertex -48.86149215698242 -4.297121047973633 0
vertex -53.411495208740234 -4.297121047973633 3.549999952316284
vertex -53.411495208740234 -4.297121047973633 0
endloop
endfacet
facet normal 0 -1 0
outer loop
vertex -43.96149444580078 -4.297121047973633 0
vertex -39.411495208740234 -4.297121047973633 0
vertex -39.411495208740234 -4.297121047973633 3.549999952316284
endloop
endfacet
facet normal 0 -1 0
outer loop
vertex -15.411493301391602 -28.047121047973633 3.549999952316284
vertex -10.861493110656738 -28.047121047973633 0
vertex -10.861493110656738 -28.047121047973633 5
endloop
endfacet
facet normal 0 -1 0
outer loop
vertex -5.961493492126465 -32.797122955322266 0
vertex -1.4114935398101807 -32.797122955322266 3.549999952316284
vertex -5.961493492126465 -32.797122955322266 5
endloop
endfacet
facet normal 0 -1 0
outer loop
vertex 8.138506889343262 5.202878952026367 0
vertex 3.5885064601898193 5.202878952026367 3.549999952316284
vertex 3.5885064601898193 5.202878952026367 0
endloop
endfacet
facet normal 0 1 0
outer loop
vertex -1.4114935398101807 -27.89712142944336 3.549999952316284
vertex -5.961493492126465 -27.89712142944336 0
vertex -5.961493492126465 -27.89712142944336 5
endloop
endfacet
facet normal -1 0 0
outer loop
vertex -10.861493110656738 -28.047121047973633 5
vertex -10.861493110656738 -42.14712142944336 0
vertex -10.861493110656738 -42.14712142944336 5
endloop
endfacet
facet normal 0 -1 0
outer loop
vertex 32.03850555419922 -4.297121047973633 5
vertex 41.588504791259766 -4.297121047973633 3.549999952316284
vertex 46.13850784301758 -4.297121047973633 5
endloop
endfacet
facet normal -1 0 0
outer loop
vertex 27.138505935668945 -28.047121047973633 0
vertex 27.138505935668945 -42.14712142944336 0
vertex 27.138505935668945 -28.047121047973633 5
endloop
endfacet
facet normal 1 0 0
outer loop
vertex 32.03850555419922 -37.39712142944336 0
vertex 32.03850555419922 -23.297121047973633 0
vertex 32.03850555419922 -37.39712142944336 5
endloop
endfacet
facet normal -1 0 0
outer loop
vertex -10.861493110656738 9.952878952026367 5
vertex -10.861493110656738 -4.147120952606201 0
vertex -10.861493110656738 -4.147120952606201 5
endloop
endfacet
facet normal 0 1 0
outer loop
vertex 17.5885066986084 -23.14712142944336 0
vertex 13.038506507873535 -23.14712142944336 0
vertex 17.5885066986084 -23.14712142944336 3.549999952316284
endloop
endfacet
facet normal 0 -1 0
outer loop
vertex 32.03850555419922 -4.297121047973633 5
vertex 36.588504791259766 -4.297121047973633 3.549999952316284
vertex 41.588504791259766 -4.297121047973633 3.549999952316284
endloop
endfacet
facet normal 1 0 0
outer loop
vertex -62.96149444580078 -18.39712142944336 0
vertex -62.96149444580078 -4.297121047973633 0
vertex -62.96149444580078 -18.39712142944336 5
endloop
endfacet
facet normal 0 1 0
outer loop
vertex 36.588504791259766 -18.39712142944336 3.549999952316284
vertex 32.03850555419922 -18.39712142944336 5
vertex 46.13850784301758 -18.39712142944336 5
endloop
endfacet
facet normal 0 -1 0
outer loop
vertex 32.03850555419922 -23.297121047973633 5
vertex 41.588504791259766 -23.297121047973633 3.549999952316284
vertex 46.13850784301758 -23.297121047973633 5
endloop
endfacet
facet normal 0 1 0
outer loop
vertex 46.13850784301758 -18.39712142944336 5
vertex 41.588504791259766 -18.39712142944336 3.549999952316284
vertex 36.588504791259766 -18.39712142944336 3.549999952316284
endloop
endfacet
facet normal 0 -1 0
outer loop
vertex 32.03850555419922 -23.297121047973633 5
vertex 36.588504791259766 -23.297121047973633 3.549999952316284
vertex 41.588504791259766 -23.297121047973633 3.549999952316284
endloop
endfacet
facet normal -1 0 0
outer loop
vertex 46.13850784301758 -4.297121047973633 5
vertex 46.13850784301758 -18.39712142944336 0
vertex 46.13850784301758 -18.39712142944336 5
endloop
endfacet
facet normal 0 1 0
outer loop
vertex 8.138506889343262 -8.89712142944336 0
vertex 3.5885064601898193 -8.89712142944336 0
vertex 3.5885064601898193 -8.89712142944336 3.549999952316284
endloop
endfacet
facet normal 0 -1 0
outer loop
vertex 17.5885066986084 -9.047121047973633 0
vertex 17.5885066986084 -9.047121047973633 3.549999952316284
vertex 13.038506507873535 -9.047121047973633 0
endloop
endfacet
facet normal 0 1 0
outer loop
vertex 17.5885066986084 -4.147120952606201 0
vertex 13.038506507873535 -4.147120952606201 0
vertex 17.5885066986084 -4.147120952606201 3.549999952316284
endloop
endfacet
facet normal 0 1 0
outer loop
vertex 27.138505935668945 -23.14712142944336 0
vertex 22.5885066986084 -23.14712142944336 0
vertex 22.5885066986084 -23.14712142944336 3.549999952316284
endloop
endfacet
facet normal 0 -1 0
outer loop
vertex 22.5885066986084 -9.047121047973633 0
vertex 27.138505935668945 -9.047121047973633 0
vertex 22.5885066986084 -9.047121047973633 3.549999952316284
endloop
endfacet
facet normal 0 1 0
outer loop
vertex 27.138505935668945 -4.147120952606201 0
vertex 22.5885066986084 -4.147120952606201 0
vertex 22.5885066986084 -4.147120952606201 3.549999952316284
endloop
endfacet
facet normal -1 0 0
outer loop
vertex 8.138506889343262 -13.797121047973633 0
vertex 8.138506889343262 -27.89712142944336 0
vertex 8.138506889343262 -13.797121047973633 5
endloop
endfacet
facet normal 1 0 0
outer loop
vertex 13.038506507873535 -9.047121047973633 0
vertex 13.038506507873535 -23.14712142944336 5
vertex 13.038506507873535 -23.14712142944336 0
endloop
endfacet
facet normal -1 0 0
outer loop
vertex -48.86149215698242 14.702878952026367 0
vertex -48.86149215698242 0.6028788685798645 0
vertex -48.86149215698242 14.702878952026367 5
endloop
endfacet
facet normal 1 0 0
outer loop
vertex -43.96149444580078 -18.39712142944336 0
vertex -43.96149444580078 -4.297121047973633 0
vertex -43.96149444580078 -18.39712142944336 5
endloop
endfacet
facet normal -1 0 0
outer loop
vertex 27.138505935668945 -9.047121047973633 0
vertex 27.138505935668945 -23.14712142944336 0
vertex 27.138505935668945 -9.047121047973633 5
endloop
endfacet
facet normal 1 0 0
outer loop
vertex 32.03850555419922 -4.297121047973633 0
vertex 32.03850555419922 -18.39712142944336 5
vertex 32.03850555419922 -18.39712142944336 0
endloop
endfacet
facet normal 0 1 0
outer loop
vertex -1.4114935398101807 -46.89712142944336 0
vertex -5.961493492126465 -46.89712142944336 0
vertex -1.4114935398101807 -46.89712142944336 3.549999952316284
endloop
endfacet
facet normal 1 0 0
outer loop
vertex -5.961493492126465 -46.89712142944336 5
vertex -5.961493492126465 -32.797122955322266 0
vertex -5.961493492126465 -32.797122955322266 5
endloop
endfacet
facet normal 0 1 0
outer loop
vertex -20.4114933013916 -42.14712142944336 3.549999952316284
vertex -24.96149444580078 -42.14712142944336 5
vertex -10.861493110656738 -42.14712142944336 5
endloop
endfacet
facet normal 0 -1 0
outer loop
vertex 41.588504791259766 -4.297121047973633 3.549999952316284
vertex 46.13850784301758 -4.297121047973633 0
vertex 46.13850784301758 -4.297121047973633 5
endloop
endfacet
facet normal 0 1 0
outer loop
vertex -34.411495208740234 -37.39712142944336 3.549999952316284
vertex -39.411495208740234 -37.39712142944336 3.549999952316284
vertex -29.861494064331055 -37.39712142944336 5
endloop
endfacet
facet normal 0 -1 0
outer loop
vertex -34.411495208740234 14.702878952026367 0
vertex -29.861494064331055 14.702878952026367 0
vertex -34.411495208740234 14.702878952026367 3.549999952316284
endloop
endfacet
facet normal 0 -1 0
outer loop
vertex -24.96149444580078 -28.047121047973633 5
vertex -20.4114933013916 -28.047121047973633 3.549999952316284
vertex -15.411493301391602 -28.047121047973633 3.549999952316284
endloop
endfacet
facet normal 0 1 0
outer loop
vertex -10.861493110656738 -42.14712142944336 5
vertex -15.411493301391602 -42.14712142944336 3.549999952316284
vertex -20.4114933013916 -42.14712142944336 3.549999952316284
endloop
endfacet
facet normal 0 1 0
outer loop
vertex 46.13850784301758 -18.39712142944336 0
vertex 41.588504791259766 -18.39712142944336 3.549999952316284
vertex 46.13850784301758 -18.39712142944336 5
endloop
endfacet
facet normal 0 -1 0
outer loop
vertex 41.588504791259766 -23.297121047973633 3.549999952316284
vertex 46.13850784301758 -23.297121047973633 0
vertex 46.13850784301758 -23.297121047973633 5
endloop
endfacet
facet normal 0 1 0
outer loop
vertex 36.588504791259766 -37.39712142944336 3.549999952316284
vertex 32.03850555419922 -37.39712142944336 5
vertex 46.13850784301758 -37.39712142944336 5
endloop
endfacet
facet normal 0 1 0
outer loop
vertex -20.4114933013916 -42.14712142944336 0
vertex -24.96149444580078 -42.14712142944336 0
vertex -20.4114933013916 -42.14712142944336 3.549999952316284
endloop
endfacet
facet normal 0 -1 0
outer loop
vertex -5.961493492126465 -32.797122955322266 5
vertex -1.4114935398101807 -32.797122955322266 3.549999952316284
vertex 3.5885064601898193 -32.797122955322266 3.549999952316284
endloop
endfacet
facet normal 0 -1 0
outer loop
vertex -24.96149444580078 -28.047121047973633 5
vertex -15.411493301391602 -28.047121047973633 3.549999952316284
vertex -10.861493110656738 -28.047121047973633 5
endloop
endfacet
facet normal 0 1 0
outer loop
vertex 46.13850784301758 -37.39712142944336 5
vertex 41.588504791259766 -37.39712142944336 3.549999952316284
vertex 36.588504791259766 -37.39712142944336 3.549999952316284
endloop
endfacet
facet normal -1 0 0
outer loop
vertex 46.13850784301758 -23.297121047973633 5
vertex 46.13850784301758 -37.39712142944336 0
vertex 46.13850784301758 -37.39712142944336 5
endloop
endfacet
facet normal 0 -1 0
outer loop
vertex -34.411495208740234 -23.297121047973633 3.549999952316284
vertex -29.861494064331055 -23.297121047973633 0
vertex -29.861494064331055 -23.297121047973633 5
endloop
endfacet
facet normal 0 1 0
outer loop
vertex -29.861494064331055 -18.39712142944336 0
vertex -34.411495208740234 -18.39712142944336 3.549999952316284
vertex -29.861494064331055 -18.39712142944336 5
endloop
endfacet
facet normal 0 1 0
outer loop
vertex 46.13850784301758 -37.39712142944336 0
vertex 41.588504791259766 -37.39712142944336 3.549999952316284
vertex 46.13850784301758 -37.39712142944336 5
endloop
endfacet
facet normal 0 1 0
outer loop
vertex 27.138505935668945 -4.147120952606201 5
vertex 17.5885066986084 -4.147120952606201 3.549999952316284
vertex 13.038506507873535 -4.147120952606201 5
endloop
endfacet
facet normal 0 1 0
outer loop
vertex -20.4114933013916 -23.14712142944336 3.549999952316284
vertex -24.96149444580078 -23.14712142944336 0
vertex -24.96149444580078 -23.14712142944336 5
endloop
endfacet
facet normal 0 1 0
outer loop
vertex -29.861494064331055 -37.39712142944336 0
vertex -34.411495208740234 -37.39712142944336 0
vertex -34.411495208740234 -37.39712142944336 3.549999952316284
endloop
endfacet
facet normal 0 -1 0
outer loop
vertex -20.4114933013916 -28.047121047973633 0
vertex -20.4114933013916 -28.047121047973633 3.549999952316284
vertex -24.96149444580078 -28.047121047973633 0
endloop
endfacet
facet normal 0 -1 0
outer loop
vertex -34.411495208740234 -4.297121047973633 3.549999952316284
vertex -29.861494064331055 -4.297121047973633 0
vertex -29.861494064331055 -4.297121047973633 5
endloop
endfacet
facet normal 0 -1 0
outer loop
vertex 27.138505935668945 -9.047121047973633 5
vertex 13.038506507873535 -9.047121047973633 5
vertex 22.5885066986084 -9.047121047973633 3.549999952316284
endloop
endfacet
facet normal 0 1 0
outer loop
vertex 27.138505935668945 -4.147120952606201 5
vertex 22.5885066986084 -4.147120952606201 3.549999952316284
vertex 17.5885066986084 -4.147120952606201 3.549999952316284
endloop
endfacet
facet normal 0 -1 0
outer loop
vertex 13.038506507873535 -9.047121047973633 5
vertex 17.5885066986084 -9.047121047973633 3.549999952316284
vertex 22.5885066986084 -9.047121047973633 3.549999952316284
endloop
endfacet
facet normal 0 1 0
outer loop
vertex 27.138505935668945 -23.14712142944336 5
vertex 17.5885066986084 -23.14712142944336 3.549999952316284
vertex 13.038506507873535 -23.14712142944336 5
endloop
endfacet
facet normal 0 1 0
outer loop
vertex 27.138505935668945 -23.14712142944336 5
vertex 22.5885066986084 -23.14712142944336 3.549999952316284
vertex 17.5885066986084 -23.14712142944336 3.549999952316284
endloop
endfacet
facet normal 0 1 0
outer loop
vertex 8.138506889343262 -8.89712142944336 5
vertex -1.4114935398101807 -8.89712142944336 3.549999952316284
vertex -5.961493492126465 -8.89712142944336 5
endloop
endfacet
facet normal 0 1 0
outer loop
vertex 8.138506889343262 -8.89712142944336 5
vertex 3.5885064601898193 -8.89712142944336 3.549999952316284
vertex -1.4114935398101807 -8.89712142944336 3.549999952316284
endloop
endfacet
facet normal 0 -1 0
outer loop
vertex 3.5885064601898193 -13.797121047973633 3.549999952316284
vertex 8.138506889343262 -13.797121047973633 5
vertex -5.961493492126465 -13.797121047973633 5
endloop
endfacet
facet normal 1 0 0
outer loop
vertex 32.03850555419922 -18.39712142944336 5
vertex 32.03850555419922 -4.297121047973633 0
vertex 32.03850555419922 -4.297121047973633 5
endloop
endfacet
facet normal 0 -1 0
outer loop
vertex -24.96149444580078 -9.047121047973633 0
vertex -20.4114933013916 -9.047121047973633 3.549999952316284
vertex -24.96149444580078 -9.047121047973633 5
endloop
endfacet
facet normal 0 -1 0
outer loop
vertex -10.861493110656738 9.952878952026367 0
vertex -15.411493301391602 9.952878952026367 3.549999952316284
vertex -15.411493301391602 9.952878952026367 0
endloop
endfacet
facet normal 0 -1 0
outer loop
vertex -1.4114935398101807 5.202878952026367 0
vertex -1.4114935398101807 5.202878952026367 3.549999952316284
vertex -5.961493492126465 5.202878952026367 0
endloop
endfacet
facet normal 0 1 0
outer loop
vertex -20.4114933013916 -4.147120952606201 3.549999952316284
vertex -24.96149444580078 -4.147120952606201 0
vertex -24.96149444580078 -4.147120952606201 5
endloop
endfacet
facet normal 0 -1 0
outer loop
vertex 32.03850555419922 -4.297121047973633 0
vertex 36.588504791259766 -4.297121047973633 3.549999952316284
vertex 32.03850555419922 -4.297121047973633 5
endloop
endfacet
facet normal 0 1 0
outer loop
vertex 27.138505935668945 -4.147120952606201 0
vertex 22.5885066986084 -4.147120952606201 3.549999952316284
vertex 27.138505935668945 -4.147120952606201 5
endloop
endfacet
facet normal 0 -1 0
outer loop
vertex 22.5885066986084 -9.047121047973633 3.549999952316284
vertex 27.138505935668945 -9.047121047973633 0
vertex 27.138505935668945 -9.047121047973633 5
endloop
endfacet
facet normal -1 0 0
outer loop
vertex 27.138505935668945 -9.047121047973633 5
vertex 27.138505935668945 -23.14712142944336 0
vertex 27.138505935668945 -23.14712142944336 5
endloop
endfacet
facet normal -1 0 0
outer loop
vertex -29.861494064331055 14.702878952026367 0
vertex -29.861494064331055 0.6028788685798645 0
vertex -29.861494064331055 14.702878952026367 5
endloop
endfacet
facet normal 1 0 0
outer loop
vertex -24.96149444580078 -4.147120952606201 5
vertex -24.96149444580078 -4.147120952606201 0
vertex -24.96149444580078 9.952878952026367 0
endloop
endfacet
facet normal 0 1 0
outer loop
vertex 36.588504791259766 -18.39712142944336 3.549999952316284
vertex 32.03850555419922 -18.39712142944336 0
vertex 32.03850555419922 -18.39712142944336 5
endloop
endfacet
facet normal 0 -1 0
outer loop
vertex 32.03850555419922 -23.297121047973633 5
vertex 32.03850555419922 -23.297121047973633 0
vertex 36.588504791259766 -23.297121047973633 3.549999952316284
endloop
endfacet
facet normal 0 1 0
outer loop
vertex 27.138505935668945 -23.14712142944336 0
vertex 22.5885066986084 -23.14712142944336 3.549999952316284
vertex 27.138505935668945 -23.14712142944336 5
endloop
endfacet
facet normal 1 0 0
outer loop
vertex 13.038506507873535 -23.14712142944336 5
vertex 13.038506507873535 -9.047121047973633 0
vertex 13.038506507873535 -9.047121047973633 5
endloop
endfacet
facet normal -1 0 0
outer loop
vertex 8.138506889343262 -8.89712142944336 0
vertex 8.138506889343262 -8.89712142944336 5
vertex 8.138506889343262 5.202878952026367 5
endloop
endfacet
facet normal -1 0 0
outer loop
vertex -29.861494064331055 -4.297121047973633 5
vertex -29.861494064331055 -18.39712142944336 0
vertex -29.861494064331055 -18.39712142944336 5
endloop
endfacet
facet normal -1 0 0
outer loop
vertex -10.861493110656738 9.952878952026367 0
vertex -10.861493110656738 -4.147120952606201 0
vertex -10.861493110656738 9.952878952026367 5
endloop
endfacet
facet normal 1 0 0
outer loop
vertex -24.96149444580078 -23.14712142944336 5
vertex -24.96149444580078 -9.047121047973633 0
vertex -24.96149444580078 -9.047121047973633 5
endloop
endfacet
facet normal 0 1 0
outer loop
vertex -10.861493110656738 -23.14712142944336 0
vertex -15.411493301391602 -23.14712142944336 3.549999952316284
vertex -10.861493110656738 -23.14712142944336 5
endloop
endfacet
facet normal 0 1 0
outer loop
vertex 17.5885066986084 -4.147120952606201 3.549999952316284
vertex 13.038506507873535 -4.147120952606201 0
vertex 13.038506507873535 -4.147120952606201 5
endloop
endfacet
facet normal 0 -1 0
outer loop
vertex 13.038506507873535 -9.047121047973633 0
vertex 17.5885066986084 -9.047121047973633 3.549999952316284
vertex 13.038506507873535 -9.047121047973633 5
endloop
endfacet
facet normal 0 1 0
outer loop
vertex 8.138506889343262 -8.89712142944336 0
vertex 3.5885064601898193 -8.89712142944336 3.549999952316284
vertex 8.138506889343262 -8.89712142944336 5
endloop
endfacet
facet normal -1 0 0
outer loop
vertex 8.138506889343262 -13.797121047973633 5
vertex 8.138506889343262 -27.89712142944336 0
vertex 8.138506889343262 -27.89712142944336 5
endloop
endfacet
facet normal 0 1 0
outer loop
vertex 17.5885066986084 -23.14712142944336 3.549999952316284
vertex 13.038506507873535 -23.14712142944336 0
vertex 13.038506507873535 -23.14712142944336 5
endloop
endfacet
facet normal 0 -1 0
outer loop
vertex 3.5885064601898193 -13.797121047973633 3.549999952316284
vertex 8.138506889343262 -13.797121047973633 0
vertex 8.138506889343262 -13.797121047973633 5
endloop
endfacet
facet normal 0 -1 0
outer loop
vertex 13.038506507873535 -28.047121047973633 5
vertex 22.5885066986084 -28.047121047973633 3.549999952316284
vertex 27.138505935668945 -28.047121047973633 5
endloop
endfacet
facet normal 0 -1 0
outer loop
vertex 13.038506507873535 -28.047121047973633 5
vertex 17.5885066986084 -28.047121047973633 3.549999952316284
vertex 22.5885066986084 -28.047121047973633 3.549999952316284
endloop
endfacet
facet normal 0 1 0
outer loop
vertex 27.138505935668945 -42.14712142944336 5
vertex 17.5885066986084 -42.14712142944336 3.549999952316284
vertex 13.038506507873535 -42.14712142944336 5
endloop
endfacet
facet normal 0 1 0
outer loop
vertex 27.138505935668945 -42.14712142944336 5
vertex 22.5885066986084 -42.14712142944336 3.549999952316284
vertex 17.5885066986084 -42.14712142944336 3.549999952316284
endloop
endfacet
facet normal 0 1 0
outer loop
vertex 8.138506889343262 -27.89712142944336 5
vertex -1.4114935398101807 -27.89712142944336 3.549999952316284
vertex -5.961493492126465 -27.89712142944336 5
endloop
endfacet
facet normal 0 -1 0
outer loop
vertex 3.5885064601898193 -32.797122955322266 3.549999952316284
vertex 8.138506889343262 -32.797122955322266 5
vertex -5.961493492126465 -32.797122955322266 5
endloop
endfacet
facet normal 0 1 0
outer loop
vertex 8.138506889343262 -27.89712142944336 5
vertex 3.5885064601898193 -27.89712142944336 3.549999952316284
vertex -1.4114935398101807 -27.89712142944336 3.549999952316284
endloop
endfacet
facet normal 0 1 0
outer loop
vertex 8.138506889343262 -46.89712142944336 5
vertex -1.4114935398101807 -46.89712142944336 3.549999952316284
vertex -5.961493492126465 -46.89712142944336 5
endloop
endfacet
facet normal 0 1 0
outer loop
vertex 8.138506889343262 -46.89712142944336 5
vertex 3.5885064601898193 -46.89712142944336 3.549999952316284
vertex -1.4114935398101807 -46.89712142944336 3.549999952316284
endloop
endfacet
facet normal 1 0 0
outer loop
vertex 32.03850555419922 -37.39712142944336 5
vertex 32.03850555419922 -23.297121047973633 0
vertex 32.03850555419922 -23.297121047973633 5
endloop
endfacet
facet normal -1 0 0
outer loop
vertex 27.138505935668945 -28.047121047973633 5
vertex 27.138505935668945 -42.14712142944336 0
vertex 27.138505935668945 -42.14712142944336 5
endloop
endfacet
facet normal 0 -1 0
outer loop
vertex -5.961493492126465 -13.797121047973633 0
vertex -1.4114935398101807 -13.797121047973633 3.549999952316284
vertex -5.961493492126465 -13.797121047973633 5
endloop
endfacet
facet normal -1 0 0
outer loop
vertex -10.861493110656738 -9.047121047973633 5
vertex -10.861493110656738 -23.14712142944336 0
vertex -10.861493110656738 -23.14712142944336 5
endloop
endfacet
facet normal 0 1 0
outer loop
vertex 36.588504791259766 -37.39712142944336 3.549999952316284
vertex 32.03850555419922 -37.39712142944336 0
vertex 32.03850555419922 -37.39712142944336 5
endloop
endfacet
facet normal 0 -1 0
outer loop
vertex 22.5885066986084 -28.047121047973633 3.549999952316284
vertex 27.138505935668945 -28.047121047973633 0
vertex 27.138505935668945 -28.047121047973633 5
endloop
endfacet
facet normal 1 0 0
outer loop
vertex -5.961493492126465 -27.89712142944336 5
vertex -5.961493492126465 -13.797121047973633 0
vertex -5.961493492126465 -13.797121047973633 5
endloop
endfacet
facet normal 0 -1 0
outer loop
vertex -15.411493301391602 -9.047121047973633 3.549999952316284
vertex -10.861493110656738 -9.047121047973633 0
vertex -10.861493110656738 -9.047121047973633 5
endloop
endfacet
facet normal 0 1 0
outer loop
vertex 27.138505935668945 -42.14712142944336 0
vertex 22.5885066986084 -42.14712142944336 3.549999952316284
vertex 27.138505935668945 -42.14712142944336 5
endloop
endfacet
facet normal 1 0 0
outer loop
vertex 13.038506507873535 -42.14712142944336 5
vertex 13.038506507873535 -28.047121047973633 0
vertex 13.038506507873535 -28.047121047973633 5
endloop
endfacet
facet normal 0 1 0
outer loop
vertex -10.861493110656738 -4.147120952606201 0
vertex -15.411493301391602 -4.147120952606201 3.549999952316284
vertex -10.861493110656738 -4.147120952606201 5
endloop
endfacet
facet normal 0 1 0
outer loop
vertex -1.4114935398101807 -8.89712142944336 3.549999952316284
vertex -5.961493492126465 -8.89712142944336 0
vertex -5.961493492126465 -8.89712142944336 5
endloop
endfacet
facet normal 0 1 0
outer loop
vertex -58.411495208740234 0.6028788685798645 3.549999952316284
vertex -62.96149444580078 0.6028788685798645 0
vertex -62.96149444580078 0.6028788685798645 5
endloop
endfacet
facet normal 1 0 0
outer loop
vertex -62.96149444580078 0.6028788685798645 5
vertex -62.96149444580078 14.702878952026367 0
vertex -62.96149444580078 14.702878952026367 5
endloop
endfacet
facet normal 0 -1 0
outer loop
vertex 13.038506507873535 -28.047121047973633 0
vertex 17.5885066986084 -28.047121047973633 3.549999952316284
vertex 13.038506507873535 -28.047121047973633 5
endloop
endfacet
facet normal 0 1 0
outer loop
vertex 8.138506889343262 -27.89712142944336 0
vertex 3.5885064601898193 -27.89712142944336 3.549999952316284
vertex 8.138506889343262 -27.89712142944336 5
endloop
endfacet
facet normal 0 -1 0
outer loop
vertex 3.5885064601898193 -32.797122955322266 3.549999952316284
vertex 8.138506889343262 -32.797122955322266 0
vertex 8.138506889343262 -32.797122955322266 5
endloop
endfacet
facet normal 0 1 0
outer loop
vertex -34.411495208740234 -18.39712142944336 3.549999952316284
vertex -39.411495208740234 -18.39712142944336 3.549999952316284
vertex -29.861494064331055 -18.39712142944336 5
endloop
endfacet
facet normal 0 1 0
outer loop
vertex -20.4114933013916 -23.14712142944336 3.549999952316284
vertex -24.96149444580078 -23.14712142944336 5
vertex -10.861493110656738 -23.14712142944336 5
endloop
endfacet
facet normal -1 0 0
outer loop
vertex 8.138506889343262 -32.797122955322266 5
vertex 8.138506889343262 -46.89712142944336 0
vertex 8.138506889343262 -46.89712142944336 5
endloop
endfacet
facet normal 0 1 0
outer loop
vertex 17.5885066986084 -42.14712142944336 3.549999952316284
vertex 13.038506507873535 -42.14712142944336 0
vertex 13.038506507873535 -42.14712142944336 5
endloop
endfacet
facet normal 0 1 0
outer loop
vertex 8.138506889343262 -46.89712142944336 0
vertex 3.5885064601898193 -46.89712142944336 3.549999952316284
vertex 8.138506889343262 -46.89712142944336 5
endloop
endfacet
facet normal 0 -1 0
outer loop
vertex -24.96149444580078 -9.047121047973633 5
vertex -20.4114933013916 -9.047121047973633 3.549999952316284
vertex -15.411493301391602 -9.047121047973633 3.549999952316284
endloop
endfacet
facet normal 0 1 0
outer loop
vertex -20.4114933013916 -4.147120952606201 3.549999952316284
vertex -24.96149444580078 -4.147120952606201 5
vertex -10.861493110656738 -4.147120952606201 5
endloop
endfacet
facet normal 0 1 0
outer loop
vertex -10.861493110656738 -23.14712142944336 5
vertex -15.411493301391602 -23.14712142944336 3.549999952316284
vertex -20.4114933013916 -23.14712142944336 3.549999952316284
endloop
endfacet
facet normal -1 0 0
outer loop
vertex 46.13850784301758 -4.297121047973633 0
vertex 46.13850784301758 -18.39712142944336 0
vertex 46.13850784301758 -4.297121047973633 5
endloop
endfacet
facet normal 0 -1 0
outer loop
vertex -62.96149444580078 14.702878952026367 5
vertex -62.96149444580078 14.702878952026367 0
vertex -58.411495208740234 14.702878952026367 3.549999952316284
endloop
endfacet
facet normal 0 1 0
outer loop
vertex -48.86149215698242 0.6028788685798645 0
vertex -53.411495208740234 0.6028788685798645 3.549999952316284
vertex -48.86149215698242 0.6028788685798645 5
endloop
endfacet
facet normal 0 1 0
outer loop
vertex -39.411495208740234 0.6028788685798645 3.549999952316284
vertex -43.96149444580078 0.6028788685798645 0
vertex -43.96149444580078 0.6028788685798645 5
endloop
endfacet
facet normal -1 0 0
outer loop
vertex -48.86149215698242 14.702878952026367 5
vertex -48.86149215698242 0.6028788685798645 0
vertex -48.86149215698242 0.6028788685798645 5
endloop
endfacet
facet normal 1 0 0
outer loop
vertex -43.96149444580078 0.6028788685798645 5
vertex -43.96149444580078 14.702878952026367 0
vertex -43.96149444580078 14.702878952026367 5
endloop
endfacet
facet normal 0 -1 0
outer loop
vertex -53.411495208740234 14.702878952026367 3.549999952316284
vertex -48.86149215698242 14.702878952026367 0
vertex -48.86149215698242 14.702878952026367 5
endloop
endfacet
facet normal 0 -1 0
outer loop
vertex 41.588504791259766 -4.297121047973633 0
vertex 46.13850784301758 -4.297121047973633 0
vertex 41.588504791259766 -4.297121047973633 3.549999952316284
endloop
endfacet
facet normal 0 1 0
outer loop
vertex -45.30149459838867 19.60287857055664 3.549999952316284
vertex -49.85149383544922 19.60287857055664 0
vertex -49.85149383544922 19.60287857055664 5
endloop
endfacet
facet normal 0 -1 0
outer loop
vertex -43.96149444580078 14.702878952026367 5
vertex -43.96149444580078 14.702878952026367 0
vertex -39.411495208740234 14.702878952026367 3.549999952316284
endloop
endfacet
facet normal 0 1 0
outer loop
vertex -35.751495361328125 19.60287857055664 0
vertex -40.30149459838867 19.60287857055664 3.549999952316284
vertex -35.751495361328125 19.60287857055664 5
endloop
endfacet
facet normal 0 -1 0
outer loop
vertex 32.03850555419922 -4.297121047973633 0
vertex 36.588504791259766 -4.297121047973633 0
vertex 36.588504791259766 -4.297121047973633 3.549999952316284
endloop
endfacet
facet normal 0 1 0
outer loop
vertex 46.13850784301758 -18.39712142944336 0
vertex 41.588504791259766 -18.39712142944336 0
vertex 41.588504791259766 -18.39712142944336 3.549999952316284
endloop
endfacet
facet normal -1 0 0
outer loop
vertex -35.751495361328125 33.702877044677734 5
vertex -35.751495361328125 19.60287857055664 0
vertex -35.751495361328125 19.60287857055664 5
endloop
endfacet
facet normal 0 1 0
outer loop
vertex -53.411495208740234 0.6028788685798645 3.549999952316284
vertex -58.411495208740234 0.6028788685798645 3.549999952316284
vertex -48.86149215698242 0.6028788685798645 5
endloop
endfacet
facet normal 0 -1 0
outer loop
vertex -5.961493492126465 -13.797121047973633 5
vertex -1.4114935398101807 -13.797121047973633 3.549999952316284
vertex 3.5885064601898193 -13.797121047973633 3.549999952316284
endloop
endfacet
facet normal 0 1 0
outer loop
vertex 36.588504791259766 -18.39712142944336 0
vertex 32.03850555419922 -18.39712142944336 0
vertex 36.588504791259766 -18.39712142944336 3.549999952316284
endloop
endfacet
facet normal 0 -1 0
outer loop
vertex 46.13850784301758 -23.297121047973633 0
vertex 41.588504791259766 -23.297121047973633 3.549999952316284
vertex 41.588504791259766 -23.297121047973633 0
endloop
endfacet
facet normal 0 1 0
outer loop
vertex -10.861493110656738 -4.147120952606201 5
vertex -15.411493301391602 -4.147120952606201 3.549999952316284
vertex -20.4114933013916 -4.147120952606201 3.549999952316284
endloop
endfacet
facet normal 0 -1 0
outer loop
vertex -24.96149444580078 -9.047121047973633 5
vertex -15.411493301391602 -9.047121047973633 3.549999952316284
vertex -10.861493110656738 -9.047121047973633 5
endloop
endfacet
facet normal 0 1 0
outer loop
vertex -58.411495208740234 0.6028788685798645 0
vertex -62.96149444580078 0.6028788685798645 0
vertex -58.411495208740234 0.6028788685798645 3.549999952316284
endloop
endfacet
facet normal 0 -1 0
outer loop
vertex 32.03850555419922 -23.297121047973633 0
vertex 36.588504791259766 -23.297121047973633 0
vertex 36.588504791259766 -23.297121047973633 3.549999952316284
endloop
endfacet
facet normal 0 1 0
outer loop
vertex -48.86149215698242 0.6028788685798645 5
vertex -58.411495208740234 0.6028788685798645 3.549999952316284
vertex -62.96149444580078 0.6028788685798645 5
endloop
endfacet
facet normal 0 1 0
outer loop
vertex -10.861493110656738 -42.14712142944336 0
vertex -15.411493301391602 -42.14712142944336 0
vertex -15.411493301391602 -42.14712142944336 3.549999952316284
endloop
endfacet
facet normal 0 -1 0
outer loop
vertex -62.96149444580078 14.702878952026367 5
vertex -58.411495208740234 14.702878952026367 3.549999952316284
vertex -53.411495208740234 14.702878952026367 3.549999952316284
endloop
endfacet
facet normal -1 0 0
outer loop
vertex 46.13850784301758 -23.297121047973633 0
vertex 46.13850784301758 -37.39712142944336 0
vertex 46.13850784301758 -23.297121047973633 5
endloop
endfacet
facet normal 0 1 0
outer loop
vertex 46.13850784301758 -37.39712142944336 0
vertex 41.588504791259766 -37.39712142944336 0
vertex 41.588504791259766 -37.39712142944336 3.549999952316284
endloop
endfacet
facet normal 0 -1 0
outer loop
vertex -1.4114935398101807 -32.797122955322266 0
vertex -1.4114935398101807 -32.797122955322266 3.549999952316284
vertex -5.961493492126465 -32.797122955322266 0
endloop
endfacet
facet normal 0 1 0
outer loop
vertex 36.588504791259766 -37.39712142944336 0
vertex 32.03850555419922 -37.39712142944336 0
vertex 36.588504791259766 -37.39712142944336 3.549999952316284
endloop
endfacet
facet normal 0 1 0
outer loop
vertex -1.4114935398101807 -27.89712142944336 0
vertex -5.961493492126465 -27.89712142944336 0
vertex -1.4114935398101807 -27.89712142944336 3.549999952316284
endloop
endfacet
facet normal 0 1 0
outer loop
vertex 17.5885066986084 -42.14712142944336 0
vertex 13.038506507873535 -42.14712142944336 0
vertex 17.5885066986084 -42.14712142944336 3.549999952316284
endloop
endfacet
facet normal 0 -1 0
outer loop
vertex -62.96149444580078 14.702878952026367 5
vertex -53.411495208740234 14.702878952026367 3.549999952316284
vertex -48.86149215698242 14.702878952026367 5
endloop
endfacet
facet normal 0 1 0
outer loop
vertex -43.96149444580078 0.6028788685798645 5
vertex -29.861494064331055 0.6028788685798645 5
vertex -39.411495208740234 0.6028788685798645 3.549999952316284
endloop
endfacet
facet normal 0 1 0
outer loop
vertex -35.751495361328125 19.60287857055664 5
vertex -40.30149459838867 19.60287857055664 3.549999952316284
vertex -45.30149459838867 19.60287857055664 3.549999952316284
endloop
endfacet
facet normal 0 -1 0
outer loop
vertex -43.96149444580078 14.702878952026367 5
vertex -39.411495208740234 14.702878952026367 3.549999952316284
vertex -34.411495208740234 14.702878952026367 3.549999952316284
endloop
endfacet
facet normal 0 1 0
outer loop
vertex -45.30149459838867 19.60287857055664 3.549999952316284
vertex -49.85149383544922 19.60287857055664 5
vertex -43.20065689086914 19.60287857055664 5
endloop
endfacet
facet normal 0 1 0
outer loop
vertex -35.751495361328125 19.60287857055664 5
vertex -45.30149459838867 19.60287857055664 3.549999952316284
vertex -43.20065689086914 19.60287857055664 5
endloop
endfacet
facet normal 0 -1 0
outer loop
vertex -43.96149444580078 14.702878952026367 5
vertex -34.411495208740234 14.702878952026367 3.549999952316284
vertex -29.861494064331055 14.702878952026367 5
endloop
endfacet
facet normal 0 -1 0
outer loop
vertex -49.85149383544922 33.702877044677734 0
vertex -45.30149459838867 33.702877044677734 3.549999952316284
vertex -49.85149383544922 33.702877044677734 5
endloop
endfacet
facet normal 0 -1 0
outer loop
vertex -40.30149459838867 33.702877044677734 3.549999952316284
vertex -35.751495361328125 33.702877044677734 0
vertex -35.751495361328125 33.702877044677734 5
endloop
endfacet
facet normal 1 0 0
outer loop
vertex -49.85149383544922 19.60287857055664 5
vertex -49.85149383544922 33.702877044677734 0
vertex -49.85149383544922 33.702877044677734 5
endloop
endfacet
facet normal 0 -1 0
outer loop
vertex -49.85149383544922 33.702877044677734 5
vertex -45.30149459838867 33.702877044677734 3.549999952316284
vertex -40.30149459838867 33.702877044677734 3.549999952316284
endloop
endfacet
facet normal 0 -1 0
outer loop
vertex -49.85149383544922 33.702877044677734 5
vertex -40.30149459838867 33.702877044677734 3.549999952316284
vertex -35.751495361328125 33.702877044677734 5
endloop
endfacet
facet normal 0 1 0
outer loop
vertex -29.861494064331055 0.6028788685798645 0
vertex -34.411495208740234 0.6028788685798645 3.549999952316284
vertex -29.861494064331055 0.6028788685798645 5
endloop
endfacet
facet normal 0 -1 0
outer loop
vertex -24.96149444580078 9.952878952026367 0
vertex -20.4114933013916 9.952878952026367 3.549999952316284
vertex -24.96149444580078 9.952878952026367 5
endloop
endfacet
facet normal -1 0 0
outer loop
vertex -29.861494064331055 14.702878952026367 5
vertex -29.861494064331055 0.6028788685798645 0
vertex -29.861494064331055 0.6028788685798645 5
endloop
endfacet
facet normal 1 0 0
outer loop
vertex -24.96149444580078 -4.147120952606201 5
vertex -24.96149444580078 9.952878952026367 0
vertex -24.96149444580078 9.952878952026367 5
endloop
endfacet
facet normal 0 -1 0
outer loop
vertex -34.411495208740234 14.702878952026367 3.549999952316284
vertex -29.861494064331055 14.702878952026367 0
vertex -29.861494064331055 14.702878952026367 5
endloop
endfacet
facet normal 0 -1 0
outer loop
vertex -15.411493301391602 9.952878952026367 3.549999952316284
vertex -10.861493110656738 9.952878952026367 0
vertex -10.861493110656738 9.952878952026367 5
endloop
endfacet
facet normal 0 1 0
outer loop
vertex 8.138506889343262 -46.89712142944336 0
vertex 3.5885064601898193 -46.89712142944336 0
vertex 3.5885064601898193 -46.89712142944336 3.549999952316284
endloop
endfacet
facet normal 0 -1 0
outer loop
vertex -24.96149444580078 9.952878952026367 5
vertex -15.411493301391602 9.952878952026367 3.549999952316284
vertex -10.861493110656738 9.952878952026367 5
endloop
endfacet
facet normal 0 -1 0
outer loop
vertex -5.961493492126465 5.202878952026367 5
vertex -1.4114935398101807 5.202878952026367 3.549999952316284
vertex 3.5885064601898193 5.202878952026367 3.549999952316284
endloop
endfacet
facet normal 0 -1 0
outer loop
vertex -24.96149444580078 9.952878952026367 5
vertex -20.4114933013916 9.952878952026367 3.549999952316284
vertex -15.411493301391602 9.952878952026367 3.549999952316284
endloop
endfacet
facet normal 0 1 0
outer loop
vertex -34.411495208740234 0.6028788685798645 3.549999952316284
vertex -39.411495208740234 0.6028788685798645 3.549999952316284
vertex -29.861494064331055 0.6028788685798645 5
endloop
endfacet
facet normal 1 0 0
outer loop
vertex -5.961493492126465 5.202878952026367 5
vertex -5.961493492126465 -8.89712142944336 5
vertex -5.961493492126465 5.202878952026367 0
endloop
endfacet
facet normal -1 0 0
outer loop
vertex -48.86149215698242 -4.297121047973633 0
vertex -48.86149215698242 -18.39712142944336 0
vertex -48.86149215698242 -4.297121047973633 5
endloop
endfacet
facet normal 1 0 0
outer loop
vertex -1.4114935398101807 -32.797122955322266 3.549999952316284
vertex -1.4114935398101807 -32.797122955322266 0
vertex -1.4114935398101807 -32.09712219238281 0
endloop
endfacet
facet normal -1 0 0
outer loop
vertex 3.5885064601898193 -32.09712219238281 0
vertex 3.5885064601898193 -32.797122955322266 0
vertex 3.5885064601898193 -32.09712219238281 3.549999952316284
endloop
endfacet
facet normal -1 0 0
outer loop
vertex 3.5885064601898193 -46.89712142944336 0
vertex 3.5885064601898193 -47.59712219238281 0
vertex 3.5885064601898193 -46.89712142944336 3.549999952316284
endloop
endfacet
facet normal 0 1 0
outer loop
vertex -1.4114935398101807 -47.59712219238281 0
vertex -1.4114935398101807 -47.59712219238281 3.549999952316284
vertex 3.5885064601898193 -47.59712219238281 0
endloop
endfacet
facet normal 0 0 -1
outer loop
vertex 3.5885064601898193 -32.797122955322266 3.549999952316284
vertex -1.4114935398101807 -32.797122955322266 3.549999952316284
vertex -1.4114935398101807 -32.09712219238281 3.549999952316284
endloop
endfacet
facet normal 0 0 -1
outer loop
vertex 3.5885064601898193 -47.59712219238281 3.549999952316284
vertex -1.4114935398101807 -47.59712219238281 3.549999952316284
vertex -1.4114935398101807 -46.89712142944336 3.549999952316284
endloop
endfacet
facet normal 0 0 -1
outer loop
vertex 3.5885064601898193 -32.09712219238281 3.549999952316284
vertex 3.5885064601898193 -32.797122955322266 3.549999952316284
vertex -1.4114935398101807 -32.09712219238281 3.549999952316284
endloop
endfacet
facet normal -1 0 0
outer loop
vertex 3.5885064601898193 -32.09712219238281 3.549999952316284
vertex 3.5885064601898193 -32.797122955322266 0
vertex 3.5885064601898193 -32.797122955322266 3.549999952316284
endloop
endfacet
facet normal 0 -1 0
outer loop
vertex -1.4114935398101807 -32.09712219238281 3.549999952316284
vertex -1.4114935398101807 -32.09712219238281 0
vertex 3.5885064601898193 -32.09712219238281 3.549999952316284
endloop
endfacet
facet normal 0 1 0
outer loop
vertex 3.5885064601898193 -47.59712219238281 0
vertex -1.4114935398101807 -47.59712219238281 3.549999952316284
vertex 3.5885064601898193 -47.59712219238281 3.549999952316284
endloop
endfacet
facet normal -1 0 0
outer loop
vertex 3.5885064601898193 -46.89712142944336 3.549999952316284
vertex 3.5885064601898193 -47.59712219238281 0
vertex 3.5885064601898193 -47.59712219238281 3.549999952316284
endloop
endfacet
facet normal 1 0 0
outer loop
vertex -1.4114935398101807 -47.59712219238281 3.549999952316284
vertex -1.4114935398101807 -46.89712142944336 0
vertex -1.4114935398101807 -46.89712142944336 3.549999952316284
endloop
endfacet
facet normal 0 0 -1
outer loop
vertex 3.5885064601898193 -46.89712142944336 3.549999952316284
vertex 3.5885064601898193 -47.59712219238281 3.549999952316284
vertex -1.4114935398101807 -46.89712142944336 3.549999952316284
endloop
endfacet
facet normal 1 0 0
outer loop
vertex -1.4114935398101807 -32.797122955322266 3.549999952316284
vertex -1.4114935398101807 -32.09712219238281 0
vertex -1.4114935398101807 -32.09712219238281 3.549999952316284
endloop
endfacet
facet normal 1 0 0
outer loop
vertex -1.4114935398101807 -46.89712142944336 0
vertex -1.4114935398101807 -47.59712219238281 3.549999952316284
vertex -1.4114935398101807 -47.59712219238281 0
endloop
endfacet
facet normal 0 -1 0
outer loop
vertex 3.5885064601898193 -32.09712219238281 0
vertex 3.5885064601898193 -32.09712219238281 3.549999952316284
vertex -1.4114935398101807 -32.09712219238281 0
endloop
endfacet
facet normal -1 0 0
outer loop
vertex 22.5885066986084 -42.14712142944336 3.549999952316284
vertex 22.5885066986084 -42.84712219238281 0
vertex 22.5885066986084 -42.84712219238281 3.549999952316284
endloop
endfacet
facet normal 0 -1 0
outer loop
vertex 22.5885066986084 -27.34712028503418 0
vertex 22.5885066986084 -27.34712028503418 3.549999952316284
vertex 17.5885066986084 -27.34712028503418 0
endloop
endfacet
facet normal 1 0 0
outer loop
vertex 17.5885066986084 -28.047121047973633 3.549999952316284
vertex 17.5885066986084 -28.047121047973633 0
vertex 17.5885066986084 -27.34712028503418 0
endloop
endfacet
facet normal 0 1 0
outer loop
vertex 22.5885066986084 -42.84712219238281 0
vertex 17.5885066986084 -42.84712219238281 0
vertex 17.5885066986084 -42.84712219238281 3.549999952316284
endloop
endfacet
facet normal 0 0 -1
outer loop
vertex 22.5885066986084 -42.84712219238281 3.549999952316284
vertex 17.5885066986084 -42.84712219238281 3.549999952316284
vertex 17.5885066986084 -42.14712142944336 3.549999952316284
endloop
endfacet
facet normal 0 0 -1
outer loop
vertex 22.5885066986084 -42.14712142944336 3.549999952316284
vertex 22.5885066986084 -42.84712219238281 3.549999952316284
vertex 17.5885066986084 -42.14712142944336 3.549999952316284
endloop
endfacet
facet normal 1 0 0
outer loop
vertex 17.5885066986084 -42.84712219238281 3.549999952316284
vertex 17.5885066986084 -42.84712219238281 0
vertex 17.5885066986084 -42.14712142944336 0
endloop
endfacet
facet normal 0 -1 0
outer loop
vertex 17.5885066986084 -27.34712028503418 3.549999952316284
vertex 17.5885066986084 -27.34712028503418 0
vertex 22.5885066986084 -27.34712028503418 3.549999952316284
endloop
endfacet
facet normal 0 0 -1
outer loop
vertex 17.5885066986084 -28.047121047973633 3.549999952316284
vertex 17.5885066986084 -27.34712028503418 3.549999952316284
vertex 22.5885066986084 -28.047121047973633 3.549999952316284
endloop
endfacet
facet normal 0 0 -1
outer loop
vertex 22.5885066986084 -27.34712028503418 3.549999952316284
vertex 22.5885066986084 -28.047121047973633 3.549999952316284
vertex 17.5885066986084 -27.34712028503418 3.549999952316284
endloop
endfacet
facet normal 1 0 0
outer loop
vertex 17.5885066986084 -42.84712219238281 3.549999952316284
vertex 17.5885066986084 -42.14712142944336 0
vertex 17.5885066986084 -42.14712142944336 3.549999952316284
endloop
endfacet
facet normal -1 0 0
outer loop
vertex 22.5885066986084 -42.14712142944336 0
vertex 22.5885066986084 -42.84712219238281 0
vertex 22.5885066986084 -42.14712142944336 3.549999952316284
endloop
endfacet
facet normal 1 0 0
outer loop
vertex 17.5885066986084 -28.047121047973633 3.549999952316284
vertex 17.5885066986084 -27.34712028503418 0
vertex 17.5885066986084 -27.34712028503418 3.549999952316284
endloop
endfacet
facet normal -1 0 0
outer loop
vertex 22.5885066986084 -27.34712028503418 3.549999952316284
vertex 22.5885066986084 -28.047121047973633 0
vertex 22.5885066986084 -28.047121047973633 3.549999952316284
endloop
endfacet
facet normal 0 1 0
outer loop
vertex 22.5885066986084 -42.84712219238281 0
vertex 17.5885066986084 -42.84712219238281 3.549999952316284
vertex 22.5885066986084 -42.84712219238281 3.549999952316284
endloop
endfacet
facet normal -1 0 0
outer loop
vertex 22.5885066986084 -27.34712028503418 0
vertex 22.5885066986084 -28.047121047973633 0
vertex 22.5885066986084 -27.34712028503418 3.549999952316284
endloop
endfacet
facet normal 1 0 0
outer loop
vertex -20.4114933013916 -28.047121047973633 3.549999952316284
vertex -20.4114933013916 -28.047121047973633 0
vertex -20.4114933013916 -27.34712028503418 0
endloop
endfacet
facet normal 0 1 0
outer loop
vertex -15.411493301391602 -42.84712219238281 0
vertex -20.4114933013916 -42.84712219238281 3.549999952316284
vertex -15.411493301391602 -42.84712219238281 3.549999952316284
endloop
endfacet
facet normal -1 0 0
outer loop
vertex -15.411493301391602 -42.14712142944336 3.549999952316284
vertex -15.411493301391602 -42.84712219238281 0
vertex -15.411493301391602 -42.84712219238281 3.549999952316284
endloop
endfacet
facet normal -1 0 0
outer loop
vertex -15.411493301391602 -27.34712028503418 0
vertex -15.411493301391602 -28.047121047973633 0
vertex -15.411493301391602 -27.34712028503418 3.549999952316284
endloop
endfacet
facet normal 0 0 -1
outer loop
vertex -15.411493301391602 -42.84712219238281 3.549999952316284
vertex -20.4114933013916 -42.84712219238281 3.549999952316284
vertex -20.4114933013916 -42.14712142944336 3.549999952316284
endloop
endfacet
facet normal 0 0 -1
outer loop
vertex -15.411493301391602 -42.14712142944336 3.549999952316284
vertex -15.411493301391602 -42.84712219238281 3.549999952316284
vertex -20.4114933013916 -42.14712142944336 3.549999952316284
endloop
endfacet
facet normal 0 1 0
outer loop
vertex -20.4114933013916 -42.84712219238281 0
vertex -20.4114933013916 -42.84712219238281 3.549999952316284
vertex -15.411493301391602 -42.84712219238281 0
endloop
endfacet
facet normal -1 0 0
outer loop
vertex -15.411493301391602 -27.34712028503418 3.549999952316284
vertex -15.411493301391602 -28.047121047973633 0
vertex -15.411493301391602 -28.047121047973633 3.549999952316284
endloop
endfacet
facet normal 1 0 0
outer loop
vertex -20.4114933013916 -42.14712142944336 0
vertex -20.4114933013916 -42.84712219238281 3.549999952316284
vertex -20.4114933013916 -42.84712219238281 0
endloop
endfacet
facet normal 0 -1 0
outer loop
vertex -20.4114933013916 -27.34712028503418 3.549999952316284
vertex -20.4114933013916 -27.34712028503418 0
vertex -15.411493301391602 -27.34712028503418 3.549999952316284
endloop
endfacet
facet normal 0 0 -1
outer loop
vertex -20.4114933013916 -28.047121047973633 3.549999952316284
vertex -20.4114933013916 -27.34712028503418 3.549999952316284
vertex -15.411493301391602 -28.047121047973633 3.549999952316284
endloop
endfacet
facet normal -1 0 0
outer loop
vertex -15.411493301391602 -42.14712142944336 0
vertex -15.411493301391602 -42.84712219238281 0
vertex -15.411493301391602 -42.14712142944336 3.549999952316284
endloop
endfacet
facet normal 1 0 0
outer loop
vertex -20.4114933013916 -28.047121047973633 3.549999952316284
vertex -20.4114933013916 -27.34712028503418 0
vertex -20.4114933013916 -27.34712028503418 3.549999952316284
endloop
endfacet
facet normal 0 0 -1
outer loop
vertex -15.411493301391602 -27.34712028503418 3.549999952316284
vertex -15.411493301391602 -28.047121047973633 3.549999952316284
vertex -20.4114933013916 -27.34712028503418 3.549999952316284
endloop
endfacet
facet normal 1 0 0
outer loop
vertex -20.4114933013916 -42.84712219238281 3.549999952316284
vertex -20.4114933013916 -42.14712142944336 0
vertex -20.4114933013916 -42.14712142944336 3.549999952316284
endloop
endfacet
facet normal 0 -1 0
outer loop
vertex -20.4114933013916 -27.34712028503418 0
vertex -15.411493301391602 -27.34712028503418 0
vertex -15.411493301391602 -27.34712028503418 3.549999952316284
endloop
endfacet
facet normal -1 0 0
outer loop
vertex 41.588504791259766 -22.59712028503418 0
vertex 41.588504791259766 -23.297121047973633 0
vertex 41.588504791259766 -22.59712028503418 3.549999952316284
endloop
endfacet
facet normal -1 0 0
outer loop
vertex 41.588504791259766 -37.39712142944336 0
vertex 41.588504791259766 -38.09712219238281 0
vertex 41.588504791259766 -37.39712142944336 3.549999952316284
endloop
endfacet
facet normal 0 0 -1
outer loop
vertex 41.588504791259766 -38.09712219238281 3.549999952316284
vertex 36.588504791259766 -38.09712219238281 3.549999952316284
vertex 36.588504791259766 -37.39712142944336 3.549999952316284
endloop
endfacet
facet normal 0 0 -1
outer loop
vertex 41.588504791259766 -37.39712142944336 3.549999952316284
vertex 41.588504791259766 -38.09712219238281 3.549999952316284
vertex 36.588504791259766 -37.39712142944336 3.549999952316284
endloop
endfacet
facet normal 0 0 -1
outer loop
vertex 36.588504791259766 -23.297121047973633 3.549999952316284
vertex 36.588504791259766 -22.59712028503418 3.549999952316284
vertex 41.588504791259766 -23.297121047973633 3.549999952316284
endloop
endfacet
facet normal -1 0 0
outer loop
vertex 41.588504791259766 -22.59712028503418 3.549999952316284
vertex 41.588504791259766 -23.297121047973633 0
vertex 41.588504791259766 -23.297121047973633 3.549999952316284
endloop
endfacet
facet normal 1 0 0
outer loop
vertex 36.588504791259766 -38.09712219238281 3.549999952316284
vertex 36.588504791259766 -37.39712142944336 0
vertex 36.588504791259766 -37.39712142944336 3.549999952316284
endloop
endfacet
facet normal 0 0 -1
outer loop
vertex 41.588504791259766 -22.59712028503418 3.549999952316284
vertex 41.588504791259766 -23.297121047973633 3.549999952316284
vertex 36.588504791259766 -22.59712028503418 3.549999952316284
endloop
endfacet
facet normal 0 1 0
outer loop
vertex 41.588504791259766 -38.09712219238281 0
vertex 36.588504791259766 -38.09712219238281 3.549999952316284
vertex 41.588504791259766 -38.09712219238281 3.549999952316284
endloop
endfacet
facet normal -1 0 0
outer loop
vertex 41.588504791259766 -37.39712142944336 3.549999952316284
vertex 41.588504791259766 -38.09712219238281 0
vertex 41.588504791259766 -38.09712219238281 3.549999952316284
endloop
endfacet
facet normal 0 1 0
outer loop
vertex 41.588504791259766 -38.09712219238281 0
vertex 36.588504791259766 -38.09712219238281 0
vertex 36.588504791259766 -38.09712219238281 3.549999952316284
endloop
endfacet
facet normal 1 0 0
outer loop
vertex 36.588504791259766 -37.39712142944336 0
vertex 36.588504791259766 -38.09712219238281 3.549999952316284
vertex 36.588504791259766 -38.09712219238281 0
endloop
endfacet
facet normal 0 -1 0
outer loop
vertex 36.588504791259766 -22.59712028503418 3.549999952316284
vertex 36.588504791259766 -22.59712028503418 0
vertex 41.588504791259766 -22.59712028503418 3.549999952316284
endloop
endfacet
facet normal 1 0 0
outer loop
vertex 36.588504791259766 -23.297121047973633 3.549999952316284
vertex 36.588504791259766 -22.59712028503418 0
vertex 36.588504791259766 -22.59712028503418 3.549999952316284
endloop
endfacet
facet normal 1 0 0
outer loop
vertex 36.588504791259766 -23.297121047973633 3.549999952316284
vertex 36.588504791259766 -23.297121047973633 0
vertex 36.588504791259766 -22.59712028503418 0
endloop
endfacet
facet normal 0 -1 0
outer loop
vertex 41.588504791259766 -22.59712028503418 0
vertex 41.588504791259766 -22.59712028503418 3.549999952316284
vertex 36.588504791259766 -22.59712028503418 0
endloop
endfacet
facet normal 0 -1 0
outer loop
vertex -39.411495208740234 -22.59712028503418 3.549999952316284
vertex -39.411495208740234 -22.59712028503418 0
vertex -34.411495208740234 -22.59712028503418 3.549999952316284
endloop
endfacet
facet normal 1 0 0
outer loop
vertex -39.411495208740234 -23.297121047973633 3.549999952316284
vertex -39.411495208740234 -22.59712028503418 0
vertex -39.411495208740234 -22.59712028503418 3.549999952316284
endloop
endfacet
facet normal 0 -1 0
outer loop
vertex -39.411495208740234 -22.59712028503418 0
vertex -34.411495208740234 -22.59712028503418 0
vertex -34.411495208740234 -22.59712028503418 3.549999952316284
endloop
endfacet
facet normal -1 0 0
outer loop
vertex -34.411495208740234 -37.39712142944336 3.549999952316284
vertex -34.411495208740234 -38.09712219238281 0
vertex -34.411495208740234 -38.09712219238281 3.549999952316284
endloop
endfacet
facet normal 1 0 0
outer loop
vertex -39.411495208740234 -37.39712142944336 0
vertex -39.411495208740234 -38.09712219238281 3.549999952316284
vertex -39.411495208740234 -38.09712219238281 0
endloop
endfacet
facet normal 0 1 0
outer loop
vertex -39.411495208740234 -38.09712219238281 0
vertex -39.411495208740234 -38.09712219238281 3.549999952316284
vertex -34.411495208740234 -38.09712219238281 0
endloop
endfacet
facet normal 0 0 -1
outer loop
vertex -34.411495208740234 -38.09712219238281 3.549999952316284
vertex -39.411495208740234 -38.09712219238281 3.549999952316284
vertex -39.411495208740234 -37.39712142944336 3.549999952316284
endloop
endfacet
facet normal 0 0 -1
outer loop
vertex -34.411495208740234 -37.39712142944336 3.549999952316284
vertex -34.411495208740234 -38.09712219238281 3.549999952316284
vertex -39.411495208740234 -37.39712142944336 3.549999952316284
endloop
endfacet
facet normal 1 0 0
outer loop
vertex -39.411495208740234 -23.297121047973633 3.549999952316284
vertex -39.411495208740234 -23.297121047973633 0
vertex -39.411495208740234 -22.59712028503418 0
endloop
endfacet
facet normal -1 0 0
outer loop
vertex -34.411495208740234 -37.39712142944336 0
vertex -34.411495208740234 -38.09712219238281 0
vertex -34.411495208740234 -37.39712142944336 3.549999952316284
endloop
endfacet
facet normal 0 0 -1
outer loop
vertex -34.411495208740234 -22.59712028503418 3.549999952316284
vertex -34.411495208740234 -23.297121047973633 3.549999952316284
vertex -39.411495208740234 -22.59712028503418 3.549999952316284
endloop
endfacet
facet normal 0 0 -1
outer loop
vertex -39.411495208740234 -22.59712028503418 3.549999952316284
vertex -34.411495208740234 -23.297121047973633 3.549999952316284
vertex -39.411495208740234 -23.297121047973633 3.549999952316284
endloop
endfacet
facet normal -1 0 0
outer loop
vertex -34.411495208740234 -22.59712028503418 3.549999952316284
vertex -34.411495208740234 -22.59712028503418 0
vertex -34.411495208740234 -23.297121047973633 0
endloop
endfacet
facet normal 1 0 0
outer loop
vertex -39.411495208740234 -38.09712219238281 3.549999952316284
vertex -39.411495208740234 -37.39712142944336 0
vertex -39.411495208740234 -37.39712142944336 3.549999952316284
endloop
endfacet
facet normal -1 0 0
outer loop
vertex -34.411495208740234 -22.59712028503418 3.549999952316284
vertex -34.411495208740234 -23.297121047973633 0
vertex -34.411495208740234 -23.297121047973633 3.549999952316284
endloop
endfacet
facet normal 0 1 0
outer loop
vertex -34.411495208740234 -38.09712219238281 0
vertex -39.411495208740234 -38.09712219238281 3.549999952316284
vertex -34.411495208740234 -38.09712219238281 3.549999952316284
endloop
endfacet
facet normal -1 0 0
outer loop
vertex -53.411495208740234 -37.39712142944336 3.549999952316284
vertex -53.411495208740234 -38.09712219238281 0
vertex -53.411495208740234 -38.09712219238281 3.549999952316284
endloop
endfacet
facet normal 0 -1 0
outer loop
vertex -58.411495208740234 -22.59712028503418 0
vertex -53.411495208740234 -22.59712028503418 0
vertex -53.411495208740234 -22.59712028503418 3.549999952316284
endloop
endfacet
facet normal -1 0 0
outer loop
vertex -53.411495208740234 -37.39712142944336 0
vertex -53.411495208740234 -38.09712219238281 0
vertex -53.411495208740234 -37.39712142944336 3.549999952316284
endloop
endfacet
facet normal 0 0 -1
outer loop
vertex -53.411495208740234 -38.09712219238281 3.549999952316284
vertex -58.411495208740234 -38.09712219238281 3.549999952316284
vertex -58.411495208740234 -37.39712142944336 3.549999952316284
endloop
endfacet
facet normal 0 1 0
outer loop
vertex -53.411495208740234 -38.09712219238281 0
vertex -58.411495208740234 -38.09712219238281 0
vertex -58.411495208740234 -38.09712219238281 3.549999952316284
endloop
endfacet
facet normal 0 0 -1
outer loop
vertex -53.411495208740234 -37.39712142944336 3.549999952316284
vertex -53.411495208740234 -38.09712219238281 3.549999952316284
vertex -58.411495208740234 -37.39712142944336 3.549999952316284
endloop
endfacet
facet normal -1 0 0
outer loop
vertex -53.411495208740234 -22.59712028503418 3.549999952316284
vertex -53.411495208740234 -22.59712028503418 0
vertex -53.411495208740234 -23.297121047973633 0
endloop
endfacet
facet normal 1 0 0
outer loop
vertex -58.411495208740234 -37.39712142944336 0
vertex -58.411495208740234 -38.09712219238281 3.549999952316284
vertex -58.411495208740234 -38.09712219238281 0
endloop
endfacet
facet normal 1 0 0
outer loop
vertex -58.411495208740234 -38.09712219238281 3.549999952316284
vertex -58.411495208740234 -37.39712142944336 0
vertex -58.411495208740234 -37.39712142944336 3.549999952316284
endloop
endfacet
facet normal -1 0 0
outer loop
vertex -53.411495208740234 -22.59712028503418 3.549999952316284
vertex -53.411495208740234 -23.297121047973633 0
vertex -53.411495208740234 -23.297121047973633 3.549999952316284
endloop
endfacet
facet normal 0 0 -1
outer loop
vertex -58.411495208740234 -22.59712028503418 3.549999952316284
vertex -53.411495208740234 -23.297121047973633 3.549999952316284
vertex -58.411495208740234 -23.297121047973633 3.549999952316284
endloop
endfacet
facet normal 0 0 -1
outer loop
vertex -53.411495208740234 -22.59712028503418 3.549999952316284
vertex -53.411495208740234 -23.297121047973633 3.549999952316284
vertex -58.411495208740234 -22.59712028503418 3.549999952316284
endloop
endfacet
facet normal 0 1 0
outer loop
vertex -53.411495208740234 -38.09712219238281 0
vertex -58.411495208740234 -38.09712219238281 3.549999952316284
vertex -53.411495208740234 -38.09712219238281 3.549999952316284
endloop
endfacet
facet normal 0 -1 0
outer loop
vertex -58.411495208740234 -22.59712028503418 3.549999952316284
vertex -58.411495208740234 -22.59712028503418 0
vertex -53.411495208740234 -22.59712028503418 3.549999952316284
endloop
endfacet
facet normal 1 0 0
outer loop
vertex -58.411495208740234 -23.297121047973633 3.549999952316284
vertex -58.411495208740234 -22.59712028503418 0
vertex -58.411495208740234 -22.59712028503418 3.549999952316284
endloop
endfacet
facet normal 1 0 0
outer loop
vertex -58.411495208740234 -23.297121047973633 3.549999952316284
vertex -58.411495208740234 -23.297121047973633 0
vertex -58.411495208740234 -22.59712028503418 0
endloop
endfacet
facet normal -1 0 0
outer loop
vertex 3.5885064601898193 -13.097121238708496 3.549999952316284
vertex 3.5885064601898193 -13.797121047973633 0
vertex 3.5885064601898193 -13.797121047973633 3.549999952316284
endloop
endfacet
facet normal 0 -1 0
outer loop
vertex 3.5885064601898193 -13.097121238708496 0
vertex 3.5885064601898193 -13.097121238708496 3.549999952316284
vertex -1.4114935398101807 -13.097121238708496 0
endloop
endfacet
facet normal -1 0 0
outer loop
vertex 3.5885064601898193 -27.89712142944336 3.549999952316284
vertex 3.5885064601898193 -28.59712028503418 0
vertex 3.5885064601898193 -28.59712028503418 3.549999952316284
endloop
endfacet
facet normal 0 -1 0
outer loop
vertex -1.4114935398101807 -13.097121238708496 3.549999952316284
vertex -1.4114935398101807 -13.097121238708496 0
vertex 3.5885064601898193 -13.097121238708496 3.549999952316284
endloop
endfacet
facet normal 0 0 -1
outer loop
vertex 3.5885064601898193 -28.59712028503418 3.549999952316284
vertex -1.4114935398101807 -28.59712028503418 3.549999952316284
vertex -1.4114935398101807 -27.89712142944336 3.549999952316284
endloop
endfacet
facet normal 1 0 0
outer loop
vertex -1.4114935398101807 -13.797121047973633 3.549999952316284
vertex -1.4114935398101807 -13.097121238708496 0
vertex -1.4114935398101807 -13.097121238708496 3.549999952316284
endloop
endfacet
facet normal 0 0 -1
outer loop
vertex 3.5885064601898193 -27.89712142944336 3.549999952316284
vertex 3.5885064601898193 -28.59712028503418 3.549999952316284
vertex -1.4114935398101807 -27.89712142944336 3.549999952316284
endloop
endfacet
facet normal 0 0 -1
outer loop
vertex 3.5885064601898193 -13.797121047973633 3.549999952316284
vertex -1.4114935398101807 -13.797121047973633 3.549999952316284
vertex -1.4114935398101807 -13.097121238708496 3.549999952316284
endloop
endfacet
facet normal 0 1 0
outer loop
vertex 3.5885064601898193 -28.59712028503418 0
vertex -1.4114935398101807 -28.59712028503418 0
vertex -1.4114935398101807 -28.59712028503418 3.549999952316284
endloop
endfacet
facet normal 0 1 0
outer loop
vertex 3.5885064601898193 -28.59712028503418 0
vertex -1.4114935398101807 -28.59712028503418 3.549999952316284
vertex 3.5885064601898193 -28.59712028503418 3.549999952316284
endloop
endfacet
facet normal 1 0 0
outer loop
vertex -1.4114935398101807 -27.89712142944336 0
vertex -1.4114935398101807 -28.59712028503418 3.549999952316284
vertex -1.4114935398101807 -28.59712028503418 0
endloop
endfacet
facet normal -1 0 0
outer loop
vertex 3.5885064601898193 -13.097121238708496 0
vertex 3.5885064601898193 -13.797121047973633 0
vertex 3.5885064601898193 -13.097121238708496 3.549999952316284
endloop
endfacet
facet normal 0 0 -1
outer loop
vertex 3.5885064601898193 -13.097121238708496 3.549999952316284
vertex 3.5885064601898193 -13.797121047973633 3.549999952316284
vertex -1.4114935398101807 -13.097121238708496 3.549999952316284
endloop
endfacet
facet normal -1 0 0
outer loop
vertex 3.5885064601898193 -27.89712142944336 0
vertex 3.5885064601898193 -28.59712028503418 0
vertex 3.5885064601898193 -27.89712142944336 3.549999952316284
endloop
endfacet
facet normal 1 0 0
outer loop
vertex -1.4114935398101807 -13.797121047973633 3.549999952316284
vertex -1.4114935398101807 -13.797121047973633 0
vertex -1.4114935398101807 -13.097121238708496 0
endloop
endfacet
facet normal 1 0 0
outer loop
vertex -1.4114935398101807 -28.59712028503418 3.549999952316284
vertex -1.4114935398101807 -27.89712142944336 0
vertex -1.4114935398101807 -27.89712142944336 3.549999952316284
endloop
endfacet
facet normal -1 0 0
outer loop
vertex 22.5885066986084 -23.14712142944336 3.549999952316284
vertex 22.5885066986084 -23.84712028503418 0
vertex 22.5885066986084 -23.84712028503418 3.549999952316284
endloop
endfacet
facet normal 1 0 0
outer loop
vertex 17.5885066986084 -23.84712028503418 3.549999952316284
vertex 17.5885066986084 -23.14712142944336 0
vertex 17.5885066986084 -23.14712142944336 3.549999952316284
endloop
endfacet
facet normal 0 -1 0
outer loop
vertex 17.5885066986084 -8.347121238708496 0
vertex 22.5885066986084 -8.347121238708496 0
vertex 22.5885066986084 -8.347121238708496 3.549999952316284
endloop
endfacet
facet normal 0 0 -1
outer loop
vertex 22.5885066986084 -23.84712028503418 3.549999952316284
vertex 17.5885066986084 -23.84712028503418 3.549999952316284
vertex 17.5885066986084 -23.14712142944336 3.549999952316284
endloop
endfacet
facet normal 0 0 -1
outer loop
vertex 22.5885066986084 -23.14712142944336 3.549999952316284
vertex 22.5885066986084 -23.84712028503418 3.549999952316284
vertex 17.5885066986084 -23.14712142944336 3.549999952316284
endloop
endfacet
facet normal 0 0 -1
outer loop
vertex 17.5885066986084 -9.047121047973633 3.549999952316284
vertex 17.5885066986084 -8.347121238708496 3.549999952316284
vertex 22.5885066986084 -9.047121047973633 3.549999952316284
endloop
endfacet
facet normal 0 1 0
outer loop
vertex 22.5885066986084 -23.84712028503418 0
vertex 17.5885066986084 -23.84712028503418 3.549999952316284
vertex 22.5885066986084 -23.84712028503418 3.549999952316284
endloop
endfacet
facet normal 0 0 -1
outer loop
vertex 22.5885066986084 -8.347121238708496 3.549999952316284
vertex 22.5885066986084 -9.047121047973633 3.549999952316284
vertex 17.5885066986084 -8.347121238708496 3.549999952316284
endloop
endfacet
facet normal 1 0 0
outer loop
vertex 17.5885066986084 -9.047121047973633 3.549999952316284
vertex 17.5885066986084 -9.047121047973633 0
vertex 17.5885066986084 -8.347121238708496 0
endloop
endfacet
facet normal 1 0 0
outer loop
vertex 17.5885066986084 -23.14712142944336 0
vertex 17.5885066986084 -23.84712028503418 3.549999952316284
vertex 17.5885066986084 -23.84712028503418 0
endloop
endfacet
facet normal 0 1 0
outer loop
vertex 22.5885066986084 -23.84712028503418 0
vertex 17.5885066986084 -23.84712028503418 0
vertex 17.5885066986084 -23.84712028503418 3.549999952316284
endloop
endfacet
facet normal -1 0 0
outer loop
vertex 22.5885066986084 -23.14712142944336 0
vertex 22.5885066986084 -23.84712028503418 0
vertex 22.5885066986084 -23.14712142944336 3.549999952316284
endloop
endfacet
facet normal -1 0 0
outer loop
vertex 22.5885066986084 -8.347121238708496 3.549999952316284
vertex 22.5885066986084 -9.047121047973633 0
vertex 22.5885066986084 -9.047121047973633 3.549999952316284
endloop
endfacet
facet normal 0 -1 0
outer loop
vertex 17.5885066986084 -8.347121238708496 3.549999952316284
vertex 17.5885066986084 -8.347121238708496 0
vertex 22.5885066986084 -8.347121238708496 3.549999952316284
endloop
endfacet
facet normal -1 0 0
outer loop
vertex 22.5885066986084 -8.347121238708496 0
vertex 22.5885066986084 -9.047121047973633 0
vertex 22.5885066986084 -8.347121238708496 3.549999952316284
endloop
endfacet
facet normal 1 0 0
outer loop
vertex 17.5885066986084 -9.047121047973633 3.549999952316284
vertex 17.5885066986084 -8.347121238708496 0
vertex 17.5885066986084 -8.347121238708496 3.549999952316284
endloop
endfacet
facet normal 1 0 0
outer loop
vertex -20.4114933013916 -9.047121047973633 3.549999952316284
vertex -20.4114933013916 -8.347121238708496 0
vertex -20.4114933013916 -8.347121238708496 3.549999952316284
endloop
endfacet
facet normal -1 0 0
outer loop
vertex -15.411493301391602 -23.14712142944336 0
vertex -15.411493301391602 -23.84712028503418 0
vertex -15.411493301391602 -23.14712142944336 3.549999952316284
endloop
endfacet
facet normal 1 0 0
outer loop
vertex -20.4114933013916 -9.047121047973633 3.549999952316284
vertex -20.4114933013916 -9.047121047973633 0
vertex -20.4114933013916 -8.347121238708496 0
endloop
endfacet
facet normal 0 0 -1
outer loop
vertex -15.411493301391602 -23.14712142944336 3.549999952316284
vertex -15.411493301391602 -23.84712028503418 3.549999952316284
vertex -20.4114933013916 -23.14712142944336 3.549999952316284
endloop
endfacet
facet normal 0 1 0
outer loop
vertex -20.4114933013916 -23.84712028503418 0
vertex -20.4114933013916 -23.84712028503418 3.549999952316284
vertex -15.411493301391602 -23.84712028503418 0
endloop
endfacet
facet normal 0 -1 0
outer loop
vertex -20.4114933013916 -8.347121238708496 0
vertex -15.411493301391602 -8.347121238708496 0
vertex -15.411493301391602 -8.347121238708496 3.549999952316284
endloop
endfacet
facet normal 0 0 -1
outer loop
vertex -15.411493301391602 -23.84712028503418 3.549999952316284
vertex -20.4114933013916 -23.84712028503418 3.549999952316284
vertex -20.4114933013916 -23.14712142944336 3.549999952316284
endloop
endfacet
facet normal -1 0 0
outer loop
vertex -15.411493301391602 -8.347121238708496 0
vertex -15.411493301391602 -9.047121047973633 0
vertex -15.411493301391602 -8.347121238708496 3.549999952316284
endloop
endfacet
facet normal 0 0 -1
outer loop
vertex -15.411493301391602 -8.347121238708496 3.549999952316284
vertex -15.411493301391602 -9.047121047973633 3.549999952316284
vertex -20.4114933013916 -8.347121238708496 3.549999952316284
endloop
endfacet
facet normal 0 -1 0
outer loop
vertex -20.4114933013916 -8.347121238708496 3.549999952316284
vertex -20.4114933013916 -8.347121238708496 0
vertex -15.411493301391602 -8.347121238708496 3.549999952316284
endloop
endfacet
facet normal 1 0 0
outer loop
vertex -20.4114933013916 -23.84712028503418 0
vertex -20.4114933013916 -23.14712142944336 0
vertex -20.4114933013916 -23.84712028503418 3.549999952316284
endloop
endfacet
facet normal 0 0 -1
outer loop
vertex -20.4114933013916 -8.347121238708496 3.549999952316284
vertex -15.411493301391602 -9.047121047973633 3.549999952316284
vertex -20.4114933013916 -9.047121047973633 3.549999952316284
endloop
endfacet
facet normal -1 0 0
outer loop
vertex -15.411493301391602 -23.14712142944336 3.549999952316284
vertex -15.411493301391602 -23.84712028503418 0
vertex -15.411493301391602 -23.84712028503418 3.549999952316284
endloop
endfacet
facet normal -1 0 0
outer loop
vertex -15.411493301391602 -8.347121238708496 3.549999952316284
vertex -15.411493301391602 -9.047121047973633 0
vertex -15.411493301391602 -9.047121047973633 3.549999952316284
endloop
endfacet
facet normal 1 0 0
outer loop
vertex -20.4114933013916 -23.84712028503418 3.549999952316284
vertex -20.4114933013916 -23.14712142944336 0
vertex -20.4114933013916 -23.14712142944336 3.549999952316284
endloop
endfacet
facet normal 0 1 0
outer loop
vertex -15.411493301391602 -23.84712028503418 0
vertex -20.4114933013916 -23.84712028503418 3.549999952316284
vertex -15.411493301391602 -23.84712028503418 3.549999952316284
endloop
endfacet
facet normal 1 0 0
outer loop
vertex 36.588504791259766 -18.39712142944336 0
vertex 36.588504791259766 -19.09712028503418 3.549999952316284
vertex 36.588504791259766 -19.09712028503418 0
endloop
endfacet
facet normal 0 0 -1
outer loop
vertex 41.588504791259766 -3.597121238708496 3.549999952316284
vertex 41.588504791259766 -4.297121047973633 3.549999952316284
vertex 36.588504791259766 -3.597121238708496 3.549999952316284
endloop
endfacet
facet normal 0 0 -1
outer loop
vertex 36.588504791259766 -4.297121047973633 3.549999952316284
vertex 36.588504791259766 -3.597121238708496 3.549999952316284
vertex 41.588504791259766 -4.297121047973633 3.549999952316284
endloop
endfacet
facet normal 0 0 -1
outer loop
vertex 41.588504791259766 -18.39712142944336 3.549999952316284
vertex 41.588504791259766 -19.09712028503418 3.549999952316284
vertex 36.588504791259766 -18.39712142944336 3.549999952316284
endloop
endfacet
facet normal 0 0 -1
outer loop
vertex 41.588504791259766 -19.09712028503418 3.549999952316284
vertex 36.588504791259766 -19.09712028503418 3.549999952316284
vertex 36.588504791259766 -18.39712142944336 3.549999952316284
endloop
endfacet
facet normal -1 0 0
outer loop
vertex 41.588504791259766 -3.597121238708496 3.549999952316284
vertex 41.588504791259766 -4.297121047973633 0
vertex 41.588504791259766 -4.297121047973633 3.549999952316284
endloop
endfacet
facet normal 0 -1 0
outer loop
vertex 36.588504791259766 -3.597121238708496 3.549999952316284
vertex 36.588504791259766 -3.597121238708496 0
vertex 41.588504791259766 -3.597121238708496 3.549999952316284
endloop
endfacet
facet normal 1 0 0
outer loop
vertex 36.588504791259766 -4.297121047973633 3.549999952316284
vertex 36.588504791259766 -3.597121238708496 0
vertex 36.588504791259766 -3.597121238708496 3.549999952316284
endloop
endfacet
facet normal -1 0 0
outer loop
vertex 41.588504791259766 -18.39712142944336 3.549999952316284
vertex 41.588504791259766 -19.09712028503418 0
vertex 41.588504791259766 -19.09712028503418 3.549999952316284
endloop
endfacet
facet normal -1 0 0
outer loop
vertex 41.588504791259766 -3.597121238708496 0
vertex 41.588504791259766 -4.297121047973633 0
vertex 41.588504791259766 -3.597121238708496 3.549999952316284
endloop
endfacet
facet normal 0 -1 0
outer loop
vertex 36.588504791259766 -3.597121238708496 0
vertex 41.588504791259766 -3.597121238708496 0
vertex 41.588504791259766 -3.597121238708496 3.549999952316284
endloop
endfacet
facet normal 1 0 0
outer loop
vertex 36.588504791259766 -4.297121047973633 3.549999952316284
vertex 36.588504791259766 -4.297121047973633 0
vertex 36.588504791259766 -3.597121238708496 0
endloop
endfacet
facet normal -1 0 0
outer loop
vertex 41.588504791259766 -18.39712142944336 0
vertex 41.588504791259766 -19.09712028503418 0
vertex 41.588504791259766 -18.39712142944336 3.549999952316284
endloop
endfacet
facet normal 0 1 0
outer loop
vertex 41.588504791259766 -19.09712028503418 0
vertex 36.588504791259766 -19.09712028503418 3.549999952316284
vertex 41.588504791259766 -19.09712028503418 3.549999952316284
endloop
endfacet
facet normal 0 1 0
outer loop
vertex 41.588504791259766 -19.09712028503418 0
vertex 36.588504791259766 -19.09712028503418 0
vertex 36.588504791259766 -19.09712028503418 3.549999952316284
endloop
endfacet
facet normal 1 0 0
outer loop
vertex 36.588504791259766 -19.09712028503418 3.549999952316284
vertex 36.588504791259766 -18.39712142944336 0
vertex 36.588504791259766 -18.39712142944336 3.549999952316284
endloop
endfacet
facet normal 0 1 0
outer loop
vertex -34.411495208740234 -19.09712028503418 0
vertex -39.411495208740234 -19.09712028503418 0
vertex -39.411495208740234 -19.09712028503418 3.549999952316284
endloop
endfacet
facet normal -1 0 0
outer loop
vertex -34.411495208740234 -18.39712142944336 3.549999952316284
vertex -34.411495208740234 -19.09712028503418 0
vertex -34.411495208740234 -19.09712028503418 3.549999952316284
endloop
endfacet
facet normal 0 1 0
outer loop
vertex -34.411495208740234 -19.09712028503418 0
vertex -39.411495208740234 -19.09712028503418 3.549999952316284
vertex -34.411495208740234 -19.09712028503418 3.549999952316284
endloop
endfacet
facet normal 1 0 0
outer loop
vertex -39.411495208740234 -18.39712142944336 0
vertex -39.411495208740234 -19.09712028503418 3.549999952316284
vertex -39.411495208740234 -19.09712028503418 0
endloop
endfacet
facet normal -1 0 0
outer loop
vertex -34.411495208740234 -18.39712142944336 0
vertex -34.411495208740234 -19.09712028503418 0
vertex -34.411495208740234 -18.39712142944336 3.549999952316284
endloop
endfacet
facet normal 0 -1 0
outer loop
vertex -39.411495208740234 -3.597121238708496 0
vertex -34.411495208740234 -3.597121238708496 0
vertex -34.411495208740234 -3.597121238708496 3.549999952316284
endloop
endfacet
facet normal 1 0 0
outer loop
vertex -39.411495208740234 -4.297121047973633 3.549999952316284
vertex -39.411495208740234 -3.597121238708496 0
vertex -39.411495208740234 -3.597121238708496 3.549999952316284
endloop
endfacet
facet normal 0 -1 0
outer loop
vertex -39.411495208740234 -3.597121238708496 3.549999952316284
vertex -39.411495208740234 -3.597121238708496 0
vertex -34.411495208740234 -3.597121238708496 3.549999952316284
endloop
endfacet
facet normal 1 0 0
outer loop
vertex -39.411495208740234 -19.09712028503418 3.549999952316284
vertex -39.411495208740234 -18.39712142944336 0
vertex -39.411495208740234 -18.39712142944336 3.549999952316284
endloop
endfacet
facet normal 1 0 0
outer loop
vertex -39.411495208740234 -4.297121047973633 3.549999952316284
vertex -39.411495208740234 -4.297121047973633 0
vertex -39.411495208740234 -3.597121238708496 0
endloop
endfacet
facet normal 0 0 -1
outer loop
vertex -34.411495208740234 -3.597121238708496 3.549999952316284
vertex -34.411495208740234 -4.297121047973633 3.549999952316284
vertex -39.411495208740234 -3.597121238708496 3.549999952316284
endloop
endfacet
facet normal 0 0 -1
outer loop
vertex -39.411495208740234 -3.597121238708496 3.549999952316284
vertex -34.411495208740234 -4.297121047973633 3.549999952316284
vertex -39.411495208740234 -4.297121047973633 3.549999952316284
endloop
endfacet
facet normal 0 0 -1
outer loop
vertex -34.411495208740234 -19.09712028503418 3.549999952316284
vertex -39.411495208740234 -19.09712028503418 3.549999952316284
vertex -39.411495208740234 -18.39712142944336 3.549999952316284
endloop
endfacet
facet normal 0 0 -1
outer loop
vertex -34.411495208740234 -18.39712142944336 3.549999952316284
vertex -34.411495208740234 -19.09712028503418 3.549999952316284
vertex -39.411495208740234 -18.39712142944336 3.549999952316284
endloop
endfacet
facet normal -1 0 0
outer loop
vertex -34.411495208740234 -3.597121238708496 3.549999952316284
vertex -34.411495208740234 -3.597121238708496 0
vertex -34.411495208740234 -4.297121047973633 0
endloop
endfacet
facet normal -1 0 0
outer loop
vertex -34.411495208740234 -3.597121238708496 3.549999952316284
vertex -34.411495208740234 -4.297121047973633 0
vertex -34.411495208740234 -4.297121047973633 3.549999952316284
endloop
endfacet
facet normal 0 -1 0
outer loop
vertex -58.411495208740234 -3.597121238708496 3.549999952316284
vertex -58.411495208740234 -3.597121238708496 0
vertex -53.411495208740234 -3.597121238708496 3.549999952316284
endloop
endfacet
facet normal -1 0 0
outer loop
vertex -53.411495208740234 -18.39712142944336 0
vertex -53.411495208740234 -19.09712028503418 0
vertex -53.411495208740234 -18.39712142944336 3.549999952316284
endloop
endfacet
facet normal -1 0 0
outer loop
vertex -53.411495208740234 -3.597121238708496 3.549999952316284
vertex -53.411495208740234 -3.597121238708496 0
vertex -53.411495208740234 -4.297121047973633 0
endloop
endfacet
facet normal 1 0 0
outer loop
vertex -58.411495208740234 -4.297121047973633 3.549999952316284
vertex -58.411495208740234 -4.297121047973633 0
vertex -58.411495208740234 -3.597121238708496 0
endloop
endfacet
facet normal -1 0 0
outer loop
vertex -53.411495208740234 -18.39712142944336 3.549999952316284
vertex -53.411495208740234 -19.09712028503418 0
vertex -53.411495208740234 -19.09712028503418 3.549999952316284
endloop
endfacet
facet normal 0 1 0
outer loop
vertex -53.411495208740234 -19.09712028503418 0
vertex -58.411495208740234 -19.09712028503418 3.549999952316284
vertex -53.411495208740234 -19.09712028503418 3.549999952316284
endloop
endfacet
facet normal 1 0 0
outer loop
vertex -58.411495208740234 -19.09712028503418 3.549999952316284
vertex -58.411495208740234 -18.39712142944336 0
vertex -58.411495208740234 -18.39712142944336 3.549999952316284
endloop
endfacet
facet normal 0 0 -1
outer loop
vertex -53.411495208740234 -3.597121238708496 3.549999952316284
vertex -53.411495208740234 -4.297121047973633 3.549999952316284
vertex -58.411495208740234 -3.597121238708496 3.549999952316284
endloop
endfacet
facet normal 0 -1 0
outer loop
vertex -58.411495208740234 -3.597121238708496 0
vertex -53.411495208740234 -3.597121238708496 0
vertex -53.411495208740234 -3.597121238708496 3.549999952316284
endloop
endfacet
facet normal 0 0 -1
outer loop
vertex -58.411495208740234 -3.597121238708496 3.549999952316284
vertex -53.411495208740234 -4.297121047973633 3.549999952316284
vertex -58.411495208740234 -4.297121047973633 3.549999952316284
endloop
endfacet
facet normal 0 0 -1
outer loop
vertex -53.411495208740234 -18.39712142944336 3.549999952316284
vertex -53.411495208740234 -19.09712028503418 3.549999952316284
vertex -58.411495208740234 -18.39712142944336 3.549999952316284
endloop
endfacet
facet normal 0 0 -1
outer loop
vertex -53.411495208740234 -19.09712028503418 3.549999952316284
vertex -58.411495208740234 -19.09712028503418 3.549999952316284
vertex -58.411495208740234 -18.39712142944336 3.549999952316284
endloop
endfacet
facet normal 0 1 0
outer loop
vertex -53.411495208740234 -19.09712028503418 0
vertex -58.411495208740234 -19.09712028503418 0
vertex -58.411495208740234 -19.09712028503418 3.549999952316284
endloop
endfacet
facet normal 1 0 0
outer loop
vertex -58.411495208740234 -18.39712142944336 0
vertex -58.411495208740234 -19.09712028503418 3.549999952316284
vertex -58.411495208740234 -19.09712028503418 0
endloop
endfacet
facet normal -1 0 0
outer loop
vertex -53.411495208740234 -3.597121238708496 3.549999952316284
vertex -53.411495208740234 -4.297121047973633 0
vertex -53.411495208740234 -4.297121047973633 3.549999952316284
endloop
endfacet
facet normal 1 0 0
outer loop
vertex -58.411495208740234 -4.297121047973633 3.549999952316284
vertex -58.411495208740234 -3.597121238708496 0
vertex -58.411495208740234 -3.597121238708496 3.549999952316284
endloop
endfacet
facet normal 0 0 -1
outer loop
vertex 3.5885064601898193 -9.597121238708496 3.549999952316284
vertex -1.4114935398101807 -9.597121238708496 3.549999952316284
vertex -1.4114935398101807 -8.89712142944336 3.549999952316284
endloop
endfacet
facet normal 1 0 0
outer loop
vertex -1.4114935398101807 -8.89712142944336 0
vertex -1.4114935398101807 -9.597121238708496 3.549999952316284
vertex -1.4114935398101807 -9.597121238708496 0
endloop
endfacet
facet normal 0 -1 0
outer loop
vertex 3.5885064601898193 5.902878761291504 0
vertex 3.5885064601898193 5.902878761291504 3.549999952316284
vertex -1.4114935398101807 5.902878761291504 0
endloop
endfacet
facet normal -1 0 0
outer loop
vertex 3.5885064601898193 5.902878761291504 0
vertex 3.5885064601898193 5.202878952026367 0
vertex 3.5885064601898193 5.902878761291504 3.549999952316284
endloop
endfacet
facet normal 1 0 0
outer loop
vertex -1.4114935398101807 -9.597121238708496 3.549999952316284
vertex -1.4114935398101807 -8.89712142944336 0
vertex -1.4114935398101807 -8.89712142944336 3.549999952316284
endloop
endfacet
facet normal 0 0 -1
outer loop
vertex 3.5885064601898193 -8.89712142944336 3.549999952316284
vertex 3.5885064601898193 -9.597121238708496 3.549999952316284
vertex -1.4114935398101807 -8.89712142944336 3.549999952316284
endloop
endfacet
facet normal 0 0 -1
outer loop
vertex 3.5885064601898193 5.202878952026367 3.549999952316284
vertex -1.4114935398101807 5.202878952026367 3.549999952316284
vertex -1.4114935398101807 5.902878761291504 3.549999952316284
endloop
endfacet
facet normal 0 1 0
outer loop
vertex 3.5885064601898193 -9.597121238708496 0
vertex -1.4114935398101807 -9.597121238708496 0
vertex -1.4114935398101807 -9.597121238708496 3.549999952316284
endloop
endfacet
facet normal -1 0 0
outer loop
vertex 3.5885064601898193 -8.89712142944336 0
vertex 3.5885064601898193 -9.597121238708496 0
vertex 3.5885064601898193 -8.89712142944336 3.549999952316284
endloop
endfacet
facet normal 0 0 -1
outer loop
vertex 3.5885064601898193 5.902878761291504 3.549999952316284
vertex 3.5885064601898193 5.202878952026367 3.549999952316284
vertex -1.4114935398101807 5.902878761291504 3.549999952316284
endloop
endfacet
facet normal 1 0 0
outer loop
vertex -1.4114935398101807 5.202878952026367 3.549999952316284
vertex -1.4114935398101807 5.202878952026367 0
vertex -1.4114935398101807 5.902878761291504 0
endloop
endfacet
facet normal -1 0 0
outer loop
vertex 3.5885064601898193 -8.89712142944336 3.549999952316284
vertex 3.5885064601898193 -9.597121238708496 0
vertex 3.5885064601898193 -9.597121238708496 3.549999952316284
endloop
endfacet
facet normal 0 1 0
outer loop
vertex 3.5885064601898193 -9.597121238708496 0
vertex -1.4114935398101807 -9.597121238708496 3.549999952316284
vertex 3.5885064601898193 -9.597121238708496 3.549999952316284
endloop
endfacet
facet normal 1 0 0
outer loop
vertex -1.4114935398101807 5.202878952026367 3.549999952316284
vertex -1.4114935398101807 5.902878761291504 0
vertex -1.4114935398101807 5.902878761291504 3.549999952316284
endloop
endfacet
facet normal 0 -1 0
outer loop
vertex -1.4114935398101807 5.902878761291504 3.549999952316284
vertex -1.4114935398101807 5.902878761291504 0
vertex 3.5885064601898193 5.902878761291504 3.549999952316284
endloop
endfacet
facet normal -1 0 0
outer loop
vertex 3.5885064601898193 5.902878761291504 3.549999952316284
vertex 3.5885064601898193 5.202878952026367 0
vertex 3.5885064601898193 5.202878952026367 3.549999952316284
endloop
endfacet
facet normal 1 0 0
outer loop
vertex 17.5885066986084 9.952878952026367 3.549999952316284
vertex 17.5885066986084 10.652878761291504 0
vertex 17.5885066986084 10.652878761291504 3.549999952316284
endloop
endfacet
facet normal -1 0 0
outer loop
vertex 22.5885066986084 -4.147120952606201 3.549999952316284
vertex 22.5885066986084 -4.847121238708496 0
vertex 22.5885066986084 -4.847121238708496 3.549999952316284
endloop
endfacet
facet normal 0 0 -1
outer loop
vertex 17.5885066986084 9.952878952026367 3.549999952316284
vertex 17.5885066986084 10.652878761291504 3.549999952316284
vertex 22.5885066986084 9.952878952026367 3.549999952316284
endloop
endfacet
facet normal -1 0 0
outer loop
vertex 22.5885066986084 10.652878761291504 0
vertex 22.5885066986084 9.952878952026367 0
vertex 22.5885066986084 10.652878761291504 3.549999952316284
endloop
endfacet
facet normal 0 -1 0
outer loop
vertex 17.5885066986084 10.652878761291504 0
vertex 22.5885066986084 10.652878761291504 0
vertex 22.5885066986084 10.652878761291504 3.549999952316284
endloop
endfacet
facet normal 1 0 0
outer loop
vertex 17.5885066986084 9.952878952026367 3.549999952316284
vertex 17.5885066986084 9.952878952026367 0
vertex 17.5885066986084 10.652878761291504 0
endloop
endfacet
facet normal 1 0 0
outer loop
vertex 17.5885066986084 -4.147120952606201 0
vertex 17.5885066986084 -4.847121238708496 3.549999952316284
vertex 17.5885066986084 -4.847121238708496 0
endloop
endfacet
facet normal 0 0 -1
outer loop
vertex 22.5885066986084 10.652878761291504 3.549999952316284
vertex 22.5885066986084 9.952878952026367 3.549999952316284
vertex 17.5885066986084 10.652878761291504 3.549999952316284
endloop
endfacet
facet normal 0 -1 0
outer loop
vertex 17.5885066986084 10.652878761291504 3.549999952316284
vertex 17.5885066986084 10.652878761291504 0
vertex 22.5885066986084 10.652878761291504 3.549999952316284
endloop
endfacet
facet normal 0 1 0
outer loop
vertex 22.5885066986084 -4.847121238708496 0
vertex 17.5885066986084 -4.847121238708496 0
vertex 17.5885066986084 -4.847121238708496 3.549999952316284
endloop
endfacet
facet normal -1 0 0
outer loop
vertex 22.5885066986084 10.652878761291504 3.549999952316284
vertex 22.5885066986084 9.952878952026367 0
vertex 22.5885066986084 9.952878952026367 3.549999952316284
endloop
endfacet
facet normal -1 0 0
outer loop
vertex 22.5885066986084 -4.147120952606201 0
vertex 22.5885066986084 -4.847121238708496 0
vertex 22.5885066986084 -4.147120952606201 3.549999952316284
endloop
endfacet
facet normal 0 0 -1
outer loop
vertex 22.5885066986084 -4.847121238708496 3.549999952316284
vertex 17.5885066986084 -4.847121238708496 3.549999952316284
vertex 17.5885066986084 -4.147120952606201 3.549999952316284
endloop
endfacet
facet normal 1 0 0
outer loop
vertex 17.5885066986084 -4.847121238708496 3.549999952316284
vertex 17.5885066986084 -4.147120952606201 0
vertex 17.5885066986084 -4.147120952606201 3.549999952316284
endloop
endfacet
facet normal 0 0 -1
outer loop
vertex 22.5885066986084 -4.147120952606201 3.549999952316284
vertex 22.5885066986084 -4.847121238708496 3.549999952316284
vertex 17.5885066986084 -4.147120952606201 3.549999952316284
endloop
endfacet
facet normal 0 1 0
outer loop
vertex 22.5885066986084 -4.847121238708496 0
vertex 17.5885066986084 -4.847121238708496 3.549999952316284
vertex 22.5885066986084 -4.847121238708496 3.549999952316284
endloop
endfacet
facet normal -1 0 0
outer loop
vertex -15.411493301391602 -4.147120952606201 3.549999952316284
vertex -15.411493301391602 -4.847121238708496 0
vertex -15.411493301391602 -4.847121238708496 3.549999952316284
endloop
endfacet
facet normal 0 1 0
outer loop
vertex -15.411493301391602 -4.847121238708496 0
vertex -20.4114933013916 -4.847121238708496 3.549999952316284
vertex -15.411493301391602 -4.847121238708496 3.549999952316284
endloop
endfacet
facet normal 1 0 0
outer loop
vertex -20.4114933013916 -4.847121238708496 3.549999952316284
vertex -20.4114933013916 -4.147120952606201 0
vertex -20.4114933013916 -4.147120952606201 3.549999952316284
endloop
endfacet
facet normal 1 0 0
outer loop
vertex -20.4114933013916 -4.147120952606201 0
vertex -20.4114933013916 -4.847121238708496 3.549999952316284
vertex -20.4114933013916 -4.847121238708496 0
endloop
endfacet
facet normal 0 0 -1
outer loop
vertex -15.411493301391602 -4.147120952606201 3.549999952316284
vertex -15.411493301391602 -4.847121238708496 3.549999952316284
vertex -20.4114933013916 -4.147120952606201 3.549999952316284
endloop
endfacet
facet normal 1 0 0
outer loop
vertex -20.4114933013916 9.952878952026367 3.549999952316284
vertex -20.4114933013916 9.952878952026367 0
vertex -20.4114933013916 10.652878761291504 0
endloop
endfacet
facet normal 0 -1 0
outer loop
vertex -20.4114933013916 10.652878761291504 0
vertex -15.411493301391602 10.652878761291504 0
vertex -15.411493301391602 10.652878761291504 3.549999952316284
endloop
endfacet
facet normal 0 1 0
outer loop
vertex -20.4114933013916 -4.847121238708496 0
vertex -20.4114933013916 -4.847121238708496 3.549999952316284
vertex -15.411493301391602 -4.847121238708496 0
endloop
endfacet
facet normal 0 0 -1
outer loop
vertex -20.4114933013916 10.652878761291504 3.549999952316284
vertex -15.411493301391602 9.952878952026367 3.549999952316284
vertex -20.4114933013916 9.952878952026367 3.549999952316284
endloop
endfacet
facet normal -1 0 0
outer loop
vertex -15.411493301391602 -4.147120952606201 0
vertex -15.411493301391602 -4.847121238708496 0
vertex -15.411493301391602 -4.147120952606201 3.549999952316284
endloop
endfacet
facet normal -1 0 0
outer loop
vertex -15.411493301391602 10.652878761291504 0
vertex -15.411493301391602 9.952878952026367 0
vertex -15.411493301391602 10.652878761291504 3.549999952316284
endloop
endfacet
facet normal 0 0 -1
outer loop
vertex -15.411493301391602 10.652878761291504 3.549999952316284
vertex -15.411493301391602 9.952878952026367 3.549999952316284
vertex -20.4114933013916 10.652878761291504 3.549999952316284
endloop
endfacet
facet normal 1 0 0
outer loop
vertex -20.4114933013916 9.952878952026367 3.549999952316284
vertex -20.4114933013916 10.652878761291504 0
vertex -20.4114933013916 10.652878761291504 3.549999952316284
endloop
endfacet
facet normal 0 -1 0
outer loop
vertex -20.4114933013916 10.652878761291504 3.549999952316284
vertex -20.4114933013916 10.652878761291504 0
vertex -15.411493301391602 10.652878761291504 3.549999952316284
endloop
endfacet
facet normal 0 0 -1
outer loop
vertex -15.411493301391602 -4.847121238708496 3.549999952316284
vertex -20.4114933013916 -4.847121238708496 3.549999952316284
vertex -20.4114933013916 -4.147120952606201 3.549999952316284
endloop
endfacet
facet normal -1 0 0
outer loop
vertex -15.411493301391602 10.652878761291504 3.549999952316284
vertex -15.411493301391602 9.952878952026367 0
vertex -15.411493301391602 9.952878952026367 3.549999952316284
endloop
endfacet
facet normal -1 0 0
outer loop
vertex 41.588504791259766 0.6028788685798645 0
vertex 41.588504791259766 -0.09712114185094833 0
vertex 41.588504791259766 0.6028788685798645 3.549999952316284
endloop
endfacet
facet normal 1 0 0
outer loop
vertex 36.588504791259766 14.702878952026367 3.549999952316284
vertex 36.588504791259766 14.702878952026367 0
vertex 36.588504791259766 15.402878761291504 0
endloop
endfacet
facet normal 1 0 0
outer loop
vertex 36.588504791259766 14.702878952026367 3.549999952316284
vertex 36.588504791259766 15.402878761291504 0
vertex 36.588504791259766 15.402878761291504 3.549999952316284
endloop
endfacet
facet normal 0 1 0
outer loop
vertex 41.588504791259766 -0.09712114185094833 0
vertex 36.588504791259766 -0.09712114185094833 0
vertex 36.588504791259766 -0.09712114185094833 3.549999952316284
endloop
endfacet
facet normal 0 -1 0
outer loop
vertex 36.588504791259766 15.402878761291504 0
vertex 41.588504791259766 15.402878761291504 0
vertex 41.588504791259766 15.402878761291504 3.549999952316284
endloop
endfacet
facet normal -1 0 0
outer loop
vertex 41.588504791259766 15.402878761291504 0
vertex 41.588504791259766 14.702878952026367 0
vertex 41.588504791259766 15.402878761291504 3.549999952316284
endloop
endfacet
facet normal 1 0 0
outer loop
vertex 36.588504791259766 0.6028788685798645 0
vertex 36.588504791259766 -0.09712114185094833 3.549999952316284
vertex 36.588504791259766 -0.09712114185094833 0
endloop
endfacet
facet normal 0 -1 0
outer loop
vertex 36.588504791259766 15.402878761291504 3.549999952316284
vertex 36.588504791259766 15.402878761291504 0
vertex 41.588504791259766 15.402878761291504 3.549999952316284
endloop
endfacet
facet normal -1 0 0
outer loop
vertex 41.588504791259766 15.402878761291504 3.549999952316284
vertex 41.588504791259766 14.702878952026367 0
vertex 41.588504791259766 14.702878952026367 3.549999952316284
endloop
endfacet
facet normal 0 0 -1
outer loop
vertex 41.588504791259766 -0.09712114185094833 3.549999952316284
vertex 36.588504791259766 -0.09712114185094833 3.549999952316284
vertex 36.588504791259766 0.6028788685798645 3.549999952316284
endloop
endfacet
facet normal 0 0 -1
outer loop
vertex 41.588504791259766 15.402878761291504 3.549999952316284
vertex 41.588504791259766 14.702878952026367 3.549999952316284
vertex 36.588504791259766 15.402878761291504 3.549999952316284
endloop
endfacet
facet normal 1 0 0
outer loop
vertex 36.588504791259766 -0.09712114185094833 3.549999952316284
vertex 36.588504791259766 0.6028788685798645 0
vertex 36.588504791259766 0.6028788685798645 3.549999952316284
endloop
endfacet
facet normal 0 0 -1
outer loop
vertex 41.588504791259766 0.6028788685798645 3.549999952316284
vertex 41.588504791259766 -0.09712114185094833 3.549999952316284
vertex 36.588504791259766 0.6028788685798645 3.549999952316284
endloop
endfacet
facet normal 0 1 0
outer loop
vertex 41.588504791259766 -0.09712114185094833 0
vertex 36.588504791259766 -0.09712114185094833 3.549999952316284
vertex 41.588504791259766 -0.09712114185094833 3.549999952316284
endloop
endfacet
facet normal 0 0 -1
outer loop
vertex 36.588504791259766 14.702878952026367 3.549999952316284
vertex 36.588504791259766 15.402878761291504 3.549999952316284
vertex 41.588504791259766 14.702878952026367 3.549999952316284
endloop
endfacet
facet normal -1 0 0
outer loop
vertex 41.588504791259766 0.6028788685798645 3.549999952316284
vertex 41.588504791259766 -0.09712114185094833 0
vertex 41.588504791259766 -0.09712114185094833 3.549999952316284
endloop
endfacet
facet normal 1 0 0
outer loop
vertex -39.411495208740234 -0.09712114185094833 3.549999952316284
vertex -39.411495208740234 0.6028788685798645 0
vertex -39.411495208740234 0.6028788685798645 3.549999952316284
endloop
endfacet
facet normal -1 0 0
outer loop
vertex -34.411495208740234 15.402878761291504 3.549999952316284
vertex -34.411495208740234 14.702878952026367 0
vertex -34.411495208740234 14.702878952026367 3.549999952316284
endloop
endfacet
facet normal -1 0 0
outer loop
vertex -34.411495208740234 0.6028788685798645 3.549999952316284
vertex -34.411495208740234 -0.09712114185094833 0
vertex -34.411495208740234 -0.09712114185094833 3.549999952316284
endloop
endfacet
facet normal 0 -1 0
outer loop
vertex -39.411495208740234 15.402878761291504 3.549999952316284
vertex -39.411495208740234 15.402878761291504 0
vertex -34.411495208740234 15.402878761291504 3.549999952316284
endloop
endfacet
facet normal 1 0 0
outer loop
vertex -39.411495208740234 14.702878952026367 3.549999952316284
vertex -39.411495208740234 15.402878761291504 0
vertex -39.411495208740234 15.402878761291504 3.549999952316284
endloop
endfacet
facet normal 0 -1 0
outer loop
vertex -39.411495208740234 15.402878761291504 0
vertex -34.411495208740234 15.402878761291504 0
vertex -34.411495208740234 15.402878761291504 3.549999952316284
endloop
endfacet
facet normal 1 0 0
outer loop
vertex -39.411495208740234 14.702878952026367 3.549999952316284
vertex -39.411495208740234 14.702878952026367 0
vertex -39.411495208740234 15.402878761291504 0
endloop
endfacet
facet normal 0 0 -1
outer loop
vertex -39.411495208740234 15.402878761291504 3.549999952316284
vertex -34.411495208740234 14.702878952026367 3.549999952316284
vertex -39.411495208740234 14.702878952026367 3.549999952316284
endloop
endfacet
facet normal 0 0 -1
outer loop
vertex -34.411495208740234 15.402878761291504 3.549999952316284
vertex -34.411495208740234 14.702878952026367 3.549999952316284
vertex -39.411495208740234 15.402878761291504 3.549999952316284
endloop
endfacet
facet normal 1 0 0
outer loop
vertex -39.411495208740234 0.6028788685798645 0
vertex -39.411495208740234 -0.09712114185094833 3.549999952316284
vertex -39.411495208740234 -0.09712114185094833 0
endloop
endfacet
facet normal 0 1 0
outer loop
vertex -34.411495208740234 -0.09712114185094833 0
vertex -39.411495208740234 -0.09712114185094833 0
vertex -39.411495208740234 -0.09712114185094833 3.549999952316284
endloop
endfacet
facet normal 0 0 -1
outer loop
vertex -34.411495208740234 0.6028788685798645 3.549999952316284
vertex -34.411495208740234 -0.09712114185094833 3.549999952316284
vertex -39.411495208740234 0.6028788685798645 3.549999952316284
endloop
endfacet
facet normal 0 0 -1
outer loop
vertex -34.411495208740234 -0.09712114185094833 3.549999952316284
vertex -39.411495208740234 -0.09712114185094833 3.549999952316284
vertex -39.411495208740234 0.6028788685798645 3.549999952316284
endloop
endfacet
facet normal -1 0 0
outer loop
vertex -34.411495208740234 0.6028788685798645 0
vertex -34.411495208740234 -0.09712114185094833 0
vertex -34.411495208740234 0.6028788685798645 3.549999952316284
endloop
endfacet
facet normal -1 0 0
outer loop
vertex -34.411495208740234 15.402878761291504 3.549999952316284
vertex -34.411495208740234 15.402878761291504 0
vertex -34.411495208740234 14.702878952026367 0
endloop
endfacet
facet normal 0 1 0
outer loop
vertex -34.411495208740234 -0.09712114185094833 0
vertex -39.411495208740234 -0.09712114185094833 3.549999952316284
vertex -34.411495208740234 -0.09712114185094833 3.549999952316284
endloop
endfacet
facet normal 1 0 0
outer loop
vertex -58.411495208740234 14.702878952026367 3.549999952316284
vertex -58.411495208740234 14.702878952026367 0
vertex -58.411495208740234 15.402878761291504 0
endloop
endfacet
facet normal -1 0 0
outer loop
vertex -53.411495208740234 0.6028788685798645 3.549999952316284
vertex -53.411495208740234 -0.09712114185094833 0
vertex -53.411495208740234 -0.09712114185094833 3.549999952316284
endloop
endfacet
facet normal -1 0 0
outer loop
vertex -53.411495208740234 15.402878761291504 3.549999952316284
vertex -53.411495208740234 14.702878952026367 0
vertex -53.411495208740234 14.702878952026367 3.549999952316284
endloop
endfacet
facet normal 0 -1 0
outer loop
vertex -58.411495208740234 15.402878761291504 3.549999952316284
vertex -58.411495208740234 15.402878761291504 0
vertex -53.411495208740234 15.402878761291504 3.549999952316284
endloop
endfacet
facet normal 1 0 0
outer loop
vertex -58.411495208740234 14.702878952026367 3.549999952316284
vertex -58.411495208740234 15.402878761291504 0
vertex -58.411495208740234 15.402878761291504 3.549999952316284
endloop
endfacet
facet normal 0 0 -1
outer loop
vertex -58.411495208740234 15.402878761291504 3.549999952316284
vertex -53.411495208740234 14.702878952026367 3.549999952316284
vertex -58.411495208740234 14.702878952026367 3.549999952316284
endloop
endfacet
facet normal 0 0 -1
outer loop
vertex -53.411495208740234 15.402878761291504 3.549999952316284
vertex -53.411495208740234 14.702878952026367 3.549999952316284
vertex -58.411495208740234 15.402878761291504 3.549999952316284
endloop
endfacet
facet normal 0 1 0
outer loop
vertex -53.411495208740234 -0.09712114185094833 0
vertex -58.411495208740234 -0.09712114185094833 3.549999952316284
vertex -53.411495208740234 -0.09712114185094833 3.549999952316284
endloop
endfacet
facet normal -1 0 0
outer loop
vertex -53.411495208740234 15.402878761291504 3.549999952316284
vertex -53.411495208740234 15.402878761291504 0
vertex -53.411495208740234 14.702878952026367 0
endloop
endfacet
facet normal 1 0 0
outer loop
vertex -58.411495208740234 -0.09712114185094833 3.549999952316284
vertex -58.411495208740234 0.6028788685798645 0
vertex -58.411495208740234 0.6028788685798645 3.549999952316284
endloop
endfacet
facet normal 1 0 0
outer loop
vertex -58.411495208740234 0.6028788685798645 0
vertex -58.411495208740234 -0.09712114185094833 3.549999952316284
vertex -58.411495208740234 -0.09712114185094833 0
endloop
endfacet
facet normal 0 1 0
outer loop
vertex -53.411495208740234 -0.09712114185094833 0
vertex -58.411495208740234 -0.09712114185094833 0
vertex -58.411495208740234 -0.09712114185094833 3.549999952316284
endloop
endfacet
facet normal 0 0 -1
outer loop
vertex -53.411495208740234 -0.09712114185094833 3.549999952316284
vertex -58.411495208740234 -0.09712114185094833 3.549999952316284
vertex -58.411495208740234 0.6028788685798645 3.549999952316284
endloop
endfacet
facet normal 0 0 -1
outer loop
vertex -53.411495208740234 0.6028788685798645 3.549999952316284
vertex -53.411495208740234 -0.09712114185094833 3.549999952316284
vertex -58.411495208740234 0.6028788685798645 3.549999952316284
endloop
endfacet
facet normal -1 0 0
outer loop
vertex -53.411495208740234 0.6028788685798645 0
vertex -53.411495208740234 -0.09712114185094833 0
vertex -53.411495208740234 0.6028788685798645 3.549999952316284
endloop
endfacet
facet normal 0 -1 0
outer loop
vertex -58.411495208740234 15.402878761291504 0
vertex -53.411495208740234 15.402878761291504 0
vertex -53.411495208740234 15.402878761291504 3.549999952316284
endloop
endfacet
facet normal 0 0 -1
outer loop
vertex -45.30149459838867 34.40287780761719 3.549999952316284
vertex -40.30149459838867 33.702877044677734 3.549999952316284
vertex -45.30149459838867 33.702877044677734 3.549999952316284
endloop
endfacet
facet normal -1 0 0
outer loop
vertex -40.30149459838867 19.60287857055664 3.549999952316284
vertex -40.30149459838867 18.90287971496582 0
vertex -40.30149459838867 18.90287971496582 3.549999952316284
endloop
endfacet
facet normal 1 0 0
outer loop
vertex -45.30149459838867 33.702877044677734 3.549999952316284
vertex -45.30149459838867 33.702877044677734 0
vertex -45.30149459838867 34.40287780761719 0
endloop
endfacet
facet normal 0 0 -1
outer loop
vertex -40.30149459838867 18.90287971496582 3.549999952316284
vertex -45.30149459838867 18.90287971496582 3.549999952316284
vertex -45.30149459838867 19.60287857055664 3.549999952316284
endloop
endfacet
facet normal 0 0 -1
outer loop
vertex -40.30149459838867 19.60287857055664 3.549999952316284
vertex -40.30149459838867 18.90287971496582 3.549999952316284
vertex -45.30149459838867 19.60287857055664 3.549999952316284
endloop
endfacet
facet normal -1 0 0
outer loop
vertex -40.30149459838867 19.60287857055664 0
vertex -40.30149459838867 18.90287971496582 0
vertex -40.30149459838867 19.60287857055664 3.549999952316284
endloop
endfacet
facet normal 0 1 0
outer loop
vertex -40.30149459838867 18.90287971496582 0
vertex -45.30149459838867 18.90287971496582 0
vertex -45.30149459838867 18.90287971496582 3.549999952316284
endloop
endfacet
facet normal 0 -1 0
outer loop
vertex -45.30149459838867 34.40287780761719 0
vertex -40.30149459838867 34.40287780761719 0
vertex -40.30149459838867 34.40287780761719 3.549999952316284
endloop
endfacet
facet normal -1 0 0
outer loop
vertex -40.30149459838867 34.40287780761719 0
vertex -40.30149459838867 33.702877044677734 0
vertex -40.30149459838867 34.40287780761719 3.549999952316284
endloop
endfacet
facet normal 1 0 0
outer loop
vertex -45.30149459838867 33.702877044677734 3.549999952316284
vertex -45.30149459838867 34.40287780761719 0
vertex -45.30149459838867 34.40287780761719 3.549999952316284
endloop
endfacet
facet normal 0 -1 0
outer loop
vertex -45.30149459838867 34.40287780761719 3.549999952316284
vertex -45.30149459838867 34.40287780761719 0
vertex -40.30149459838867 34.40287780761719 3.549999952316284
endloop
endfacet
facet normal 0 0 -1
outer loop
vertex -40.30149459838867 34.40287780761719 3.549999952316284
vertex -40.30149459838867 33.702877044677734 3.549999952316284
vertex -45.30149459838867 34.40287780761719 3.549999952316284
endloop
endfacet
facet normal 1 0 0
outer loop
vertex -45.30149459838867 19.60287857055664 0
vertex -45.30149459838867 18.90287971496582 3.549999952316284
vertex -45.30149459838867 18.90287971496582 0
endloop
endfacet
facet normal 0 1 0
outer loop
vertex -40.30149459838867 18.90287971496582 0
vertex -45.30149459838867 18.90287971496582 3.549999952316284
vertex -40.30149459838867 18.90287971496582 3.549999952316284
endloop
endfacet
facet normal 1 0 0
outer loop
vertex -45.30149459838867 18.90287971496582 3.549999952316284
vertex -45.30149459838867 19.60287857055664 0
vertex -45.30149459838867 19.60287857055664 3.549999952316284
endloop
endfacet
facet normal -1 0 0
outer loop
vertex -40.30149459838867 34.40287780761719 3.549999952316284
vertex -40.30149459838867 33.702877044677734 0
vertex -40.30149459838867 33.702877044677734 3.549999952316284
endloop
endfacet
facet normal -0.20671662936550264 0.9784008560624655 0
outer loop
vertex 32.04474639892578 22.389190673828125 0
vertex 32.04474639892578 22.389190673828125 3.549999952316284
vertex 36.93674850463867 23.422773361206055 0
endloop
endfacet
facet normal -0.9784005261857832 -0.20671819068331304 0
outer loop
vertex 36.79204559326172 24.107654571533203 0
vertex 36.93674850463867 23.422773361206055 0
vertex 36.79204559326172 24.107654571533203 3.549999952316284
endloop
endfacet
facet normal 0 0 -1
outer loop
vertex 28.840639114379883 37.554405212402344 3.549999952316284
vertex 33.87734603881836 37.903106689453125 3.549999952316284
vertex 28.985340118408203 36.86952590942383 3.549999952316284
endloop
endfacet
facet normal 0 0 -1
outer loop
vertex 36.93674850463867 23.422773361206055 3.549999952316284
vertex 32.04474639892578 22.389190673828125 3.549999952316284
vertex 31.900043487548828 23.074071884155273 3.549999952316284
endloop
endfacet
facet normal 0.9784009608441101 0.206716133427757 0
outer loop
vertex 28.985340118408203 36.86952590942383 3.549999952316284
vertex 28.840639114379883 37.554405212402344 0
vertex 28.840639114379883 37.554405212402344 3.549999952316284
endloop
endfacet
facet normal 0.20671618704365216 -0.9784009495161653 0
outer loop
vertex 28.840639114379883 37.554405212402344 3.549999952316284
vertex 28.840639114379883 37.554405212402344 0
vertex 33.732643127441406 38.58798599243164 3.549999952316284
endloop
endfacet
facet normal -0.978400409748883 -0.20671874178027025 0
outer loop
vertex 33.732643127441406 38.58798599243164 3.549999952316284
vertex 33.732643127441406 38.58798599243164 0
vertex 33.87734603881836 37.903106689453125 0
endloop
endfacet
facet normal 0.20671618704365216 -0.9784009495161653 0
outer loop
vertex 28.840639114379883 37.554405212402344 0
vertex 33.732643127441406 38.58798599243164 0
vertex 33.732643127441406 38.58798599243164 3.549999952316284
endloop
endfacet
facet normal 0 0 -1
outer loop
vertex 33.732643127441406 38.58798599243164 3.549999952316284
vertex 33.87734603881836 37.903106689453125 3.549999952316284
vertex 28.840639114379883 37.554405212402344 3.549999952316284
endloop
endfacet
facet normal -0.9784005261857832 -0.20671819068331304 0
outer loop
vertex 36.79204559326172 24.107654571533203 3.549999952316284
vertex 36.93674850463867 23.422773361206055 0
vertex 36.93674850463867 23.422773361206055 3.549999952316284
endloop
endfacet
facet normal -0.978400409748883 -0.20671874178027025 0
outer loop
vertex 33.732643127441406 38.58798599243164 3.549999952316284
vertex 33.87734603881836 37.903106689453125 0
vertex 33.87734603881836 37.903106689453125 3.549999952316284
endloop
endfacet
facet normal -0.20671662936550264 0.9784008560624655 0
outer loop
vertex 36.93674850463867 23.422773361206055 0
vertex 32.04474639892578 22.389190673828125 3.549999952316284
vertex 36.93674850463867 23.422773361206055 3.549999952316284
endloop
endfacet
facet normal 0.9784005261857832 0.20671819068331304 0
outer loop
vertex 32.04474639892578 22.389190673828125 0
vertex 31.900043487548828 23.074071884155273 0
vertex 32.04474639892578 22.389190673828125 3.549999952316284
endloop
endfacet
facet normal 0.9784009608441101 0.206716133427757 0
outer loop
vertex 28.985340118408203 36.86952590942383 3.549999952316284
vertex 28.985340118408203 36.86952590942383 0
vertex 28.840639114379883 37.554405212402344 0
endloop
endfacet
facet normal 0.9784005261857832 0.20671819068331304 0
outer loop
vertex 32.04474639892578 22.389190673828125 3.549999952316284
vertex 31.900043487548828 23.074071884155273 0
vertex 31.900043487548828 23.074071884155273 3.549999952316284
endloop
endfacet
facet normal 0 0 -1
outer loop
vertex 36.79204559326172 24.107654571533203 3.549999952316284
vertex 36.93674850463867 23.422773361206055 3.549999952316284
vertex 31.900043487548828 23.074071884155273 3.549999952316284
endloop
endfacet
facet normal 0 0 -1
outer loop
vertex 58.20066833496094 30.650409698486328 3.549999952316284
vertex 53.59814453125 28.696754455566406 3.549999952316284
vertex 53.32463073730469 29.341108322143555 3.549999952316284
endloop
endfacet
facet normal -0.92050630212286 -0.39072771561804787 0
outer loop
vertex 52.14433670043945 44.918235778808594 3.549999952316284
vertex 52.4178466796875 44.27388000488281 0
vertex 52.4178466796875 44.27388000488281 3.549999952316284
endloop
endfacet
facet normal 0.9205039260909031 0.39073331320893684 0
outer loop
vertex 53.59814453125 28.696754455566406 3.549999952316284
vertex 53.32463073730469 29.341108322143555 0
vertex 53.32463073730469 29.341108322143555 3.549999952316284
endloop
endfacet
facet normal 0.39073081972207935 -0.9205049845162774 0
outer loop
vertex 47.54180908203125 42.96458053588867 3.549999952316284
vertex 47.54180908203125 42.96458053588867 0
vertex 52.14433670043945 44.918235778808594 3.549999952316284
endloop
endfacet
facet normal 0 0 -1
outer loop
vertex 52.14433670043945 44.918235778808594 3.549999952316284
vertex 52.4178466796875 44.27388000488281 3.549999952316284
vertex 47.54180908203125 42.96458053588867 3.549999952316284
endloop
endfacet
facet normal -0.39073109412827306 0.920504868037819 0
outer loop
vertex 58.20066833496094 30.650409698486328 0
vertex 53.59814453125 28.696754455566406 3.549999952316284
vertex 58.20066833496094 30.650409698486328 3.549999952316284
endloop
endfacet
facet normal 0.920504342088225 0.3907323331856787 0
outer loop
vertex 47.81532287597656 42.32022476196289 3.549999952316284
vertex 47.54180908203125 42.96458053588867 0
vertex 47.54180908203125 42.96458053588867 3.549999952316284
endloop
endfacet
facet normal 0 0 -1
outer loop
vertex 47.54180908203125 42.96458053588867 3.549999952316284
vertex 52.4178466796875 44.27388000488281 3.549999952316284
vertex 47.81532287597656 42.32022476196289 3.549999952316284
endloop
endfacet
facet normal 0 0 -1
outer loop
vertex 57.927154541015625 31.294763565063477 3.549999952316284
vertex 58.20066833496094 30.650409698486328 3.549999952316284
vertex 53.32463073730469 29.341108322143555 3.549999952316284
endloop
endfacet
facet normal -0.39073109412827306 0.920504868037819 0
outer loop
vertex 58.20066833496094 30.650409698486328 0
vertex 53.59814453125 28.696754455566406 0
vertex 53.59814453125 28.696754455566406 3.549999952316284
endloop
endfacet
facet normal 0.920504342088225 0.3907323331856787 0
outer loop
vertex 47.81532287597656 42.32022476196289 3.549999952316284
vertex 47.81532287597656 42.32022476196289 0
vertex 47.54180908203125 42.96458053588867 0
endloop
endfacet
facet normal 0.9205039260909031 0.39073331320893684 0
outer loop
vertex 53.32463073730469 29.341108322143555 0
vertex 53.59814453125 28.696754455566406 3.549999952316284
vertex 53.59814453125 28.696754455566406 0
endloop
endfacet
facet normal -0.92050630212286 -0.39072771561804787 0
outer loop
vertex 52.14433670043945 44.918235778808594 3.549999952316284
vertex 52.14433670043945 44.918235778808594 0
vertex 52.4178466796875 44.27388000488281 0
endloop
endfacet
facet normal 0.39073081972207935 -0.9205049845162774 0
outer loop
vertex 52.14433670043945 44.918235778808594 0
vertex 52.14433670043945 44.918235778808594 3.549999952316284
vertex 47.54180908203125 42.96458053588867 0
endloop
endfacet
facet normal -0.9205039260909031 -0.39073331320893684 0
outer loop
vertex 57.927154541015625 31.294763565063477 3.549999952316284
vertex 58.20066833496094 30.650409698486328 0
vertex 58.20066833496094 30.650409698486328 3.549999952316284
endloop
endfacet
facet normal -0.9205039260909031 -0.39073331320893684 0
outer loop
vertex 57.927154541015625 31.294763565063477 0
vertex 58.20066833496094 30.650409698486328 0
vertex 57.927154541015625 31.294763565063477 3.549999952316284
endloop
endfacet
facet normal 0.1950798514286955 0.9807873630744628 0
outer loop
vertex 11.283468246459961 -42.31711959838867 1.7000000476837158
vertex 11.283468246459961 -42.31711959838867 0
vertex 11.111261367797852 -42.282867431640625 1.7000000476837158
endloop
endfacet
facet normal 0.8314665660174577 0.5555747920803612 0
outer loop
vertex 10.965270042419434 -42.18531799316406 1.7000000476837158
vertex 10.965270042419434 -42.18531799316406 0
vertex 10.867722511291504 -42.039329528808594 1.7000000476837158
endloop
endfacet
facet normal -0.1950788122039888 -0.9807875697770038 0
outer loop
vertex 11.283468246459961 -41.41712188720703 1.7000000476837158
vertex 11.283468246459961 -41.41712188720703 0
vertex 11.455676078796387 -41.45137405395508 1.7000000476837158
endloop
endfacet
facet normal 0.9807852845629332 0.19509030110388895 0
outer loop
vertex 10.833468437194824 -41.867122650146484 0
vertex 10.833468437194824 -41.867122650146484 1.7000000476837158
vertex 10.867722511291504 -42.039329528808594 0
endloop
endfacet
facet normal 0.1950798514286955 -0.9807873630744628 0
outer loop
vertex 11.111261367797852 -41.45137405395508 1.7000000476837158
vertex 11.111261367797852 -41.45137405395508 0
vertex 11.283468246459961 -41.41712188720703 1.7000000476837158
endloop
endfacet
facet normal 0.5555747749587596 -0.8314665774578817 0
outer loop
vertex 10.965270042419434 -41.54892349243164 1.7000000476837158
vertex 10.965270042419434 -41.54892349243164 0
vertex 11.111261367797852 -41.45137405395508 1.7000000476837158
endloop
endfacet
facet normal -0.9807861114401027 -0.19508614406513386 0
outer loop
vertex 11.699213981628418 -41.69491195678711 1.7000000476837158
vertex 11.699213981628418 -41.69491195678711 0
vertex 11.733468055725098 -41.867122650146484 1.7000000476837158
endloop
endfacet
facet normal 0.8314665660174577 -0.5555747920803612 0
outer loop
vertex 10.867722511291504 -41.69491195678711 1.7000000476837158
vertex 10.867722511291504 -41.69491195678711 0
vertex 10.965270042419434 -41.54892349243164 1.7000000476837158
endloop
endfacet
facet normal -0.8314665660174577 -0.5555747920803612 0
outer loop
vertex 11.601666450500488 -41.54892349243164 1.7000000476837158
vertex 11.601666450500488 -41.54892349243164 0
vertex 11.699213981628418 -41.69491195678711 1.7000000476837158
endloop
endfacet
facet normal 0.5555747749587596 0.8314665774578817 0
outer loop
vertex 10.965270042419434 -42.18531799316406 0
vertex 10.965270042419434 -42.18531799316406 1.7000000476837158
vertex 11.111261367797852 -42.282867431640625 0
endloop
endfacet
facet normal 0 0 -1
outer loop
vertex 11.283468246459961 -41.41712188720703 1.7000000476837158
vertex 11.111261367797852 -42.282867431640625 1.7000000476837158
vertex 11.111261367797852 -41.45137405395508 1.7000000476837158
endloop
endfacet
facet normal 0 0 -1
outer loop
vertex 11.455676078796387 -41.45137405395508 1.7000000476837158
vertex 11.283468246459961 -42.31711959838867 1.7000000476837158
vertex 11.283468246459961 -41.41712188720703 1.7000000476837158
endloop
endfacet
facet normal 0 0 -1
outer loop
vertex 11.601666450500488 -41.54892349243164 1.7000000476837158
vertex 11.455676078796387 -42.282867431640625 1.7000000476837158
vertex 11.455676078796387 -41.45137405395508 1.7000000476837158
endloop
endfacet
facet normal 0 0 -1
outer loop
vertex 11.601666450500488 -41.54892349243164 1.7000000476837158
vertex 11.699213981628418 -41.69491195678711 1.7000000476837158
vertex 11.601666450500488 -42.18531799316406 1.7000000476837158
endloop
endfacet
facet normal -0.1950788122039888 0.9807875697770038 0
outer loop
vertex 11.455676078796387 -42.282867431640625 0
vertex 11.283468246459961 -42.31711959838867 0
vertex 11.283468246459961 -42.31711959838867 1.7000000476837158
endloop
endfacet
facet normal -0.5555772839934787 0.8314649009491799 0
outer loop
vertex 11.601666450500488 -42.18531799316406 0
vertex 11.455676078796387 -42.282867431640625 0
vertex 11.455676078796387 -42.282867431640625 1.7000000476837158
endloop
endfacet
facet normal -0.8314665660174577 0.5555747920803612 0
outer loop
vertex 11.699213981628418 -42.039329528808594 0
vertex 11.601666450500488 -42.18531799316406 0
vertex 11.601666450500488 -42.18531799316406 1.7000000476837158
endloop
endfacet
facet normal 0.8314665660174577 0.5555747920803612 0
outer loop
vertex 10.965270042419434 -42.18531799316406 0
vertex 10.867722511291504 -42.039329528808594 0
vertex 10.867722511291504 -42.039329528808594 1.7000000476837158
endloop
endfacet
facet normal 0.1950798514286955 0.9807873630744628 0
outer loop
vertex 11.283468246459961 -42.31711959838867 0
vertex 11.111261367797852 -42.282867431640625 0
vertex 11.111261367797852 -42.282867431640625 1.7000000476837158
endloop
endfacet
facet normal -0.5555772839934787 -0.8314649009491799 0
outer loop
vertex 11.601666450500488 -41.54892349243164 0
vertex 11.601666450500488 -41.54892349243164 1.7000000476837158
vertex 11.455676078796387 -41.45137405395508 0
endloop
endfacet
facet normal 0 0 -1
outer loop
vertex 11.111261367797852 -41.45137405395508 1.7000000476837158
vertex 10.965270042419434 -42.18531799316406 1.7000000476837158
vertex 10.965270042419434 -41.54892349243164 1.7000000476837158
endloop
endfacet
facet normal -0.8314665660174577 -0.5555747920803612 0
outer loop
vertex 11.601666450500488 -41.54892349243164 0
vertex 11.699213981628418 -41.69491195678711 0
vertex 11.699213981628418 -41.69491195678711 1.7000000476837158
endloop
endfacet
facet normal 0.9807861114401027 -0.19508614406513386 0
outer loop
vertex 10.833468437194824 -41.867122650146484 1.7000000476837158
vertex 10.833468437194824 -41.867122650146484 0
vertex 10.867722511291504 -41.69491195678711 1.7000000476837158
endloop
endfacet
facet normal 0 0 -1
outer loop
vertex 10.965270042419434 -41.54892349243164 1.7000000476837158
vertex 10.867722511291504 -42.039329528808594 1.7000000476837158
vertex 10.867722511291504 -41.69491195678711 1.7000000476837158
endloop
endfacet
facet normal -0.9807852845629332 0.19509030110388895 0
outer loop
vertex 11.733468055725098 -41.867122650146484 0
vertex 11.699213981628418 -42.039329528808594 0
vertex 11.699213981628418 -42.039329528808594 1.7000000476837158
endloop
endfacet
facet normal 0.9807861114401027 -0.19508614406513386 0
outer loop
vertex 10.867722511291504 -41.69491195678711 0
vertex 10.867722511291504 -41.69491195678711 1.7000000476837158
vertex 10.833468437194824 -41.867122650146484 0
endloop
endfacet
facet normal -0.9807861114401027 -0.19508614406513386 0
outer loop
vertex 11.699213981628418 -41.69491195678711 0
vertex 11.733468055725098 -41.867122650146484 0
vertex 11.733468055725098 -41.867122650146484 1.7000000476837158
endloop
endfacet
facet normal -0.1950788122039888 -0.9807875697770038 0
outer loop
vertex 11.455676078796387 -41.45137405395508 0
vertex 11.455676078796387 -41.45137405395508 1.7000000476837158
vertex 11.283468246459961 -41.41712188720703 0
endloop
endfacet
facet normal 0 0 -1
outer loop
vertex 11.733468055725098 -41.867122650146484 1.7000000476837158
vertex 11.699213981628418 -42.039329528808594 1.7000000476837158
vertex 11.699213981628418 -41.69491195678711 1.7000000476837158
endloop
endfacet
facet normal 0 0 -1
outer loop
vertex 11.699213981628418 -42.039329528808594 1.7000000476837158
vertex 11.601666450500488 -42.18531799316406 1.7000000476837158
vertex 11.699213981628418 -41.69491195678711 1.7000000476837158
endloop
endfacet
facet normal 0 0 -1
outer loop
vertex 11.601666450500488 -42.18531799316406 1.7000000476837158
vertex 11.455676078796387 -42.282867431640625 1.7000000476837158
vertex 11.601666450500488 -41.54892349243164 1.7000000476837158
endloop
endfacet
facet normal 0.1950798514286955 -0.9807873630744628 0
outer loop
vertex 11.283468246459961 -41.41712188720703 0
vertex 11.283468246459961 -41.41712188720703 1.7000000476837158
vertex 11.111261367797852 -41.45137405395508 0
endloop
endfacet
facet normal 0.5555747749587596 -0.8314665774578817 0
outer loop
vertex 11.111261367797852 -41.45137405395508 0
vertex 11.111261367797852 -41.45137405395508 1.7000000476837158
vertex 10.965270042419434 -41.54892349243164 0
endloop
endfacet
facet normal 0 0 -1
outer loop
vertex 11.455676078796387 -42.282867431640625 1.7000000476837158
vertex 11.283468246459961 -42.31711959838867 1.7000000476837158
vertex 11.455676078796387 -41.45137405395508 1.7000000476837158
endloop
endfacet
facet normal 0 0 -1
outer loop
vertex 11.283468246459961 -42.31711959838867 1.7000000476837158
vertex 11.111261367797852 -42.282867431640625 1.7000000476837158
vertex 11.283468246459961 -41.41712188720703 1.7000000476837158
endloop
endfacet
facet normal 0 0 -1
outer loop
vertex 11.111261367797852 -42.282867431640625 1.7000000476837158
vertex 10.965270042419434 -42.18531799316406 1.7000000476837158
vertex 11.111261367797852 -41.45137405395508 1.7000000476837158
endloop
endfacet
facet normal -0.9807852845629332 0.19509030110388895 0
outer loop
vertex 11.733468055725098 -41.867122650146484 1.7000000476837158
vertex 11.733468055725098 -41.867122650146484 0
vertex 11.699213981628418 -42.039329528808594 1.7000000476837158
endloop
endfacet
facet normal 0 0 -1
outer loop
vertex 10.965270042419434 -42.18531799316406 1.7000000476837158
vertex 10.867722511291504 -42.039329528808594 1.7000000476837158
vertex 10.965270042419434 -41.54892349243164 1.7000000476837158
endloop
endfacet
facet normal -0.8314665660174577 0.5555747920803612 0
outer loop
vertex 11.699213981628418 -42.039329528808594 1.7000000476837158
vertex 11.699213981628418 -42.039329528808594 0
vertex 11.601666450500488 -42.18531799316406 1.7000000476837158
endloop
endfacet
facet normal -0.5555772839934787 0.8314649009491799 0
outer loop
vertex 11.601666450500488 -42.18531799316406 1.7000000476837158
vertex 11.601666450500488 -42.18531799316406 0
vertex 11.455676078796387 -42.282867431640625 1.7000000476837158
endloop
endfacet
facet normal 0.8314665660174577 -0.5555747920803612 0
outer loop
vertex 10.965270042419434 -41.54892349243164 0
vertex 10.965270042419434 -41.54892349243164 1.7000000476837158
vertex 10.867722511291504 -41.69491195678711 0
endloop
endfacet
facet normal 0 0 -1
outer loop
vertex 10.867722511291504 -42.039329528808594 1.7000000476837158
vertex 10.833468437194824 -41.867122650146484 1.7000000476837158
vertex 10.867722511291504 -41.69491195678711 1.7000000476837158
endloop
endfacet
facet normal -0.1950788122039888 0.9807875697770038 0
outer loop
vertex 11.455676078796387 -42.282867431640625 1.7000000476837158
vertex 11.455676078796387 -42.282867431640625 0
vertex 11.283468246459961 -42.31711959838867 1.7000000476837158
endloop
endfacet
facet normal 0.5555747749587596 0.8314665774578817 0
outer loop
vertex 11.111261367797852 -42.282867431640625 1.7000000476837158
vertex 11.111261367797852 -42.282867431640625 0
vertex 10.965270042419434 -42.18531799316406 1.7000000476837158
endloop
endfacet
facet normal 0.9807852845629332 0.19509030110388895 0
outer loop
vertex 10.867722511291504 -42.039329528808594 1.7000000476837158
vertex 10.867722511291504 -42.039329528808594 0
vertex 10.833468437194824 -41.867122650146484 1.7000000476837158
endloop
endfacet
facet normal -0.5555772839934787 -0.8314649009491799 0
outer loop
vertex 11.455676078796387 -41.45137405395508 1.7000000476837158
vertex 11.455676078796387 -41.45137405395508 0
vertex 11.601666450500488 -41.54892349243164 1.7000000476837158
endloop
endfacet
facet normal -0.1950788122039888 -0.9807875697770038 0
outer loop
vertex 11.455676078796387 -40.181373596191406 0
vertex 11.455676078796387 -40.181373596191406 1.7000000476837158
vertex 11.283468246459961 -40.14712142944336 0
endloop
endfacet
facet normal 0.9807852845629332 -0.19509030110388895 0
outer loop
vertex 10.867722511291504 -40.4249153137207 0
vertex 10.867722511291504 -40.4249153137207 1.7000000476837158
vertex 10.833468437194824 -40.59712219238281 0
endloop
endfacet
facet normal 0 0 -1
outer loop
vertex 11.601666450500488 -40.27892303466797 1.7000000476837158
vertex 11.455676078796387 -41.01286697387695 1.7000000476837158
vertex 11.455676078796387 -40.181373596191406 1.7000000476837158
endloop
endfacet
facet normal 0 0 -1
outer loop
vertex 11.455676078796387 -40.181373596191406 1.7000000476837158
vertex 11.283468246459961 -41.047122955322266 1.7000000476837158
vertex 11.283468246459961 -40.14712142944336 1.7000000476837158
endloop
endfacet
facet normal 0 0 -1
outer loop
vertex 11.733468055725098 -40.59712219238281 1.7000000476837158
vertex 11.699213981628418 -40.76932907104492 1.7000000476837158
vertex 11.699213981628418 -40.4249153137207 1.7000000476837158
endloop
endfacet
facet normal 0 0 -1
outer loop
vertex 11.699213981628418 -40.76932907104492 1.7000000476837158
vertex 11.601666450500488 -40.91531753540039 1.7000000476837158
vertex 11.699213981628418 -40.4249153137207 1.7000000476837158
endloop
endfacet
facet normal 0 0 -1
outer loop
vertex 11.601666450500488 -40.91531753540039 1.7000000476837158
vertex 11.455676078796387 -41.01286697387695 1.7000000476837158
vertex 11.601666450500488 -40.27892303466797 1.7000000476837158
endloop
endfacet
facet normal 0 0 -1
outer loop
vertex 11.455676078796387 -41.01286697387695 1.7000000476837158
vertex 11.283468246459961 -41.047122955322266 1.7000000476837158
vertex 11.455676078796387 -40.181373596191406 1.7000000476837158
endloop
endfacet
facet normal 0.1951007507126451 0.9807832059488795 0
outer loop
vertex 11.283468246459961 -41.047122955322266 0
vertex 11.111261367797852 -41.01286697387695 0
vertex 11.111261367797852 -41.01286697387695 1.7000000476837158
endloop
endfacet
facet normal 0 0 -1
outer loop
vertex 11.283468246459961 -40.14712142944336 1.7000000476837158
vertex 11.111261367797852 -41.01286697387695 1.7000000476837158
vertex 11.111261367797852 -40.181373596191406 1.7000000476837158
endloop
endfacet
facet normal 0 0 -1
outer loop
vertex 11.111261367797852 -40.181373596191406 1.7000000476837158
vertex 10.965270042419434 -40.91531753540039 1.7000000476837158
vertex 10.965270042419434 -40.27892303466797 1.7000000476837158
endloop
endfacet
facet normal 0.8314665660174577 0.5555747920803612 0
outer loop
vertex 10.965270042419434 -40.91531753540039 1.7000000476837158
vertex 10.965270042419434 -40.91531753540039 0
vertex 10.867722511291504 -40.76932907104492 1.7000000476837158
endloop
endfacet
facet normal 0.9807852845629332 0.19509030110388895 0
outer loop
vertex 10.867722511291504 -40.76932907104492 1.7000000476837158
vertex 10.867722511291504 -40.76932907104492 0
vertex 10.833468437194824 -40.59712219238281 1.7000000476837158
endloop
endfacet
facet normal 0 0 -1
outer loop
vertex 10.965270042419434 -40.27892303466797 1.7000000476837158
vertex 10.867722511291504 -40.76932907104492 1.7000000476837158
vertex 10.867722511291504 -40.4249153137207 1.7000000476837158
endloop
endfacet
facet normal 0.5555747749587596 0.8314665774578817 0
outer loop
vertex 11.111261367797852 -41.01286697387695 1.7000000476837158
vertex 11.111261367797852 -41.01286697387695 0
vertex 10.965270042419434 -40.91531753540039 1.7000000476837158
endloop
endfacet
facet normal 0.9807852845629332 -0.19509030110388895 0
outer loop
vertex 10.833468437194824 -40.59712219238281 1.7000000476837158
vertex 10.833468437194824 -40.59712219238281 0
vertex 10.867722511291504 -40.4249153137207 1.7000000476837158
endloop
endfacet
facet normal 0.8314732719568675 -0.5555647559208026 0
outer loop
vertex 10.867722511291504 -40.4249153137207 1.7000000476837158
vertex 10.867722511291504 -40.4249153137207 0
vertex 10.965270042419434 -40.27892303466797 1.7000000476837158
endloop
endfacet
facet normal 0 0 -1
outer loop
vertex 11.283468246459961 -41.047122955322266 1.7000000476837158
vertex 11.111261367797852 -41.01286697387695 1.7000000476837158
vertex 11.283468246459961 -40.14712142944336 1.7000000476837158
endloop
endfacet
facet normal 0.5555747749587596 -0.8314665774578817 0
outer loop
vertex 10.965270042419434 -40.27892303466797 1.7000000476837158
vertex 10.965270042419434 -40.27892303466797 0
vertex 11.111261367797852 -40.181373596191406 1.7000000476837158
endloop
endfacet
facet normal 0.1950798514286955 -0.9807873630744628 0
outer loop
vertex 11.111261367797852 -40.181373596191406 1.7000000476837158
vertex 11.111261367797852 -40.181373596191406 0
vertex 11.283468246459961 -40.14712142944336 1.7000000476837158
endloop
endfacet
facet normal -0.5555772839934787 0.8314649009491799 0
outer loop
vertex 11.601666450500488 -40.91531753540039 1.7000000476837158
vertex 11.601666450500488 -40.91531753540039 0
vertex 11.455676078796387 -41.01286697387695 1.7000000476837158
endloop
endfacet
facet normal -0.8314665660174577 0.5555747920803612 0
outer loop
vertex 11.699213981628418 -40.76932907104492 1.7000000476837158
vertex 11.699213981628418 -40.76932907104492 0
vertex 11.601666450500488 -40.91531753540039 1.7000000476837158
endloop
endfacet
facet normal -0.9807852845629332 0.19509030110388895 0
outer loop
vertex 11.733468055725098 -40.59712219238281 1.7000000476837158
vertex 11.733468055725098 -40.59712219238281 0
vertex 11.699213981628418 -40.76932907104492 1.7000000476837158
endloop
endfacet
facet normal -0.1950788122039888 -0.9807875697770038 0
outer loop
vertex 11.283468246459961 -40.14712142944336 1.7000000476837158
vertex 11.283468246459961 -40.14712142944336 0
vertex 11.455676078796387 -40.181373596191406 1.7000000476837158
endloop
endfacet
facet normal -0.5555772839934787 -0.8314649009491799 0
outer loop
vertex 11.455676078796387 -40.181373596191406 1.7000000476837158
vertex 11.455676078796387 -40.181373596191406 0
vertex 11.601666450500488 -40.27892303466797 1.7000000476837158
endloop
endfacet
facet normal -0.9807852845629332 -0.19509030110388895 0
outer loop
vertex 11.699213981628418 -40.4249153137207 1.7000000476837158
vertex 11.699213981628418 -40.4249153137207 0
vertex 11.733468055725098 -40.59712219238281 1.7000000476837158
endloop
endfacet
facet normal -0.8314732719568675 -0.5555647559208026 0
outer loop
vertex 11.601666450500488 -40.27892303466797 1.7000000476837158
vertex 11.601666450500488 -40.27892303466797 0
vertex 11.699213981628418 -40.4249153137207 1.7000000476837158
endloop
endfacet
facet normal 0 0 -1
outer loop
vertex 11.111261367797852 -41.01286697387695 1.7000000476837158
vertex 10.965270042419434 -40.91531753540039 1.7000000476837158
vertex 11.111261367797852 -40.181373596191406 1.7000000476837158
endloop
endfacet
facet normal 0 0 -1
outer loop
vertex 10.965270042419434 -40.91531753540039 1.7000000476837158
vertex 10.867722511291504 -40.76932907104492 1.7000000476837158
vertex 10.965270042419434 -40.27892303466797 1.7000000476837158
endloop
endfacet
facet normal 0 0 -1
outer loop
vertex 10.867722511291504 -40.76932907104492 1.7000000476837158
vertex 10.833468437194824 -40.59712219238281 1.7000000476837158
vertex 10.867722511291504 -40.4249153137207 1.7000000476837158
endloop
endfacet
facet normal 0.1951007507126451 0.9807832059488795 0
outer loop
vertex 11.283468246459961 -41.047122955322266 1.7000000476837158
vertex 11.283468246459961 -41.047122955322266 0
vertex 11.111261367797852 -41.01286697387695 1.7000000476837158
endloop
endfacet
facet normal -0.19509971138541468 0.9807834126948354 0
outer loop
vertex 11.455676078796387 -41.01286697387695 0
vertex 11.283468246459961 -41.047122955322266 1.7000000476837158
vertex 11.455676078796387 -41.01286697387695 1.7000000476837158
endloop
endfacet
facet normal 0.8314665660174577 0.5555747920803612 0
outer loop
vertex 10.965270042419434 -40.91531753540039 0
vertex 10.867722511291504 -40.76932907104492 0
vertex 10.867722511291504 -40.76932907104492 1.7000000476837158
endloop
endfacet
facet normal 0.9807852845629332 0.19509030110388895 0
outer loop
vertex 10.833468437194824 -40.59712219238281 0
vertex 10.833468437194824 -40.59712219238281 1.7000000476837158
vertex 10.867722511291504 -40.76932907104492 0
endloop
endfacet
facet normal 0.5555747749587596 -0.8314665774578817 0
outer loop
vertex 11.111261367797852 -40.181373596191406 0
vertex 11.111261367797852 -40.181373596191406 1.7000000476837158
vertex 10.965270042419434 -40.27892303466797 0
endloop
endfacet
facet normal 0.1950798514286955 -0.9807873630744628 0
outer loop
vertex 11.283468246459961 -40.14712142944336 0
vertex 11.283468246459961 -40.14712142944336 1.7000000476837158
vertex 11.111261367797852 -40.181373596191406 0
endloop
endfacet
facet normal -0.5555772839934787 0.8314649009491799 0
outer loop
vertex 11.601666450500488 -40.91531753540039 0
vertex 11.455676078796387 -41.01286697387695 0
vertex 11.455676078796387 -41.01286697387695 1.7000000476837158
endloop
endfacet
facet normal -0.5555772839934787 -0.8314649009491799 0
outer loop
vertex 11.601666450500488 -40.27892303466797 0
vertex 11.601666450500488 -40.27892303466797 1.7000000476837158
vertex 11.455676078796387 -40.181373596191406 0
endloop
endfacet
facet normal -0.8314665660174577 0.5555747920803612 0
outer loop
vertex 11.699213981628418 -40.76932907104492 0
vertex 11.601666450500488 -40.91531753540039 0
vertex 11.601666450500488 -40.91531753540039 1.7000000476837158
endloop
endfacet
facet normal -0.19509971138541468 0.9807834126948354 0
outer loop
vertex 11.455676078796387 -41.01286697387695 0
vertex 11.283468246459961 -41.047122955322266 0
vertex 11.283468246459961 -41.047122955322266 1.7000000476837158
endloop
endfacet
facet normal -0.8314732719568675 -0.5555647559208026 0
outer loop
vertex 11.601666450500488 -40.27892303466797 0
vertex 11.699213981628418 -40.4249153137207 0
vertex 11.699213981628418 -40.4249153137207 1.7000000476837158
endloop
endfacet
facet normal -0.9807852845629332 -0.19509030110388895 0
outer loop
vertex 11.699213981628418 -40.4249153137207 0
vertex 11.733468055725098 -40.59712219238281 0
vertex 11.733468055725098 -40.59712219238281 1.7000000476837158
endloop
endfacet
facet normal -0.9807852845629332 0.19509030110388895 0
outer loop
vertex 11.733468055725098 -40.59712219238281 0
vertex 11.699213981628418 -40.76932907104492 0
vertex 11.699213981628418 -40.76932907104492 1.7000000476837158
endloop
endfacet
facet normal 0.8314732719568675 -0.5555647559208026 0
outer loop
vertex 10.965270042419434 -40.27892303466797 0
vertex 10.965270042419434 -40.27892303466797 1.7000000476837158
vertex 10.867722511291504 -40.4249153137207 0
endloop
endfacet
facet normal 0.5555747749587596 0.8314665774578817 0
outer loop
vertex 10.965270042419434 -40.91531753540039 0
vertex 10.965270042419434 -40.91531753540039 1.7000000476837158
vertex 11.111261367797852 -41.01286697387695 0
endloop
endfacet
facet normal 0 0 -1
outer loop
vertex 11.601666450500488 -40.27892303466797 1.7000000476837158
vertex 11.699213981628418 -40.4249153137207 1.7000000476837158
vertex 11.601666450500488 -40.91531753540039 1.7000000476837158
endloop
endfacet
facet normal -0.5555622638012966 -0.8314749371087372 0
outer loop
vertex 11.455676078796387 -38.911376953125 1.7000000476837158
vertex 11.455676078796387 -38.911376953125 0
vertex 11.601666450500488 -39.0089225769043 1.7000000476837158
endloop
endfacet
facet normal 0.5555597547738412 0.8314766135470253 0
outer loop
vertex 10.965270042419434 -39.645320892333984 0
vertex 10.965270042419434 -39.645320892333984 1.7000000476837158
vertex 11.111261367797852 -39.74286651611328 0
endloop
endfacet
facet normal -0.8314732719568675 -0.5555647559208026 0
outer loop
vertex 11.601666450500488 -39.0089225769043 1.7000000476837158
vertex 11.601666450500488 -39.0089225769043 0
vertex 11.699213981628418 -39.15491485595703 1.7000000476837158
endloop
endfacet
facet normal -0.19509971138541468 -0.9807834126948354 0
outer loop
vertex 11.283468246459961 -38.87712097167969 1.7000000476837158
vertex 11.283468246459961 -38.87712097167969 0
vertex 11.455676078796387 -38.911376953125 1.7000000476837158
endloop
endfacet
facet normal 0.1951007507126451 0.9807832059488795 0
outer loop
vertex 11.283468246459961 -39.777122497558594 0
vertex 11.111261367797852 -39.74286651611328 0
vertex 11.111261367797852 -39.74286651611328 1.7000000476837158
endloop
endfacet
facet normal -0.9807852845629332 -0.19509030110388895 0
outer loop
vertex 11.699213981628418 -39.15491485595703 1.7000000476837158
vertex 11.699213981628418 -39.15491485595703 0
vertex 11.733468055725098 -39.32712173461914 1.7000000476837158
endloop
endfacet
facet normal 0.1951007507126451 0.9807832059488795 0
outer loop
vertex 11.283468246459961 -39.777122497558594 1.7000000476837158
vertex 11.283468246459961 -39.777122497558594 0
vertex 11.111261367797852 -39.74286651611328 1.7000000476837158
endloop
endfacet
facet normal 0.8314732719568675 0.5555647559208026 0
outer loop
vertex 10.965270042419434 -39.645320892333984 1.7000000476837158
vertex 10.965270042419434 -39.645320892333984 0
vertex 10.867722511291504 -39.49932861328125 1.7000000476837158
endloop
endfacet
facet normal 0.9807852845629332 0.19509030110388895 0
outer loop
vertex 10.867722511291504 -39.49932861328125 1.7000000476837158
vertex 10.867722511291504 -39.49932861328125 0
vertex 10.833468437194824 -39.32712173461914 1.7000000476837158
endloop
endfacet
facet normal 0.5555597547738412 0.8314766135470253 0
outer loop
vertex 11.111261367797852 -39.74286651611328 1.7000000476837158
vertex 11.111261367797852 -39.74286651611328 0
vertex 10.965270042419434 -39.645320892333984 1.7000000476837158
endloop
endfacet
facet normal 0 0 -1
outer loop
vertex 10.867722511291504 -39.49932861328125 1.7000000476837158
vertex 10.833468437194824 -39.32712173461914 1.7000000476837158
vertex 10.867722511291504 -39.15491485595703 1.7000000476837158
endloop
endfacet
facet normal 0 0 -1
outer loop
vertex 10.965270042419434 -39.645320892333984 1.7000000476837158
vertex 10.867722511291504 -39.49932861328125 1.7000000476837158
vertex 10.965270042419434 -39.0089225769043 1.7000000476837158
endloop
endfacet
facet normal 0 0 -1
outer loop
vertex 11.111261367797852 -39.74286651611328 1.7000000476837158
vertex 10.965270042419434 -39.645320892333984 1.7000000476837158
vertex 11.111261367797852 -38.911376953125 1.7000000476837158
endloop
endfacet
facet normal 0 0 -1
outer loop
vertex 11.283468246459961 -39.777122497558594 1.7000000476837158
vertex 11.111261367797852 -39.74286651611328 1.7000000476837158
vertex 11.283468246459961 -38.87712097167969 1.7000000476837158
endloop
endfacet
facet normal 0 0 -1
outer loop
vertex 11.455676078796387 -39.74286651611328 1.7000000476837158
vertex 11.283468246459961 -39.777122497558594 1.7000000476837158
vertex 11.455676078796387 -38.911376953125 1.7000000476837158
endloop
endfacet
facet normal 0 0 -1
outer loop
vertex 11.601666450500488 -39.645320892333984 1.7000000476837158
vertex 11.455676078796387 -39.74286651611328 1.7000000476837158
vertex 11.601666450500488 -39.0089225769043 1.7000000476837158
endloop
endfacet
facet normal 0 0 -1
outer loop
vertex 11.699213981628418 -39.49932861328125 1.7000000476837158
vertex 11.601666450500488 -39.645320892333984 1.7000000476837158
vertex 11.699213981628418 -39.15491485595703 1.7000000476837158
endloop
endfacet
facet normal 0 0 -1
outer loop
vertex 11.733468055725098 -39.32712173461914 1.7000000476837158
vertex 11.699213981628418 -39.49932861328125 1.7000000476837158
vertex 11.699213981628418 -39.15491485595703 1.7000000476837158
endloop
endfacet
facet normal 0 0 -1
outer loop
vertex 10.965270042419434 -39.0089225769043 1.7000000476837158
vertex 10.867722511291504 -39.49932861328125 1.7000000476837158
vertex 10.867722511291504 -39.15491485595703 1.7000000476837158
endloop
endfacet
facet normal -0.19509971138541468 0.9807834126948354 0
outer loop
vertex 11.455676078796387 -39.74286651611328 1.7000000476837158
vertex 11.455676078796387 -39.74286651611328 0
vertex 11.283468246459961 -39.777122497558594 1.7000000476837158
endloop
endfacet
facet normal -0.5555622638012966 0.8314749371087372 0
outer loop
vertex 11.601666450500488 -39.645320892333984 1.7000000476837158
vertex 11.601666450500488 -39.645320892333984 0
vertex 11.455676078796387 -39.74286651611328 1.7000000476837158
endloop
endfacet
facet normal -0.8314732719568675 0.5555647559208026 0
outer loop
vertex 11.699213981628418 -39.49932861328125 1.7000000476837158
vertex 11.699213981628418 -39.49932861328125 0
vertex 11.601666450500488 -39.645320892333984 1.7000000476837158
endloop
endfacet
facet normal -0.9807852845629332 0.19509030110388895 0
outer loop
vertex 11.733468055725098 -39.32712173461914 1.7000000476837158
vertex 11.733468055725098 -39.32712173461914 0
vertex 11.699213981628418 -39.49932861328125 1.7000000476837158
endloop
endfacet
facet normal 0.9807852845629332 -0.19509030110388895 0
outer loop
vertex 10.833468437194824 -39.32712173461914 1.7000000476837158
vertex 10.833468437194824 -39.32712173461914 0
vertex 10.867722511291504 -39.15491485595703 1.7000000476837158
endloop
endfacet
facet normal 0.8314732719568675 0.5555647559208026 0
outer loop
vertex 10.965270042419434 -39.645320892333984 0
vertex 10.867722511291504 -39.49932861328125 0
vertex 10.867722511291504 -39.49932861328125 1.7000000476837158
endloop
endfacet
facet normal 0.9807852845629332 0.19509030110388895 0
outer loop
vertex 10.833468437194824 -39.32712173461914 0
vertex 10.833468437194824 -39.32712173461914 1.7000000476837158
vertex 10.867722511291504 -39.49932861328125 0
endloop
endfacet
facet normal 0.8314732719568675 -0.5555647559208026 0
outer loop
vertex 10.867722511291504 -39.15491485595703 1.7000000476837158
vertex 10.867722511291504 -39.15491485595703 0
vertex 10.965270042419434 -39.0089225769043 1.7000000476837158
endloop
endfacet
facet normal 0.5555597547738412 -0.8314766135470253 0
outer loop
vertex 10.965270042419434 -39.0089225769043 1.7000000476837158
vertex 10.965270042419434 -39.0089225769043 0
vertex 11.111261367797852 -38.911376953125 1.7000000476837158
endloop
endfacet
facet normal 0 0 -1
outer loop
vertex 11.111261367797852 -38.911376953125 1.7000000476837158
vertex 10.965270042419434 -39.645320892333984 1.7000000476837158
vertex 10.965270042419434 -39.0089225769043 1.7000000476837158
endloop
endfacet
facet normal 0 0 -1
outer loop
vertex 11.283468246459961 -38.87712097167969 1.7000000476837158
vertex 11.111261367797852 -39.74286651611328 1.7000000476837158
vertex 11.111261367797852 -38.911376953125 1.7000000476837158
endloop
endfacet
facet normal 0 0 -1
outer loop
vertex 11.455676078796387 -38.911376953125 1.7000000476837158
vertex 11.283468246459961 -39.777122497558594 1.7000000476837158
vertex 11.283468246459961 -38.87712097167969 1.7000000476837158
endloop
endfacet
facet normal 0 0 -1
outer loop
vertex 11.601666450500488 -39.0089225769043 1.7000000476837158
vertex 11.455676078796387 -39.74286651611328 1.7000000476837158
vertex 11.455676078796387 -38.911376953125 1.7000000476837158
endloop
endfacet
facet normal 0 0 -1
outer loop
vertex 11.601666450500488 -39.0089225769043 1.7000000476837158
vertex 11.699213981628418 -39.15491485595703 1.7000000476837158
vertex 11.601666450500488 -39.645320892333984 1.7000000476837158
endloop
endfacet
facet normal 0.1951007507126451 -0.9807832059488795 0
outer loop
vertex 11.111261367797852 -38.911376953125 1.7000000476837158
vertex 11.111261367797852 -38.911376953125 0
vertex 11.283468246459961 -38.87712097167969 1.7000000476837158
endloop
endfacet
facet normal -0.5555622638012966 -0.8314749371087372 0
outer loop
vertex 11.601666450500488 -39.0089225769043 0
vertex 11.601666450500488 -39.0089225769043 1.7000000476837158
vertex 11.455676078796387 -38.911376953125 0
endloop
endfacet
facet normal -0.8314732719568675 -0.5555647559208026 0
outer loop
vertex 11.601666450500488 -39.0089225769043 0
vertex 11.699213981628418 -39.15491485595703 0
vertex 11.699213981628418 -39.15491485595703 1.7000000476837158
endloop
endfacet
facet normal -0.9807852845629332 -0.19509030110388895 0
outer loop
vertex 11.699213981628418 -39.15491485595703 0
vertex 11.733468055725098 -39.32712173461914 0
vertex 11.733468055725098 -39.32712173461914 1.7000000476837158
endloop
endfacet
facet normal -0.19509971138541468 -0.9807834126948354 0
outer loop
vertex 11.455676078796387 -38.911376953125 0
vertex 11.455676078796387 -38.911376953125 1.7000000476837158
vertex 11.283468246459961 -38.87712097167969 0
endloop
endfacet
facet normal 0.1951007507126451 -0.9807832059488795 0
outer loop
vertex 11.283468246459961 -38.87712097167969 0
vertex 11.283468246459961 -38.87712097167969 1.7000000476837158
vertex 11.111261367797852 -38.911376953125 0
endloop
endfacet
facet normal 0.5555597547738412 -0.8314766135470253 0
outer loop
vertex 11.111261367797852 -38.911376953125 0
vertex 11.111261367797852 -38.911376953125 1.7000000476837158
vertex 10.965270042419434 -39.0089225769043 0
endloop
endfacet
facet normal 0.8314732719568675 -0.5555647559208026 0
outer loop
vertex 10.965270042419434 -39.0089225769043 0
vertex 10.965270042419434 -39.0089225769043 1.7000000476837158
vertex 10.867722511291504 -39.15491485595703 0
endloop
endfacet
facet normal 0.9807852845629332 -0.19509030110388895 0
outer loop
vertex 10.867722511291504 -39.15491485595703 0
vertex 10.867722511291504 -39.15491485595703 1.7000000476837158
vertex 10.833468437194824 -39.32712173461914 0
endloop
endfacet
facet normal -0.9807852845629332 0.19509030110388895 0
outer loop
vertex 11.733468055725098 -39.32712173461914 0
vertex 11.699213981628418 -39.49932861328125 0
vertex 11.699213981628418 -39.49932861328125 1.7000000476837158
endloop
endfacet
facet normal -0.8314732719568675 0.5555647559208026 0
outer loop
vertex 11.699213981628418 -39.49932861328125 0
vertex 11.601666450500488 -39.645320892333984 0
vertex 11.601666450500488 -39.645320892333984 1.7000000476837158
endloop
endfacet
facet normal -0.5555622638012966 0.8314749371087372 0
outer loop
vertex 11.601666450500488 -39.645320892333984 0
vertex 11.455676078796387 -39.74286651611328 0
vertex 11.455676078796387 -39.74286651611328 1.7000000476837158
endloop
endfacet
facet normal -0.19509971138541468 0.9807834126948354 0
outer loop
vertex 11.455676078796387 -39.74286651611328 0
vertex 11.283468246459961 -39.777122497558594 0
vertex 11.283468246459961 -39.777122497558594 1.7000000476837158
endloop
endfacet
facet normal 0 0 -1
outer loop
vertex 11.601666450500488 -38.37532043457031 1.7000000476837158
vertex 11.455676078796387 -38.47286605834961 1.7000000476837158
vertex 11.601666450500488 -37.738922119140625 1.7000000476837158
endloop
endfacet
facet normal -0.19509971138541468 0.9807834126948354 0
outer loop
vertex 11.455676078796387 -38.47286605834961 0
vertex 11.283468246459961 -38.50712203979492 0
vertex 11.283468246459961 -38.50712203979492 1.7000000476837158
endloop
endfacet
facet normal 0.1951007507126451 0.9807832059488795 0
outer loop
vertex 11.283468246459961 -38.50712203979492 1.7000000476837158
vertex 11.283468246459961 -38.50712203979492 0
vertex 11.111261367797852 -38.47286605834961 1.7000000476837158
endloop
endfacet
facet normal 0.5555597547738412 0.8314766135470253 0
outer loop
vertex 11.111261367797852 -38.47286605834961 1.7000000476837158
vertex 11.111261367797852 -38.47286605834961 0
vertex 10.965270042419434 -38.37532043457031 1.7000000476837158
endloop
endfacet
facet normal 0 0 -1
outer loop
vertex 11.601666450500488 -37.738922119140625 1.7000000476837158
vertex 11.699213981628418 -37.88491439819336 1.7000000476837158
vertex 11.601666450500488 -38.37532043457031 1.7000000476837158
endloop
endfacet
facet normal -0.8314732719568675 -0.5555647559208026 0
outer loop
vertex 11.601666450500488 -37.738922119140625 1.7000000476837158
vertex 11.601666450500488 -37.738922119140625 0
vertex 11.699213981628418 -37.88491439819336 1.7000000476837158
endloop
endfacet
facet normal 0 0 -1
outer loop
vertex 11.111261367797852 -37.64137649536133 1.7000000476837158
vertex 10.965270042419434 -38.37532043457031 1.7000000476837158
vertex 10.965270042419434 -37.738922119140625 1.7000000476837158
endloop
endfacet
facet normal 0 0 -1
outer loop
vertex 10.965270042419434 -37.738922119140625 1.7000000476837158
vertex 10.867722511291504 -38.22932815551758 1.7000000476837158
vertex 10.867722511291504 -37.88491439819336 1.7000000476837158
endloop
endfacet
facet normal 0 0 -1
outer loop
vertex 11.283468246459961 -38.50712203979492 1.7000000476837158
vertex 11.111261367797852 -38.47286605834961 1.7000000476837158
vertex 11.283468246459961 -37.607120513916016 1.7000000476837158
endloop
endfacet
facet normal 0 0 -1
outer loop
vertex 11.111261367797852 -38.47286605834961 1.7000000476837158
vertex 10.965270042419434 -38.37532043457031 1.7000000476837158
vertex 11.111261367797852 -37.64137649536133 1.7000000476837158
endloop
endfacet
facet normal 0 0 -1
outer loop
vertex 10.965270042419434 -38.37532043457031 1.7000000476837158
vertex 10.867722511291504 -38.22932815551758 1.7000000476837158
vertex 10.965270042419434 -37.738922119140625 1.7000000476837158
endloop
endfacet
facet normal 0 0 -1
outer loop
vertex 10.867722511291504 -38.22932815551758 1.7000000476837158
vertex 10.833468437194824 -38.05712127685547 1.7000000476837158
vertex 10.867722511291504 -37.88491439819336 1.7000000476837158
endloop
endfacet
facet normal -0.9807852845629332 -0.19509030110388895 0
outer loop
vertex 11.699213981628418 -37.88491439819336 1.7000000476837158
vertex 11.699213981628418 -37.88491439819336 0
vertex 11.733468055725098 -38.05712127685547 1.7000000476837158
endloop
endfacet
facet normal -0.5555622638012966 -0.8314749371087372 0
outer loop
vertex 11.455676078796387 -37.64137649536133 1.7000000476837158
vertex 11.455676078796387 -37.64137649536133 0
vertex 11.601666450500488 -37.738922119140625 1.7000000476837158
endloop
endfacet
facet normal -0.19509971138541468 -0.9807834126948354 0
outer loop
vertex 11.283468246459961 -37.607120513916016 1.7000000476837158
vertex 11.283468246459961 -37.607120513916016 0
vertex 11.455676078796387 -37.64137649536133 1.7000000476837158
endloop
endfacet
facet normal 0 0 -1
outer loop
vertex 11.601666450500488 -37.738922119140625 1.7000000476837158
vertex 11.455676078796387 -38.47286605834961 1.7000000476837158
vertex 11.455676078796387 -37.64137649536133 1.7000000476837158
endloop
endfacet
facet normal 0 0 -1
outer loop
vertex 11.455676078796387 -38.47286605834961 1.7000000476837158
vertex 11.283468246459961 -38.50712203979492 1.7000000476837158
vertex 11.455676078796387 -37.64137649536133 1.7000000476837158
endloop
endfacet
facet normal 0 0 -1
outer loop
vertex 11.733468055725098 -38.05712127685547 1.7000000476837158
vertex 11.699213981628418 -38.22932815551758 1.7000000476837158
vertex 11.699213981628418 -37.88491439819336 1.7000000476837158
endloop
endfacet
facet normal 0 0 -1
outer loop
vertex 11.699213981628418 -38.22932815551758 1.7000000476837158
vertex 11.601666450500488 -38.37532043457031 1.7000000476837158
vertex 11.699213981628418 -37.88491439819336 1.7000000476837158
endloop
endfacet
facet normal 0 0 -1
outer loop
vertex 11.455676078796387 -37.64137649536133 1.7000000476837158
vertex 11.283468246459961 -38.50712203979492 1.7000000476837158
vertex 11.283468246459961 -37.607120513916016 1.7000000476837158
endloop
endfacet
facet normal -0.19509971138541468 0.9807834126948354 0
outer loop
vertex 11.455676078796387 -38.47286605834961 1.7000000476837158
vertex 11.455676078796387 -38.47286605834961 0
vertex 11.283468246459961 -38.50712203979492 1.7000000476837158
endloop
endfacet
facet normal 0.8314732719568675 0.5555647559208026 0
outer loop
vertex 10.965270042419434 -38.37532043457031 1.7000000476837158
vertex 10.965270042419434 -38.37532043457031 0
vertex 10.867722511291504 -38.22932815551758 1.7000000476837158
endloop
endfacet
facet normal 0.9807852845629332 0.19509030110388895 0
outer loop
vertex 10.867722511291504 -38.22932815551758 1.7000000476837158
vertex 10.867722511291504 -38.22932815551758 0
vertex 10.833468437194824 -38.05712127685547 1.7000000476837158
endloop
endfacet
facet normal 0.9807852845629332 -0.19509030110388895 0
outer loop
vertex 10.833468437194824 -38.05712127685547 1.7000000476837158
vertex 10.833468437194824 -38.05712127685547 0
vertex 10.867722511291504 -37.88491439819336 1.7000000476837158
endloop
endfacet
facet normal -0.5555622638012966 -0.8314749371087372 0
outer loop
vertex 11.601666450500488 -37.738922119140625 0
vertex 11.601666450500488 -37.738922119140625 1.7000000476837158
vertex 11.455676078796387 -37.64137649536133 0
endloop
endfacet
facet normal -0.8314732719568675 -0.5555647559208026 0
outer loop
vertex 11.601666450500488 -37.738922119140625 0
vertex 11.699213981628418 -37.88491439819336 0
vertex 11.699213981628418 -37.88491439819336 1.7000000476837158
endloop
endfacet
facet normal -0.9807852845629332 -0.19509030110388895 0
outer loop
vertex 11.699213981628418 -37.88491439819336 0
vertex 11.733468055725098 -38.05712127685547 0
vertex 11.733468055725098 -38.05712127685547 1.7000000476837158
endloop
endfacet
facet normal 0.8314732719568675 -0.5555647559208026 0
outer loop
vertex 10.867722511291504 -37.88491439819336 1.7000000476837158
vertex 10.867722511291504 -37.88491439819336 0
vertex 10.965270042419434 -37.738922119140625 1.7000000476837158
endloop
endfacet
facet normal -0.19509971138541468 -0.9807834126948354 0
outer loop
vertex 11.455676078796387 -37.64137649536133 0
vertex 11.455676078796387 -37.64137649536133 1.7000000476837158
vertex 11.283468246459961 -37.607120513916016 0
endloop
endfacet
facet normal -0.9807852845629332 0.19509030110388895 0
outer loop
vertex 11.733468055725098 -38.05712127685547 0
vertex 11.699213981628418 -38.22932815551758 0
vertex 11.699213981628418 -38.22932815551758 1.7000000476837158
endloop
endfacet
facet normal -0.8314732719568675 0.5555647559208026 0
outer loop
vertex 11.699213981628418 -38.22932815551758 0
vertex 11.601666450500488 -38.37532043457031 0
vertex 11.601666450500488 -38.37532043457031 1.7000000476837158
endloop
endfacet
facet normal 0 0 -1
outer loop
vertex 11.283468246459961 -37.607120513916016 1.7000000476837158
vertex 11.111261367797852 -38.47286605834961 1.7000000476837158
vertex 11.111261367797852 -37.64137649536133 1.7000000476837158
endloop
endfacet
facet normal 0.1951007507126451 -0.9807832059488795 0
outer loop
vertex 11.283468246459961 -37.607120513916016 0
vertex 11.283468246459961 -37.607120513916016 1.7000000476837158
vertex 11.111261367797852 -37.64137649536133 0
endloop
endfacet
facet normal 0.5555597547738412 -0.8314766135470253 0
outer loop
vertex 11.111261367797852 -37.64137649536133 0
vertex 11.111261367797852 -37.64137649536133 1.7000000476837158
vertex 10.965270042419434 -37.738922119140625 0
endloop
endfacet
facet normal 0.5555597547738412 -0.8314766135470253 0
outer loop
vertex 10.965270042419434 -37.738922119140625 1.7000000476837158
vertex 10.965270042419434 -37.738922119140625 0
vertex 11.111261367797852 -37.64137649536133 1.7000000476837158
endloop
endfacet
facet normal 0.1951007507126451 -0.9807832059488795 0
outer loop
vertex 11.111261367797852 -37.64137649536133 1.7000000476837158
vertex 11.111261367797852 -37.64137649536133 0
vertex 11.283468246459961 -37.607120513916016 1.7000000476837158
endloop
endfacet
facet normal -0.5555622638012966 0.8314749371087372 0
outer loop
vertex 11.601666450500488 -38.37532043457031 1.7000000476837158
vertex 11.601666450500488 -38.37532043457031 0
vertex 11.455676078796387 -38.47286605834961 1.7000000476837158
endloop
endfacet
facet normal -0.8314732719568675 0.5555647559208026 0
outer loop
vertex 11.699213981628418 -38.22932815551758 1.7000000476837158
vertex 11.699213981628418 -38.22932815551758 0
vertex 11.601666450500488 -38.37532043457031 1.7000000476837158
endloop
endfacet
facet normal -0.9807852845629332 0.19509030110388895 0
outer loop
vertex 11.733468055725098 -38.05712127685547 1.7000000476837158
vertex 11.733468055725098 -38.05712127685547 0
vertex 11.699213981628418 -38.22932815551758 1.7000000476837158
endloop
endfacet
facet normal 0.8314732719568675 -0.5555647559208026 0
outer loop
vertex 10.965270042419434 -37.738922119140625 0
vertex 10.965270042419434 -37.738922119140625 1.7000000476837158
vertex 10.867722511291504 -37.88491439819336 0
endloop
endfacet
facet normal 0.1951007507126451 0.9807832059488795 0
outer loop
vertex 11.283468246459961 -38.50712203979492 0
vertex 11.111261367797852 -38.47286605834961 0
vertex 11.111261367797852 -38.47286605834961 1.7000000476837158
endloop
endfacet
facet normal 0.9807852845629332 -0.19509030110388895 0
outer loop
vertex 10.867722511291504 -37.88491439819336 0
vertex 10.867722511291504 -37.88491439819336 1.7000000476837158
vertex 10.833468437194824 -38.05712127685547 0
endloop
endfacet
facet normal 0.5555597547738412 0.8314766135470253 0
outer loop
vertex 10.965270042419434 -38.37532043457031 0
vertex 10.965270042419434 -38.37532043457031 1.7000000476837158
vertex 11.111261367797852 -38.47286605834961 0
endloop
endfacet
facet normal 0.9807852845629332 0.19509030110388895 0
outer loop
vertex 10.833468437194824 -38.05712127685547 0
vertex 10.833468437194824 -38.05712127685547 1.7000000476837158
vertex 10.867722511291504 -38.22932815551758 0
endloop
endfacet
facet normal 0.8314732719568675 0.5555647559208026 0
outer loop
vertex 10.965270042419434 -38.37532043457031 0
vertex 10.867722511291504 -38.22932815551758 0
vertex 10.867722511291504 -38.22932815551758 1.7000000476837158
endloop
endfacet
facet normal -0.5555622638012966 0.8314749371087372 0
outer loop
vertex 11.601666450500488 -38.37532043457031 0
vertex 11.455676078796387 -38.47286605834961 0
vertex 11.455676078796387 -38.47286605834961 1.7000000476837158
endloop
endfacet
facet normal 0.8314732719568675 0.5555647559208026 0
outer loop
vertex 10.965270042419434 -37.10531997680664 1.7000000476837158
vertex 10.965270042419434 -37.10531997680664 0
vertex 10.867722511291504 -36.959327697753906 1.7000000476837158
endloop
endfacet
facet normal 0 0 -1
outer loop
vertex 11.601666450500488 -36.46892166137695 1.7000000476837158
vertex 11.699213981628418 -36.61491394042969 1.7000000476837158
vertex 11.601666450500488 -37.10531997680664 1.7000000476837158
endloop
endfacet
facet normal 0.1951007507126451 0.9807832059488795 0
outer loop
vertex 11.283468246459961 -37.23712158203125 1.7000000476837158
vertex 11.283468246459961 -37.23712158203125 0
vertex 11.111261367797852 -37.20286560058594 1.7000000476837158
endloop
endfacet
facet normal -0.5555622638012966 -0.8314749371087372 0
outer loop
vertex 11.601666450500488 -36.46892166137695 0
vertex 11.601666450500488 -36.46892166137695 1.7000000476837158
vertex 11.455676078796387 -36.371376037597656 0
endloop
endfacet
facet normal -0.5555622638012966 0.8314749371087372 0
outer loop
vertex 11.601666450500488 -37.10531997680664 0
vertex 11.455676078796387 -37.20286560058594 0
vertex 11.455676078796387 -37.20286560058594 1.7000000476837158
endloop
endfacet
facet normal -0.19509971138541468 0.9807834126948354 0
outer loop
vertex 11.455676078796387 -37.20286560058594 0
vertex 11.283468246459961 -37.23712158203125 0
vertex 11.283468246459961 -37.23712158203125 1.7000000476837158
endloop
endfacet
facet normal 0.1951007507126451 -0.9807832059488795 0
outer loop
vertex 11.111261367797852 -36.371376037597656 1.7000000476837158
vertex 11.111261367797852 -36.371376037597656 0
vertex 11.283468246459961 -36.337120056152344 1.7000000476837158
endloop
endfacet
facet normal 0.5555597547738412 -0.8314766135470253 0
outer loop
vertex 10.965270042419434 -36.46892166137695 1.7000000476837158
vertex 10.965270042419434 -36.46892166137695 0
vertex 11.111261367797852 -36.371376037597656 1.7000000476837158
endloop
endfacet
facet normal 0.8314732719568675 -0.5555647559208026 0
outer loop
vertex 10.867722511291504 -36.61491394042969 1.7000000476837158
vertex 10.867722511291504 -36.61491394042969 0
vertex 10.965270042419434 -36.46892166137695 1.7000000476837158
endloop
endfacet
facet normal 0.9807852845629332 -0.19509030110388895 0
outer loop
vertex 10.833468437194824 -36.7871208190918 1.7000000476837158
vertex 10.833468437194824 -36.7871208190918 0
vertex 10.867722511291504 -36.61491394042969 1.7000000476837158
endloop
endfacet
facet normal -0.9807852845629332 0.19509030110388895 0
outer loop
vertex 11.733468055725098 -36.7871208190918 1.7000000476837158
vertex 11.733468055725098 -36.7871208190918 0
vertex 11.699213981628418 -36.959327697753906 1.7000000476837158
endloop
endfacet
facet normal -0.8314732719568675 0.5555647559208026 0
outer loop
vertex 11.699213981628418 -36.959327697753906 1.7000000476837158
vertex 11.699213981628418 -36.959327697753906 0
vertex 11.601666450500488 -37.10531997680664 1.7000000476837158
endloop
endfacet
facet normal -0.8314732719568675 0.5555647559208026 0
outer loop
vertex 11.699213981628418 -36.959327697753906 0
vertex 11.601666450500488 -37.10531997680664 0
vertex 11.601666450500488 -37.10531997680664 1.7000000476837158
endloop
endfacet
facet normal -0.9807852845629332 0.19509030110388895 0
outer loop
vertex 11.733468055725098 -36.7871208190918 0
vertex 11.699213981628418 -36.959327697753906 0
vertex 11.699213981628418 -36.959327697753906 1.7000000476837158
endloop
endfacet
facet normal -0.19509971138541468 -0.9807834126948354 0
outer loop
vertex 11.283468246459961 -36.337120056152344 1.7000000476837158
vertex 11.283468246459961 -36.337120056152344 0
vertex 11.455676078796387 -36.371376037597656 1.7000000476837158
endloop
endfacet
facet normal -0.5555622638012966 0.8314749371087372 0
outer loop
vertex 11.601666450500488 -37.10531997680664 1.7000000476837158
vertex 11.601666450500488 -37.10531997680664 0
vertex 11.455676078796387 -37.20286560058594 1.7000000476837158
endloop
endfacet
facet normal -0.5555622638012966 -0.8314749371087372 0
outer loop
vertex 11.455676078796387 -36.371376037597656 1.7000000476837158
vertex 11.455676078796387 -36.371376037597656 0
vertex 11.601666450500488 -36.46892166137695 1.7000000476837158
endloop
endfacet
facet normal -0.19509971138541468 0.9807834126948354 0
outer loop
vertex 11.455676078796387 -37.20286560058594 1.7000000476837158
vertex 11.455676078796387 -37.20286560058594 0
vertex 11.283468246459961 -37.23712158203125 1.7000000476837158
endloop
endfacet
facet normal -0.9807852845629332 -0.19509030110388895 0
outer loop
vertex 11.699213981628418 -36.61491394042969 1.7000000476837158
vertex 11.699213981628418 -36.61491394042969 0
vertex 11.733468055725098 -36.7871208190918 1.7000000476837158
endloop
endfacet
facet normal -0.8314732719568675 -0.5555647559208026 0
outer loop
vertex 11.601666450500488 -36.46892166137695 1.7000000476837158
vertex 11.601666450500488 -36.46892166137695 0
vertex 11.699213981628418 -36.61491394042969 1.7000000476837158
endloop
endfacet
facet normal 0.1951007507126451 0.9807832059488795 0
outer loop
vertex 11.283468246459961 -37.23712158203125 0
vertex 11.111261367797852 -37.20286560058594 0
vertex 11.111261367797852 -37.20286560058594 1.7000000476837158
endloop
endfacet
facet normal 0.9807852845629332 -0.19509030110388895 0
outer loop
vertex 10.867722511291504 -36.61491394042969 0
vertex 10.867722511291504 -36.61491394042969 1.7000000476837158
vertex 10.833468437194824 -36.7871208190918 0
endloop
endfacet
facet normal 0 0 -1
outer loop
vertex 11.601666450500488 -36.46892166137695 1.7000000476837158
vertex 11.455676078796387 -37.20286560058594 1.7000000476837158
vertex 11.455676078796387 -36.371376037597656 1.7000000476837158
endloop
endfacet
facet normal 0 0 -1
outer loop
vertex 11.455676078796387 -36.371376037597656 1.7000000476837158
vertex 11.283468246459961 -37.23712158203125 1.7000000476837158
vertex 11.283468246459961 -36.337120056152344 1.7000000476837158
endloop
endfacet
facet normal 0 0 -1
outer loop
vertex 11.283468246459961 -36.337120056152344 1.7000000476837158
vertex 11.111261367797852 -37.20286560058594 1.7000000476837158
vertex 11.111261367797852 -36.371376037597656 1.7000000476837158
endloop
endfacet
facet normal 0.8314732719568675 -0.5555647559208026 0
outer loop
vertex 10.965270042419434 -36.46892166137695 0
vertex 10.965270042419434 -36.46892166137695 1.7000000476837158
vertex 10.867722511291504 -36.61491394042969 0
endloop
endfacet
facet normal 0.9807852845629332 0.19509030110388895 0
outer loop
vertex 10.833468437194824 -36.7871208190918 0
vertex 10.833468437194824 -36.7871208190918 1.7000000476837158
vertex 10.867722511291504 -36.959327697753906 0
endloop
endfacet
facet normal 0.5555597547738412 0.8314766135470253 0
outer loop
vertex 10.965270042419434 -37.10531997680664 0
vertex 10.965270042419434 -37.10531997680664 1.7000000476837158
vertex 11.111261367797852 -37.20286560058594 0
endloop
endfacet
facet normal 0 0 -1
outer loop
vertex 11.111261367797852 -36.371376037597656 1.7000000476837158
vertex 10.965270042419434 -37.10531997680664 1.7000000476837158
vertex 10.965270042419434 -36.46892166137695 1.7000000476837158
endloop
endfacet
facet normal 0 0 -1
outer loop
vertex 10.965270042419434 -36.46892166137695 1.7000000476837158
vertex 10.867722511291504 -36.959327697753906 1.7000000476837158
vertex 10.867722511291504 -36.61491394042969 1.7000000476837158
endloop
endfacet
facet normal 0.5555597547738412 -0.8314766135470253 0
outer loop
vertex 11.111261367797852 -36.371376037597656 0
vertex 11.111261367797852 -36.371376037597656 1.7000000476837158
vertex 10.965270042419434 -36.46892166137695 0
endloop
endfacet
facet normal 0.1951007507126451 -0.9807832059488795 0
outer loop
vertex 11.283468246459961 -36.337120056152344 0
vertex 11.283468246459961 -36.337120056152344 1.7000000476837158
vertex 11.111261367797852 -36.371376037597656 0
endloop
endfacet
facet normal -0.19509971138541468 -0.9807834126948354 0
outer loop
vertex 11.455676078796387 -36.371376037597656 0
vertex 11.455676078796387 -36.371376037597656 1.7000000476837158
vertex 11.283468246459961 -36.337120056152344 0
endloop
endfacet
facet normal -0.9807852845629332 -0.19509030110388895 0
outer loop
vertex 11.699213981628418 -36.61491394042969 0
vertex 11.733468055725098 -36.7871208190918 0
vertex 11.733468055725098 -36.7871208190918 1.7000000476837158
endloop
endfacet
facet normal -0.8314732719568675 -0.5555647559208026 0
outer loop
vertex 11.601666450500488 -36.46892166137695 0
vertex 11.699213981628418 -36.61491394042969 0
vertex 11.699213981628418 -36.61491394042969 1.7000000476837158
endloop
endfacet
facet normal 0 0 -1
outer loop
vertex 11.733468055725098 -36.7871208190918 1.7000000476837158
vertex 11.699213981628418 -36.959327697753906 1.7000000476837158
vertex 11.699213981628418 -36.61491394042969 1.7000000476837158
endloop
endfacet
facet normal 0 0 -1
outer loop
vertex 11.699213981628418 -36.959327697753906 1.7000000476837158
vertex 11.601666450500488 -37.10531997680664 1.7000000476837158
vertex 11.699213981628418 -36.61491394042969 1.7000000476837158
endloop
endfacet
facet normal 0 0 -1
outer loop
vertex 11.601666450500488 -37.10531997680664 1.7000000476837158
vertex 11.455676078796387 -37.20286560058594 1.7000000476837158
vertex 11.601666450500488 -36.46892166137695 1.7000000476837158
endloop
endfacet
facet normal 0 0 -1
outer loop
vertex 11.455676078796387 -37.20286560058594 1.7000000476837158
vertex 11.283468246459961 -37.23712158203125 1.7000000476837158
vertex 11.455676078796387 -36.371376037597656 1.7000000476837158
endloop
endfacet
facet normal 0 0 -1
outer loop
vertex 11.283468246459961 -37.23712158203125 1.7000000476837158
vertex 11.111261367797852 -37.20286560058594 1.7000000476837158
vertex 11.283468246459961 -36.337120056152344 1.7000000476837158
endloop
endfacet
facet normal 0 0 -1
outer loop
vertex 11.111261367797852 -37.20286560058594 1.7000000476837158
vertex 10.965270042419434 -37.10531997680664 1.7000000476837158
vertex 11.111261367797852 -36.371376037597656 1.7000000476837158
endloop
endfacet
facet normal 0 0 -1
outer loop
vertex 10.867722511291504 -36.959327697753906 1.7000000476837158
vertex 10.833468437194824 -36.7871208190918 1.7000000476837158
vertex 10.867722511291504 -36.61491394042969 1.7000000476837158
endloop
endfacet
facet normal 0 0 -1
outer loop
vertex 10.965270042419434 -37.10531997680664 1.7000000476837158
vertex 10.867722511291504 -36.959327697753906 1.7000000476837158
vertex 10.965270042419434 -36.46892166137695 1.7000000476837158
endloop
endfacet
facet normal 0.8314732719568675 0.5555647559208026 0
outer loop
vertex 10.965270042419434 -37.10531997680664 0
vertex 10.867722511291504 -36.959327697753906 0
vertex 10.867722511291504 -36.959327697753906 1.7000000476837158
endloop
endfacet
facet normal 0.9807852845629332 0.19509030110388895 0
outer loop
vertex 10.867722511291504 -36.959327697753906 1.7000000476837158
vertex 10.867722511291504 -36.959327697753906 0
vertex 10.833468437194824 -36.7871208190918 1.7000000476837158
endloop
endfacet
facet normal 0.5555597547738412 0.8314766135470253 0
outer loop
vertex 11.111261367797852 -37.20286560058594 1.7000000476837158
vertex 11.111261367797852 -37.20286560058594 0
vertex 10.965270042419434 -37.10531997680664 1.7000000476837158
endloop
endfacet
facet normal -0.5555622638012966 0.8314749371087372 0
outer loop
vertex 11.601666450500488 -35.83531951904297 1.7000000476837158
vertex 11.601666450500488 -35.83531951904297 0
vertex 11.455676078796387 -35.932865142822266 1.7000000476837158
endloop
endfacet
facet normal 0.5555597547738412 -0.8314766135470253 0
outer loop
vertex 11.111261367797852 -35.101375579833984 0
vertex 11.111261367797852 -35.101375579833984 1.7000000476837158
vertex 10.965270042419434 -35.19892120361328 0
endloop
endfacet
facet normal 0 0 -1
outer loop
vertex 11.601666450500488 -35.19892120361328 1.7000000476837158
vertex 11.455676078796387 -35.932865142822266 1.7000000476837158
vertex 11.455676078796387 -35.101375579833984 1.7000000476837158
endloop
endfacet
facet normal 0 0 -1
outer loop
vertex 11.455676078796387 -35.101375579833984 1.7000000476837158
vertex 11.283468246459961 -35.96712112426758 1.7000000476837158
vertex 11.283468246459961 -35.06711959838867 1.7000000476837158
endloop
endfacet
facet normal -0.9807852845629332 0.19509030110388895 0
outer loop
vertex 11.733468055725098 -35.517120361328125 1.7000000476837158
vertex 11.733468055725098 -35.517120361328125 0
vertex 11.699213981628418 -35.689327239990234 1.7000000476837158
endloop
endfacet
facet normal 0 0 -1
outer loop
vertex 11.733468055725098 -35.517120361328125 1.7000000476837158
vertex 11.699213981628418 -35.689327239990234 1.7000000476837158
vertex 11.699213981628418 -35.344913482666016 1.7000000476837158
endloop
endfacet
facet normal -0.19509971138541468 -0.9807834126948354 0
outer loop
vertex 11.283468246459961 -35.06711959838867 1.7000000476837158
vertex 11.283468246459961 -35.06711959838867 0
vertex 11.455676078796387 -35.101375579833984 1.7000000476837158
endloop
endfacet
facet normal -0.5555622638012966 -0.8314749371087372 0
outer loop
vertex 11.455676078796387 -35.101375579833984 1.7000000476837158
vertex 11.455676078796387 -35.101375579833984 0
vertex 11.601666450500488 -35.19892120361328 1.7000000476837158
endloop
endfacet
facet normal -0.9807852845629332 -0.19509030110388895 0
outer loop
vertex 11.699213981628418 -35.344913482666016 1.7000000476837158
vertex 11.699213981628418 -35.344913482666016 0
vertex 11.733468055725098 -35.517120361328125 1.7000000476837158
endloop
endfacet
facet normal 0 0 -1
outer loop
vertex 11.699213981628418 -35.689327239990234 1.7000000476837158
vertex 11.601666450500488 -35.83531951904297 1.7000000476837158
vertex 11.699213981628418 -35.344913482666016 1.7000000476837158
endloop
endfacet
facet normal -0.8314732719568675 -0.5555647559208026 0
outer loop
vertex 11.601666450500488 -35.19892120361328 1.7000000476837158
vertex 11.601666450500488 -35.19892120361328 0
vertex 11.699213981628418 -35.344913482666016 1.7000000476837158
endloop
endfacet
facet normal 0.8314732719568675 0.5555647559208026 0
outer loop
vertex 10.965270042419434 -35.83531951904297 1.7000000476837158
vertex 10.965270042419434 -35.83531951904297 0
vertex 10.867722511291504 -35.689327239990234 1.7000000476837158
endloop
endfacet
facet normal 0 0 -1
outer loop
vertex 11.601666450500488 -35.83531951904297 1.7000000476837158
vertex 11.455676078796387 -35.932865142822266 1.7000000476837158
vertex 11.601666450500488 -35.19892120361328 1.7000000476837158
endloop
endfacet
facet normal -0.8314732719568675 0.5555647559208026 0
outer loop
vertex 11.699213981628418 -35.689327239990234 1.7000000476837158
vertex 11.699213981628418 -35.689327239990234 0
vertex 11.601666450500488 -35.83531951904297 1.7000000476837158
endloop
endfacet
facet normal 0.1951007507126451 -0.9807832059488795 0
outer loop
vertex 11.283468246459961 -35.06711959838867 0
vertex 11.283468246459961 -35.06711959838867 1.7000000476837158
vertex 11.111261367797852 -35.101375579833984 0
endloop
endfacet
facet normal -0.8314732719568675 0.5555647559208026 0
outer loop
vertex 11.699213981628418 -35.689327239990234 0
vertex 11.601666450500488 -35.83531951904297 0
vertex 11.601666450500488 -35.83531951904297 1.7000000476837158
endloop
endfacet
facet normal -0.9807852845629332 0.19509030110388895 0
outer loop
vertex 11.733468055725098 -35.517120361328125 0
vertex 11.699213981628418 -35.689327239990234 0
vertex 11.699213981628418 -35.689327239990234 1.7000000476837158
endloop
endfacet
facet normal -0.19509971138541468 -0.9807834126948354 0
outer loop
vertex 11.455676078796387 -35.101375579833984 0
vertex 11.455676078796387 -35.101375579833984 1.7000000476837158
vertex 11.283468246459961 -35.06711959838867 0
endloop
endfacet
facet normal -0.9807852845629332 -0.19509030110388895 0
outer loop
vertex 11.699213981628418 -35.344913482666016 0
vertex 11.733468055725098 -35.517120361328125 0
vertex 11.733468055725098 -35.517120361328125 1.7000000476837158
endloop
endfacet
facet normal -0.8314732719568675 -0.5555647559208026 0
outer loop
vertex 11.601666450500488 -35.19892120361328 0
vertex 11.699213981628418 -35.344913482666016 0
vertex 11.699213981628418 -35.344913482666016 1.7000000476837158
endloop
endfacet
facet normal -0.5555622638012966 -0.8314749371087372 0
outer loop
vertex 11.601666450500488 -35.19892120361328 0
vertex 11.601666450500488 -35.19892120361328 1.7000000476837158
vertex 11.455676078796387 -35.101375579833984 0
endloop
endfacet
facet normal 0.8314732719568675 -0.5555647559208026 0
outer loop
vertex 10.965270042419434 -35.19892120361328 0
vertex 10.965270042419434 -35.19892120361328 1.7000000476837158
vertex 10.867722511291504 -35.344913482666016 0
endloop
endfacet
facet normal 0.9807852845629332 -0.19509030110388895 0
outer loop
vertex 10.867722511291504 -35.344913482666016 0
vertex 10.867722511291504 -35.344913482666016 1.7000000476837158
vertex 10.833468437194824 -35.517120361328125 0
endloop
endfacet
facet normal 0.5555597547738412 0.8314766135470253 0
outer loop
vertex 10.965270042419434 -35.83531951904297 0
vertex 10.965270042419434 -35.83531951904297 1.7000000476837158
vertex 11.111261367797852 -35.932865142822266 0
endloop
endfacet
facet normal 0.9807852845629332 0.19509030110388895 0
outer loop
vertex 10.833468437194824 -35.517120361328125 0
vertex 10.833468437194824 -35.517120361328125 1.7000000476837158
vertex 10.867722511291504 -35.689327239990234 0
endloop
endfacet
facet normal 0.8314732719568675 0.5555647559208026 0
outer loop
vertex 10.965270042419434 -35.83531951904297 0
vertex 10.867722511291504 -35.689327239990234 0
vertex 10.867722511291504 -35.689327239990234 1.7000000476837158
endloop
endfacet
facet normal -0.5555622638012966 0.8314749371087372 0
outer loop
vertex 11.601666450500488 -35.83531951904297 0
vertex 11.455676078796387 -35.932865142822266 0
vertex 11.455676078796387 -35.932865142822266 1.7000000476837158
endloop
endfacet
facet normal -0.19509971138541468 0.9807834126948354 0
outer loop
vertex 11.455676078796387 -35.932865142822266 0
vertex 11.283468246459961 -35.96712112426758 0
vertex 11.283468246459961 -35.96712112426758 1.7000000476837158
endloop
endfacet
facet normal 0 0 -1
outer loop
vertex 11.455676078796387 -35.932865142822266 1.7000000476837158
vertex 11.283468246459961 -35.96712112426758 1.7000000476837158
vertex 11.455676078796387 -35.101375579833984 1.7000000476837158
endloop
endfacet
facet normal 0 0 -1
outer loop
vertex 11.283468246459961 -35.06711959838867 1.7000000476837158
vertex 11.111261367797852 -35.932865142822266 1.7000000476837158
vertex 11.111261367797852 -35.101375579833984 1.7000000476837158
endloop
endfacet
facet normal 0 0 -1
outer loop
vertex 11.111261367797852 -35.101375579833984 1.7000000476837158
vertex 10.965270042419434 -35.83531951904297 1.7000000476837158
vertex 10.965270042419434 -35.19892120361328 1.7000000476837158
endloop
endfacet
facet normal 0 0 -1
outer loop
vertex 10.965270042419434 -35.19892120361328 1.7000000476837158
vertex 10.867722511291504 -35.689327239990234 1.7000000476837158
vertex 10.867722511291504 -35.344913482666016 1.7000000476837158
endloop
endfacet
facet normal 0 0 -1
outer loop
vertex 11.283468246459961 -35.96712112426758 1.7000000476837158
vertex 11.111261367797852 -35.932865142822266 1.7000000476837158
vertex 11.283468246459961 -35.06711959838867 1.7000000476837158
endloop
endfacet
facet normal 0 0 -1
outer loop
vertex 11.111261367797852 -35.932865142822266 1.7000000476837158
vertex 10.965270042419434 -35.83531951904297 1.7000000476837158
vertex 11.111261367797852 -35.101375579833984 1.7000000476837158
endloop
endfacet
facet normal 0 0 -1
outer loop
vertex 10.867722511291504 -35.689327239990234 1.7000000476837158
vertex 10.833468437194824 -35.517120361328125 1.7000000476837158
vertex 10.867722511291504 -35.344913482666016 1.7000000476837158
endloop
endfacet
facet normal 0 0 -1
outer loop
vertex 10.965270042419434 -35.83531951904297 1.7000000476837158
vertex 10.867722511291504 -35.689327239990234 1.7000000476837158
vertex 10.965270042419434 -35.19892120361328 1.7000000476837158
endloop
endfacet
facet normal 0.1951007507126451 -0.9807832059488795 0
outer loop
vertex 11.111261367797852 -35.101375579833984 1.7000000476837158
vertex 11.111261367797852 -35.101375579833984 0
vertex 11.283468246459961 -35.06711959838867 1.7000000476837158
endloop
endfacet
facet normal 0.5555597547738412 -0.8314766135470253 0
outer loop
vertex 10.965270042419434 -35.19892120361328 1.7000000476837158
vertex 10.965270042419434 -35.19892120361328 0
vertex 11.111261367797852 -35.101375579833984 1.7000000476837158
endloop
endfacet
facet normal 0 0 -1
outer loop
vertex 11.601666450500488 -35.19892120361328 1.7000000476837158
vertex 11.699213981628418 -35.344913482666016 1.7000000476837158
vertex 11.601666450500488 -35.83531951904297 1.7000000476837158
endloop
endfacet
facet normal 0.8314732719568675 -0.5555647559208026 0
outer loop
vertex 10.867722511291504 -35.344913482666016 1.7000000476837158
vertex 10.867722511291504 -35.344913482666016 0
vertex 10.965270042419434 -35.19892120361328 1.7000000476837158
endloop
endfacet
facet normal 0.5555597547738412 0.8314766135470253 0
outer loop
vertex 11.111261367797852 -35.932865142822266 1.7000000476837158
vertex 11.111261367797852 -35.932865142822266 0
vertex 10.965270042419434 -35.83531951904297 1.7000000476837158
endloop
endfacet
facet normal 0.1951007507126451 0.9807832059488795 0
outer loop
vertex 11.283468246459961 -35.96712112426758 1.7000000476837158
vertex 11.283468246459961 -35.96712112426758 0
vertex 11.111261367797852 -35.932865142822266 1.7000000476837158
endloop
endfacet
facet normal -0.19509971138541468 0.9807834126948354 0
outer loop
vertex 11.455676078796387 -35.932865142822266 1.7000000476837158
vertex 11.455676078796387 -35.932865142822266 0
vertex 11.283468246459961 -35.96712112426758 1.7000000476837158
endloop
endfacet
facet normal 0.9807852845629332 -0.19509030110388895 0
outer loop
vertex 10.833468437194824 -35.517120361328125 1.7000000476837158
vertex 10.833468437194824 -35.517120361328125 0
vertex 10.867722511291504 -35.344913482666016 1.7000000476837158
endloop
endfacet
facet normal 0.1951007507126451 0.9807832059488795 0
outer loop
vertex 11.283468246459961 -35.96712112426758 0
vertex 11.111261367797852 -35.932865142822266 0
vertex 11.111261367797852 -35.932865142822266 1.7000000476837158
endloop
endfacet
facet normal 0.9807852845629332 0.19509030110388895 0
outer loop
vertex 10.867722511291504 -35.689327239990234 1.7000000476837158
vertex 10.867722511291504 -35.689327239990234 0
vertex 10.833468437194824 -35.517120361328125 1.7000000476837158
endloop
endfacet
facet normal 0 0 -1
outer loop
vertex 11.601666450500488 -34.5653190612793 1.7000000476837158
vertex 11.455676078796387 -34.66286849975586 1.7000000476837158
vertex 11.601666450500488 -33.928924560546875 1.7000000476837158
endloop
endfacet
facet normal 0 0 -1
outer loop
vertex 11.699213981628418 -34.41932678222656 1.7000000476837158
vertex 11.601666450500488 -34.5653190612793 1.7000000476837158
vertex 11.699213981628418 -34.074913024902344 1.7000000476837158
endloop
endfacet
facet normal 0 0 -1
outer loop
vertex 11.733468055725098 -34.24711990356445 1.7000000476837158
vertex 11.699213981628418 -34.41932678222656 1.7000000476837158
vertex 11.699213981628418 -34.074913024902344 1.7000000476837158
endloop
endfacet
facet normal 0 0 -1
outer loop
vertex 10.965270042419434 -33.928924560546875 1.7000000476837158
vertex 10.867722511291504 -34.41932678222656 1.7000000476837158
vertex 10.867722511291504 -34.074913024902344 1.7000000476837158
endloop
endfacet
facet normal 0 0 -1
outer loop
vertex 11.455676078796387 -34.66286849975586 1.7000000476837158
vertex 11.283468246459961 -34.697120666503906 1.7000000476837158
vertex 11.455676078796387 -33.83137512207031 1.7000000476837158
endloop
endfacet
facet normal 0 0 -1
outer loop
vertex 11.111261367797852 -33.83137512207031 1.7000000476837158
vertex 10.965270042419434 -34.5653190612793 1.7000000476837158
vertex 10.965270042419434 -33.928924560546875 1.7000000476837158
endloop
endfacet
facet normal 0 0 -1
outer loop
vertex 11.283468246459961 -33.797122955322266 1.7000000476837158
vertex 11.111261367797852 -34.66286849975586 1.7000000476837158
vertex 11.111261367797852 -33.83137512207031 1.7000000476837158
endloop
endfacet
facet normal 0 0 -1
outer loop
vertex 11.455676078796387 -33.83137512207031 1.7000000476837158
vertex 11.283468246459961 -34.697120666503906 1.7000000476837158
vertex 11.283468246459961 -33.797122955322266 1.7000000476837158
endloop
endfacet
facet normal 0 0 -1
outer loop
vertex 11.601666450500488 -33.928924560546875 1.7000000476837158
vertex 11.455676078796387 -34.66286849975586 1.7000000476837158
vertex 11.455676078796387 -33.83137512207031 1.7000000476837158
endloop
endfacet
facet normal 0 0 -1
outer loop
vertex 11.283468246459961 -34.697120666503906 1.7000000476837158
vertex 11.111261367797852 -34.66286849975586 1.7000000476837158
vertex 11.283468246459961 -33.797122955322266 1.7000000476837158
endloop
endfacet
facet normal 0 0 -1
outer loop
vertex 11.111261367797852 -34.66286849975586 1.7000000476837158
vertex 10.965270042419434 -34.5653190612793 1.7000000476837158
vertex 11.111261367797852 -33.83137512207031 1.7000000476837158
endloop
endfacet
facet normal 0 0 -1
outer loop
vertex 10.867722511291504 -34.41932678222656 1.7000000476837158
vertex 10.833468437194824 -34.24711990356445 1.7000000476837158
vertex 10.867722511291504 -34.074913024902344 1.7000000476837158
endloop
endfacet
facet normal 0 0 -1
outer loop
vertex 10.965270042419434 -34.5653190612793 1.7000000476837158
vertex 10.867722511291504 -34.41932678222656 1.7000000476837158
vertex 10.965270042419434 -33.928924560546875 1.7000000476837158
endloop
endfacet
facet normal -0.9807852845629332 -0.19509030110388895 0
outer loop
vertex 11.699213981628418 -34.074913024902344 1.7000000476837158
vertex 11.699213981628418 -34.074913024902344 0
vertex 11.733468055725098 -34.24711990356445 1.7000000476837158
endloop
endfacet
facet normal -0.8314665660174577 -0.5555747920803612 0
outer loop
vertex 11.601666450500488 -33.928924560546875 0
vertex 11.699213981628418 -34.074913024902344 0
vertex 11.699213981628418 -34.074913024902344 1.7000000476837158
endloop
endfacet
facet normal -0.1950788122039888 -0.9807875697770038 0
outer loop
vertex 11.455676078796387 -33.83137512207031 0
vertex 11.455676078796387 -33.83137512207031 1.7000000476837158
vertex 11.283468246459961 -33.797122955322266 0
endloop
endfacet
facet normal -0.8314665660174577 -0.5555747920803612 0
outer loop
vertex 11.601666450500488 -33.928924560546875 1.7000000476837158
vertex 11.601666450500488 -33.928924560546875 0
vertex 11.699213981628418 -34.074913024902344 1.7000000476837158
endloop
endfacet
facet normal -0.5555772839934787 -0.8314649009491799 0
outer loop
vertex 11.455676078796387 -33.83137512207031 1.7000000476837158
vertex 11.455676078796387 -33.83137512207031 0
vertex 11.601666450500488 -33.928924560546875 1.7000000476837158
endloop
endfacet
facet normal -0.1950788122039888 -0.9807875697770038 0
outer loop
vertex 11.283468246459961 -33.797122955322266 1.7000000476837158
vertex 11.283468246459961 -33.797122955322266 0
vertex 11.455676078796387 -33.83137512207031 1.7000000476837158
endloop
endfacet
facet normal 0.1950798514286955 -0.9807873630744628 0
outer loop
vertex 11.111261367797852 -33.83137512207031 1.7000000476837158
vertex 11.111261367797852 -33.83137512207031 0
vertex 11.283468246459961 -33.797122955322266 1.7000000476837158
endloop
endfacet
facet normal 0.5555747749587596 -0.8314665774578817 0
outer loop
vertex 10.965270042419434 -33.928924560546875 1.7000000476837158
vertex 10.965270042419434 -33.928924560546875 0
vertex 11.111261367797852 -33.83137512207031 1.7000000476837158
endloop
endfacet
facet normal 0.8314665660174577 -0.5555747920803612 0
outer loop
vertex 10.867722511291504 -34.074913024902344 1.7000000476837158
vertex 10.867722511291504 -34.074913024902344 0
vertex 10.965270042419434 -33.928924560546875 1.7000000476837158
endloop
endfacet
facet normal 0.1950798514286955 -0.9807873630744628 0
outer loop
vertex 11.283468246459961 -33.797122955322266 0
vertex 11.283468246459961 -33.797122955322266 1.7000000476837158
vertex 11.111261367797852 -33.83137512207031 0
endloop
endfacet
facet normal 0.5555747749587596 -0.8314665774578817 0
outer loop
vertex 11.111261367797852 -33.83137512207031 0
vertex 11.111261367797852 -33.83137512207031 1.7000000476837158
vertex 10.965270042419434 -33.928924560546875 0
endloop
endfacet
facet normal 0.8314665660174577 -0.5555747920803612 0
outer loop
vertex 10.965270042419434 -33.928924560546875 0
vertex 10.965270042419434 -33.928924560546875 1.7000000476837158
vertex 10.867722511291504 -34.074913024902344 0
endloop
endfacet
facet normal 0.9807852845629332 -0.19509030110388895 0
outer loop
vertex 10.867722511291504 -34.074913024902344 0
vertex 10.867722511291504 -34.074913024902344 1.7000000476837158
vertex 10.833468437194824 -34.24711990356445 0
endloop
endfacet
facet normal -0.9807852845629332 -0.19509030110388895 0
outer loop
vertex 11.733468055725098 -34.24711990356445 0
vertex 11.733468055725098 -34.24711990356445 1.7000000476837158
vertex 11.699213981628418 -34.074913024902344 0
endloop
endfacet
facet normal -0.9807852845629332 0.19509030110388895 0
outer loop
vertex 11.733468055725098 -34.24711990356445 0
vertex 11.699213981628418 -34.41932678222656 0
vertex 11.699213981628418 -34.41932678222656 1.7000000476837158
endloop
endfacet
facet normal -0.5555772839934787 -0.8314649009491799 0
outer loop
vertex 11.601666450500488 -33.928924560546875 0
vertex 11.601666450500488 -33.928924560546875 1.7000000476837158
vertex 11.455676078796387 -33.83137512207031 0
endloop
endfacet
facet normal -0.8314732719568675 0.5555647559208026 0
outer loop
vertex 11.699213981628418 -34.41932678222656 0
vertex 11.601666450500488 -34.5653190612793 0
vertex 11.601666450500488 -34.5653190612793 1.7000000476837158
endloop
endfacet
facet normal -0.5555772839934787 0.8314649009491799 0
outer loop
vertex 11.601666450500488 -34.5653190612793 0
vertex 11.455676078796387 -34.66286849975586 0
vertex 11.455676078796387 -34.66286849975586 1.7000000476837158
endloop
endfacet
facet normal -0.1950788122039888 0.9807875697770038 0
outer loop
vertex 11.455676078796387 -34.66286849975586 0
vertex 11.283468246459961 -34.697120666503906 0
vertex 11.283468246459961 -34.697120666503906 1.7000000476837158
endloop
endfacet
facet normal 0.5555747749587596 0.8314665774578817 0
outer loop
vertex 10.965270042419434 -34.5653190612793 0
vertex 10.965270042419434 -34.5653190612793 1.7000000476837158
vertex 11.111261367797852 -34.66286849975586 0
endloop
endfacet
facet normal 0.9807852845629332 0.19509030110388895 0
outer loop
vertex 10.833468437194824 -34.24711990356445 0
vertex 10.833468437194824 -34.24711990356445 1.7000000476837158
vertex 10.867722511291504 -34.41932678222656 0
endloop
endfacet
facet normal 0.8314732719568675 0.5555647559208026 0
outer loop
vertex 10.965270042419434 -34.5653190612793 0
vertex 10.867722511291504 -34.41932678222656 0
vertex 10.867722511291504 -34.41932678222656 1.7000000476837158
endloop
endfacet
facet normal 0.1950798514286955 0.9807873630744628 0
outer loop
vertex 11.283468246459961 -34.697120666503906 0
vertex 11.111261367797852 -34.66286849975586 0
vertex 11.111261367797852 -34.66286849975586 1.7000000476837158
endloop
endfacet
facet normal -0.9807852845629332 0.19509030110388895 0
outer loop
vertex 11.733468055725098 -34.24711990356445 1.7000000476837158
vertex 11.733468055725098 -34.24711990356445 0
vertex 11.699213981628418 -34.41932678222656 1.7000000476837158
endloop
endfacet
facet normal -0.8314732719568675 0.5555647559208026 0
outer loop
vertex 11.699213981628418 -34.41932678222656 1.7000000476837158
vertex 11.699213981628418 -34.41932678222656 0
vertex 11.601666450500488 -34.5653190612793 1.7000000476837158
endloop
endfacet
facet normal -0.5555772839934787 0.8314649009491799 0
outer loop
vertex 11.601666450500488 -34.5653190612793 1.7000000476837158
vertex 11.601666450500488 -34.5653190612793 0
vertex 11.455676078796387 -34.66286849975586 1.7000000476837158
endloop
endfacet
facet normal -0.1950788122039888 0.9807875697770038 0
outer loop
vertex 11.455676078796387 -34.66286849975586 1.7000000476837158
vertex 11.455676078796387 -34.66286849975586 0
vertex 11.283468246459961 -34.697120666503906 1.7000000476837158
endloop
endfacet
facet normal 0.9807852845629332 -0.19509030110388895 0
outer loop
vertex 10.833468437194824 -34.24711990356445 1.7000000476837158
vertex 10.833468437194824 -34.24711990356445 0
vertex 10.867722511291504 -34.074913024902344 1.7000000476837158
endloop
endfacet
facet normal 0.9807852845629332 0.19509030110388895 0
outer loop
vertex 10.867722511291504 -34.41932678222656 1.7000000476837158
vertex 10.867722511291504 -34.41932678222656 0
vertex 10.833468437194824 -34.24711990356445 1.7000000476837158
endloop
endfacet
facet normal 0.8314732719568675 0.5555647559208026 0
outer loop
vertex 10.965270042419434 -34.5653190612793 1.7000000476837158
vertex 10.965270042419434 -34.5653190612793 0
vertex 10.867722511291504 -34.41932678222656 1.7000000476837158
endloop
endfacet
facet normal 0.1950798514286955 0.9807873630744628 0
outer loop
vertex 11.283468246459961 -34.697120666503906 1.7000000476837158
vertex 11.283468246459961 -34.697120666503906 0
vertex 11.111261367797852 -34.66286849975586 1.7000000476837158
endloop
endfacet
facet normal 0.5555747749587596 0.8314665774578817 0
outer loop
vertex 11.111261367797852 -34.66286849975586 1.7000000476837158
vertex 11.111261367797852 -34.66286849975586 0
vertex 10.965270042419434 -34.5653190612793 1.7000000476837158
endloop
endfacet
facet normal 0 0 -1
outer loop
vertex 11.601666450500488 -33.928924560546875 1.7000000476837158
vertex 11.699213981628418 -34.074913024902344 1.7000000476837158
vertex 11.601666450500488 -34.5653190612793 1.7000000476837158
endloop
endfacet
facet normal 0.19507933181498546 -0.9807874664261461 0
outer loop
vertex -7.88870096206665 -33.83137512207031 1.7000000476837158
vertex -7.88870096206665 -33.83137512207031 0
vertex -7.716493606567383 -33.797122955322266 1.7000000476837158
endloop
endfacet
facet normal 0.5555760294739188 0.83146573920637 0
outer loop
vertex -8.03469181060791 -34.5653190612793 0
vertex -8.03469181060791 -34.5653190612793 1.7000000476837158
vertex -7.88870096206665 -34.66286849975586 0
endloop
endfacet
facet normal 0 0 -1
outer loop
vertex -7.544285774230957 -33.83137512207031 1.7000000476837158
vertex -7.716493606567383 -34.697120666503906 1.7000000476837158
vertex -7.716493606567383 -33.797122955322266 1.7000000476837158
endloop
endfacet
facet normal 0 0 -1
outer loop
vertex -7.716493606567383 -33.797122955322266 1.7000000476837158
vertex -7.88870096206665 -34.66286849975586 1.7000000476837158
vertex -7.88870096206665 -33.83137512207031 1.7000000476837158
endloop
endfacet
facet normal -0.8314665660174577 -0.5555747920803612 0
outer loop
vertex -7.3982954025268555 -33.928924560546875 1.7000000476837158
vertex -7.3982954025268555 -33.928924560546875 0
vertex -7.300747871398926 -34.074913024902344 1.7000000476837158
endloop
endfacet
facet normal -0.5555772839934787 -0.8314649009491799 0
outer loop
vertex -7.544285774230957 -33.83137512207031 1.7000000476837158
vertex -7.544285774230957 -33.83137512207031 0
vertex -7.3982954025268555 -33.928924560546875 1.7000000476837158
endloop
endfacet
facet normal 0.5555760294739188 -0.83146573920637 0
outer loop
vertex -8.03469181060791 -33.928924560546875 1.7000000476837158
vertex -8.03469181060791 -33.928924560546875 0
vertex -7.88870096206665 -33.83137512207031 1.7000000476837158
endloop
endfacet
facet normal 0.8314665660174577 -0.5555747920803612 0
outer loop
vertex -8.13223934173584 -34.074913024902344 1.7000000476837158
vertex -8.13223934173584 -34.074913024902344 0
vertex -8.03469181060791 -33.928924560546875 1.7000000476837158
endloop
endfacet
facet normal -0.9807847649190312 0.1950929135123066 0
outer loop
vertex -7.266493320465088 -34.24711990356445 1.7000000476837158
vertex -7.266493320465088 -34.24711990356445 0
vertex -7.300747871398926 -34.41932678222656 1.7000000476837158
endloop
endfacet
facet normal -0.8314732719568675 0.5555647559208026 0
outer loop
vertex -7.300747871398926 -34.41932678222656 1.7000000476837158
vertex -7.300747871398926 -34.41932678222656 0
vertex -7.3982954025268555 -34.5653190612793 1.7000000476837158
endloop
endfacet
facet normal -0.5555772839934787 0.8314649009491799 0
outer loop
vertex -7.3982954025268555 -34.5653190612793 1.7000000476837158
vertex -7.3982954025268555 -34.5653190612793 0
vertex -7.544285774230957 -34.66286849975586 1.7000000476837158
endloop
endfacet
facet normal 0.8314732719568675 0.5555647559208026 0
outer loop
vertex -8.03469181060791 -34.5653190612793 1.7000000476837158
vertex -8.03469181060791 -34.5653190612793 0
vertex -8.13223934173584 -34.41932678222656 1.7000000476837158
endloop
endfacet
facet normal -0.1950788122039888 0.9807875697770038 0
outer loop
vertex -7.544285774230957 -34.66286849975586 1.7000000476837158
vertex -7.544285774230957 -34.66286849975586 0
vertex -7.716493606567383 -34.697120666503906 1.7000000476837158
endloop
endfacet
facet normal -0.5555772839934787 -0.8314649009491799 0
outer loop
vertex -7.3982954025268555 -33.928924560546875 0
vertex -7.3982954025268555 -33.928924560546875 1.7000000476837158
vertex -7.544285774230957 -33.83137512207031 0
endloop
endfacet
facet normal -0.8314665660174577 -0.5555747920803612 0
outer loop
vertex -7.3982954025268555 -33.928924560546875 0
vertex -7.300747871398926 -34.074913024902344 0
vertex -7.300747871398926 -34.074913024902344 1.7000000476837158
endloop
endfacet
facet normal -0.1950788122039888 -0.9807875697770038 0
outer loop
vertex -7.544285774230957 -33.83137512207031 0
vertex -7.544285774230957 -33.83137512207031 1.7000000476837158
vertex -7.716493606567383 -33.797122955322266 0
endloop
endfacet
facet normal 0.19507933181498546 -0.9807874664261461 0
outer loop
vertex -7.716493606567383 -33.797122955322266 0
vertex -7.716493606567383 -33.797122955322266 1.7000000476837158
vertex -7.88870096206665 -33.83137512207031 0
endloop
endfacet
facet normal 0.5555760294739188 -0.83146573920637 0
outer loop
vertex -7.88870096206665 -33.83137512207031 0
vertex -7.88870096206665 -33.83137512207031 1.7000000476837158
vertex -8.03469181060791 -33.928924560546875 0
endloop
endfacet
facet normal 0.8314665660174577 -0.5555747920803612 0
outer loop
vertex -8.03469181060791 -33.928924560546875 0
vertex -8.03469181060791 -33.928924560546875 1.7000000476837158
vertex -8.13223934173584 -34.074913024902344 0
endloop
endfacet
facet normal 0.9807852845629332 -0.19509030110388895 0
outer loop
vertex -8.13223934173584 -34.074913024902344 0
vertex -8.13223934173584 -34.074913024902344 1.7000000476837158
vertex -8.16649341583252 -34.24711990356445 0
endloop
endfacet
facet normal 0.19507933181498546 0.9807874664261461 0
outer loop
vertex -7.716493606567383 -34.697120666503906 1.7000000476837158
vertex -7.716493606567383 -34.697120666503906 0
vertex -7.88870096206665 -34.66286849975586 1.7000000476837158
endloop
endfacet
facet normal 0.5555760294739188 0.83146573920637 0
outer loop
vertex -7.88870096206665 -34.66286849975586 1.7000000476837158
vertex -7.88870096206665 -34.66286849975586 0
vertex -8.03469181060791 -34.5653190612793 1.7000000476837158
endloop
endfacet
facet normal -0.1950788122039888 -0.9807875697770038 0
outer loop
vertex -7.716493606567383 -33.797122955322266 1.7000000476837158
vertex -7.716493606567383 -33.797122955322266 0
vertex -7.544285774230957 -33.83137512207031 1.7000000476837158
endloop
endfacet
facet normal 0 0 -1
outer loop
vertex -7.88870096206665 -33.83137512207031 1.7000000476837158
vertex -8.03469181060791 -34.5653190612793 1.7000000476837158
vertex -8.03469181060791 -33.928924560546875 1.7000000476837158
endloop
endfacet
facet normal -0.9807847649190312 -0.1950929135123066 0
outer loop
vertex -7.300747871398926 -34.074913024902344 1.7000000476837158
vertex -7.300747871398926 -34.074913024902344 0
vertex -7.266493320465088 -34.24711990356445 1.7000000476837158
endloop
endfacet
facet normal 0 0 -1
outer loop
vertex -8.03469181060791 -33.928924560546875 1.7000000476837158
vertex -8.13223934173584 -34.41932678222656 1.7000000476837158
vertex -8.13223934173584 -34.074913024902344 1.7000000476837158
endloop
endfacet
facet normal 0 0 -1
outer loop
vertex -7.3982954025268555 -33.928924560546875 1.7000000476837158
vertex -7.300747871398926 -34.074913024902344 1.7000000476837158
vertex -7.3982954025268555 -34.5653190612793 1.7000000476837158
endloop
endfacet
facet normal 0 0 -1
outer loop
vertex -7.266493320465088 -34.24711990356445 1.7000000476837158
vertex -7.300747871398926 -34.41932678222656 1.7000000476837158
vertex -7.300747871398926 -34.074913024902344 1.7000000476837158
endloop
endfacet
facet normal 0 0 -1
outer loop
vertex -7.300747871398926 -34.41932678222656 1.7000000476837158
vertex -7.3982954025268555 -34.5653190612793 1.7000000476837158
vertex -7.300747871398926 -34.074913024902344 1.7000000476837158
endloop
endfacet
facet normal 0 0 -1
outer loop
vertex -7.3982954025268555 -34.5653190612793 1.7000000476837158
vertex -7.544285774230957 -34.66286849975586 1.7000000476837158
vertex -7.3982954025268555 -33.928924560546875 1.7000000476837158
endloop
endfacet
facet normal 0 0 -1
outer loop
vertex -7.544285774230957 -34.66286849975586 1.7000000476837158
vertex -7.716493606567383 -34.697120666503906 1.7000000476837158
vertex -7.544285774230957 -33.83137512207031 1.7000000476837158
endloop
endfacet
facet normal 0 0 -1
outer loop
vertex -7.716493606567383 -34.697120666503906 1.7000000476837158
vertex -7.88870096206665 -34.66286849975586 1.7000000476837158
vertex -7.716493606567383 -33.797122955322266 1.7000000476837158
endloop
endfacet
facet normal 0 0 -1
outer loop
vertex -7.88870096206665 -34.66286849975586 1.7000000476837158
vertex -8.03469181060791 -34.5653190612793 1.7000000476837158
vertex -7.88870096206665 -33.83137512207031 1.7000000476837158
endloop
endfacet
facet normal 0 0 -1
outer loop
vertex -8.03469181060791 -34.5653190612793 1.7000000476837158
vertex -8.13223934173584 -34.41932678222656 1.7000000476837158
vertex -8.03469181060791 -33.928924560546875 1.7000000476837158
endloop
endfacet
facet normal 0.9807852845629332 0.19509030110388895 0
outer loop
vertex -8.16649341583252 -34.24711990356445 0
vertex -8.16649341583252 -34.24711990356445 1.7000000476837158
vertex -8.13223934173584 -34.41932678222656 0
endloop
endfacet
facet normal 0.9807852845629332 -0.19509030110388895 0
outer loop
vertex -8.16649341583252 -34.24711990356445 1.7000000476837158
vertex -8.16649341583252 -34.24711990356445 0
vertex -8.13223934173584 -34.074913024902344 1.7000000476837158
endloop
endfacet
facet normal 0.9807852845629332 0.19509030110388895 0
outer loop
vertex -8.13223934173584 -34.41932678222656 1.7000000476837158
vertex -8.13223934173584 -34.41932678222656 0
vertex -8.16649341583252 -34.24711990356445 1.7000000476837158
endloop
endfacet
facet normal 0 0 -1
outer loop
vertex -8.13223934173584 -34.41932678222656 1.7000000476837158
vertex -8.16649341583252 -34.24711990356445 1.7000000476837158
vertex -8.13223934173584 -34.074913024902344 1.7000000476837158
endloop
endfacet
facet normal 0.19507933181498546 0.9807874664261461 0
outer loop
vertex -7.716493606567383 -34.697120666503906 0
vertex -7.88870096206665 -34.66286849975586 0
vertex -7.88870096206665 -34.66286849975586 1.7000000476837158
endloop
endfacet
facet normal -0.1950788122039888 0.9807875697770038 0
outer loop
vertex -7.544285774230957 -34.66286849975586 0
vertex -7.716493606567383 -34.697120666503906 0
vertex -7.716493606567383 -34.697120666503906 1.7000000476837158
endloop
endfacet
facet normal -0.9807847649190312 -0.1950929135123066 0
outer loop
vertex -7.266493320465088 -34.24711990356445 0
vertex -7.266493320465088 -34.24711990356445 1.7000000476837158
vertex -7.300747871398926 -34.074913024902344 0
endloop
endfacet
facet normal -0.9807847649190312 0.1950929135123066 0
outer loop
vertex -7.300747871398926 -34.41932678222656 0
vertex -7.300747871398926 -34.41932678222656 1.7000000476837158
vertex -7.266493320465088 -34.24711990356445 0
endloop
endfacet
facet normal -0.8314732719568675 0.5555647559208026 0
outer loop
vertex -7.300747871398926 -34.41932678222656 0
vertex -7.3982954025268555 -34.5653190612793 0
vertex -7.3982954025268555 -34.5653190612793 1.7000000476837158
endloop
endfacet
facet normal -0.5555772839934787 0.8314649009491799 0
outer loop
vertex -7.3982954025268555 -34.5653190612793 0
vertex -7.544285774230957 -34.66286849975586 0
vertex -7.544285774230957 -34.66286849975586 1.7000000476837158
endloop
endfacet
facet normal 0.8314732719568675 0.5555647559208026 0
outer loop
vertex -8.03469181060791 -34.5653190612793 0
vertex -8.13223934173584 -34.41932678222656 0
vertex -8.13223934173584 -34.41932678222656 1.7000000476837158
endloop
endfacet
facet normal 0 0 -1
outer loop
vertex -7.3982954025268555 -33.928924560546875 1.7000000476837158
vertex -7.544285774230957 -34.66286849975586 1.7000000476837158
vertex -7.544285774230957 -33.83137512207031 1.7000000476837158
endloop
endfacet
facet normal 0.19510023104767313 0.9807833093222704 0
outer loop
vertex -7.716493606567383 -35.96712112426758 1.7000000476837158
vertex -7.716493606567383 -35.96712112426758 0
vertex -7.88870096206665 -35.932865142822266 1.7000000476837158
endloop
endfacet
facet normal -0.19509971138541468 0.9807834126948354 0
outer loop
vertex -7.544285774230957 -35.932865142822266 1.7000000476837158
vertex -7.544285774230957 -35.932865142822266 0
vertex -7.716493606567383 -35.96712112426758 1.7000000476837158
endloop
endfacet
facet normal 0.9807852845629332 0.19509030110388895 0
outer loop
vertex -8.13223934173584 -35.689327239990234 1.7000000476837158
vertex -8.13223934173584 -35.689327239990234 0
vertex -8.16649341583252 -35.517120361328125 1.7000000476837158
endloop
endfacet
facet normal -0.5555622638012966 -0.8314749371087372 0
outer loop
vertex -7.3982954025268555 -35.19892120361328 0
vertex -7.3982954025268555 -35.19892120361328 1.7000000476837158
vertex -7.544285774230957 -35.101375579833984 0
endloop
endfacet
facet normal -0.8314732719568675 -0.5555647559208026 0
outer loop
vertex -7.3982954025268555 -35.19892120361328 0
vertex -7.300747871398926 -35.344913482666016 0
vertex -7.300747871398926 -35.344913482666016 1.7000000476837158
endloop
endfacet
facet normal -0.9807847649190312 -0.1950929135123066 0
outer loop
vertex -7.300747871398926 -35.344913482666016 0
vertex -7.266493320465088 -35.517120361328125 0
vertex -7.266493320465088 -35.517120361328125 1.7000000476837158
endloop
endfacet
facet normal 0.5555610092853684 0.8314757753307204 0
outer loop
vertex -7.88870096206665 -35.932865142822266 1.7000000476837158
vertex -7.88870096206665 -35.932865142822266 0
vertex -8.03469181060791 -35.83531951904297 1.7000000476837158
endloop
endfacet
facet normal 0 0 -1
outer loop
vertex -8.13223934173584 -35.689327239990234 1.7000000476837158
vertex -8.16649341583252 -35.517120361328125 1.7000000476837158
vertex -8.13223934173584 -35.344913482666016 1.7000000476837158
endloop
endfacet
facet normal 0.9807852845629332 -0.19509030110388895 0
outer loop
vertex -8.16649341583252 -35.517120361328125 1.7000000476837158
vertex -8.16649341583252 -35.517120361328125 0
vertex -8.13223934173584 -35.344913482666016 1.7000000476837158
endloop
endfacet
facet normal 0.19510023104767313 -0.9807833093222704 0
outer loop
vertex -7.716493606567383 -35.06711959838867 0
vertex -7.716493606567383 -35.06711959838867 1.7000000476837158
vertex -7.88870096206665 -35.101375579833984 0
endloop
endfacet
facet normal 0.5555610092853684 -0.8314757753307204 0
outer loop
vertex -7.88870096206665 -35.101375579833984 0
vertex -7.88870096206665 -35.101375579833984 1.7000000476837158
vertex -8.03469181060791 -35.19892120361328 0
endloop
endfacet
facet normal 0.8314732719568675 -0.5555647559208026 0
outer loop
vertex -8.03469181060791 -35.19892120361328 0
vertex -8.03469181060791 -35.19892120361328 1.7000000476837158
vertex -8.13223934173584 -35.344913482666016 0
endloop
endfacet
facet normal 0.8314732719568675 0.5555647559208026 0
outer loop
vertex -8.03469181060791 -35.83531951904297 0
vertex -8.13223934173584 -35.689327239990234 0
vertex -8.13223934173584 -35.689327239990234 1.7000000476837158
endloop
endfacet
facet normal 0.5555610092853684 0.8314757753307204 0
outer loop
vertex -8.03469181060791 -35.83531951904297 0
vertex -8.03469181060791 -35.83531951904297 1.7000000476837158
vertex -7.88870096206665 -35.932865142822266 0
endloop
endfacet
facet normal 0.8314732719568675 0.5555647559208026 0
outer loop
vertex -8.03469181060791 -35.83531951904297 1.7000000476837158
vertex -8.03469181060791 -35.83531951904297 0
vertex -8.13223934173584 -35.689327239990234 1.7000000476837158
endloop
endfacet
facet normal 0.9807852845629332 -0.19509030110388895 0
outer loop
vertex -8.13223934173584 -35.344913482666016 0
vertex -8.13223934173584 -35.344913482666016 1.7000000476837158
vertex -8.16649341583252 -35.517120361328125 0
endloop
endfacet
facet normal 0.9807852845629332 0.19509030110388895 0
outer loop
vertex -8.16649341583252 -35.517120361328125 0
vertex -8.16649341583252 -35.517120361328125 1.7000000476837158
vertex -8.13223934173584 -35.689327239990234 0
endloop
endfacet
facet normal -0.5555622638012966 0.8314749371087372 0
outer loop
vertex -7.3982954025268555 -35.83531951904297 0
vertex -7.544285774230957 -35.932865142822266 0
vertex -7.544285774230957 -35.932865142822266 1.7000000476837158
endloop
endfacet
facet normal 0 0 -1
outer loop
vertex -8.03469181060791 -35.83531951904297 1.7000000476837158
vertex -8.13223934173584 -35.689327239990234 1.7000000476837158
vertex -8.03469181060791 -35.19892120361328 1.7000000476837158
endloop
endfacet
facet normal 0 0 -1
outer loop
vertex -7.88870096206665 -35.932865142822266 1.7000000476837158
vertex -8.03469181060791 -35.83531951904297 1.7000000476837158
vertex -7.88870096206665 -35.101375579833984 1.7000000476837158
endloop
endfacet
facet normal 0 0 -1
outer loop
vertex -7.716493606567383 -35.96712112426758 1.7000000476837158
vertex -7.88870096206665 -35.932865142822266 1.7000000476837158
vertex -7.716493606567383 -35.06711959838867 1.7000000476837158
endloop
endfacet
facet normal -0.19509971138541468 0.9807834126948354 0
outer loop
vertex -7.544285774230957 -35.932865142822266 0
vertex -7.716493606567383 -35.96712112426758 0
vertex -7.716493606567383 -35.96712112426758 1.7000000476837158
endloop
endfacet
facet normal 0.19510023104767313 0.9807833093222704 0
outer loop
vertex -7.716493606567383 -35.96712112426758 0
vertex -7.88870096206665 -35.932865142822266 0
vertex -7.88870096206665 -35.932865142822266 1.7000000476837158
endloop
endfacet
facet normal 0 0 -1
outer loop
vertex -7.544285774230957 -35.932865142822266 1.7000000476837158
vertex -7.716493606567383 -35.96712112426758 1.7000000476837158
vertex -7.544285774230957 -35.101375579833984 1.7000000476837158
endloop
endfacet
facet normal 0 0 -1
outer loop
vertex -8.03469181060791 -35.19892120361328 1.7000000476837158
vertex -8.13223934173584 -35.689327239990234 1.7000000476837158
vertex -8.13223934173584 -35.344913482666016 1.7000000476837158
endloop
endfacet
facet normal 0 0 -1
outer loop
vertex -7.88870096206665 -35.101375579833984 1.7000000476837158
vertex -8.03469181060791 -35.83531951904297 1.7000000476837158
vertex -8.03469181060791 -35.19892120361328 1.7000000476837158
endloop
endfacet
facet normal 0 0 -1
outer loop
vertex -7.716493606567383 -35.06711959838867 1.7000000476837158
vertex -7.88870096206665 -35.932865142822266 1.7000000476837158
vertex -7.88870096206665 -35.101375579833984 1.7000000476837158
endloop
endfacet
facet normal 0 0 -1
outer loop
vertex -7.544285774230957 -35.101375579833984 1.7000000476837158
vertex -7.716493606567383 -35.96712112426758 1.7000000476837158
vertex -7.716493606567383 -35.06711959838867 1.7000000476837158
endloop
endfacet
facet normal 0 0 -1
outer loop
vertex -7.3982954025268555 -35.83531951904297 1.7000000476837158
vertex -7.544285774230957 -35.932865142822266 1.7000000476837158
vertex -7.3982954025268555 -35.19892120361328 1.7000000476837158
endloop
endfacet
facet normal 0 0 -1
outer loop
vertex -7.300747871398926 -35.689327239990234 1.7000000476837158
vertex -7.3982954025268555 -35.83531951904297 1.7000000476837158
vertex -7.300747871398926 -35.344913482666016 1.7000000476837158
endloop
endfacet
facet normal 0 0 -1
outer loop
vertex -7.266493320465088 -35.517120361328125 1.7000000476837158
vertex -7.300747871398926 -35.689327239990234 1.7000000476837158
vertex -7.300747871398926 -35.344913482666016 1.7000000476837158
endloop
endfacet
facet normal 0 0 -1
outer loop
vertex -7.3982954025268555 -35.19892120361328 1.7000000476837158
vertex -7.544285774230957 -35.932865142822266 1.7000000476837158
vertex -7.544285774230957 -35.101375579833984 1.7000000476837158
endloop
endfacet
facet normal 0 0 -1
outer loop
vertex -7.3982954025268555 -35.19892120361328 1.7000000476837158
vertex -7.300747871398926 -35.344913482666016 1.7000000476837158
vertex -7.3982954025268555 -35.83531951904297 1.7000000476837158
endloop
endfacet
facet normal 0.8314732719568675 -0.5555647559208026 0
outer loop
vertex -8.13223934173584 -35.344913482666016 1.7000000476837158
vertex -8.13223934173584 -35.344913482666016 0
vertex -8.03469181060791 -35.19892120361328 1.7000000476837158
endloop
endfacet
facet normal 0.5555610092853684 -0.8314757753307204 0
outer loop
vertex -8.03469181060791 -35.19892120361328 1.7000000476837158
vertex -8.03469181060791 -35.19892120361328 0
vertex -7.88870096206665 -35.101375579833984 1.7000000476837158
endloop
endfacet
facet normal 0.19510023104767313 -0.9807833093222704 0
outer loop
vertex -7.88870096206665 -35.101375579833984 1.7000000476837158
vertex -7.88870096206665 -35.101375579833984 0
vertex -7.716493606567383 -35.06711959838867 1.7000000476837158
endloop
endfacet
facet normal -0.19509971138541468 -0.9807834126948354 0
outer loop
vertex -7.716493606567383 -35.06711959838867 1.7000000476837158
vertex -7.716493606567383 -35.06711959838867 0
vertex -7.544285774230957 -35.101375579833984 1.7000000476837158
endloop
endfacet
facet normal -0.5555622638012966 0.8314749371087372 0
outer loop
vertex -7.3982954025268555 -35.83531951904297 1.7000000476837158
vertex -7.3982954025268555 -35.83531951904297 0
vertex -7.544285774230957 -35.932865142822266 1.7000000476837158
endloop
endfacet
facet normal -0.8314732719568675 0.5555647559208026 0
outer loop
vertex -7.300747871398926 -35.689327239990234 1.7000000476837158
vertex -7.300747871398926 -35.689327239990234 0
vertex -7.3982954025268555 -35.83531951904297 1.7000000476837158
endloop
endfacet
facet normal -0.9807847649190312 0.1950929135123066 0
outer loop
vertex -7.266493320465088 -35.517120361328125 1.7000000476837158
vertex -7.266493320465088 -35.517120361328125 0
vertex -7.300747871398926 -35.689327239990234 1.7000000476837158
endloop
endfacet
facet normal -0.9807847649190312 -0.1950929135123066 0
outer loop
vertex -7.300747871398926 -35.344913482666016 1.7000000476837158
vertex -7.300747871398926 -35.344913482666016 0
vertex -7.266493320465088 -35.517120361328125 1.7000000476837158
endloop
endfacet
facet normal -0.5555622638012966 -0.8314749371087372 0
outer loop
vertex -7.544285774230957 -35.101375579833984 1.7000000476837158
vertex -7.544285774230957 -35.101375579833984 0
vertex -7.3982954025268555 -35.19892120361328 1.7000000476837158
endloop
endfacet
facet normal -0.8314732719568675 -0.5555647559208026 0
outer loop
vertex -7.3982954025268555 -35.19892120361328 1.7000000476837158
vertex -7.3982954025268555 -35.19892120361328 0
vertex -7.300747871398926 -35.344913482666016 1.7000000476837158
endloop
endfacet
facet normal -0.9807847649190312 0.1950929135123066 0
outer loop
vertex -7.266493320465088 -35.517120361328125 0
vertex -7.300747871398926 -35.689327239990234 0
vertex -7.300747871398926 -35.689327239990234 1.7000000476837158
endloop
endfacet
facet normal -0.19509971138541468 -0.9807834126948354 0
outer loop
vertex -7.544285774230957 -35.101375579833984 0
vertex -7.544285774230957 -35.101375579833984 1.7000000476837158
vertex -7.716493606567383 -35.06711959838867 0
endloop
endfacet
facet normal -0.8314732719568675 0.5555647559208026 0
outer loop
vertex -7.300747871398926 -35.689327239990234 0
vertex -7.3982954025268555 -35.83531951904297 0
vertex -7.3982954025268555 -35.83531951904297 1.7000000476837158
endloop
endfacet
facet normal 0.9807852845629332 -0.19509030110388895 0
outer loop
vertex -8.166239738464355 -36.7871208190918 1.7000000476837158
vertex -8.166239738464355 -36.7871208190918 0
vertex -8.131985664367676 -36.61491394042969 1.7000000476837158
endloop
endfacet
facet normal 0.9807852845629332 0.19509030110388895 0
outer loop
vertex -8.131985664367676 -36.959327697753906 1.7000000476837158
vertex -8.131985664367676 -36.959327697753906 0
vertex -8.166239738464355 -36.7871208190918 1.7000000476837158
endloop
endfacet
facet normal 0 0 -1
outer loop
vertex -8.131985664367676 -36.959327697753906 1.7000000476837158
vertex -8.166239738464355 -36.7871208190918 1.7000000476837158
vertex -8.131985664367676 -36.61491394042969 1.7000000476837158
endloop
endfacet
facet normal 0 0 -1
outer loop
vertex -8.03443717956543 -37.10531997680664 1.7000000476837158
vertex -8.131985664367676 -36.959327697753906 1.7000000476837158
vertex -8.03443717956543 -36.46892166137695 1.7000000476837158
endloop
endfacet
facet normal 0 0 -1
outer loop
vertex -7.888447284698486 -37.20286560058594 1.7000000476837158
vertex -8.03443717956543 -37.10531997680664 1.7000000476837158
vertex -7.888447284698486 -36.371376037597656 1.7000000476837158
endloop
endfacet
facet normal 0 0 -1
outer loop
vertex -7.7162394523620605 -37.23712158203125 1.7000000476837158
vertex -7.888447284698486 -37.20286560058594 1.7000000476837158
vertex -7.7162394523620605 -36.337120056152344 1.7000000476837158
endloop
endfacet
facet normal 0 0 -1
outer loop
vertex -7.544032096862793 -37.20286560058594 1.7000000476837158
vertex -7.7162394523620605 -37.23712158203125 1.7000000476837158
vertex -7.544032096862793 -36.371376037597656 1.7000000476837158
endloop
endfacet
facet normal 0 0 -1
outer loop
vertex -7.398041725158691 -37.10531997680664 1.7000000476837158
vertex -7.544032096862793 -37.20286560058594 1.7000000476837158
vertex -7.398041725158691 -36.46892166137695 1.7000000476837158
endloop
endfacet
facet normal -0.8314720174542991 -0.5555666334387602 0
outer loop
vertex -7.398041725158691 -36.46892166137695 1.7000000476837158
vertex -7.398041725158691 -36.46892166137695 0
vertex -7.3004937171936035 -36.61491394042969 1.7000000476837158
endloop
endfacet
facet normal 0 0 -1
outer loop
vertex -7.3004937171936035 -36.959327697753906 1.7000000476837158
vertex -7.398041725158691 -37.10531997680664 1.7000000476837158
vertex -7.3004937171936035 -36.61491394042969 1.7000000476837158
endloop
endfacet
facet normal -0.5555622638012966 -0.8314749371087372 0
outer loop
vertex -7.544032096862793 -36.371376037597656 1.7000000476837158
vertex -7.544032096862793 -36.371376037597656 0
vertex -7.398041725158691 -36.46892166137695 1.7000000476837158
endloop
endfacet
facet normal -0.9807852845629332 -0.19509030110388895 0
outer loop
vertex -7.3004937171936035 -36.61491394042969 1.7000000476837158
vertex -7.3004937171936035 -36.61491394042969 0
vertex -7.266239643096924 -36.7871208190918 1.7000000476837158
endloop
endfacet
facet normal 0 0 -1
outer loop
vertex -7.266239643096924 -36.7871208190918 1.7000000476837158
vertex -7.3004937171936035 -36.959327697753906 1.7000000476837158
vertex -7.3004937171936035 -36.61491394042969 1.7000000476837158
endloop
endfacet
facet normal 0 0 -1
outer loop
vertex -8.03443717956543 -36.46892166137695 1.7000000476837158
vertex -8.131985664367676 -36.959327697753906 1.7000000476837158
vertex -8.131985664367676 -36.61491394042969 1.7000000476837158
endloop
endfacet
facet normal 0 0 -1
outer loop
vertex -7.888447284698486 -36.371376037597656 1.7000000476837158
vertex -8.03443717956543 -37.10531997680664 1.7000000476837158
vertex -8.03443717956543 -36.46892166137695 1.7000000476837158
endloop
endfacet
facet normal 0 0 -1
outer loop
vertex -7.7162394523620605 -36.337120056152344 1.7000000476837158
vertex -7.888447284698486 -37.20286560058594 1.7000000476837158
vertex -7.888447284698486 -36.371376037597656 1.7000000476837158
endloop
endfacet
facet normal 0 0 -1
outer loop
vertex -7.544032096862793 -36.371376037597656 1.7000000476837158
vertex -7.7162394523620605 -37.23712158203125 1.7000000476837158
vertex -7.7162394523620605 -36.337120056152344 1.7000000476837158
endloop
endfacet
facet normal 0 0 -1
outer loop
vertex -7.398041725158691 -36.46892166137695 1.7000000476837158
vertex -7.544032096862793 -37.20286560058594 1.7000000476837158
vertex -7.544032096862793 -36.371376037597656 1.7000000476837158
endloop
endfacet
facet normal 0 0 -1
outer loop
vertex -7.398041725158691 -36.46892166137695 1.7000000476837158
vertex -7.3004937171936035 -36.61491394042969 1.7000000476837158
vertex -7.398041725158691 -37.10531997680664 1.7000000476837158
endloop
endfacet
facet normal -0.5555622638012966 -0.8314749371087372 0
outer loop
vertex -7.398041725158691 -36.46892166137695 0
vertex -7.398041725158691 -36.46892166137695 1.7000000476837158
vertex -7.544032096862793 -36.371376037597656 0
endloop
endfacet
facet normal -0.8314720174542991 -0.5555666334387602 0
outer loop
vertex -7.398041725158691 -36.46892166137695 0
vertex -7.3004937171936035 -36.61491394042969 0
vertex -7.3004937171936035 -36.61491394042969 1.7000000476837158
endloop
endfacet
facet normal -0.9807852845629332 -0.19509030110388895 0
outer loop
vertex -7.3004937171936035 -36.61491394042969 0
vertex -7.266239643096924 -36.7871208190918 0
vertex -7.266239643096924 -36.7871208190918 1.7000000476837158
endloop
endfacet
facet normal -0.19510023104767313 -0.9807833093222704 0
outer loop
vertex -7.544032096862793 -36.371376037597656 0
vertex -7.544032096862793 -36.371376037597656 1.7000000476837158
vertex -7.7162394523620605 -36.337120056152344 0
endloop
endfacet
facet normal -0.19510023104767313 -0.9807833093222704 0
outer loop
vertex -7.7162394523620605 -36.337120056152344 1.7000000476837158
vertex -7.7162394523620605 -36.337120056152344 0
vertex -7.544032096862793 -36.371376037597656 1.7000000476837158
endloop
endfacet
facet normal 0.19509971138541468 -0.9807834126948354 0
outer loop
vertex -7.888447284698486 -36.371376037597656 1.7000000476837158
vertex -7.888447284698486 -36.371376037597656 0
vertex -7.7162394523620605 -36.337120056152344 1.7000000476837158
endloop
endfacet
facet normal 0.5555635183216256 -0.8314740988810756 0
outer loop
vertex -8.03443717956543 -36.46892166137695 1.7000000476837158
vertex -8.03443717956543 -36.46892166137695 0
vertex -7.888447284698486 -36.371376037597656 1.7000000476837158
endloop
endfacet
facet normal 0.8314707629512766 -0.5555685109482196 0
outer loop
vertex -8.131985664367676 -36.61491394042969 1.7000000476837158
vertex -8.131985664367676 -36.61491394042969 0
vertex -8.03443717956543 -36.46892166137695 1.7000000476837158
endloop
endfacet
facet normal -0.9807852845629332 0.19509030110388895 0
outer loop
vertex -7.266239643096924 -36.7871208190918 1.7000000476837158
vertex -7.266239643096924 -36.7871208190918 0
vertex -7.3004937171936035 -36.959327697753906 1.7000000476837158
endloop
endfacet
facet normal -0.8314720174542991 0.5555666334387602 0
outer loop
vertex -7.3004937171936035 -36.959327697753906 1.7000000476837158
vertex -7.3004937171936035 -36.959327697753906 0
vertex -7.398041725158691 -37.10531997680664 1.7000000476837158
endloop
endfacet
facet normal -0.5555622638012966 0.8314749371087372 0
outer loop
vertex -7.398041725158691 -37.10531997680664 1.7000000476837158
vertex -7.398041725158691 -37.10531997680664 0
vertex -7.544032096862793 -37.20286560058594 1.7000000476837158
endloop
endfacet
facet normal 0.8314707629512766 0.5555685109482196 0
outer loop
vertex -8.03443717956543 -37.10531997680664 1.7000000476837158
vertex -8.03443717956543 -37.10531997680664 0
vertex -8.131985664367676 -36.959327697753906 1.7000000476837158
endloop
endfacet
facet normal -0.19510023104767313 0.9807833093222704 0
outer loop
vertex -7.544032096862793 -37.20286560058594 1.7000000476837158
vertex -7.544032096862793 -37.20286560058594 0
vertex -7.7162394523620605 -37.23712158203125 1.7000000476837158
endloop
endfacet
facet normal 0.19509971138541468 0.9807834126948354 0
outer loop
vertex -7.7162394523620605 -37.23712158203125 1.7000000476837158
vertex -7.7162394523620605 -37.23712158203125 0
vertex -7.888447284698486 -37.20286560058594 1.7000000476837158
endloop
endfacet
facet normal 0.5555635183216256 0.8314740988810756 0
outer loop
vertex -7.888447284698486 -37.20286560058594 1.7000000476837158
vertex -7.888447284698486 -37.20286560058594 0
vertex -8.03443717956543 -37.10531997680664 1.7000000476837158
endloop
endfacet
facet normal 0.19509971138541468 -0.9807834126948354 0
outer loop
vertex -7.7162394523620605 -36.337120056152344 0
vertex -7.7162394523620605 -36.337120056152344 1.7000000476837158
vertex -7.888447284698486 -36.371376037597656 0
endloop
endfacet
facet normal 0.5555635183216256 -0.8314740988810756 0
outer loop
vertex -7.888447284698486 -36.371376037597656 0
vertex -7.888447284698486 -36.371376037597656 1.7000000476837158
vertex -8.03443717956543 -36.46892166137695 0
endloop
endfacet
facet normal 0.8314707629512766 -0.5555685109482196 0
outer loop
vertex -8.03443717956543 -36.46892166137695 0
vertex -8.03443717956543 -36.46892166137695 1.7000000476837158
vertex -8.131985664367676 -36.61491394042969 0
endloop
endfacet
facet normal -0.9807852845629332 0.19509030110388895 0
outer loop
vertex -7.266239643096924 -36.7871208190918 0
vertex -7.3004937171936035 -36.959327697753906 0
vertex -7.3004937171936035 -36.959327697753906 1.7000000476837158
endloop
endfacet
facet normal -0.8314720174542991 0.5555666334387602 0
outer loop
vertex -7.3004937171936035 -36.959327697753906 0
vertex -7.398041725158691 -37.10531997680664 0
vertex -7.398041725158691 -37.10531997680664 1.7000000476837158
endloop
endfacet
facet normal -0.5555622638012966 0.8314749371087372 0
outer loop
vertex -7.398041725158691 -37.10531997680664 0
vertex -7.544032096862793 -37.20286560058594 0
vertex -7.544032096862793 -37.20286560058594 1.7000000476837158
endloop
endfacet
facet normal 0.8314707629512766 0.5555685109482196 0
outer loop
vertex -8.03443717956543 -37.10531997680664 0
vertex -8.131985664367676 -36.959327697753906 0
vertex -8.131985664367676 -36.959327697753906 1.7000000476837158
endloop
endfacet
facet normal 0.5555635183216256 0.8314740988810756 0
outer loop
vertex -8.03443717956543 -37.10531997680664 0
vertex -8.03443717956543 -37.10531997680664 1.7000000476837158
vertex -7.888447284698486 -37.20286560058594 0
endloop
endfacet
facet normal -0.19510023104767313 0.9807833093222704 0
outer loop
vertex -7.544032096862793 -37.20286560058594 0
vertex -7.7162394523620605 -37.23712158203125 0
vertex -7.7162394523620605 -37.23712158203125 1.7000000476837158
endloop
endfacet
facet normal 0.19509971138541468 0.9807834126948354 0
outer loop
vertex -7.7162394523620605 -37.23712158203125 0
vertex -7.888447284698486 -37.20286560058594 0
vertex -7.888447284698486 -37.20286560058594 1.7000000476837158
endloop
endfacet
facet normal 0.9807852845629332 -0.19509030110388895 0
outer loop
vertex -8.131985664367676 -36.61491394042969 0
vertex -8.131985664367676 -36.61491394042969 1.7000000476837158
vertex -8.166239738464355 -36.7871208190918 0
endloop
endfacet
facet normal 0.9807852845629332 0.19509030110388895 0
outer loop
vertex -8.166239738464355 -36.7871208190918 0
vertex -8.166239738464355 -36.7871208190918 1.7000000476837158
vertex -8.131985664367676 -36.959327697753906 0
endloop
endfacet
facet normal -0.5555622638012966 0.8314749371087372 0
outer loop
vertex -7.398041725158691 -38.37532043457031 0
vertex -7.544032096862793 -38.47286605834961 0
vertex -7.544032096862793 -38.47286605834961 1.7000000476837158
endloop
endfacet
facet normal 0 0 -1
outer loop
vertex -7.398041725158691 -37.738922119140625 1.7000000476837158
vertex -7.3004937171936035 -37.88491439819336 1.7000000476837158
vertex -7.398041725158691 -38.37532043457031 1.7000000476837158
endloop
endfacet
facet normal 0 0 -1
outer loop
vertex -7.544032096862793 -37.64137649536133 1.7000000476837158
vertex -7.7162394523620605 -38.50712203979492 1.7000000476837158
vertex -7.7162394523620605 -37.607120513916016 1.7000000476837158
endloop
endfacet
facet normal 0 0 -1
outer loop
vertex -7.398041725158691 -38.37532043457031 1.7000000476837158
vertex -7.544032096862793 -38.47286605834961 1.7000000476837158
vertex -7.398041725158691 -37.738922119140625 1.7000000476837158
endloop
endfacet
facet normal 0.8314707629512766 0.5555685109482196 0
outer loop
vertex -8.03443717956543 -38.37532043457031 0
vertex -8.131985664367676 -38.22932815551758 0
vertex -8.131985664367676 -38.22932815551758 1.7000000476837158
endloop
endfacet
facet normal 0.8314707629512766 -0.5555685109482196 0
outer loop
vertex -8.03443717956543 -37.738922119140625 0
vertex -8.03443717956543 -37.738922119140625 1.7000000476837158
vertex -8.131985664367676 -37.88491439819336 0
endloop
endfacet
facet normal 0.5555635183216256 -0.8314740988810756 0
outer loop
vertex -7.888447284698486 -37.64137649536133 0
vertex -7.888447284698486 -37.64137649536133 1.7000000476837158
vertex -8.03443717956543 -37.738922119140625 0
endloop
endfacet
facet normal 0.19509971138541468 -0.9807834126948354 0
outer loop
vertex -7.7162394523620605 -37.607120513916016 0
vertex -7.7162394523620605 -37.607120513916016 1.7000000476837158
vertex -7.888447284698486 -37.64137649536133 0
endloop
endfacet
facet normal -0.19510023104767313 -0.9807833093222704 0
outer loop
vertex -7.544032096862793 -37.64137649536133 0
vertex -7.544032096862793 -37.64137649536133 1.7000000476837158
vertex -7.7162394523620605 -37.607120513916016 0
endloop
endfacet
facet normal -0.8314720174542991 0.5555666334387602 0
outer loop
vertex -7.3004937171936035 -38.22932815551758 0
vertex -7.398041725158691 -38.37532043457031 0
vertex -7.398041725158691 -38.37532043457031 1.7000000476837158
endloop
endfacet
facet normal -0.9807852845629332 0.19509030110388895 0
outer loop
vertex -7.266239643096924 -38.05712127685547 0
vertex -7.3004937171936035 -38.22932815551758 0
vertex -7.3004937171936035 -38.22932815551758 1.7000000476837158
endloop
endfacet
facet normal -0.9807852845629332 -0.19509030110388895 0
outer loop
vertex -7.3004937171936035 -37.88491439819336 0
vertex -7.266239643096924 -38.05712127685547 0
vertex -7.266239643096924 -38.05712127685547 1.7000000476837158
endloop
endfacet
facet normal -0.8314720174542991 -0.5555666334387602 0
outer loop
vertex -7.398041725158691 -37.738922119140625 0
vertex -7.3004937171936035 -37.88491439819336 0
vertex -7.3004937171936035 -37.88491439819336 1.7000000476837158
endloop
endfacet
facet normal -0.5555622638012966 -0.8314749371087372 0
outer loop
vertex -7.398041725158691 -37.738922119140625 0
vertex -7.398041725158691 -37.738922119140625 1.7000000476837158
vertex -7.544032096862793 -37.64137649536133 0
endloop
endfacet
facet normal 0.5555635183216256 0.8314740988810756 0
outer loop
vertex -8.03443717956543 -38.37532043457031 0
vertex -8.03443717956543 -38.37532043457031 1.7000000476837158
vertex -7.888447284698486 -38.47286605834961 0
endloop
endfacet
facet normal -0.5555622638012966 -0.8314749371087372 0
outer loop
vertex -7.544032096862793 -37.64137649536133 1.7000000476837158
vertex -7.544032096862793 -37.64137649536133 0
vertex -7.398041725158691 -37.738922119140625 1.7000000476837158
endloop
endfacet
facet normal -0.9807852845629332 -0.19509030110388895 0
outer loop
vertex -7.3004937171936035 -37.88491439819336 1.7000000476837158
vertex -7.3004937171936035 -37.88491439819336 0
vertex -7.266239643096924 -38.05712127685547 1.7000000476837158
endloop
endfacet
facet normal -0.9807852845629332 0.19509030110388895 0
outer loop
vertex -7.266239643096924 -38.05712127685547 1.7000000476837158
vertex -7.266239643096924 -38.05712127685547 0
vertex -7.3004937171936035 -38.22932815551758 1.7000000476837158
endloop
endfacet
facet normal 0 0 -1
outer loop
vertex -7.7162394523620605 -37.607120513916016 1.7000000476837158
vertex -7.888447284698486 -38.47286605834961 1.7000000476837158
vertex -7.888447284698486 -37.64137649536133 1.7000000476837158
endloop
endfacet
facet normal 0 0 -1
outer loop
vertex -7.888447284698486 -37.64137649536133 1.7000000476837158
vertex -8.03443717956543 -38.37532043457031 1.7000000476837158
vertex -8.03443717956543 -37.738922119140625 1.7000000476837158
endloop
endfacet
facet normal 0 0 -1
outer loop
vertex -8.03443717956543 -37.738922119140625 1.7000000476837158
vertex -8.131985664367676 -38.22932815551758 1.7000000476837158
vertex -8.131985664367676 -37.88491439819336 1.7000000476837158
endloop
endfacet
facet normal 0 0 -1
outer loop
vertex -7.544032096862793 -38.47286605834961 1.7000000476837158
vertex -7.7162394523620605 -38.50712203979492 1.7000000476837158
vertex -7.544032096862793 -37.64137649536133 1.7000000476837158
endloop
endfacet
facet normal 0 0 -1
outer loop
vertex -7.7162394523620605 -38.50712203979492 1.7000000476837158
vertex -7.888447284698486 -38.47286605834961 1.7000000476837158
vertex -7.7162394523620605 -37.607120513916016 1.7000000476837158
endloop
endfacet
facet normal 0 0 -1
outer loop
vertex -7.888447284698486 -38.47286605834961 1.7000000476837158
vertex -8.03443717956543 -38.37532043457031 1.7000000476837158
vertex -7.888447284698486 -37.64137649536133 1.7000000476837158
endloop
endfacet
facet normal 0 0 -1
outer loop
vertex -8.03443717956543 -38.37532043457031 1.7000000476837158
vertex -8.131985664367676 -38.22932815551758 1.7000000476837158
vertex -8.03443717956543 -37.738922119140625 1.7000000476837158
endloop
endfacet
facet normal 0 0 -1
outer loop
vertex -8.131985664367676 -38.22932815551758 1.7000000476837158
vertex -8.166239738464355 -38.05712127685547 1.7000000476837158
vertex -8.131985664367676 -37.88491439819336 1.7000000476837158
endloop
endfacet
facet normal -0.19510023104767313 0.9807833093222704 0
outer loop
vertex -7.544032096862793 -38.47286605834961 1.7000000476837158
vertex -7.544032096862793 -38.47286605834961 0
vertex -7.7162394523620605 -38.50712203979492 1.7000000476837158
endloop
endfacet
facet normal -0.8314720174542991 0.5555666334387602 0
outer loop
vertex -7.3004937171936035 -38.22932815551758 1.7000000476837158
vertex -7.3004937171936035 -38.22932815551758 0
vertex -7.398041725158691 -38.37532043457031 1.7000000476837158
endloop
endfacet
facet normal -0.5555622638012966 0.8314749371087372 0
outer loop
vertex -7.398041725158691 -38.37532043457031 1.7000000476837158
vertex -7.398041725158691 -38.37532043457031 0
vertex -7.544032096862793 -38.47286605834961 1.7000000476837158
endloop
endfacet
facet normal -0.19510023104767313 -0.9807833093222704 0
outer loop
vertex -7.7162394523620605 -37.607120513916016 1.7000000476837158
vertex -7.7162394523620605 -37.607120513916016 0
vertex -7.544032096862793 -37.64137649536133 1.7000000476837158
endloop
endfacet
facet normal 0 0 -1
outer loop
vertex -7.3004937171936035 -38.22932815551758 1.7000000476837158
vertex -7.398041725158691 -38.37532043457031 1.7000000476837158
vertex -7.3004937171936035 -37.88491439819336 1.7000000476837158
endloop
endfacet
facet normal 0 0 -1
outer loop
vertex -7.266239643096924 -38.05712127685547 1.7000000476837158
vertex -7.3004937171936035 -38.22932815551758 1.7000000476837158
vertex -7.3004937171936035 -37.88491439819336 1.7000000476837158
endloop
endfacet
facet normal 0.19509971138541468 -0.9807834126948354 0
outer loop
vertex -7.888447284698486 -37.64137649536133 1.7000000476837158
vertex -7.888447284698486 -37.64137649536133 0
vertex -7.7162394523620605 -37.607120513916016 1.7000000476837158
endloop
endfacet
facet normal 0.5555635183216256 -0.8314740988810756 0
outer loop
vertex -8.03443717956543 -37.738922119140625 1.7000000476837158
vertex -8.03443717956543 -37.738922119140625 0
vertex -7.888447284698486 -37.64137649536133 1.7000000476837158
endloop
endfacet
facet normal 0.8314707629512766 -0.5555685109482196 0
outer loop
vertex -8.131985664367676 -37.88491439819336 1.7000000476837158
vertex -8.131985664367676 -37.88491439819336 0
vertex -8.03443717956543 -37.738922119140625 1.7000000476837158
endloop
endfacet
facet normal 0.19509971138541468 0.9807834126948354 0
outer loop
vertex -7.7162394523620605 -38.50712203979492 1.7000000476837158
vertex -7.7162394523620605 -38.50712203979492 0
vertex -7.888447284698486 -38.47286605834961 1.7000000476837158
endloop
endfacet
facet normal 0.9807852845629332 0.19509030110388895 0
outer loop
vertex -8.166239738464355 -38.05712127685547 0
vertex -8.166239738464355 -38.05712127685547 1.7000000476837158
vertex -8.131985664367676 -38.22932815551758 0
endloop
endfacet
facet normal 0.9807852845629332 -0.19509030110388895 0
outer loop
vertex -8.131985664367676 -37.88491439819336 0
vertex -8.131985664367676 -37.88491439819336 1.7000000476837158
vertex -8.166239738464355 -38.05712127685547 0
endloop
endfacet
facet normal 0.5555635183216256 0.8314740988810756 0
outer loop
vertex -7.888447284698486 -38.47286605834961 1.7000000476837158
vertex -7.888447284698486 -38.47286605834961 0
vertex -8.03443717956543 -38.37532043457031 1.7000000476837158
endloop
endfacet
facet normal 0.8314707629512766 0.5555685109482196 0
outer loop
vertex -8.03443717956543 -38.37532043457031 1.7000000476837158
vertex -8.03443717956543 -38.37532043457031 0
vertex -8.131985664367676 -38.22932815551758 1.7000000476837158
endloop
endfacet
facet normal 0.9807852845629332 -0.19509030110388895 0
outer loop
vertex -8.166239738464355 -38.05712127685547 1.7000000476837158
vertex -8.166239738464355 -38.05712127685547 0
vertex -8.131985664367676 -37.88491439819336 1.7000000476837158
endloop
endfacet
facet normal 0.19509971138541468 0.9807834126948354 0
outer loop
vertex -7.7162394523620605 -38.50712203979492 0
vertex -7.888447284698486 -38.47286605834961 0
vertex -7.888447284698486 -38.47286605834961 1.7000000476837158
endloop
endfacet
facet normal -0.19510023104767313 0.9807833093222704 0
outer loop
vertex -7.544032096862793 -38.47286605834961 0
vertex -7.7162394523620605 -38.50712203979492 0
vertex -7.7162394523620605 -38.50712203979492 1.7000000476837158
endloop
endfacet
facet normal 0.9807852845629332 0.19509030110388895 0
outer loop
vertex -8.131985664367676 -38.22932815551758 1.7000000476837158
vertex -8.131985664367676 -38.22932815551758 0
vertex -8.166239738464355 -38.05712127685547 1.7000000476837158
endloop
endfacet
facet normal 0 0 -1
outer loop
vertex -7.398041725158691 -37.738922119140625 1.7000000476837158
vertex -7.544032096862793 -38.47286605834961 1.7000000476837158
vertex -7.544032096862793 -37.64137649536133 1.7000000476837158
endloop
endfacet
facet normal -0.8314720174542991 -0.5555666334387602 0
outer loop
vertex -7.398041725158691 -37.738922119140625 1.7000000476837158
vertex -7.398041725158691 -37.738922119140625 0
vertex -7.3004937171936035 -37.88491439819336 1.7000000476837158
endloop
endfacet
facet normal -0.5555622638012966 -0.8314749371087372 0
outer loop
vertex -7.398041725158691 -39.0089225769043 0
vertex -7.398041725158691 -39.0089225769043 1.7000000476837158
vertex -7.544032096862793 -38.911376953125 0
endloop
endfacet
facet normal 0.19509971138541468 0.9807834126948354 0
outer loop
vertex -7.7162394523620605 -39.777122497558594 0
vertex -7.888447284698486 -39.74286651611328 0
vertex -7.888447284698486 -39.74286651611328 1.7000000476837158
endloop
endfacet
facet normal -0.9807852845629332 -0.19509030110388895 0
outer loop
vertex -7.3004937171936035 -39.15491485595703 1.7000000476837158
vertex -7.3004937171936035 -39.15491485595703 0
vertex -7.266239643096924 -39.32712173461914 1.7000000476837158
endloop
endfacet
facet normal -0.5555622638012966 -0.8314749371087372 0
outer loop
vertex -7.544032096862793 -38.911376953125 1.7000000476837158
vertex -7.544032096862793 -38.911376953125 0
vertex -7.398041725158691 -39.0089225769043 1.7000000476837158
endloop
endfacet
facet normal 0.9807852845629332 0.19509030110388895 0
outer loop
vertex -8.131985664367676 -39.49932861328125 1.7000000476837158
vertex -8.131985664367676 -39.49932861328125 0
vertex -8.166239738464355 -39.32712173461914 1.7000000476837158
endloop
endfacet
facet normal 0.19509971138541468 0.9807834126948354 0
outer loop
vertex -7.7162394523620605 -39.777122497558594 1.7000000476837158
vertex -7.7162394523620605 -39.777122497558594 0
vertex -7.888447284698486 -39.74286651611328 1.7000000476837158
endloop
endfacet
facet normal 0.9807852845629332 0.19509030110388895 0
outer loop
vertex -8.166239738464355 -39.32712173461914 0
vertex -8.166239738464355 -39.32712173461914 1.7000000476837158
vertex -8.131985664367676 -39.49932861328125 0
endloop
endfacet
facet normal -0.19510023104767313 0.9807833093222704 0
outer loop
vertex -7.544032096862793 -39.74286651611328 1.7000000476837158
vertex -7.544032096862793 -39.74286651611328 0
vertex -7.7162394523620605 -39.777122497558594 1.7000000476837158
endloop
endfacet
facet normal 0.8314707629512766 0.5555685109482196 0
outer loop
vertex -8.03443717956543 -39.645320892333984 1.7000000476837158
vertex -8.03443717956543 -39.645320892333984 0
vertex -8.131985664367676 -39.49932861328125 1.7000000476837158
endloop
endfacet
facet normal 0.5555635183216256 0.8314740988810756 0
outer loop
vertex -7.888447284698486 -39.74286651611328 1.7000000476837158
vertex -7.888447284698486 -39.74286651611328 0
vertex -8.03443717956543 -39.645320892333984 1.7000000476837158
endloop
endfacet
facet normal -0.5555622638012966 0.8314749371087372 0
outer loop
vertex -7.398041725158691 -39.645320892333984 1.7000000476837158
vertex -7.398041725158691 -39.645320892333984 0
vertex -7.544032096862793 -39.74286651611328 1.7000000476837158
endloop
endfacet
facet normal -0.8314720174542991 0.5555666334387602 0
outer loop
vertex -7.3004937171936035 -39.49932861328125 1.7000000476837158
vertex -7.3004937171936035 -39.49932861328125 0
vertex -7.398041725158691 -39.645320892333984 1.7000000476837158
endloop
endfacet
facet normal -0.9807852845629332 0.19509030110388895 0
outer loop
vertex -7.266239643096924 -39.32712173461914 1.7000000476837158
vertex -7.266239643096924 -39.32712173461914 0
vertex -7.3004937171936035 -39.49932861328125 1.7000000476837158
endloop
endfacet
facet normal 0 0 -1
outer loop
vertex -7.398041725158691 -39.0089225769043 1.7000000476837158
vertex -7.3004937171936035 -39.15491485595703 1.7000000476837158
vertex -7.398041725158691 -39.645320892333984 1.7000000476837158
endloop
endfacet
facet normal 0 0 -1
outer loop
vertex -7.398041725158691 -39.0089225769043 1.7000000476837158
vertex -7.544032096862793 -39.74286651611328 1.7000000476837158
vertex -7.544032096862793 -38.911376953125 1.7000000476837158
endloop
endfacet
facet normal 0 0 -1
outer loop
vertex -7.544032096862793 -38.911376953125 1.7000000476837158
vertex -7.7162394523620605 -39.777122497558594 1.7000000476837158
vertex -7.7162394523620605 -38.87712097167969 1.7000000476837158
endloop
endfacet
facet normal 0.9807852845629332 -0.19509030110388895 0
outer loop
vertex -8.166239738464355 -39.32712173461914 1.7000000476837158
vertex -8.166239738464355 -39.32712173461914 0
vertex -8.131985664367676 -39.15491485595703 1.7000000476837158
endloop
endfacet
facet normal -0.9807852845629332 -0.19509030110388895 0
outer loop
vertex -7.3004937171936035 -39.15491485595703 0
vertex -7.266239643096924 -39.32712173461914 0
vertex -7.266239643096924 -39.32712173461914 1.7000000476837158
endloop
endfacet
facet normal 0 0 -1
outer loop
vertex -7.7162394523620605 -38.87712097167969 1.7000000476837158
vertex -7.888447284698486 -39.74286651611328 1.7000000476837158
vertex -7.888447284698486 -38.911376953125 1.7000000476837158
endloop
endfacet
facet normal 0 0 -1
outer loop
vertex -7.888447284698486 -38.911376953125 1.7000000476837158
vertex -8.03443717956543 -39.645320892333984 1.7000000476837158
vertex -8.03443717956543 -39.0089225769043 1.7000000476837158
endloop
endfacet
facet normal 0 0 -1
outer loop
vertex -8.03443717956543 -39.0089225769043 1.7000000476837158
vertex -8.131985664367676 -39.49932861328125 1.7000000476837158
vertex -8.131985664367676 -39.15491485595703 1.7000000476837158
endloop
endfacet
facet normal -0.19510023104767313 -0.9807833093222704 0
outer loop
vertex -7.544032096862793 -38.911376953125 0
vertex -7.544032096862793 -38.911376953125 1.7000000476837158
vertex -7.7162394523620605 -38.87712097167969 0
endloop
endfacet
facet normal 0 0 -1
outer loop
vertex -7.266239643096924 -39.32712173461914 1.7000000476837158
vertex -7.3004937171936035 -39.49932861328125 1.7000000476837158
vertex -7.3004937171936035 -39.15491485595703 1.7000000476837158
endloop
endfacet
facet normal 0 0 -1
outer loop
vertex -7.3004937171936035 -39.49932861328125 1.7000000476837158
vertex -7.398041725158691 -39.645320892333984 1.7000000476837158
vertex -7.3004937171936035 -39.15491485595703 1.7000000476837158
endloop
endfacet
facet normal 0 0 -1
outer loop
vertex -7.398041725158691 -39.645320892333984 1.7000000476837158
vertex -7.544032096862793 -39.74286651611328 1.7000000476837158
vertex -7.398041725158691 -39.0089225769043 1.7000000476837158
endloop
endfacet
facet normal 0 0 -1
outer loop
vertex -7.544032096862793 -39.74286651611328 1.7000000476837158
vertex -7.7162394523620605 -39.777122497558594 1.7000000476837158
vertex -7.544032096862793 -38.911376953125 1.7000000476837158
endloop
endfacet
facet normal 0 0 -1
outer loop
vertex -7.7162394523620605 -39.777122497558594 1.7000000476837158
vertex -7.888447284698486 -39.74286651611328 1.7000000476837158
vertex -7.7162394523620605 -38.87712097167969 1.7000000476837158
endloop
endfacet
facet normal 0 0 -1
outer loop
vertex -7.888447284698486 -39.74286651611328 1.7000000476837158
vertex -8.03443717956543 -39.645320892333984 1.7000000476837158
vertex -7.888447284698486 -38.911376953125 1.7000000476837158
endloop
endfacet
facet normal 0 0 -1
outer loop
vertex -8.03443717956543 -39.645320892333984 1.7000000476837158
vertex -8.131985664367676 -39.49932861328125 1.7000000476837158
vertex -8.03443717956543 -39.0089225769043 1.7000000476837158
endloop
endfacet
facet normal 0.8314707629512766 -0.5555685109482196 0
outer loop
vertex -8.131985664367676 -39.15491485595703 1.7000000476837158
vertex -8.131985664367676 -39.15491485595703 0
vertex -8.03443717956543 -39.0089225769043 1.7000000476837158
endloop
endfacet
facet normal 0.5555635183216256 -0.8314740988810756 0
outer loop
vertex -8.03443717956543 -39.0089225769043 1.7000000476837158
vertex -8.03443717956543 -39.0089225769043 0
vertex -7.888447284698486 -38.911376953125 1.7000000476837158
endloop
endfacet
facet normal 0.19509971138541468 -0.9807834126948354 0
outer loop
vertex -7.888447284698486 -38.911376953125 1.7000000476837158
vertex -7.888447284698486 -38.911376953125 0
vertex -7.7162394523620605 -38.87712097167969 1.7000000476837158
endloop
endfacet
facet normal -0.19510023104767313 -0.9807833093222704 0
outer loop
vertex -7.7162394523620605 -38.87712097167969 1.7000000476837158
vertex -7.7162394523620605 -38.87712097167969 0
vertex -7.544032096862793 -38.911376953125 1.7000000476837158
endloop
endfacet
facet normal -0.8314720174542991 -0.5555666334387602 0
outer loop
vertex -7.398041725158691 -39.0089225769043 1.7000000476837158
vertex -7.398041725158691 -39.0089225769043 0
vertex -7.3004937171936035 -39.15491485595703 1.7000000476837158
endloop
endfacet
facet normal 0.19509971138541468 -0.9807834126948354 0
outer loop
vertex -7.7162394523620605 -38.87712097167969 0
vertex -7.7162394523620605 -38.87712097167969 1.7000000476837158
vertex -7.888447284698486 -38.911376953125 0
endloop
endfacet
facet normal 0.5555635183216256 -0.8314740988810756 0
outer loop
vertex -7.888447284698486 -38.911376953125 0
vertex -7.888447284698486 -38.911376953125 1.7000000476837158
vertex -8.03443717956543 -39.0089225769043 0
endloop
endfacet
facet normal 0.8314707629512766 -0.5555685109482196 0
outer loop
vertex -8.03443717956543 -39.0089225769043 0
vertex -8.03443717956543 -39.0089225769043 1.7000000476837158
vertex -8.131985664367676 -39.15491485595703 0
endloop
endfacet
facet normal 0.9807852845629332 -0.19509030110388895 0
outer loop
vertex -8.131985664367676 -39.15491485595703 0
vertex -8.131985664367676 -39.15491485595703 1.7000000476837158
vertex -8.166239738464355 -39.32712173461914 0
endloop
endfacet
facet normal -0.9807852845629332 0.19509030110388895 0
outer loop
vertex -7.266239643096924 -39.32712173461914 0
vertex -7.3004937171936035 -39.49932861328125 0
vertex -7.3004937171936035 -39.49932861328125 1.7000000476837158
endloop
endfacet
facet normal -0.8314720174542991 0.5555666334387602 0
outer loop
vertex -7.3004937171936035 -39.49932861328125 0
vertex -7.398041725158691 -39.645320892333984 0
vertex -7.398041725158691 -39.645320892333984 1.7000000476837158
endloop
endfacet
facet normal -0.5555622638012966 0.8314749371087372 0
outer loop
vertex -7.398041725158691 -39.645320892333984 0
vertex -7.544032096862793 -39.74286651611328 0
vertex -7.544032096862793 -39.74286651611328 1.7000000476837158
endloop
endfacet
facet normal 0.8314707629512766 0.5555685109482196 0
outer loop
vertex -8.03443717956543 -39.645320892333984 0
vertex -8.131985664367676 -39.49932861328125 0
vertex -8.131985664367676 -39.49932861328125 1.7000000476837158
endloop
endfacet
facet normal 0 0 -1
outer loop
vertex -8.131985664367676 -39.49932861328125 1.7000000476837158
vertex -8.166239738464355 -39.32712173461914 1.7000000476837158
vertex -8.131985664367676 -39.15491485595703 1.7000000476837158
endloop
endfacet
facet normal 0.5555635183216256 0.8314740988810756 0
outer loop
vertex -8.03443717956543 -39.645320892333984 0
vertex -8.03443717956543 -39.645320892333984 1.7000000476837158
vertex -7.888447284698486 -39.74286651611328 0
endloop
endfacet
facet normal -0.19510023104767313 0.9807833093222704 0
outer loop
vertex -7.544032096862793 -39.74286651611328 0
vertex -7.7162394523620605 -39.777122497558594 0
vertex -7.7162394523620605 -39.777122497558594 1.7000000476837158
endloop
endfacet
facet normal -0.8314720174542991 -0.5555666334387602 0
outer loop
vertex -7.398041725158691 -39.0089225769043 0
vertex -7.3004937171936035 -39.15491485595703 0
vertex -7.3004937171936035 -39.15491485595703 1.7000000476837158
endloop
endfacet
facet normal -0.9807852845629332 -0.19509030110388895 0
outer loop
vertex -7.3004937171936035 -40.4249153137207 0
vertex -7.266239643096924 -40.59712219238281 0
vertex -7.266239643096924 -40.59712219238281 1.7000000476837158
endloop
endfacet
facet normal -0.9807852845629332 0.19509030110388895 0
outer loop
vertex -7.266239643096924 -40.59712219238281 1.7000000476837158
vertex -7.266239643096924 -40.59712219238281 0
vertex -7.3004937171936035 -40.76932907104492 1.7000000476837158
endloop
endfacet
facet normal -0.5555772839934787 -0.8314649009491799 0
outer loop
vertex -7.398041725158691 -40.27892303466797 0
vertex -7.398041725158691 -40.27892303466797 1.7000000476837158
vertex -7.544032096862793 -40.181373596191406 0
endloop
endfacet
facet normal -0.9807852845629332 0.19509030110388895 0
outer loop
vertex -7.266239643096924 -40.59712219238281 0
vertex -7.3004937171936035 -40.76932907104492 0
vertex -7.3004937171936035 -40.76932907104492 1.7000000476837158
endloop
endfacet
facet normal -0.8314653114796824 0.5555766696019502 0
outer loop
vertex -7.3004937171936035 -40.76932907104492 0
vertex -7.398041725158691 -40.91531753540039 0
vertex -7.398041725158691 -40.91531753540039 1.7000000476837158
endloop
endfacet
facet normal 0 0 -1
outer loop
vertex -8.131985664367676 -40.76932907104492 1.7000000476837158
vertex -8.166239738464355 -40.59712219238281 1.7000000476837158
vertex -8.131985664367676 -40.4249153137207 1.7000000476837158
endloop
endfacet
facet normal 0 0 -1
outer loop
vertex -8.03443717956543 -40.91531753540039 1.7000000476837158
vertex -8.131985664367676 -40.76932907104492 1.7000000476837158
vertex -8.03443717956543 -40.27892303466797 1.7000000476837158
endloop
endfacet
facet normal 0 0 -1
outer loop
vertex -7.888447284698486 -41.01286697387695 1.7000000476837158
vertex -8.03443717956543 -40.91531753540039 1.7000000476837158
vertex -7.888447284698486 -40.181373596191406 1.7000000476837158
endloop
endfacet
facet normal 0 0 -1
outer loop
vertex -7.7162394523620605 -41.047122955322266 1.7000000476837158
vertex -7.888447284698486 -41.01286697387695 1.7000000476837158
vertex -7.7162394523620605 -40.14712142944336 1.7000000476837158
endloop
endfacet
facet normal 0 0 -1
outer loop
vertex -7.544032096862793 -41.01286697387695 1.7000000476837158
vertex -7.7162394523620605 -41.047122955322266 1.7000000476837158
vertex -7.544032096862793 -40.181373596191406 1.7000000476837158
endloop
endfacet
facet normal 0 0 -1
outer loop
vertex -8.03443717956543 -40.27892303466797 1.7000000476837158
vertex -8.131985664367676 -40.76932907104492 1.7000000476837158
vertex -8.131985664367676 -40.4249153137207 1.7000000476837158
endloop
endfacet
facet normal 0 0 -1
outer loop
vertex -7.888447284698486 -40.181373596191406 1.7000000476837158
vertex -8.03443717956543 -40.91531753540039 1.7000000476837158
vertex -8.03443717956543 -40.27892303466797 1.7000000476837158
endloop
endfacet
facet normal 0 0 -1
outer loop
vertex -7.7162394523620605 -40.14712142944336 1.7000000476837158
vertex -7.888447284698486 -41.01286697387695 1.7000000476837158
vertex -7.888447284698486 -40.181373596191406 1.7000000476837158
endloop
endfacet
facet normal 0 0 -1
outer loop
vertex -7.544032096862793 -40.181373596191406 1.7000000476837158
vertex -7.7162394523620605 -41.047122955322266 1.7000000476837158
vertex -7.7162394523620605 -40.14712142944336 1.7000000476837158
endloop
endfacet
facet normal 0 0 -1
outer loop
vertex -7.398041725158691 -40.91531753540039 1.7000000476837158
vertex -7.544032096862793 -41.01286697387695 1.7000000476837158
vertex -7.398041725158691 -40.27892303466797 1.7000000476837158
endloop
endfacet
facet normal 0 0 -1
outer loop
vertex -7.3004937171936035 -40.76932907104492 1.7000000476837158
vertex -7.398041725158691 -40.91531753540039 1.7000000476837158
vertex -7.3004937171936035 -40.4249153137207 1.7000000476837158
endloop
endfacet
facet normal 0 0 -1
outer loop
vertex -7.266239643096924 -40.59712219238281 1.7000000476837158
vertex -7.3004937171936035 -40.76932907104492 1.7000000476837158
vertex -7.3004937171936035 -40.4249153137207 1.7000000476837158
endloop
endfacet
facet normal 0 0 -1
outer loop
vertex -7.398041725158691 -40.27892303466797 1.7000000476837158
vertex -7.544032096862793 -41.01286697387695 1.7000000476837158
vertex -7.544032096862793 -40.181373596191406 1.7000000476837158
endloop
endfacet
facet normal 0 0 -1
outer loop
vertex -7.398041725158691 -40.27892303466797 1.7000000476837158
vertex -7.3004937171936035 -40.4249153137207 1.7000000476837158
vertex -7.398041725158691 -40.91531753540039 1.7000000476837158
endloop
endfacet
facet normal -0.5555772839934787 0.8314649009491799 0
outer loop
vertex -7.398041725158691 -40.91531753540039 0
vertex -7.544032096862793 -41.01286697387695 0
vertex -7.544032096862793 -41.01286697387695 1.7000000476837158
endloop
endfacet
facet normal 0.19509971138541468 0.9807834126948354 0
outer loop
vertex -7.7162394523620605 -41.047122955322266 1.7000000476837158
vertex -7.7162394523620605 -41.047122955322266 0
vertex -7.888447284698486 -41.01286697387695 1.7000000476837158
endloop
endfacet
facet normal -0.19510023104767313 0.9807833093222704 0
outer loop
vertex -7.544032096862793 -41.01286697387695 0
vertex -7.7162394523620605 -41.047122955322266 1.7000000476837158
vertex -7.544032096862793 -41.01286697387695 1.7000000476837158
endloop
endfacet
facet normal -0.19507933181498546 -0.9807874664261461 0
outer loop
vertex -7.544032096862793 -40.181373596191406 0
vertex -7.544032096862793 -40.181373596191406 1.7000000476837158
vertex -7.7162394523620605 -40.14712142944336 0
endloop
endfacet
facet normal 0.1950788122039888 -0.9807875697770038 0
outer loop
vertex -7.7162394523620605 -40.14712142944336 0
vertex -7.7162394523620605 -40.14712142944336 1.7000000476837158
vertex -7.888447284698486 -40.181373596191406 0
endloop
endfacet
facet normal 0.5555785385174394 -0.8314640626863112 0
outer loop
vertex -7.888447284698486 -40.181373596191406 0
vertex -7.888447284698486 -40.181373596191406 1.7000000476837158
vertex -8.03443717956543 -40.27892303466797 0
endloop
endfacet
facet normal 0.8314707629512766 -0.5555685109482196 0
outer loop
vertex -8.03443717956543 -40.27892303466797 0
vertex -8.03443717956543 -40.27892303466797 1.7000000476837158
vertex -8.131985664367676 -40.4249153137207 0
endloop
endfacet
facet normal 0.8314640569414533 0.5555785471150407 0
outer loop
vertex -8.03443717956543 -40.91531753540039 0
vertex -8.131985664367676 -40.76932907104492 0
vertex -8.131985664367676 -40.76932907104492 1.7000000476837158
endloop
endfacet
facet normal 0.5555785385174394 0.8314640626863112 0
outer loop
vertex -8.03443717956543 -40.91531753540039 0
vertex -8.03443717956543 -40.91531753540039 1.7000000476837158
vertex -7.888447284698486 -41.01286697387695 0
endloop
endfacet
facet normal 0.9807852845629332 -0.19509030110388895 0
outer loop
vertex -8.131985664367676 -40.4249153137207 0
vertex -8.131985664367676 -40.4249153137207 1.7000000476837158
vertex -8.166239738464355 -40.59712219238281 0
endloop
endfacet
facet normal -0.8314720174542991 -0.5555666334387602 0
outer loop
vertex -7.398041725158691 -40.27892303466797 1.7000000476837158
vertex -7.398041725158691 -40.27892303466797 0
vertex -7.3004937171936035 -40.4249153137207 1.7000000476837158
endloop
endfacet
facet normal -0.5555772839934787 -0.8314649009491799 0
outer loop
vertex -7.544032096862793 -40.181373596191406 1.7000000476837158
vertex -7.544032096862793 -40.181373596191406 0
vertex -7.398041725158691 -40.27892303466797 1.7000000476837158
endloop
endfacet
facet normal -0.9807852845629332 -0.19509030110388895 0
outer loop
vertex -7.3004937171936035 -40.4249153137207 1.7000000476837158
vertex -7.3004937171936035 -40.4249153137207 0
vertex -7.266239643096924 -40.59712219238281 1.7000000476837158
endloop
endfacet
facet normal 0.9807852845629332 0.19509030110388895 0
outer loop
vertex -8.131985664367676 -40.76932907104492 1.7000000476837158
vertex -8.131985664367676 -40.76932907104492 0
vertex -8.166239738464355 -40.59712219238281 1.7000000476837158
endloop
endfacet
facet normal 0.9807852845629332 -0.19509030110388895 0
outer loop
vertex -8.166239738464355 -40.59712219238281 1.7000000476837158
vertex -8.166239738464355 -40.59712219238281 0
vertex -8.131985664367676 -40.4249153137207 1.7000000476837158
endloop
endfacet
facet normal 0.9807852845629332 0.19509030110388895 0
outer loop
vertex -8.166239738464355 -40.59712219238281 0
vertex -8.166239738464355 -40.59712219238281 1.7000000476837158
vertex -8.131985664367676 -40.76932907104492 0
endloop
endfacet
facet normal 0.8314640569414533 0.5555785471150407 0
outer loop
vertex -8.03443717956543 -40.91531753540039 1.7000000476837158
vertex -8.03443717956543 -40.91531753540039 0
vertex -8.131985664367676 -40.76932907104492 1.7000000476837158
endloop
endfacet
facet normal 0.5555785385174394 0.8314640626863112 0
outer loop
vertex -7.888447284698486 -41.01286697387695 1.7000000476837158
vertex -7.888447284698486 -41.01286697387695 0
vertex -8.03443717956543 -40.91531753540039 1.7000000476837158
endloop
endfacet
facet normal 0.8314707629512766 -0.5555685109482196 0
outer loop
vertex -8.131985664367676 -40.4249153137207 1.7000000476837158
vertex -8.131985664367676 -40.4249153137207 0
vertex -8.03443717956543 -40.27892303466797 1.7000000476837158
endloop
endfacet
facet normal 0.5555785385174394 -0.8314640626863112 0
outer loop
vertex -8.03443717956543 -40.27892303466797 1.7000000476837158
vertex -8.03443717956543 -40.27892303466797 0
vertex -7.888447284698486 -40.181373596191406 1.7000000476837158
endloop
endfacet
facet normal 0.1950788122039888 -0.9807875697770038 0
outer loop
vertex -7.888447284698486 -40.181373596191406 1.7000000476837158
vertex -7.888447284698486 -40.181373596191406 0
vertex -7.7162394523620605 -40.14712142944336 1.7000000476837158
endloop
endfacet
facet normal -0.19507933181498546 -0.9807874664261461 0
outer loop
vertex -7.7162394523620605 -40.14712142944336 1.7000000476837158
vertex -7.7162394523620605 -40.14712142944336 0
vertex -7.544032096862793 -40.181373596191406 1.7000000476837158
endloop
endfacet
facet normal -0.19510023104767313 0.9807833093222704 0
outer loop
vertex -7.544032096862793 -41.01286697387695 0
vertex -7.7162394523620605 -41.047122955322266 0
vertex -7.7162394523620605 -41.047122955322266 1.7000000476837158
endloop
endfacet
facet normal 0.19509971138541468 0.9807834126948354 0
outer loop
vertex -7.7162394523620605 -41.047122955322266 0
vertex -7.888447284698486 -41.01286697387695 0
vertex -7.888447284698486 -41.01286697387695 1.7000000476837158
endloop
endfacet
facet normal -0.5555772839934787 0.8314649009491799 0
outer loop
vertex -7.398041725158691 -40.91531753540039 1.7000000476837158
vertex -7.398041725158691 -40.91531753540039 0
vertex -7.544032096862793 -41.01286697387695 1.7000000476837158
endloop
endfacet
facet normal -0.8314653114796824 0.5555766696019502 0
outer loop
vertex -7.3004937171936035 -40.76932907104492 1.7000000476837158
vertex -7.3004937171936035 -40.76932907104492 0
vertex -7.398041725158691 -40.91531753540039 1.7000000476837158
endloop
endfacet
facet normal -0.8314720174542991 -0.5555666334387602 0
outer loop
vertex -7.398041725158691 -40.27892303466797 0
vertex -7.3004937171936035 -40.4249153137207 0
vertex -7.3004937171936035 -40.4249153137207 1.7000000476837158
endloop
endfacet
facet normal 0 0 -1
outer loop
vertex -7.3004937171936035 -42.039329528808594 1.7000000476837158
vertex -7.398041725158691 -42.18531799316406 1.7000000476837158
vertex -7.3004937171936035 -41.69491195678711 1.7000000476837158
endloop
endfacet
facet normal 0.9807852845629332 0.19509030110388895 0
outer loop
vertex -8.166239738464355 -41.867122650146484 0
vertex -8.166239738464355 -41.867122650146484 1.7000000476837158
vertex -8.131985664367676 -42.039329528808594 0
endloop
endfacet
facet normal 0 0 -1
outer loop
vertex -7.888447284698486 -42.282867431640625 1.7000000476837158
vertex -8.03443717956543 -42.18531799316406 1.7000000476837158
vertex -7.888447284698486 -41.45137405395508 1.7000000476837158
endloop
endfacet
facet normal -0.8314653114796824 -0.5555766696019502 0
outer loop
vertex -7.398041725158691 -41.54892349243164 0
vertex -7.3004937171936035 -41.69491195678711 0
vertex -7.3004937171936035 -41.69491195678711 1.7000000476837158
endloop
endfacet
facet normal 0.5555785385174394 0.8314640626863112 0
outer loop
vertex -7.888447284698486 -42.282867431640625 1.7000000476837158
vertex -7.888447284698486 -42.282867431640625 0
vertex -8.03443717956543 -42.18531799316406 1.7000000476837158
endloop
endfacet
facet normal -0.8314653114796824 0.5555766696019502 0
outer loop
vertex -7.3004937171936035 -42.039329528808594 1.7000000476837158
vertex -7.3004937171936035 -42.039329528808594 0
vertex -7.398041725158691 -42.18531799316406 1.7000000476837158
endloop
endfacet
facet normal -0.9807852845629332 0.19509030110388895 0
outer loop
vertex -7.266239643096924 -41.867122650146484 1.7000000476837158
vertex -7.266239643096924 -41.867122650146484 0
vertex -7.3004937171936035 -42.039329528808594 1.7000000476837158
endloop
endfacet
facet normal 0.8314640569414533 -0.5555785471150407 0
outer loop
vertex -8.131985664367676 -41.69491195678711 1.7000000476837158
vertex -8.131985664367676 -41.69491195678711 0
vertex -8.03443717956543 -41.54892349243164 1.7000000476837158
endloop
endfacet
facet normal 0.5555785385174394 -0.8314640626863112 0
outer loop
vertex -8.03443717956543 -41.54892349243164 1.7000000476837158
vertex -8.03443717956543 -41.54892349243164 0
vertex -7.888447284698486 -41.45137405395508 1.7000000476837158
endloop
endfacet
facet normal 0.1950788122039888 -0.9807875697770038 0
outer loop
vertex -7.888447284698486 -41.45137405395508 1.7000000476837158
vertex -7.888447284698486 -41.45137405395508 0
vertex -7.7162394523620605 -41.41712188720703 1.7000000476837158
endloop
endfacet
facet normal -0.19507933181498546 -0.9807874664261461 0
outer loop
vertex -7.7162394523620605 -41.41712188720703 1.7000000476837158
vertex -7.7162394523620605 -41.41712188720703 0
vertex -7.544032096862793 -41.45137405395508 1.7000000476837158
endloop
endfacet
facet normal -0.9807861114401027 -0.19508614406513386 0
outer loop
vertex -7.3004937171936035 -41.69491195678711 1.7000000476837158
vertex -7.3004937171936035 -41.69491195678711 0
vertex -7.266239643096924 -41.867122650146484 1.7000000476837158
endloop
endfacet
facet normal -0.5555772839934787 -0.8314649009491799 0
outer loop
vertex -7.544032096862793 -41.45137405395508 1.7000000476837158
vertex -7.544032096862793 -41.45137405395508 0
vertex -7.398041725158691 -41.54892349243164 1.7000000476837158
endloop
endfacet
facet normal -0.8314653114796824 -0.5555766696019502 0
outer loop
vertex -7.398041725158691 -41.54892349243164 1.7000000476837158
vertex -7.398041725158691 -41.54892349243164 0
vertex -7.3004937171936035 -41.69491195678711 1.7000000476837158
endloop
endfacet
facet normal -0.19507933181498546 0.9807874664261461 0
outer loop
vertex -7.544032096862793 -42.282867431640625 1.7000000476837158
vertex -7.544032096862793 -42.282867431640625 0
vertex -7.7162394523620605 -42.31711959838867 1.7000000476837158
endloop
endfacet
facet normal 0.1950788122039888 0.9807875697770038 0
outer loop
vertex -7.7162394523620605 -42.31711959838867 1.7000000476837158
vertex -7.7162394523620605 -42.31711959838867 0
vertex -7.888447284698486 -42.282867431640625 1.7000000476837158
endloop
endfacet
facet normal 0.9807861114401027 -0.19508614406513386 0
outer loop
vertex -8.166239738464355 -41.867122650146484 1.7000000476837158
vertex -8.166239738464355 -41.867122650146484 0
vertex -8.131985664367676 -41.69491195678711 1.7000000476837158
endloop
endfacet
facet normal 0.9807852845629332 0.19509030110388895 0
outer loop
vertex -8.131985664367676 -42.039329528808594 1.7000000476837158
vertex -8.131985664367676 -42.039329528808594 0
vertex -8.166239738464355 -41.867122650146484 1.7000000476837158
endloop
endfacet
facet normal -0.5555772839934787 -0.8314649009491799 0
outer loop
vertex -7.398041725158691 -41.54892349243164 0
vertex -7.398041725158691 -41.54892349243164 1.7000000476837158
vertex -7.544032096862793 -41.45137405395508 0
endloop
endfacet
facet normal -0.9807861114401027 -0.19508614406513386 0
outer loop
vertex -7.3004937171936035 -41.69491195678711 0
vertex -7.266239643096924 -41.867122650146484 0
vertex -7.266239643096924 -41.867122650146484 1.7000000476837158
endloop
endfacet
facet normal -0.19507933181498546 -0.9807874664261461 0
outer loop
vertex -7.544032096862793 -41.45137405395508 0
vertex -7.544032096862793 -41.45137405395508 1.7000000476837158
vertex -7.7162394523620605 -41.41712188720703 0
endloop
endfacet
facet normal 0.1950788122039888 -0.9807875697770038 0
outer loop
vertex -7.7162394523620605 -41.41712188720703 0
vertex -7.7162394523620605 -41.41712188720703 1.7000000476837158
vertex -7.888447284698486 -41.45137405395508 0
endloop
endfacet
facet normal 0.5555785385174394 -0.8314640626863112 0
outer loop
vertex -7.888447284698486 -41.45137405395508 0
vertex -7.888447284698486 -41.45137405395508 1.7000000476837158
vertex -8.03443717956543 -41.54892349243164 0
endloop
endfacet
facet normal 0.8314640569414533 -0.5555785471150407 0
outer loop
vertex -8.03443717956543 -41.54892349243164 0
vertex -8.03443717956543 -41.54892349243164 1.7000000476837158
vertex -8.131985664367676 -41.69491195678711 0
endloop
endfacet
facet normal -0.9807852845629332 0.19509030110388895 0
outer loop
vertex -7.266239643096924 -41.867122650146484 0
vertex -7.3004937171936035 -42.039329528808594 0
vertex -7.3004937171936035 -42.039329528808594 1.7000000476837158
endloop
endfacet
facet normal -0.8314653114796824 0.5555766696019502 0
outer loop
vertex -7.3004937171936035 -42.039329528808594 0
vertex -7.398041725158691 -42.18531799316406 0
vertex -7.398041725158691 -42.18531799316406 1.7000000476837158
endloop
endfacet
facet normal -0.5555772839934787 0.8314649009491799 0
outer loop
vertex -7.398041725158691 -42.18531799316406 0
vertex -7.544032096862793 -42.282867431640625 0
vertex -7.544032096862793 -42.282867431640625 1.7000000476837158
endloop
endfacet
facet normal 0 0 -1
outer loop
vertex -8.131985664367676 -42.039329528808594 1.7000000476837158
vertex -8.166239738464355 -41.867122650146484 1.7000000476837158
vertex -8.131985664367676 -41.69491195678711 1.7000000476837158
endloop
endfacet
facet normal 0.8314640569414533 0.5555785471150407 0
outer loop
vertex -8.03443717956543 -42.18531799316406 1.7000000476837158
vertex -8.03443717956543 -42.18531799316406 0
vertex -8.131985664367676 -42.039329528808594 1.7000000476837158
endloop
endfacet
facet normal -0.5555772839934787 0.8314649009491799 0
outer loop
vertex -7.398041725158691 -42.18531799316406 1.7000000476837158
vertex -7.398041725158691 -42.18531799316406 0
vertex -7.544032096862793 -42.282867431640625 1.7000000476837158
endloop
endfacet
facet normal 0 0 -1
outer loop
vertex -7.7162394523620605 -42.31711959838867 1.7000000476837158
vertex -7.888447284698486 -42.282867431640625 1.7000000476837158
vertex -7.7162394523620605 -41.41712188720703 1.7000000476837158
endloop
endfacet
facet normal 0 0 -1
outer loop
vertex -7.544032096862793 -42.282867431640625 1.7000000476837158
vertex -7.7162394523620605 -42.31711959838867 1.7000000476837158
vertex -7.544032096862793 -41.45137405395508 1.7000000476837158
endloop
endfacet
facet normal 0 0 -1
outer loop
vertex -7.398041725158691 -42.18531799316406 1.7000000476837158
vertex -7.544032096862793 -42.282867431640625 1.7000000476837158
vertex -7.398041725158691 -41.54892349243164 1.7000000476837158
endloop
endfacet
facet normal 0.8314640569414533 0.5555785471150407 0
outer loop
vertex -8.03443717956543 -42.18531799316406 0
vertex -8.131985664367676 -42.039329528808594 0
vertex -8.131985664367676 -42.039329528808594 1.7000000476837158
endloop
endfacet
facet normal 0 0 -1
outer loop
vertex -7.266239643096924 -41.867122650146484 1.7000000476837158
vertex -7.3004937171936035 -42.039329528808594 1.7000000476837158
vertex -7.3004937171936035 -41.69491195678711 1.7000000476837158
endloop
endfacet
facet normal 0 0 -1
outer loop
vertex -8.03443717956543 -41.54892349243164 1.7000000476837158
vertex -8.131985664367676 -42.039329528808594 1.7000000476837158
vertex -8.131985664367676 -41.69491195678711 1.7000000476837158
endloop
endfacet
facet normal 0 0 -1
outer loop
vertex -7.888447284698486 -41.45137405395508 1.7000000476837158
vertex -8.03443717956543 -42.18531799316406 1.7000000476837158
vertex -8.03443717956543 -41.54892349243164 1.7000000476837158
endloop
endfacet
facet normal 0 0 -1
outer loop
vertex -7.7162394523620605 -41.41712188720703 1.7000000476837158
vertex -7.888447284698486 -42.282867431640625 1.7000000476837158
vertex -7.888447284698486 -41.45137405395508 1.7000000476837158
endloop
endfacet
facet normal 0 0 -1
outer loop
vertex -7.544032096862793 -41.45137405395508 1.7000000476837158
vertex -7.7162394523620605 -42.31711959838867 1.7000000476837158
vertex -7.7162394523620605 -41.41712188720703 1.7000000476837158
endloop
endfacet
facet normal 0 0 -1
outer loop
vertex -7.398041725158691 -41.54892349243164 1.7000000476837158
vertex -7.544032096862793 -42.282867431640625 1.7000000476837158
vertex -7.544032096862793 -41.45137405395508 1.7000000476837158
endloop
endfacet
facet normal 0 0 -1
outer loop
vertex -7.398041725158691 -41.54892349243164 1.7000000476837158
vertex -7.3004937171936035 -41.69491195678711 1.7000000476837158
vertex -7.398041725158691 -42.18531799316406 1.7000000476837158
endloop
endfacet
facet normal 0.5555785385174394 0.8314640626863112 0
outer loop
vertex -8.03443717956543 -42.18531799316406 0
vertex -8.03443717956543 -42.18531799316406 1.7000000476837158
vertex -7.888447284698486 -42.282867431640625 0
endloop
endfacet
facet normal -0.19507933181498546 0.9807874664261461 0
outer loop
vertex -7.544032096862793 -42.282867431640625 0
vertex -7.7162394523620605 -42.31711959838867 0
vertex -7.7162394523620605 -42.31711959838867 1.7000000476837158
endloop
endfacet
facet normal 0.1950788122039888 0.9807875697770038 0
outer loop
vertex -7.7162394523620605 -42.31711959838867 0
vertex -7.888447284698486 -42.282867431640625 0
vertex -7.888447284698486 -42.282867431640625 1.7000000476837158
endloop
endfacet
facet normal 0.9807861114401027 -0.19508614406513386 0
outer loop
vertex -8.131985664367676 -41.69491195678711 0
vertex -8.131985664367676 -41.69491195678711 1.7000000476837158
vertex -8.166239738464355 -41.867122650146484 0
endloop
endfacet
facet normal 0 0 -1
outer loop
vertex -8.03443717956543 -42.18531799316406 1.7000000476837158
vertex -8.131985664367676 -42.039329528808594 1.7000000476837158
vertex -8.03443717956543 -41.54892349243164 1.7000000476837158
endloop
endfacet
facet normal -0.5555772839934787 0.8314649009491799 0
outer loop
vertex -7.398041725158691 -43.455318450927734 0
vertex -7.544032096862793 -43.5528678894043 0
vertex -7.544032096862793 -43.5528678894043 1.7000000476837158
endloop
endfacet
facet normal -0.8314653114796824 0.5555766696019502 0
outer loop
vertex -7.3004937171936035 -43.309329986572266 0
vertex -7.398041725158691 -43.455318450927734 0
vertex -7.398041725158691 -43.455318450927734 1.7000000476837158
endloop
endfacet
facet normal -0.9807861114401027 0.19508614406513386 0
outer loop
vertex -7.266239643096924 -43.13711929321289 0
vertex -7.3004937171936035 -43.309329986572266 0
vertex -7.3004937171936035 -43.309329986572266 1.7000000476837158
endloop
endfacet
facet normal -0.9807852845629332 -0.19509030110388895 0
outer loop
vertex -7.3004937171936035 -42.96491241455078 0
vertex -7.266239643096924 -43.13711929321289 0
vertex -7.266239643096924 -43.13711929321289 1.7000000476837158
endloop
endfacet
facet normal -0.8314653114796824 -0.5555766696019502 0
outer loop
vertex -7.398041725158691 -42.81892395019531 0
vertex -7.3004937171936035 -42.96491241455078 0
vertex -7.3004937171936035 -42.96491241455078 1.7000000476837158
endloop
endfacet
facet normal -0.5555772839934787 -0.8314649009491799 0
outer loop
vertex -7.398041725158691 -42.81892395019531 0
vertex -7.398041725158691 -42.81892395019531 1.7000000476837158
vertex -7.544032096862793 -42.72137451171875 0
endloop
endfacet
facet normal -0.19507933181498546 -0.9807874664261461 0
outer loop
vertex -7.7162394523620605 -42.6871223449707 0
vertex -7.544032096862793 -42.72137451171875 0
vertex -7.544032096862793 -42.72137451171875 1.7000000476837158
endloop
endfacet
facet normal 0.1950788122039888 -0.9807875697770038 0
outer loop
vertex -7.7162394523620605 -42.6871223449707 0
vertex -7.7162394523620605 -42.6871223449707 1.7000000476837158
vertex -7.888447284698486 -42.72137451171875 0
endloop
endfacet
facet normal 0.5555785385174394 -0.8314640626863112 0
outer loop
vertex -7.888447284698486 -42.72137451171875 0
vertex -7.888447284698486 -42.72137451171875 1.7000000476837158
vertex -8.03443717956543 -42.81892395019531 0
endloop
endfacet
facet normal 0.8314640569414533 -0.5555785471150407 0
outer loop
vertex -8.03443717956543 -42.81892395019531 0
vertex -8.03443717956543 -42.81892395019531 1.7000000476837158
vertex -8.131985664367676 -42.96491241455078 0
endloop
endfacet
facet normal 0.8314640569414533 0.5555785471150407 0
outer loop
vertex -8.03443717956543 -43.455318450927734 0
vertex -8.131985664367676 -43.309329986572266 0
vertex -8.131985664367676 -43.309329986572266 1.7000000476837158
endloop
endfacet
facet normal 0.5555785385174394 0.8314640626863112 0
outer loop
vertex -8.03443717956543 -43.455318450927734 0
vertex -8.03443717956543 -43.455318450927734 1.7000000476837158
vertex -7.888447284698486 -43.5528678894043 0
endloop
endfacet
facet normal 0.9807861114401027 0.19508614406513386 0
outer loop
vertex -8.131985664367676 -43.309329986572266 1.7000000476837158
vertex -8.131985664367676 -43.309329986572266 0
vertex -8.166239738464355 -43.13711929321289 1.7000000476837158
endloop
endfacet
facet normal 0.9807852845629332 -0.19509030110388895 0
outer loop
vertex -8.166239738464355 -43.13711929321289 1.7000000476837158
vertex -8.166239738464355 -43.13711929321289 0
vertex -8.131985664367676 -42.96491241455078 1.7000000476837158
endloop
endfacet
facet normal 0.1950788122039888 0.9807875697770038 0
outer loop
vertex -7.7162394523620605 -43.587120056152344 1.7000000476837158
vertex -7.7162394523620605 -43.587120056152344 0
vertex -7.888447284698486 -43.5528678894043 1.7000000476837158
endloop
endfacet
facet normal -0.19507933181498546 0.9807874664261461 0
outer loop
vertex -7.544032096862793 -43.5528678894043 0
vertex -7.7162394523620605 -43.587120056152344 0
vertex -7.7162394523620605 -43.587120056152344 1.7000000476837158
endloop
endfacet
facet normal 0.1950788122039888 0.9807875697770038 0
outer loop
vertex -7.7162394523620605 -43.587120056152344 0
vertex -7.888447284698486 -43.5528678894043 0
vertex -7.888447284698486 -43.5528678894043 1.7000000476837158
endloop
endfacet
facet normal -0.19507933181498546 0.9807874664261461 0
outer loop
vertex -7.544032096862793 -43.5528678894043 1.7000000476837158
vertex -7.544032096862793 -43.5528678894043 0
vertex -7.7162394523620605 -43.587120056152344 1.7000000476837158
endloop
endfacet
facet normal -0.8314653114796824 -0.5555766696019502 0
outer loop
vertex -7.398041725158691 -42.81892395019531 1.7000000476837158
vertex -7.398041725158691 -42.81892395019531 0
vertex -7.3004937171936035 -42.96491241455078 1.7000000476837158
endloop
endfacet
facet normal -0.5555772839934787 -0.8314649009491799 0
outer loop
vertex -7.544032096862793 -42.72137451171875 1.7000000476837158
vertex -7.544032096862793 -42.72137451171875 0
vertex -7.398041725158691 -42.81892395019531 1.7000000476837158
endloop
endfacet
facet normal -0.9807852845629332 -0.19509030110388895 0
outer loop
vertex -7.3004937171936035 -42.96491241455078 1.7000000476837158
vertex -7.3004937171936035 -42.96491241455078 0
vertex -7.266239643096924 -43.13711929321289 1.7000000476837158
endloop
endfacet
facet normal 0.9807852845629332 -0.19509030110388895 0
outer loop
vertex -8.131985664367676 -42.96491241455078 0
vertex -8.131985664367676 -42.96491241455078 1.7000000476837158
vertex -8.166239738464355 -43.13711929321289 0
endloop
endfacet
facet normal 0.9807861114401027 0.19508614406513386 0
outer loop
vertex -8.166239738464355 -43.13711929321289 0
vertex -8.166239738464355 -43.13711929321289 1.7000000476837158
vertex -8.131985664367676 -43.309329986572266 0
endloop
endfacet
facet normal -0.9807861114401027 0.19508614406513386 0
outer loop
vertex -7.266239643096924 -43.13711929321289 1.7000000476837158
vertex -7.266239643096924 -43.13711929321289 0
vertex -7.3004937171936035 -43.309329986572266 1.7000000476837158
endloop
endfacet
facet normal -0.8314653114796824 0.5555766696019502 0
outer loop
vertex -7.3004937171936035 -43.309329986572266 1.7000000476837158
vertex -7.3004937171936035 -43.309329986572266 0
vertex -7.398041725158691 -43.455318450927734 1.7000000476837158
endloop
endfacet
facet normal 0 0 -1
outer loop
vertex -7.398041725158691 -42.81892395019531 1.7000000476837158
vertex -7.3004937171936035 -42.96491241455078 1.7000000476837158
vertex -7.398041725158691 -43.455318450927734 1.7000000476837158
endloop
endfacet
facet normal 0 0 -1
outer loop
vertex -7.398041725158691 -42.81892395019531 1.7000000476837158
vertex -7.544032096862793 -43.5528678894043 1.7000000476837158
vertex -7.544032096862793 -42.72137451171875 1.7000000476837158
endloop
endfacet
facet normal 0 0 -1
outer loop
vertex -7.266239643096924 -43.13711929321289 1.7000000476837158
vertex -7.3004937171936035 -43.309329986572266 1.7000000476837158
vertex -7.3004937171936035 -42.96491241455078 1.7000000476837158
endloop
endfacet
facet normal 0 0 -1
outer loop
vertex -7.3004937171936035 -43.309329986572266 1.7000000476837158
vertex -7.398041725158691 -43.455318450927734 1.7000000476837158
vertex -7.3004937171936035 -42.96491241455078 1.7000000476837158
endloop
endfacet
facet normal 0 0 -1
outer loop
vertex -7.398041725158691 -43.455318450927734 1.7000000476837158
vertex -7.544032096862793 -43.5528678894043 1.7000000476837158
vertex -7.398041725158691 -42.81892395019531 1.7000000476837158
endloop
endfacet
facet normal 0 0 -1
outer loop
vertex -7.7162394523620605 -42.6871223449707 1.7000000476837158
vertex -7.544032096862793 -42.72137451171875 1.7000000476837158
vertex -7.7162394523620605 -43.587120056152344 1.7000000476837158
endloop
endfacet
facet normal 0 0 -1
outer loop
vertex -7.7162394523620605 -42.6871223449707 1.7000000476837158
vertex -7.888447284698486 -43.5528678894043 1.7000000476837158
vertex -7.888447284698486 -42.72137451171875 1.7000000476837158
endloop
endfacet
facet normal 0 0 -1
outer loop
vertex -7.888447284698486 -42.72137451171875 1.7000000476837158
vertex -8.03443717956543 -43.455318450927734 1.7000000476837158
vertex -8.03443717956543 -42.81892395019531 1.7000000476837158
endloop
endfacet
facet normal 0 0 -1
outer loop
vertex -8.03443717956543 -42.81892395019531 1.7000000476837158
vertex -8.131985664367676 -43.309329986572266 1.7000000476837158
vertex -8.131985664367676 -42.96491241455078 1.7000000476837158
endloop
endfacet
facet normal 0 0 -1
outer loop
vertex -7.544032096862793 -43.5528678894043 1.7000000476837158
vertex -7.7162394523620605 -43.587120056152344 1.7000000476837158
vertex -7.544032096862793 -42.72137451171875 1.7000000476837158
endloop
endfacet
facet normal 0 0 -1
outer loop
vertex -7.7162394523620605 -43.587120056152344 1.7000000476837158
vertex -7.888447284698486 -43.5528678894043 1.7000000476837158
vertex -7.7162394523620605 -42.6871223449707 1.7000000476837158
endloop
endfacet
facet normal 0 0 -1
outer loop
vertex -7.888447284698486 -43.5528678894043 1.7000000476837158
vertex -8.03443717956543 -43.455318450927734 1.7000000476837158
vertex -7.888447284698486 -42.72137451171875 1.7000000476837158
endloop
endfacet
facet normal 0 0 -1
outer loop
vertex -8.03443717956543 -43.455318450927734 1.7000000476837158
vertex -8.131985664367676 -43.309329986572266 1.7000000476837158
vertex -8.03443717956543 -42.81892395019531 1.7000000476837158
endloop
endfacet
facet normal -0.5555772839934787 0.8314649009491799 0
outer loop
vertex -7.398041725158691 -43.455318450927734 1.7000000476837158
vertex -7.398041725158691 -43.455318450927734 0
vertex -7.544032096862793 -43.5528678894043 1.7000000476837158
endloop
endfacet
facet normal -0.19507933181498546 -0.9807874664261461 0
outer loop
vertex -7.7162394523620605 -42.6871223449707 1.7000000476837158
vertex -7.7162394523620605 -42.6871223449707 0
vertex -7.544032096862793 -42.72137451171875 1.7000000476837158
endloop
endfacet
facet normal 0.1950788122039888 -0.9807875697770038 0
outer loop
vertex -7.888447284698486 -42.72137451171875 1.7000000476837158
vertex -7.888447284698486 -42.72137451171875 0
vertex -7.7162394523620605 -42.6871223449707 1.7000000476837158
endloop
endfacet
facet normal 0.5555785385174394 -0.8314640626863112 0
outer loop
vertex -8.03443717956543 -42.81892395019531 1.7000000476837158
vertex -8.03443717956543 -42.81892395019531 0
vertex -7.888447284698486 -42.72137451171875 1.7000000476837158
endloop
endfacet
facet normal 0.8314640569414533 -0.5555785471150407 0
outer loop
vertex -8.131985664367676 -42.96491241455078 1.7000000476837158
vertex -8.131985664367676 -42.96491241455078 0
vertex -8.03443717956543 -42.81892395019531 1.7000000476837158
endloop
endfacet
facet normal 0.5555785385174394 0.8314640626863112 0
outer loop
vertex -7.888447284698486 -43.5528678894043 1.7000000476837158
vertex -7.888447284698486 -43.5528678894043 0
vertex -8.03443717956543 -43.455318450927734 1.7000000476837158
endloop
endfacet
facet normal 0 0 -1
outer loop
vertex -8.131985664367676 -43.309329986572266 1.7000000476837158
vertex -8.166239738464355 -43.13711929321289 1.7000000476837158
vertex -8.131985664367676 -42.96491241455078 1.7000000476837158
endloop
endfacet
facet normal 0.8314640569414533 0.5555785471150407 0
outer loop
vertex -8.03443717956543 -43.455318450927734 1.7000000476837158
vertex -8.03443717956543 -43.455318450927734 0
vertex -8.131985664367676 -43.309329986572266 1.7000000476837158
endloop
endfacet
facet normal 0 0 -1
outer loop
vertex -7.3004937171936035 -44.57933044433594 1.7000000476837158
vertex -7.398041725158691 -44.725318908691406 1.7000000476837158
vertex -7.3004937171936035 -44.23491287231445 1.7000000476837158
endloop
endfacet
facet normal 0.1950788122039888 0.9807875697770038 0
outer loop
vertex -7.7162394523620605 -44.857120513916016 1.7000000476837158
vertex -7.7162394523620605 -44.857120513916016 0
vertex -7.888447284698486 -44.82286834716797 1.7000000476837158
endloop
endfacet
facet normal 0 0 -1
outer loop
vertex -7.544032096862793 -44.82286834716797 1.7000000476837158
vertex -7.7162394523620605 -44.857120513916016 1.7000000476837158
vertex -7.544032096862793 -43.99137496948242 1.7000000476837158
endloop
endfacet
facet normal 0 0 -1
outer loop
vertex -7.7162394523620605 -44.857120513916016 1.7000000476837158
vertex -7.888447284698486 -44.82286834716797 1.7000000476837158
vertex -7.7162394523620605 -43.957122802734375 1.7000000476837158
endloop
endfacet
facet normal 0 0 -1
outer loop
vertex -7.888447284698486 -44.82286834716797 1.7000000476837158
vertex -8.03443717956543 -44.725318908691406 1.7000000476837158
vertex -7.888447284698486 -43.99137496948242 1.7000000476837158
endloop
endfacet
facet normal 0 0 -1
outer loop
vertex -8.03443717956543 -44.725318908691406 1.7000000476837158
vertex -8.131985664367676 -44.57933044433594 1.7000000476837158
vertex -8.03443717956543 -44.088924407958984 1.7000000476837158
endloop
endfacet
facet normal -0.5555772839934787 -0.8314649009491799 0
outer loop
vertex -7.544032096862793 -43.99137496948242 1.7000000476837158
vertex -7.544032096862793 -43.99137496948242 0
vertex -7.398041725158691 -44.088924407958984 1.7000000476837158
endloop
endfacet
facet normal -0.8314653114796824 -0.5555766696019502 0
outer loop
vertex -7.398041725158691 -44.088924407958984 1.7000000476837158
vertex -7.398041725158691 -44.088924407958984 0
vertex -7.3004937171936035 -44.23491287231445 1.7000000476837158
endloop
endfacet
facet normal 0 0 -1
outer loop
vertex -7.398041725158691 -44.725318908691406 1.7000000476837158
vertex -7.544032096862793 -44.82286834716797 1.7000000476837158
vertex -7.398041725158691 -44.088924407958984 1.7000000476837158
endloop
endfacet
facet normal 0 0 -1
outer loop
vertex -8.03443717956543 -44.088924407958984 1.7000000476837158
vertex -8.131985664367676 -44.57933044433594 1.7000000476837158
vertex -8.131985664367676 -44.23491287231445 1.7000000476837158
endloop
endfacet
facet normal 0 0 -1
outer loop
vertex -7.888447284698486 -43.99137496948242 1.7000000476837158
vertex -8.03443717956543 -44.725318908691406 1.7000000476837158
vertex -8.03443717956543 -44.088924407958984 1.7000000476837158
endloop
endfacet
facet normal 0 0 -1
outer loop
vertex -7.7162394523620605 -43.957122802734375 1.7000000476837158
vertex -7.888447284698486 -44.82286834716797 1.7000000476837158
vertex -7.888447284698486 -43.99137496948242 1.7000000476837158
endloop
endfacet
facet normal 0 0 -1
outer loop
vertex -7.544032096862793 -43.99137496948242 1.7000000476837158
vertex -7.7162394523620605 -44.857120513916016 1.7000000476837158
vertex -7.7162394523620605 -43.957122802734375 1.7000000476837158
endloop
endfacet
facet normal 0 0 -1
outer loop
vertex -7.398041725158691 -44.088924407958984 1.7000000476837158
vertex -7.544032096862793 -44.82286834716797 1.7000000476837158
vertex -7.544032096862793 -43.99137496948242 1.7000000476837158
endloop
endfacet
facet normal 0 0 -1
outer loop
vertex -7.398041725158691 -44.088924407958984 1.7000000476837158
vertex -7.3004937171936035 -44.23491287231445 1.7000000476837158
vertex -7.398041725158691 -44.725318908691406 1.7000000476837158
endloop
endfacet
facet normal -0.9807861114401027 0.19508614406513386 0
outer loop
vertex -7.266239643096924 -44.40711975097656 0
vertex -7.3004937171936035 -44.57933044433594 0
vertex -7.3004937171936035 -44.57933044433594 1.7000000476837158
endloop
endfacet
facet normal 0.9807852845629332 -0.19509030110388895 0
outer loop
vertex -8.131985664367676 -44.23491287231445 0
vertex -8.131985664367676 -44.23491287231445 1.7000000476837158
vertex -8.166239738464355 -44.40711975097656 0
endloop
endfacet
facet normal 0.8314640569414533 -0.5555785471150407 0
outer loop
vertex -8.03443717956543 -44.088924407958984 0
vertex -8.03443717956543 -44.088924407958984 1.7000000476837158
vertex -8.131985664367676 -44.23491287231445 0
endloop
endfacet
facet normal 0.5555785385174394 -0.8314640626863112 0
outer loop
vertex -7.888447284698486 -43.99137496948242 0
vertex -7.888447284698486 -43.99137496948242 1.7000000476837158
vertex -8.03443717956543 -44.088924407958984 0
endloop
endfacet
facet normal 0 0 -1
outer loop
vertex -8.131985664367676 -44.57933044433594 1.7000000476837158
vertex -8.166239738464355 -44.40711975097656 1.7000000476837158
vertex -8.131985664367676 -44.23491287231445 1.7000000476837158
endloop
endfacet
facet normal 0.1950788122039888 -0.9807875697770038 0
outer loop
vertex -7.7162394523620605 -43.957122802734375 0
vertex -7.7162394523620605 -43.957122802734375 1.7000000476837158
vertex -7.888447284698486 -43.99137496948242 0
endloop
endfacet
facet normal -0.8314653114796824 0.5555766696019502 0
outer loop
vertex -7.3004937171936035 -44.57933044433594 0
vertex -7.398041725158691 -44.725318908691406 0
vertex -7.398041725158691 -44.725318908691406 1.7000000476837158
endloop
endfacet
facet normal -0.5555772839934787 0.8314649009491799 0
outer loop
vertex -7.398041725158691 -44.725318908691406 0
vertex -7.544032096862793 -44.82286834716797 0
vertex -7.544032096862793 -44.82286834716797 1.7000000476837158
endloop
endfacet
facet normal 0.8314640569414533 0.5555785471150407 0
outer loop
vertex -8.03443717956543 -44.725318908691406 0
vertex -8.131985664367676 -44.57933044433594 0
vertex -8.131985664367676 -44.57933044433594 1.7000000476837158
endloop
endfacet
facet normal 0.5555785385174394 0.8314640626863112 0
outer loop
vertex -8.03443717956543 -44.725318908691406 0
vertex -8.03443717956543 -44.725318908691406 1.7000000476837158
vertex -7.888447284698486 -44.82286834716797 0
endloop
endfacet
facet normal -0.19507933181498546 0.9807874664261461 0
outer loop
vertex -7.544032096862793 -44.82286834716797 0
vertex -7.7162394523620605 -44.857120513916016 0
vertex -7.7162394523620605 -44.857120513916016 1.7000000476837158
endloop
endfacet
facet normal -0.19507933181498546 -0.9807874664261461 0
outer loop
vertex -7.544032096862793 -43.99137496948242 0
vertex -7.544032096862793 -43.99137496948242 1.7000000476837158
vertex -7.7162394523620605 -43.957122802734375 0
endloop
endfacet
facet normal 0.1950788122039888 0.9807875697770038 0
outer loop
vertex -7.7162394523620605 -44.857120513916016 0
vertex -7.888447284698486 -44.82286834716797 0
vertex -7.888447284698486 -44.82286834716797 1.7000000476837158
endloop
endfacet
facet normal -0.9807852845629332 -0.19509030110388895 0
outer loop
vertex -7.3004937171936035 -44.23491287231445 0
vertex -7.266239643096924 -44.40711975097656 0
vertex -7.266239643096924 -44.40711975097656 1.7000000476837158
endloop
endfacet
facet normal -0.19507933181498546 -0.9807874664261461 0
outer loop
vertex -7.7162394523620605 -43.957122802734375 1.7000000476837158
vertex -7.7162394523620605 -43.957122802734375 0
vertex -7.544032096862793 -43.99137496948242 1.7000000476837158
endloop
endfacet
facet normal 0.1950788122039888 -0.9807875697770038 0
outer loop
vertex -7.888447284698486 -43.99137496948242 1.7000000476837158
vertex -7.888447284698486 -43.99137496948242 0
vertex -7.7162394523620605 -43.957122802734375 1.7000000476837158
endloop
endfacet
facet normal 0.5555785385174394 -0.8314640626863112 0
outer loop
vertex -8.03443717956543 -44.088924407958984 1.7000000476837158
vertex -8.03443717956543 -44.088924407958984 0
vertex -7.888447284698486 -43.99137496948242 1.7000000476837158
endloop
endfacet
facet normal 0.8314640569414533 -0.5555785471150407 0
outer loop
vertex -8.131985664367676 -44.23491287231445 1.7000000476837158
vertex -8.131985664367676 -44.23491287231445 0
vertex -8.03443717956543 -44.088924407958984 1.7000000476837158
endloop
endfacet
facet normal -0.8314653114796824 -0.5555766696019502 0
outer loop
vertex -7.398041725158691 -44.088924407958984 0
vertex -7.3004937171936035 -44.23491287231445 0
vertex -7.3004937171936035 -44.23491287231445 1.7000000476837158
endloop
endfacet
facet normal 0.9807861114401027 0.19508614406513386 0
outer loop
vertex -8.131985664367676 -44.57933044433594 1.7000000476837158
vertex -8.131985664367676 -44.57933044433594 0
vertex -8.166239738464355 -44.40711975097656 1.7000000476837158
endloop
endfacet
facet normal -0.5555772839934787 -0.8314649009491799 0
outer loop
vertex -7.398041725158691 -44.088924407958984 0
vertex -7.398041725158691 -44.088924407958984 1.7000000476837158
vertex -7.544032096862793 -43.99137496948242 0
endloop
endfacet
facet normal 0.9807852845629332 -0.19509030110388895 0
outer loop
vertex -8.166239738464355 -44.40711975097656 1.7000000476837158
vertex -8.166239738464355 -44.40711975097656 0
vertex -8.131985664367676 -44.23491287231445 1.7000000476837158
endloop
endfacet
facet normal -0.9807861114401027 0.19508614406513386 0
outer loop
vertex -7.266239643096924 -44.40711975097656 1.7000000476837158
vertex -7.266239643096924 -44.40711975097656 0
vertex -7.3004937171936035 -44.57933044433594 1.7000000476837158
endloop
endfacet
facet normal -0.8314653114796824 0.5555766696019502 0
outer loop
vertex -7.3004937171936035 -44.57933044433594 1.7000000476837158
vertex -7.3004937171936035 -44.57933044433594 0
vertex -7.398041725158691 -44.725318908691406 1.7000000476837158
endloop
endfacet
facet normal -0.5555772839934787 0.8314649009491799 0
outer loop
vertex -7.398041725158691 -44.725318908691406 1.7000000476837158
vertex -7.398041725158691 -44.725318908691406 0
vertex -7.544032096862793 -44.82286834716797 1.7000000476837158
endloop
endfacet
facet normal 0.9807861114401027 0.19508614406513386 0
outer loop
vertex -8.166239738464355 -44.40711975097656 0
vertex -8.166239738464355 -44.40711975097656 1.7000000476837158
vertex -8.131985664367676 -44.57933044433594 0
endloop
endfacet
facet normal 0.5555785385174394 0.8314640626863112 0
outer loop
vertex -7.888447284698486 -44.82286834716797 1.7000000476837158
vertex -7.888447284698486 -44.82286834716797 0
vertex -8.03443717956543 -44.725318908691406 1.7000000476837158
endloop
endfacet
facet normal 0.8314640569414533 0.5555785471150407 0
outer loop
vertex -8.03443717956543 -44.725318908691406 1.7000000476837158
vertex -8.03443717956543 -44.725318908691406 0
vertex -8.131985664367676 -44.57933044433594 1.7000000476837158
endloop
endfacet
facet normal -0.19507933181498546 0.9807874664261461 0
outer loop
vertex -7.544032096862793 -44.82286834716797 1.7000000476837158
vertex -7.544032096862793 -44.82286834716797 0
vertex -7.7162394523620605 -44.857120513916016 1.7000000476837158
endloop
endfacet
facet normal 0 0 -1
outer loop
vertex -7.266239643096924 -44.40711975097656 1.7000000476837158
vertex -7.3004937171936035 -44.57933044433594 1.7000000476837158
vertex -7.3004937171936035 -44.23491287231445 1.7000000476837158
endloop
endfacet
facet normal -0.9807852845629332 -0.19509030110388895 0
outer loop
vertex -7.3004937171936035 -44.23491287231445 1.7000000476837158
vertex -7.3004937171936035 -44.23491287231445 0
vertex -7.266239643096924 -44.40711975097656 1.7000000476837158
endloop
endfacet
facet normal 0.8314640569414533 -0.5555785471150407 0
outer loop
vertex -8.131985664367676 -45.504913330078125 1.7000000476837158
vertex -8.131985664367676 -45.504913330078125 0
vertex -8.03443717956543 -45.358924865722656 1.7000000476837158
endloop
endfacet
facet normal 0.8314707629512766 0.5555685109482196 0
outer loop
vertex -8.03443717956543 -45.99531936645508 1.7000000476837158
vertex -8.03443717956543 -45.99531936645508 0
vertex -8.131985664367676 -45.849327087402344 1.7000000476837158
endloop
endfacet
facet normal 0.9807852845629332 0.19509030110388895 0
outer loop
vertex -8.131985664367676 -45.849327087402344 1.7000000476837158
vertex -8.131985664367676 -45.849327087402344 0
vertex -8.166239738464355 -45.677120208740234 1.7000000476837158
endloop
endfacet
facet normal -0.19507933181498546 0.9807874664261461 0
outer loop
vertex -7.544032096862793 -46.09286880493164 1.7000000476837158
vertex -7.544032096862793 -46.09286880493164 0
vertex -7.7162394523620605 -46.12712097167969 1.7000000476837158
endloop
endfacet
facet normal 0.1950788122039888 0.9807875697770038 0
outer loop
vertex -7.7162394523620605 -46.12712097167969 1.7000000476837158
vertex -7.7162394523620605 -46.12712097167969 0
vertex -7.888447284698486 -46.09286880493164 1.7000000476837158
endloop
endfacet
facet normal 0 0 -1
outer loop
vertex -8.131985664367676 -45.849327087402344 1.7000000476837158
vertex -8.166239738464355 -45.677120208740234 1.7000000476837158
vertex -8.131985664367676 -45.504913330078125 1.7000000476837158
endloop
endfacet
facet normal 0 0 -1
outer loop
vertex -8.03443717956543 -45.99531936645508 1.7000000476837158
vertex -8.131985664367676 -45.849327087402344 1.7000000476837158
vertex -8.03443717956543 -45.358924865722656 1.7000000476837158
endloop
endfacet
facet normal 0 0 -1
outer loop
vertex -7.888447284698486 -46.09286880493164 1.7000000476837158
vertex -8.03443717956543 -45.99531936645508 1.7000000476837158
vertex -7.888447284698486 -45.261375427246094 1.7000000476837158
endloop
endfacet
facet normal 0 0 -1
outer loop
vertex -7.7162394523620605 -46.12712097167969 1.7000000476837158
vertex -7.888447284698486 -46.09286880493164 1.7000000476837158
vertex -7.7162394523620605 -45.22711944580078 1.7000000476837158
endloop
endfacet
facet normal 0 0 -1
outer loop
vertex -7.544032096862793 -46.09286880493164 1.7000000476837158
vertex -7.7162394523620605 -46.12712097167969 1.7000000476837158
vertex -7.544032096862793 -45.261375427246094 1.7000000476837158
endloop
endfacet
facet normal 0 0 -1
outer loop
vertex -8.03443717956543 -45.358924865722656 1.7000000476837158
vertex -8.131985664367676 -45.849327087402344 1.7000000476837158
vertex -8.131985664367676 -45.504913330078125 1.7000000476837158
endloop
endfacet
facet normal 0 0 -1
outer loop
vertex -7.888447284698486 -45.261375427246094 1.7000000476837158
vertex -8.03443717956543 -45.99531936645508 1.7000000476837158
vertex -8.03443717956543 -45.358924865722656 1.7000000476837158
endloop
endfacet
facet normal 0 0 -1
outer loop
vertex -7.7162394523620605 -45.22711944580078 1.7000000476837158
vertex -7.888447284698486 -46.09286880493164 1.7000000476837158
vertex -7.888447284698486 -45.261375427246094 1.7000000476837158
endloop
endfacet
facet normal 0 0 -1
outer loop
vertex -7.7162394523620605 -45.22711944580078 1.7000000476837158
vertex -7.544032096862793 -45.261375427246094 1.7000000476837158
vertex -7.7162394523620605 -46.12712097167969 1.7000000476837158
endloop
endfacet
facet normal 0 0 -1
outer loop
vertex -7.398041725158691 -45.99531936645508 1.7000000476837158
vertex -7.544032096862793 -46.09286880493164 1.7000000476837158
vertex -7.398041725158691 -45.358924865722656 1.7000000476837158
endloop
endfacet
facet normal 0 0 -1
outer loop
vertex -7.3004937171936035 -45.849327087402344 1.7000000476837158
vertex -7.398041725158691 -45.99531936645508 1.7000000476837158
vertex -7.3004937171936035 -45.504913330078125 1.7000000476837158
endloop
endfacet
facet normal 0 0 -1
outer loop
vertex -7.266239643096924 -45.677120208740234 1.7000000476837158
vertex -7.3004937171936035 -45.849327087402344 1.7000000476837158
vertex -7.3004937171936035 -45.504913330078125 1.7000000476837158
endloop
endfacet
facet normal 0 0 -1
outer loop
vertex -7.398041725158691 -45.358924865722656 1.7000000476837158
vertex -7.544032096862793 -46.09286880493164 1.7000000476837158
vertex -7.544032096862793 -45.261375427246094 1.7000000476837158
endloop
endfacet
facet normal 0 0 -1
outer loop
vertex -7.398041725158691 -45.358924865722656 1.7000000476837158
vertex -7.3004937171936035 -45.504913330078125 1.7000000476837158
vertex -7.398041725158691 -45.99531936645508 1.7000000476837158
endloop
endfacet
facet normal 0.5555785385174394 0.8314640626863112 0
outer loop
vertex -7.888447284698486 -46.09286880493164 1.7000000476837158
vertex -7.888447284698486 -46.09286880493164 0
vertex -8.03443717956543 -45.99531936645508 1.7000000476837158
endloop
endfacet
facet normal 0.19509971138541468 -0.9807834126948354 0
outer loop
vertex -7.7162394523620605 -45.22711944580078 0
vertex -7.7162394523620605 -45.22711944580078 1.7000000476837158
vertex -7.888447284698486 -45.261375427246094 0
endloop
endfacet
facet normal -0.5555772839934787 -0.8314649009491799 0
outer loop
vertex -7.398041725158691 -45.358924865722656 0
vertex -7.398041725158691 -45.358924865722656 1.7000000476837158
vertex -7.544032096862793 -45.261375427246094 0
endloop
endfacet
facet normal -0.8314653114796824 -0.5555766696019502 0
outer loop
vertex -7.398041725158691 -45.358924865722656 0
vertex -7.3004937171936035 -45.504913330078125 0
vertex -7.3004937171936035 -45.504913330078125 1.7000000476837158
endloop
endfacet
facet normal -0.9807852845629332 -0.19509030110388895 0
outer loop
vertex -7.3004937171936035 -45.504913330078125 0
vertex -7.266239643096924 -45.677120208740234 0
vertex -7.266239643096924 -45.677120208740234 1.7000000476837158
endloop
endfacet
facet normal -0.9807852845629332 0.19509030110388895 0
outer loop
vertex -7.266239643096924 -45.677120208740234 0
vertex -7.3004937171936035 -45.849327087402344 0
vertex -7.3004937171936035 -45.849327087402344 1.7000000476837158
endloop
endfacet
facet normal -0.8314720174542991 0.5555666334387602 0
outer loop
vertex -7.3004937171936035 -45.849327087402344 0
vertex -7.398041725158691 -45.99531936645508 0
vertex -7.398041725158691 -45.99531936645508 1.7000000476837158
endloop
endfacet
facet normal -0.5555772839934787 0.8314649009491799 0
outer loop
vertex -7.398041725158691 -45.99531936645508 0
vertex -7.544032096862793 -46.09286880493164 0
vertex -7.544032096862793 -46.09286880493164 1.7000000476837158
endloop
endfacet
facet normal -0.19510023104767313 -0.9807833093222704 0
outer loop
vertex -7.7162394523620605 -45.22711944580078 0
vertex -7.544032096862793 -45.261375427246094 0
vertex -7.544032096862793 -45.261375427246094 1.7000000476837158
endloop
endfacet
facet normal 0.5555785385174394 -0.8314640626863112 0
outer loop
vertex -7.888447284698486 -45.261375427246094 0
vertex -7.888447284698486 -45.261375427246094 1.7000000476837158
vertex -8.03443717956543 -45.358924865722656 0
endloop
endfacet
facet normal 0.8314640569414533 -0.5555785471150407 0
outer loop
vertex -8.03443717956543 -45.358924865722656 0
vertex -8.03443717956543 -45.358924865722656 1.7000000476837158
vertex -8.131985664367676 -45.504913330078125 0
endloop
endfacet
facet normal 0.8314707629512766 0.5555685109482196 0
outer loop
vertex -8.03443717956543 -45.99531936645508 0
vertex -8.131985664367676 -45.849327087402344 0
vertex -8.131985664367676 -45.849327087402344 1.7000000476837158
endloop
endfacet
facet normal 0.5555785385174394 0.8314640626863112 0
outer loop
vertex -8.03443717956543 -45.99531936645508 0
vertex -8.03443717956543 -45.99531936645508 1.7000000476837158
vertex -7.888447284698486 -46.09286880493164 0
endloop
endfacet
facet normal 0.9807852845629332 -0.19509030110388895 0
outer loop
vertex -8.131985664367676 -45.504913330078125 0
vertex -8.131985664367676 -45.504913330078125 1.7000000476837158
vertex -8.166239738464355 -45.677120208740234 0
endloop
endfacet
facet normal 0.9807852845629332 0.19509030110388895 0
outer loop
vertex -8.166239738464355 -45.677120208740234 0
vertex -8.166239738464355 -45.677120208740234 1.7000000476837158
vertex -8.131985664367676 -45.849327087402344 0
endloop
endfacet
facet normal -0.19507933181498546 0.9807874664261461 0
outer loop
vertex -7.544032096862793 -46.09286880493164 0
vertex -7.7162394523620605 -46.12712097167969 0
vertex -7.7162394523620605 -46.12712097167969 1.7000000476837158
endloop
endfacet
facet normal 0.1950788122039888 0.9807875697770038 0
outer loop
vertex -7.7162394523620605 -46.12712097167969 0
vertex -7.888447284698486 -46.09286880493164 0
vertex -7.888447284698486 -46.09286880493164 1.7000000476837158
endloop
endfacet
facet normal -0.19510023104767313 -0.9807833093222704 0
outer loop
vertex -7.7162394523620605 -45.22711944580078 1.7000000476837158
vertex -7.7162394523620605 -45.22711944580078 0
vertex -7.544032096862793 -45.261375427246094 1.7000000476837158
endloop
endfacet
facet normal -0.8314653114796824 -0.5555766696019502 0
outer loop
vertex -7.398041725158691 -45.358924865722656 1.7000000476837158
vertex -7.398041725158691 -45.358924865722656 0
vertex -7.3004937171936035 -45.504913330078125 1.7000000476837158
endloop
endfacet
facet normal -0.5555772839934787 -0.8314649009491799 0
outer loop
vertex -7.544032096862793 -45.261375427246094 1.7000000476837158
vertex -7.544032096862793 -45.261375427246094 0
vertex -7.398041725158691 -45.358924865722656 1.7000000476837158
endloop
endfacet
facet normal -0.9807852845629332 -0.19509030110388895 0
outer loop
vertex -7.3004937171936035 -45.504913330078125 1.7000000476837158
vertex -7.3004937171936035 -45.504913330078125 0
vertex -7.266239643096924 -45.677120208740234 1.7000000476837158
endloop
endfacet
facet normal -0.9807852845629332 0.19509030110388895 0
outer loop
vertex -7.266239643096924 -45.677120208740234 1.7000000476837158
vertex -7.266239643096924 -45.677120208740234 0
vertex -7.3004937171936035 -45.849327087402344 1.7000000476837158
endloop
endfacet
facet normal -0.8314720174542991 0.5555666334387602 0
outer loop
vertex -7.3004937171936035 -45.849327087402344 1.7000000476837158
vertex -7.3004937171936035 -45.849327087402344 0
vertex -7.398041725158691 -45.99531936645508 1.7000000476837158
endloop
endfacet
facet normal -0.5555772839934787 0.8314649009491799 0
outer loop
vertex -7.398041725158691 -45.99531936645508 1.7000000476837158
vertex -7.398041725158691 -45.99531936645508 0
vertex -7.544032096862793 -46.09286880493164 1.7000000476837158
endloop
endfacet
facet normal 0.19509971138541468 -0.9807834126948354 0
outer loop
vertex -7.888447284698486 -45.261375427246094 1.7000000476837158
vertex -7.888447284698486 -45.261375427246094 0
vertex -7.7162394523620605 -45.22711944580078 1.7000000476837158
endloop
endfacet
facet normal 0.5555785385174394 -0.8314640626863112 0
outer loop
vertex -8.03443717956543 -45.358924865722656 1.7000000476837158
vertex -8.03443717956543 -45.358924865722656 0
vertex -7.888447284698486 -45.261375427246094 1.7000000476837158
endloop
endfacet
facet normal 0.9807852845629332 -0.19509030110388895 0
outer loop
vertex -8.166239738464355 -45.677120208740234 1.7000000476837158
vertex -8.166239738464355 -45.677120208740234 0
vertex -8.131985664367676 -45.504913330078125 1.7000000476837158
endloop
endfacet
facet normal 0.9807852845629332 0.19509030110388895 0
outer loop
vertex -8.13223934173584 -47.119327545166016 1.7000000476837158
vertex -8.13223934173584 -47.119327545166016 0
vertex -8.16649341583252 -46.947120666503906 1.7000000476837158
endloop
endfacet
facet normal 0.9807852845629332 -0.19509030110388895 0
outer loop
vertex -8.13223934173584 -46.7749137878418 0
vertex -8.13223934173584 -46.7749137878418 1.7000000476837158
vertex -8.16649341583252 -46.947120666503906 0
endloop
endfacet
facet normal 0 0 -1
outer loop
vertex -8.13223934173584 -47.119327545166016 1.7000000476837158
vertex -8.16649341583252 -46.947120666503906 1.7000000476837158
vertex -8.13223934173584 -46.7749137878418 1.7000000476837158
endloop
endfacet
facet normal 0 0 -1
outer loop
vertex -8.03469181060791 -47.26531982421875 1.7000000476837158
vertex -8.13223934173584 -47.119327545166016 1.7000000476837158
vertex -8.03469181060791 -46.62892150878906 1.7000000476837158
endloop
endfacet
facet normal 0 0 -1
outer loop
vertex -7.88870096206665 -47.36286544799805 1.7000000476837158
vertex -8.03469181060791 -47.26531982421875 1.7000000476837158
vertex -7.88870096206665 -46.531375885009766 1.7000000476837158
endloop
endfacet
facet normal -0.8314732719568675 -0.5555647559208026 0
outer loop
vertex -7.3982954025268555 -46.62892150878906 1.7000000476837158
vertex -7.3982954025268555 -46.62892150878906 0
vertex -7.300747871398926 -46.7749137878418 1.7000000476837158
endloop
endfacet
facet normal -0.5555622638012966 -0.8314749371087372 0
outer loop
vertex -7.544285774230957 -46.531375885009766 1.7000000476837158
vertex -7.544285774230957 -46.531375885009766 0
vertex -7.3982954025268555 -46.62892150878906 1.7000000476837158
endloop
endfacet
facet normal -0.9807847649190312 -0.1950929135123066 0
outer loop
vertex -7.300747871398926 -46.7749137878418 1.7000000476837158
vertex -7.300747871398926 -46.7749137878418 0
vertex -7.266493320465088 -46.947120666503906 1.7000000476837158
endloop
endfacet
facet normal 0 0 -1
outer loop
vertex -7.716493606567383 -47.39712142944336 1.7000000476837158
vertex -7.88870096206665 -47.36286544799805 1.7000000476837158
vertex -7.716493606567383 -46.49711990356445 1.7000000476837158
endloop
endfacet
facet normal 0 0 -1
outer loop
vertex -7.544285774230957 -47.36286544799805 1.7000000476837158
vertex -7.716493606567383 -47.39712142944336 1.7000000476837158
vertex -7.544285774230957 -46.531375885009766 1.7000000476837158
endloop
endfacet
facet normal -0.19509971138541468 -0.9807834126948354 0
outer loop
vertex -7.716493606567383 -46.49711990356445 1.7000000476837158
vertex -7.716493606567383 -46.49711990356445 0
vertex -7.544285774230957 -46.531375885009766 1.7000000476837158
endloop
endfacet
facet normal 0.19510023104767313 -0.9807833093222704 0
outer loop
vertex -7.88870096206665 -46.531375885009766 1.7000000476837158
vertex -7.88870096206665 -46.531375885009766 0
vertex -7.716493606567383 -46.49711990356445 1.7000000476837158
endloop
endfacet
facet normal 0.5555610092853684 -0.8314757753307204 0
outer loop
vertex -8.03469181060791 -46.62892150878906 1.7000000476837158
vertex -8.03469181060791 -46.62892150878906 0
vertex -7.88870096206665 -46.531375885009766 1.7000000476837158
endloop
endfacet
facet normal 0.8314732719568675 -0.5555647559208026 0
outer loop
vertex -8.13223934173584 -46.7749137878418 1.7000000476837158
vertex -8.13223934173584 -46.7749137878418 0
vertex -8.03469181060791 -46.62892150878906 1.7000000476837158
endloop
endfacet
facet normal -0.9807847649190312 0.1950929135123066 0
outer loop
vertex -7.266493320465088 -46.947120666503906 1.7000000476837158
vertex -7.266493320465088 -46.947120666503906 0
vertex -7.300747871398926 -47.119327545166016 1.7000000476837158
endloop
endfacet
facet normal -0.8314732719568675 0.5555647559208026 0
outer loop
vertex -7.300747871398926 -47.119327545166016 1.7000000476837158
vertex -7.300747871398926 -47.119327545166016 0
vertex -7.3982954025268555 -47.26531982421875 1.7000000476837158
endloop
endfacet
facet normal -0.5555622638012966 0.8314749371087372 0
outer loop
vertex -7.3982954025268555 -47.26531982421875 1.7000000476837158
vertex -7.3982954025268555 -47.26531982421875 0
vertex -7.544285774230957 -47.36286544799805 1.7000000476837158
endloop
endfacet
facet normal 0.5555610092853684 0.8314757753307204 0
outer loop
vertex -7.88870096206665 -47.36286544799805 1.7000000476837158
vertex -7.88870096206665 -47.36286544799805 0
vertex -8.03469181060791 -47.26531982421875 1.7000000476837158
endloop
endfacet
facet normal 0.8314732719568675 0.5555647559208026 0
outer loop
vertex -8.03469181060791 -47.26531982421875 1.7000000476837158
vertex -8.03469181060791 -47.26531982421875 0
vertex -8.13223934173584 -47.119327545166016 1.7000000476837158
endloop
endfacet
facet normal -0.19509971138541468 0.9807834126948354 0
outer loop
vertex -7.544285774230957 -47.36286544799805 1.7000000476837158
vertex -7.544285774230957 -47.36286544799805 0
vertex -7.716493606567383 -47.39712142944336 1.7000000476837158
endloop
endfacet
facet normal 0.19510023104767313 0.9807833093222704 0
outer loop
vertex -7.716493606567383 -47.39712142944336 1.7000000476837158
vertex -7.716493606567383 -47.39712142944336 0
vertex -7.88870096206665 -47.36286544799805 1.7000000476837158
endloop
endfacet
facet normal 0.9807852845629332 -0.19509030110388895 0
outer loop
vertex -8.16649341583252 -46.947120666503906 1.7000000476837158
vertex -8.16649341583252 -46.947120666503906 0
vertex -8.13223934173584 -46.7749137878418 1.7000000476837158
endloop
endfacet
facet normal -0.8314732719568675 -0.5555647559208026 0
outer loop
vertex -7.3982954025268555 -46.62892150878906 0
vertex -7.300747871398926 -46.7749137878418 0
vertex -7.300747871398926 -46.7749137878418 1.7000000476837158
endloop
endfacet
facet normal 0 0 -1
outer loop
vertex -7.3982954025268555 -47.26531982421875 1.7000000476837158
vertex -7.544285774230957 -47.36286544799805 1.7000000476837158
vertex -7.3982954025268555 -46.62892150878906 1.7000000476837158
endloop
endfacet
facet normal -0.5555622638012966 -0.8314749371087372 0
outer loop
vertex -7.3982954025268555 -46.62892150878906 0
vertex -7.3982954025268555 -46.62892150878906 1.7000000476837158
vertex -7.544285774230957 -46.531375885009766 0
endloop
endfacet
facet normal 0 0 -1
outer loop
vertex -7.300747871398926 -47.119327545166016 1.7000000476837158
vertex -7.3982954025268555 -47.26531982421875 1.7000000476837158
vertex -7.300747871398926 -46.7749137878418 1.7000000476837158
endloop
endfacet
facet normal 0 0 -1
outer loop
vertex -7.266493320465088 -46.947120666503906 1.7000000476837158
vertex -7.300747871398926 -47.119327545166016 1.7000000476837158
vertex -7.300747871398926 -46.7749137878418 1.7000000476837158
endloop
endfacet
facet normal 0 0 -1
outer loop
vertex -8.03469181060791 -46.62892150878906 1.7000000476837158
vertex -8.13223934173584 -47.119327545166016 1.7000000476837158
vertex -8.13223934173584 -46.7749137878418 1.7000000476837158
endloop
endfacet
facet normal 0 0 -1
outer loop
vertex -7.88870096206665 -46.531375885009766 1.7000000476837158
vertex -8.03469181060791 -47.26531982421875 1.7000000476837158
vertex -8.03469181060791 -46.62892150878906 1.7000000476837158
endloop
endfacet
facet normal 0 0 -1
outer loop
vertex -7.716493606567383 -46.49711990356445 1.7000000476837158
vertex -7.88870096206665 -47.36286544799805 1.7000000476837158
vertex -7.88870096206665 -46.531375885009766 1.7000000476837158
endloop
endfacet
facet normal 0 0 -1
outer loop
vertex -7.544285774230957 -46.531375885009766 1.7000000476837158
vertex -7.716493606567383 -47.39712142944336 1.7000000476837158
vertex -7.716493606567383 -46.49711990356445 1.7000000476837158
endloop
endfacet
facet normal 0 0 -1
outer loop
vertex -7.3982954025268555 -46.62892150878906 1.7000000476837158
vertex -7.544285774230957 -47.36286544799805 1.7000000476837158
vertex -7.544285774230957 -46.531375885009766 1.7000000476837158
endloop
endfacet
facet normal 0 0 -1
outer loop
vertex -7.3982954025268555 -46.62892150878906 1.7000000476837158
vertex -7.300747871398926 -46.7749137878418 1.7000000476837158
vertex -7.3982954025268555 -47.26531982421875 1.7000000476837158
endloop
endfacet
facet normal -0.9807847649190312 -0.1950929135123066 0
outer loop
vertex -7.300747871398926 -46.7749137878418 0
vertex -7.266493320465088 -46.947120666503906 0
vertex -7.266493320465088 -46.947120666503906 1.7000000476837158
endloop
endfacet
facet normal 0.19510023104767313 -0.9807833093222704 0
outer loop
vertex -7.716493606567383 -46.49711990356445 0
vertex -7.716493606567383 -46.49711990356445 1.7000000476837158
vertex -7.88870096206665 -46.531375885009766 0
endloop
endfacet
facet normal -0.19509971138541468 -0.9807834126948354 0
outer loop
vertex -7.544285774230957 -46.531375885009766 0
vertex -7.544285774230957 -46.531375885009766 1.7000000476837158
vertex -7.716493606567383 -46.49711990356445 0
endloop
endfacet
facet normal 0.5555610092853684 -0.8314757753307204 0
outer loop
vertex -7.88870096206665 -46.531375885009766 0
vertex -7.88870096206665 -46.531375885009766 1.7000000476837158
vertex -8.03469181060791 -46.62892150878906 0
endloop
endfacet
facet normal 0.8314732719568675 -0.5555647559208026 0
outer loop
vertex -8.03469181060791 -46.62892150878906 0
vertex -8.03469181060791 -46.62892150878906 1.7000000476837158
vertex -8.13223934173584 -46.7749137878418 0
endloop
endfacet
facet normal -0.9807847649190312 0.1950929135123066 0
outer loop
vertex -7.300747871398926 -47.119327545166016 0
vertex -7.300747871398926 -47.119327545166016 1.7000000476837158
vertex -7.266493320465088 -46.947120666503906 0
endloop
endfacet
facet normal -0.8314732719568675 0.5555647559208026 0
outer loop
vertex -7.3982954025268555 -47.26531982421875 0
vertex -7.3982954025268555 -47.26531982421875 1.7000000476837158
vertex -7.300747871398926 -47.119327545166016 0
endloop
endfacet
facet normal -0.5555622638012966 0.8314749371087372 0
outer loop
vertex -7.544285774230957 -47.36286544799805 0
vertex -7.544285774230957 -47.36286544799805 1.7000000476837158
vertex -7.3982954025268555 -47.26531982421875 0
endloop
endfacet
facet normal 0.8314732719568675 0.5555647559208026 0
outer loop
vertex -8.03469181060791 -47.26531982421875 0
vertex -8.13223934173584 -47.119327545166016 0
vertex -8.13223934173584 -47.119327545166016 1.7000000476837158
endloop
endfacet
facet normal 0.5555610092853684 0.8314757753307204 0
outer loop
vertex -7.88870096206665 -47.36286544799805 0
vertex -8.03469181060791 -47.26531982421875 0
vertex -8.03469181060791 -47.26531982421875 1.7000000476837158
endloop
endfacet
facet normal -0.19509971138541468 0.9807834126948354 0
outer loop
vertex -7.716493606567383 -47.39712142944336 0
vertex -7.716493606567383 -47.39712142944336 1.7000000476837158
vertex -7.544285774230957 -47.36286544799805 0
endloop
endfacet
facet normal 0.19510023104767313 0.9807833093222704 0
outer loop
vertex -7.88870096206665 -47.36286544799805 0
vertex -7.88870096206665 -47.36286544799805 1.7000000476837158
vertex -7.716493606567383 -47.39712142944336 0
endloop
endfacet
facet normal 0.9807852845629332 0.19509030110388895 0
outer loop
vertex -8.16649341583252 -46.947120666503906 0
vertex -8.16649341583252 -46.947120666503906 1.7000000476837158
vertex -8.13223934173584 -47.119327545166016 0
endloop
endfacet
facet normal 0.1950798514286955 0.9807873630744628 0
outer loop
vertex 11.283468246459961 -43.587120056152344 0
vertex 11.111261367797852 -43.5528678894043 0
vertex 11.111261367797852 -43.5528678894043 1.7000000476837158
endloop
endfacet
facet normal -0.1950788122039888 0.9807875697770038 0
outer loop
vertex 11.455676078796387 -43.5528678894043 0
vertex 11.283468246459961 -43.587120056152344 0
vertex 11.283468246459961 -43.587120056152344 1.7000000476837158
endloop
endfacet
facet normal 0.9807852845629332 -0.19509030110388895 0
outer loop
vertex 10.867722511291504 -42.96491241455078 0
vertex 10.867722511291504 -42.96491241455078 1.7000000476837158
vertex 10.833468437194824 -43.13711929321289 0
endloop
endfacet
facet normal 0.8314665660174577 -0.5555747920803612 0
outer loop
vertex 10.965270042419434 -42.81892395019531 0
vertex 10.965270042419434 -42.81892395019531 1.7000000476837158
vertex 10.867722511291504 -42.96491241455078 0
endloop
endfacet
facet normal 0.5555747749587596 -0.8314665774578817 0
outer loop
vertex 11.111261367797852 -42.72137451171875 0
vertex 11.111261367797852 -42.72137451171875 1.7000000476837158
vertex 10.965270042419434 -42.81892395019531 0
endloop
endfacet
facet normal 0.1950798514286955 -0.9807873630744628 0
outer loop
vertex 11.283468246459961 -42.6871223449707 0
vertex 11.283468246459961 -42.6871223449707 1.7000000476837158
vertex 11.111261367797852 -42.72137451171875 0
endloop
endfacet
facet normal -0.5555772839934787 0.8314649009491799 0
outer loop
vertex 11.601666450500488 -43.455318450927734 0
vertex 11.455676078796387 -43.5528678894043 0
vertex 11.455676078796387 -43.5528678894043 1.7000000476837158
endloop
endfacet
facet normal -0.8314665660174577 0.5555747920803612 0
outer loop
vertex 11.699213981628418 -43.309329986572266 0
vertex 11.601666450500488 -43.455318450927734 0
vertex 11.601666450500488 -43.455318450927734 1.7000000476837158
endloop
endfacet
facet normal -0.9807861114401027 0.19508614406513386 0
outer loop
vertex 11.733468055725098 -43.13711929321289 0
vertex 11.699213981628418 -43.309329986572266 0
vertex 11.699213981628418 -43.309329986572266 1.7000000476837158
endloop
endfacet
facet normal -0.1950788122039888 -0.9807875697770038 0
outer loop
vertex 11.283468246459961 -42.6871223449707 0
vertex 11.455676078796387 -42.72137451171875 0
vertex 11.455676078796387 -42.72137451171875 1.7000000476837158
endloop
endfacet
facet normal -0.9807852845629332 -0.19509030110388895 0
outer loop
vertex 11.699213981628418 -42.96491241455078 0
vertex 11.733468055725098 -43.13711929321289 0
vertex 11.733468055725098 -43.13711929321289 1.7000000476837158
endloop
endfacet
facet normal -0.8314665660174577 -0.5555747920803612 0
outer loop
vertex 11.601666450500488 -42.81892395019531 0
vertex 11.699213981628418 -42.96491241455078 0
vertex 11.699213981628418 -42.96491241455078 1.7000000476837158
endloop
endfacet
facet normal -0.5555772839934787 -0.8314649009491799 0
outer loop
vertex 11.601666450500488 -42.81892395019531 0
vertex 11.601666450500488 -42.81892395019531 1.7000000476837158
vertex 11.455676078796387 -42.72137451171875 0
endloop
endfacet
facet normal 0 0 -1
outer loop
vertex 10.965270042419434 -43.455318450927734 1.7000000476837158
vertex 10.867722511291504 -43.309329986572266 1.7000000476837158
vertex 10.965270042419434 -42.81892395019531 1.7000000476837158
endloop
endfacet
facet normal -0.8314665660174577 -0.5555747920803612 0
outer loop
vertex 11.601666450500488 -42.81892395019531 1.7000000476837158
vertex 11.601666450500488 -42.81892395019531 0
vertex 11.699213981628418 -42.96491241455078 1.7000000476837158
endloop
endfacet
facet normal -0.9807852845629332 -0.19509030110388895 0
outer loop
vertex 11.699213981628418 -42.96491241455078 1.7000000476837158
vertex 11.699213981628418 -42.96491241455078 0
vertex 11.733468055725098 -43.13711929321289 1.7000000476837158
endloop
endfacet
facet normal -0.5555772839934787 -0.8314649009491799 0
outer loop
vertex 11.455676078796387 -42.72137451171875 1.7000000476837158
vertex 11.455676078796387 -42.72137451171875 0
vertex 11.601666450500488 -42.81892395019531 1.7000000476837158
endloop
endfacet
facet normal -0.1950788122039888 -0.9807875697770038 0
outer loop
vertex 11.283468246459961 -42.6871223449707 1.7000000476837158
vertex 11.283468246459961 -42.6871223449707 0
vertex 11.455676078796387 -42.72137451171875 1.7000000476837158
endloop
endfacet
facet normal 0 0 -1
outer loop
vertex 11.111261367797852 -43.5528678894043 1.7000000476837158
vertex 10.965270042419434 -43.455318450927734 1.7000000476837158
vertex 11.111261367797852 -42.72137451171875 1.7000000476837158
endloop
endfacet
facet normal 0 0 -1
outer loop
vertex 11.283468246459961 -43.587120056152344 1.7000000476837158
vertex 11.111261367797852 -43.5528678894043 1.7000000476837158
vertex 11.283468246459961 -42.6871223449707 1.7000000476837158
endloop
endfacet
facet normal 0 0 -1
outer loop
vertex 10.965270042419434 -42.81892395019531 1.7000000476837158
vertex 10.867722511291504 -43.309329986572266 1.7000000476837158
vertex 10.867722511291504 -42.96491241455078 1.7000000476837158
endloop
endfacet
facet normal 0 0 -1
outer loop
vertex 11.111261367797852 -42.72137451171875 1.7000000476837158
vertex 10.965270042419434 -43.455318450927734 1.7000000476837158
vertex 10.965270042419434 -42.81892395019531 1.7000000476837158
endloop
endfacet
facet normal 0 0 -1
outer loop
vertex 11.283468246459961 -42.6871223449707 1.7000000476837158
vertex 11.111261367797852 -43.5528678894043 1.7000000476837158
vertex 11.111261367797852 -42.72137451171875 1.7000000476837158
endloop
endfacet
facet normal -0.9807861114401027 0.19508614406513386 0
outer loop
vertex 11.733468055725098 -43.13711929321289 1.7000000476837158
vertex 11.733468055725098 -43.13711929321289 0
vertex 11.699213981628418 -43.309329986572266 1.7000000476837158
endloop
endfacet
facet normal -0.8314665660174577 0.5555747920803612 0
outer loop
vertex 11.699213981628418 -43.309329986572266 1.7000000476837158
vertex 11.699213981628418 -43.309329986572266 0
vertex 11.601666450500488 -43.455318450927734 1.7000000476837158
endloop
endfacet
facet normal -0.5555772839934787 0.8314649009491799 0
outer loop
vertex 11.601666450500488 -43.455318450927734 1.7000000476837158
vertex 11.601666450500488 -43.455318450927734 0
vertex 11.455676078796387 -43.5528678894043 1.7000000476837158
endloop
endfacet
facet normal 0.1950798514286955 -0.9807873630744628 0
outer loop
vertex 11.111261367797852 -42.72137451171875 1.7000000476837158
vertex 11.111261367797852 -42.72137451171875 0
vertex 11.283468246459961 -42.6871223449707 1.7000000476837158
endloop
endfacet
facet normal 0.5555747749587596 -0.8314665774578817 0
outer loop
vertex 10.965270042419434 -42.81892395019531 1.7000000476837158
vertex 10.965270042419434 -42.81892395019531 0
vertex 11.111261367797852 -42.72137451171875 1.7000000476837158
endloop
endfacet
facet normal 0.8314665660174577 -0.5555747920803612 0
outer loop
vertex 10.867722511291504 -42.96491241455078 1.7000000476837158
vertex 10.867722511291504 -42.96491241455078 0
vertex 10.965270042419434 -42.81892395019531 1.7000000476837158
endloop
endfacet
facet normal 0.9807852845629332 -0.19509030110388895 0
outer loop
vertex 10.833468437194824 -43.13711929321289 1.7000000476837158
vertex 10.833468437194824 -43.13711929321289 0
vertex 10.867722511291504 -42.96491241455078 1.7000000476837158
endloop
endfacet
facet normal 0.5555747749587596 0.8314665774578817 0
outer loop
vertex 11.111261367797852 -43.5528678894043 1.7000000476837158
vertex 11.111261367797852 -43.5528678894043 0
vertex 10.965270042419434 -43.455318450927734 1.7000000476837158
endloop
endfacet
facet normal 0.9807861114401027 0.19508614406513386 0
outer loop
vertex 10.867722511291504 -43.309329986572266 1.7000000476837158
vertex 10.867722511291504 -43.309329986572266 0
vertex 10.833468437194824 -43.13711929321289 1.7000000476837158
endloop
endfacet
facet normal 0.8314665660174577 0.5555747920803612 0
outer loop
vertex 10.965270042419434 -43.455318450927734 1.7000000476837158
vertex 10.965270042419434 -43.455318450927734 0
vertex 10.867722511291504 -43.309329986572266 1.7000000476837158
endloop
endfacet
facet normal -0.1950788122039888 0.9807875697770038 0
outer loop
vertex 11.455676078796387 -43.5528678894043 1.7000000476837158
vertex 11.455676078796387 -43.5528678894043 0
vertex 11.283468246459961 -43.587120056152344 1.7000000476837158
endloop
endfacet
facet normal 0 0 -1
outer loop
vertex 11.455676078796387 -43.5528678894043 1.7000000476837158
vertex 11.283468246459961 -43.587120056152344 1.7000000476837158
vertex 11.455676078796387 -42.72137451171875 1.7000000476837158
endloop
endfacet
facet normal 0 0 -1
outer loop
vertex 11.601666450500488 -43.455318450927734 1.7000000476837158
vertex 11.455676078796387 -43.5528678894043 1.7000000476837158
vertex 11.601666450500488 -42.81892395019531 1.7000000476837158
endloop
endfacet
facet normal 0 0 -1
outer loop
vertex 11.699213981628418 -43.309329986572266 1.7000000476837158
vertex 11.601666450500488 -43.455318450927734 1.7000000476837158
vertex 11.699213981628418 -42.96491241455078 1.7000000476837158
endloop
endfacet
facet normal 0 0 -1
outer loop
vertex 11.733468055725098 -43.13711929321289 1.7000000476837158
vertex 11.699213981628418 -43.309329986572266 1.7000000476837158
vertex 11.699213981628418 -42.96491241455078 1.7000000476837158
endloop
endfacet
facet normal 0.1950798514286955 0.9807873630744628 0
outer loop
vertex 11.283468246459961 -43.587120056152344 1.7000000476837158
vertex 11.283468246459961 -43.587120056152344 0
vertex 11.111261367797852 -43.5528678894043 1.7000000476837158
endloop
endfacet
facet normal 0 0 -1
outer loop
vertex 11.283468246459961 -42.6871223449707 1.7000000476837158
vertex 11.455676078796387 -42.72137451171875 1.7000000476837158
vertex 11.283468246459961 -43.587120056152344 1.7000000476837158
endloop
endfacet
facet normal 0 0 -1
outer loop
vertex 11.601666450500488 -42.81892395019531 1.7000000476837158
vertex 11.455676078796387 -43.5528678894043 1.7000000476837158
vertex 11.455676078796387 -42.72137451171875 1.7000000476837158
endloop
endfacet
facet normal 0 0 -1
outer loop
vertex 11.601666450500488 -42.81892395019531 1.7000000476837158
vertex 11.699213981628418 -42.96491241455078 1.7000000476837158
vertex 11.601666450500488 -43.455318450927734 1.7000000476837158
endloop
endfacet
facet normal 0.5555747749587596 0.8314665774578817 0
outer loop
vertex 10.965270042419434 -43.455318450927734 0
vertex 10.965270042419434 -43.455318450927734 1.7000000476837158
vertex 11.111261367797852 -43.5528678894043 0
endloop
endfacet
facet normal 0.9807861114401027 0.19508614406513386 0
outer loop
vertex 10.833468437194824 -43.13711929321289 0
vertex 10.833468437194824 -43.13711929321289 1.7000000476837158
vertex 10.867722511291504 -43.309329986572266 0
endloop
endfacet
facet normal 0.8314665660174577 0.5555747920803612 0
outer loop
vertex 10.965270042419434 -43.455318450927734 0
vertex 10.867722511291504 -43.309329986572266 0
vertex 10.867722511291504 -43.309329986572266 1.7000000476837158
endloop
endfacet
facet normal 0 0 -1
outer loop
vertex 10.867722511291504 -43.309329986572266 1.7000000476837158
vertex 10.833468437194824 -43.13711929321289 1.7000000476837158
vertex 10.867722511291504 -42.96491241455078 1.7000000476837158
endloop
endfacet
facet normal -0.5555772839934787 -0.8314649009491799 0
outer loop
vertex 11.601666450500488 -44.088924407958984 0
vertex 11.601666450500488 -44.088924407958984 1.7000000476837158
vertex 11.455676078796387 -43.99137496948242 0
endloop
endfacet
facet normal -0.5555772839934787 0.8314649009491799 0
outer loop
vertex 11.601666450500488 -44.725318908691406 0
vertex 11.455676078796387 -44.82286834716797 0
vertex 11.455676078796387 -44.82286834716797 1.7000000476837158
endloop
endfacet
facet normal 0 0 -1
outer loop
vertex 11.601666450500488 -44.088924407958984 1.7000000476837158
vertex 11.699213981628418 -44.23491287231445 1.7000000476837158
vertex 11.601666450500488 -44.725318908691406 1.7000000476837158
endloop
endfacet
facet normal 0.8314665660174577 -0.5555747920803612 0
outer loop
vertex 10.867722511291504 -44.23491287231445 1.7000000476837158
vertex 10.867722511291504 -44.23491287231445 0
vertex 10.965270042419434 -44.088924407958984 1.7000000476837158
endloop
endfacet
facet normal 0 0 -1
outer loop
vertex 11.601666450500488 -44.088924407958984 1.7000000476837158
vertex 11.455676078796387 -44.82286834716797 1.7000000476837158
vertex 11.455676078796387 -43.99137496948242 1.7000000476837158
endloop
endfacet
facet normal 0 0 -1
outer loop
vertex 11.283468246459961 -43.957122802734375 1.7000000476837158
vertex 11.455676078796387 -43.99137496948242 1.7000000476837158
vertex 11.283468246459961 -44.857120513916016 1.7000000476837158
endloop
endfacet
facet normal 0 0 -1
outer loop
vertex 11.283468246459961 -43.957122802734375 1.7000000476837158
vertex 11.111261367797852 -44.82286834716797 1.7000000476837158
vertex 11.111261367797852 -43.99137496948242 1.7000000476837158
endloop
endfacet
facet normal 0 0 -1
outer loop
vertex 11.111261367797852 -43.99137496948242 1.7000000476837158
vertex 10.965270042419434 -44.725318908691406 1.7000000476837158
vertex 10.965270042419434 -44.088924407958984 1.7000000476837158
endloop
endfacet
facet normal 0 0 -1
outer loop
vertex 10.965270042419434 -44.088924407958984 1.7000000476837158
vertex 10.867722511291504 -44.57933044433594 1.7000000476837158
vertex 10.867722511291504 -44.23491287231445 1.7000000476837158
endloop
endfacet
facet normal 0.9807852845629332 -0.19509030110388895 0
outer loop
vertex 10.833468437194824 -44.40711975097656 1.7000000476837158
vertex 10.833468437194824 -44.40711975097656 0
vertex 10.867722511291504 -44.23491287231445 1.7000000476837158
endloop
endfacet
facet normal -0.9807861114401027 0.19508614406513386 0
outer loop
vertex 11.733468055725098 -44.40711975097656 1.7000000476837158
vertex 11.733468055725098 -44.40711975097656 0
vertex 11.699213981628418 -44.57933044433594 1.7000000476837158
endloop
endfacet
facet normal -0.8314665660174577 0.5555747920803612 0
outer loop
vertex 11.699213981628418 -44.57933044433594 1.7000000476837158
vertex 11.699213981628418 -44.57933044433594 0
vertex 11.601666450500488 -44.725318908691406 1.7000000476837158
endloop
endfacet
facet normal -0.5555772839934787 0.8314649009491799 0
outer loop
vertex 11.601666450500488 -44.725318908691406 1.7000000476837158
vertex 11.601666450500488 -44.725318908691406 0
vertex 11.455676078796387 -44.82286834716797 1.7000000476837158
endloop
endfacet
facet normal -0.1950788122039888 0.9807875697770038 0
outer loop
vertex 11.455676078796387 -44.82286834716797 1.7000000476837158
vertex 11.455676078796387 -44.82286834716797 0
vertex 11.283468246459961 -44.857120513916016 1.7000000476837158
endloop
endfacet
facet normal 0 0 -1
outer loop
vertex 11.733468055725098 -44.40711975097656 1.7000000476837158
vertex 11.699213981628418 -44.57933044433594 1.7000000476837158
vertex 11.699213981628418 -44.23491287231445 1.7000000476837158
endloop
endfacet
facet normal 0 0 -1
outer loop
vertex 11.699213981628418 -44.57933044433594 1.7000000476837158
vertex 11.601666450500488 -44.725318908691406 1.7000000476837158
vertex 11.699213981628418 -44.23491287231445 1.7000000476837158
endloop
endfacet
facet normal 0 0 -1
outer loop
vertex 11.601666450500488 -44.725318908691406 1.7000000476837158
vertex 11.455676078796387 -44.82286834716797 1.7000000476837158
vertex 11.601666450500488 -44.088924407958984 1.7000000476837158
endloop
endfacet
facet normal 0.5555747749587596 0.8314665774578817 0
outer loop
vertex 11.111261367797852 -44.82286834716797 1.7000000476837158
vertex 11.111261367797852 -44.82286834716797 0
vertex 10.965270042419434 -44.725318908691406 1.7000000476837158
endloop
endfacet
facet normal 0.9807861114401027 0.19508614406513386 0
outer loop
vertex 10.867722511291504 -44.57933044433594 1.7000000476837158
vertex 10.867722511291504 -44.57933044433594 0
vertex 10.833468437194824 -44.40711975097656 1.7000000476837158
endloop
endfacet
facet normal 0.8314665660174577 0.5555747920803612 0
outer loop
vertex 10.965270042419434 -44.725318908691406 1.7000000476837158
vertex 10.965270042419434 -44.725318908691406 0
vertex 10.867722511291504 -44.57933044433594 1.7000000476837158
endloop
endfacet
facet normal 0.1950798514286955 0.9807873630744628 0
outer loop
vertex 11.283468246459961 -44.857120513916016 1.7000000476837158
vertex 11.283468246459961 -44.857120513916016 0
vertex 11.111261367797852 -44.82286834716797 1.7000000476837158
endloop
endfacet
facet normal 0 0 -1
outer loop
vertex 11.455676078796387 -44.82286834716797 1.7000000476837158
vertex 11.283468246459961 -44.857120513916016 1.7000000476837158
vertex 11.455676078796387 -43.99137496948242 1.7000000476837158
endloop
endfacet
facet normal 0 0 -1
outer loop
vertex 11.283468246459961 -44.857120513916016 1.7000000476837158
vertex 11.111261367797852 -44.82286834716797 1.7000000476837158
vertex 11.283468246459961 -43.957122802734375 1.7000000476837158
endloop
endfacet
facet normal 0 0 -1
outer loop
vertex 11.111261367797852 -44.82286834716797 1.7000000476837158
vertex 10.965270042419434 -44.725318908691406 1.7000000476837158
vertex 11.111261367797852 -43.99137496948242 1.7000000476837158
endloop
endfacet
facet normal 0 0 -1
outer loop
vertex 10.965270042419434 -44.725318908691406 1.7000000476837158
vertex 10.867722511291504 -44.57933044433594 1.7000000476837158
vertex 10.965270042419434 -44.088924407958984 1.7000000476837158
endloop
endfacet
facet normal 0 0 -1
outer loop
vertex 10.867722511291504 -44.57933044433594 1.7000000476837158
vertex 10.833468437194824 -44.40711975097656 1.7000000476837158
vertex 10.867722511291504 -44.23491287231445 1.7000000476837158
endloop
endfacet
facet normal -0.8314665660174577 -0.5555747920803612 0
outer loop
vertex 11.601666450500488 -44.088924407958984 1.7000000476837158
vertex 11.601666450500488 -44.088924407958984 0
vertex 11.699213981628418 -44.23491287231445 1.7000000476837158
endloop
endfacet
facet normal -0.9807852845629332 -0.19509030110388895 0
outer loop
vertex 11.699213981628418 -44.23491287231445 1.7000000476837158
vertex 11.699213981628418 -44.23491287231445 0
vertex 11.733468055725098 -44.40711975097656 1.7000000476837158
endloop
endfacet
facet normal -0.5555772839934787 -0.8314649009491799 0
outer loop
vertex 11.455676078796387 -43.99137496948242 1.7000000476837158
vertex 11.455676078796387 -43.99137496948242 0
vertex 11.601666450500488 -44.088924407958984 1.7000000476837158
endloop
endfacet
facet normal -0.1950788122039888 -0.9807875697770038 0
outer loop
vertex 11.283468246459961 -43.957122802734375 1.7000000476837158
vertex 11.283468246459961 -43.957122802734375 0
vertex 11.455676078796387 -43.99137496948242 1.7000000476837158
endloop
endfacet
facet normal 0.1950798514286955 -0.9807873630744628 0
outer loop
vertex 11.111261367797852 -43.99137496948242 1.7000000476837158
vertex 11.111261367797852 -43.99137496948242 0
vertex 11.283468246459961 -43.957122802734375 1.7000000476837158
endloop
endfacet
facet normal 0.5555747749587596 -0.8314665774578817 0
outer loop
vertex 10.965270042419434 -44.088924407958984 1.7000000476837158
vertex 10.965270042419434 -44.088924407958984 0
vertex 11.111261367797852 -43.99137496948242 1.7000000476837158
endloop
endfacet
facet normal -0.1950788122039888 -0.9807875697770038 0
outer loop
vertex 11.283468246459961 -43.957122802734375 0
vertex 11.455676078796387 -43.99137496948242 0
vertex 11.455676078796387 -43.99137496948242 1.7000000476837158
endloop
endfacet
facet normal -0.9807852845629332 -0.19509030110388895 0
outer loop
vertex 11.699213981628418 -44.23491287231445 0
vertex 11.733468055725098 -44.40711975097656 0
vertex 11.733468055725098 -44.40711975097656 1.7000000476837158
endloop
endfacet
facet normal 0.1950798514286955 -0.9807873630744628 0
outer loop
vertex 11.283468246459961 -43.957122802734375 0
vertex 11.283468246459961 -43.957122802734375 1.7000000476837158
vertex 11.111261367797852 -43.99137496948242 0
endloop
endfacet
facet normal 0.5555747749587596 -0.8314665774578817 0
outer loop
vertex 11.111261367797852 -43.99137496948242 0
vertex 11.111261367797852 -43.99137496948242 1.7000000476837158
vertex 10.965270042419434 -44.088924407958984 0
endloop
endfacet
facet normal 0.8314665660174577 -0.5555747920803612 0
outer loop
vertex 10.965270042419434 -44.088924407958984 0
vertex 10.965270042419434 -44.088924407958984 1.7000000476837158
vertex 10.867722511291504 -44.23491287231445 0
endloop
endfacet
facet normal 0.9807852845629332 -0.19509030110388895 0
outer loop
vertex 10.867722511291504 -44.23491287231445 0
vertex 10.867722511291504 -44.23491287231445 1.7000000476837158
vertex 10.833468437194824 -44.40711975097656 0
endloop
endfacet
facet normal -0.9807861114401027 0.19508614406513386 0
outer loop
vertex 11.733468055725098 -44.40711975097656 0
vertex 11.699213981628418 -44.57933044433594 0
vertex 11.699213981628418 -44.57933044433594 1.7000000476837158
endloop
endfacet
facet normal 0.1950798514286955 0.9807873630744628 0
outer loop
vertex 11.283468246459961 -44.857120513916016 0
vertex 11.111261367797852 -44.82286834716797 0
vertex 11.111261367797852 -44.82286834716797 1.7000000476837158
endloop
endfacet
facet normal 0.8314665660174577 0.5555747920803612 0
outer loop
vertex 10.965270042419434 -44.725318908691406 0
vertex 10.867722511291504 -44.57933044433594 0
vertex 10.867722511291504 -44.57933044433594 1.7000000476837158
endloop
endfacet
facet normal -0.8314665660174577 0.5555747920803612 0
outer loop
vertex 11.699213981628418 -44.57933044433594 0
vertex 11.601666450500488 -44.725318908691406 0
vertex 11.601666450500488 -44.725318908691406 1.7000000476837158
endloop
endfacet
facet normal 0.9807861114401027 0.19508614406513386 0
outer loop
vertex 10.833468437194824 -44.40711975097656 0
vertex 10.833468437194824 -44.40711975097656 1.7000000476837158
vertex 10.867722511291504 -44.57933044433594 0
endloop
endfacet
facet normal 0.5555747749587596 0.8314665774578817 0
outer loop
vertex 10.965270042419434 -44.725318908691406 0
vertex 10.965270042419434 -44.725318908691406 1.7000000476837158
vertex 11.111261367797852 -44.82286834716797 0
endloop
endfacet
facet normal -0.1950788122039888 0.9807875697770038 0
outer loop
vertex 11.455676078796387 -44.82286834716797 0
vertex 11.283468246459961 -44.857120513916016 0
vertex 11.283468246459961 -44.857120513916016 1.7000000476837158
endloop
endfacet
facet normal -0.8314665660174577 -0.5555747920803612 0
outer loop
vertex 11.601666450500488 -44.088924407958984 0
vertex 11.699213981628418 -44.23491287231445 0
vertex 11.699213981628418 -44.23491287231445 1.7000000476837158
endloop
endfacet
facet normal 0.1950798514286955 0.9807873630744628 0
outer loop
vertex 11.283468246459961 -46.12712097167969 1.7000000476837158
vertex 11.283468246459961 -46.12712097167969 0
vertex 11.111261367797852 -46.09286880493164 1.7000000476837158
endloop
endfacet
facet normal 0.1951007507126451 -0.9807832059488795 0
outer loop
vertex 11.283468246459961 -45.22711944580078 0
vertex 11.283468246459961 -45.22711944580078 1.7000000476837158
vertex 11.111261367797852 -45.261375427246094 0
endloop
endfacet
facet normal -0.5555772839934787 -0.8314649009491799 0
outer loop
vertex 11.601666450500488 -45.358924865722656 0
vertex 11.601666450500488 -45.358924865722656 1.7000000476837158
vertex 11.455676078796387 -45.261375427246094 0
endloop
endfacet
facet normal -0.1950788122039888 0.9807875697770038 0
outer loop
vertex 11.455676078796387 -46.09286880493164 1.7000000476837158
vertex 11.455676078796387 -46.09286880493164 0
vertex 11.283468246459961 -46.12712097167969 1.7000000476837158
endloop
endfacet
facet normal 0.8314732719568675 0.5555647559208026 0
outer loop
vertex 10.965270042419434 -45.99531936645508 1.7000000476837158
vertex 10.965270042419434 -45.99531936645508 0
vertex 10.867722511291504 -45.849327087402344 1.7000000476837158
endloop
endfacet
facet normal 0.9807852845629332 0.19509030110388895 0
outer loop
vertex 10.867722511291504 -45.849327087402344 1.7000000476837158
vertex 10.867722511291504 -45.849327087402344 0
vertex 10.833468437194824 -45.677120208740234 1.7000000476837158
endloop
endfacet
facet normal 0.5555747749587596 0.8314665774578817 0
outer loop
vertex 11.111261367797852 -46.09286880493164 1.7000000476837158
vertex 11.111261367797852 -46.09286880493164 0
vertex 10.965270042419434 -45.99531936645508 1.7000000476837158
endloop
endfacet
facet normal 0.9807852845629332 -0.19509030110388895 0
outer loop
vertex 10.833468437194824 -45.677120208740234 1.7000000476837158
vertex 10.833468437194824 -45.677120208740234 0
vertex 10.867722511291504 -45.504913330078125 1.7000000476837158
endloop
endfacet
facet normal 0.5555747749587596 0.8314665774578817 0
outer loop
vertex 10.965270042419434 -45.99531936645508 0
vertex 10.965270042419434 -45.99531936645508 1.7000000476837158
vertex 11.111261367797852 -46.09286880493164 0
endloop
endfacet
facet normal 0.9807852845629332 0.19509030110388895 0
outer loop
vertex 10.833468437194824 -45.677120208740234 0
vertex 10.833468437194824 -45.677120208740234 1.7000000476837158
vertex 10.867722511291504 -45.849327087402344 0
endloop
endfacet
facet normal 0.8314732719568675 0.5555647559208026 0
outer loop
vertex 10.965270042419434 -45.99531936645508 0
vertex 10.867722511291504 -45.849327087402344 0
vertex 10.867722511291504 -45.849327087402344 1.7000000476837158
endloop
endfacet
facet normal 0 0 -1
outer loop
vertex 11.455676078796387 -46.09286880493164 1.7000000476837158
vertex 11.283468246459961 -46.12712097167969 1.7000000476837158
vertex 11.455676078796387 -45.261375427246094 1.7000000476837158
endloop
endfacet
facet normal 0 0 -1
outer loop
vertex 11.601666450500488 -45.99531936645508 1.7000000476837158
vertex 11.455676078796387 -46.09286880493164 1.7000000476837158
vertex 11.601666450500488 -45.358924865722656 1.7000000476837158
endloop
endfacet
facet normal 0 0 -1
outer loop
vertex 11.699213981628418 -45.849327087402344 1.7000000476837158
vertex 11.601666450500488 -45.99531936645508 1.7000000476837158
vertex 11.699213981628418 -45.504913330078125 1.7000000476837158
endloop
endfacet
facet normal -0.1950788122039888 0.9807875697770038 0
outer loop
vertex 11.455676078796387 -46.09286880493164 0
vertex 11.283468246459961 -46.12712097167969 0
vertex 11.283468246459961 -46.12712097167969 1.7000000476837158
endloop
endfacet
facet normal 0.8314665660174577 -0.5555747920803612 0
outer loop
vertex 10.867722511291504 -45.504913330078125 1.7000000476837158
vertex 10.867722511291504 -45.504913330078125 0
vertex 10.965270042419434 -45.358924865722656 1.7000000476837158
endloop
endfacet
facet normal 0.1950798514286955 0.9807873630744628 0
outer loop
vertex 11.283468246459961 -46.12712097167969 0
vertex 11.111261367797852 -46.09286880493164 0
vertex 11.111261367797852 -46.09286880493164 1.7000000476837158
endloop
endfacet
facet normal 0.5555747749587596 -0.8314665774578817 0
outer loop
vertex 10.965270042419434 -45.358924865722656 1.7000000476837158
vertex 10.965270042419434 -45.358924865722656 0
vertex 11.111261367797852 -45.261375427246094 1.7000000476837158
endloop
endfacet
facet normal 0 0 -1
outer loop
vertex 11.733468055725098 -45.677120208740234 1.7000000476837158
vertex 11.699213981628418 -45.849327087402344 1.7000000476837158
vertex 11.699213981628418 -45.504913330078125 1.7000000476837158
endloop
endfacet
facet normal 0.1951007507126451 -0.9807832059488795 0
outer loop
vertex 11.111261367797852 -45.261375427246094 1.7000000476837158
vertex 11.111261367797852 -45.261375427246094 0
vertex 11.283468246459961 -45.22711944580078 1.7000000476837158
endloop
endfacet
facet normal -0.5555772839934787 0.8314649009491799 0
outer loop
vertex 11.601666450500488 -45.99531936645508 1.7000000476837158
vertex 11.601666450500488 -45.99531936645508 0
vertex 11.455676078796387 -46.09286880493164 1.7000000476837158
endloop
endfacet
facet normal -0.8314732719568675 0.5555647559208026 0
outer loop
vertex 11.699213981628418 -45.849327087402344 1.7000000476837158
vertex 11.699213981628418 -45.849327087402344 0
vertex 11.601666450500488 -45.99531936645508 1.7000000476837158
endloop
endfacet
facet normal 0.9807852845629332 -0.19509030110388895 0
outer loop
vertex 10.867722511291504 -45.504913330078125 0
vertex 10.867722511291504 -45.504913330078125 1.7000000476837158
vertex 10.833468437194824 -45.677120208740234 0
endloop
endfacet
facet normal 0 0 -1
outer loop
vertex 11.283468246459961 -45.22711944580078 1.7000000476837158
vertex 11.455676078796387 -45.261375427246094 1.7000000476837158
vertex 11.283468246459961 -46.12712097167969 1.7000000476837158
endloop
endfacet
facet normal 0 0 -1
outer loop
vertex 11.601666450500488 -45.358924865722656 1.7000000476837158
vertex 11.455676078796387 -46.09286880493164 1.7000000476837158
vertex 11.455676078796387 -45.261375427246094 1.7000000476837158
endloop
endfacet
facet normal 0 0 -1
outer loop
vertex 11.601666450500488 -45.358924865722656 1.7000000476837158
vertex 11.699213981628418 -45.504913330078125 1.7000000476837158
vertex 11.601666450500488 -45.99531936645508 1.7000000476837158
endloop
endfacet
facet normal -0.9807852845629332 0.19509030110388895 0
outer loop
vertex 11.733468055725098 -45.677120208740234 1.7000000476837158
vertex 11.733468055725098 -45.677120208740234 0
vertex 11.699213981628418 -45.849327087402344 1.7000000476837158
endloop
endfacet
facet normal 0.8314665660174577 -0.5555747920803612 0
outer loop
vertex 10.965270042419434 -45.358924865722656 0
vertex 10.965270042419434 -45.358924865722656 1.7000000476837158
vertex 10.867722511291504 -45.504913330078125 0
endloop
endfacet
facet normal -0.5555772839934787 -0.8314649009491799 0
outer loop
vertex 11.455676078796387 -45.261375427246094 1.7000000476837158
vertex 11.455676078796387 -45.261375427246094 0
vertex 11.601666450500488 -45.358924865722656 1.7000000476837158
endloop
endfacet
facet normal -0.9807852845629332 -0.19509030110388895 0
outer loop
vertex 11.699213981628418 -45.504913330078125 1.7000000476837158
vertex 11.699213981628418 -45.504913330078125 0
vertex 11.733468055725098 -45.677120208740234 1.7000000476837158
endloop
endfacet
facet normal -0.8314665660174577 -0.5555747920803612 0
outer loop
vertex 11.601666450500488 -45.358924865722656 1.7000000476837158
vertex 11.601666450500488 -45.358924865722656 0
vertex 11.699213981628418 -45.504913330078125 1.7000000476837158
endloop
endfacet
facet normal 0.5555747749587596 -0.8314665774578817 0
outer loop
vertex 11.111261367797852 -45.261375427246094 0
vertex 11.111261367797852 -45.261375427246094 1.7000000476837158
vertex 10.965270042419434 -45.358924865722656 0
endloop
endfacet
facet normal -0.5555772839934787 0.8314649009491799 0
outer loop
vertex 11.601666450500488 -45.99531936645508 0
vertex 11.455676078796387 -46.09286880493164 0
vertex 11.455676078796387 -46.09286880493164 1.7000000476837158
endloop
endfacet
facet normal -0.19509971138541468 -0.9807834126948354 0
outer loop
vertex 11.283468246459961 -45.22711944580078 1.7000000476837158
vertex 11.283468246459961 -45.22711944580078 0
vertex 11.455676078796387 -45.261375427246094 1.7000000476837158
endloop
endfacet
facet normal -0.8314732719568675 0.5555647559208026 0
outer loop
vertex 11.699213981628418 -45.849327087402344 0
vertex 11.601666450500488 -45.99531936645508 0
vertex 11.601666450500488 -45.99531936645508 1.7000000476837158
endloop
endfacet
facet normal -0.9807852845629332 0.19509030110388895 0
outer loop
vertex 11.733468055725098 -45.677120208740234 0
vertex 11.699213981628418 -45.849327087402344 0
vertex 11.699213981628418 -45.849327087402344 1.7000000476837158
endloop
endfacet
facet normal 0 0 -1
outer loop
vertex 10.867722511291504 -45.849327087402344 1.7000000476837158
vertex 10.833468437194824 -45.677120208740234 1.7000000476837158
vertex 10.867722511291504 -45.504913330078125 1.7000000476837158
endloop
endfacet
facet normal 0 0 -1
outer loop
vertex 10.965270042419434 -45.99531936645508 1.7000000476837158
vertex 10.867722511291504 -45.849327087402344 1.7000000476837158
vertex 10.965270042419434 -45.358924865722656 1.7000000476837158
endloop
endfacet
facet normal 0 0 -1
outer loop
vertex 11.111261367797852 -46.09286880493164 1.7000000476837158
vertex 10.965270042419434 -45.99531936645508 1.7000000476837158
vertex 11.111261367797852 -45.261375427246094 1.7000000476837158
endloop
endfacet
facet normal 0 0 -1
outer loop
vertex 11.283468246459961 -46.12712097167969 1.7000000476837158
vertex 11.111261367797852 -46.09286880493164 1.7000000476837158
vertex 11.283468246459961 -45.22711944580078 1.7000000476837158
endloop
endfacet
facet normal -0.19509971138541468 -0.9807834126948354 0
outer loop
vertex 11.283468246459961 -45.22711944580078 0
vertex 11.455676078796387 -45.261375427246094 0
vertex 11.455676078796387 -45.261375427246094 1.7000000476837158
endloop
endfacet
facet normal -0.8314665660174577 -0.5555747920803612 0
outer loop
vertex 11.601666450500488 -45.358924865722656 0
vertex 11.699213981628418 -45.504913330078125 0
vertex 11.699213981628418 -45.504913330078125 1.7000000476837158
endloop
endfacet
facet normal -0.9807852845629332 -0.19509030110388895 0
outer loop
vertex 11.699213981628418 -45.504913330078125 0
vertex 11.733468055725098 -45.677120208740234 0
vertex 11.733468055725098 -45.677120208740234 1.7000000476837158
endloop
endfacet
facet normal 0 0 -1
outer loop
vertex 10.965270042419434 -45.358924865722656 1.7000000476837158
vertex 10.867722511291504 -45.849327087402344 1.7000000476837158
vertex 10.867722511291504 -45.504913330078125 1.7000000476837158
endloop
endfacet
facet normal 0 0 -1
outer loop
vertex 11.283468246459961 -45.22711944580078 1.7000000476837158
vertex 11.111261367797852 -46.09286880493164 1.7000000476837158
vertex 11.111261367797852 -45.261375427246094 1.7000000476837158
endloop
endfacet
facet normal 0 0 -1
outer loop
vertex 11.111261367797852 -45.261375427246094 1.7000000476837158
vertex 10.965270042419434 -45.99531936645508 1.7000000476837158
vertex 10.965270042419434 -45.358924865722656 1.7000000476837158
endloop
endfacet
facet normal 0 0 -1
outer loop
vertex 10.867722511291504 -47.119327545166016 1.7000000476837158
vertex 10.833468437194824 -46.947120666503906 1.7000000476837158
vertex 10.867722511291504 -46.7749137878418 1.7000000476837158
endloop
endfacet
facet normal 0.8314732719568675 0.5555647559208026 0
outer loop
vertex 10.965270042419434 -47.26531982421875 0
vertex 10.867722511291504 -47.119327545166016 0
vertex 10.867722511291504 -47.119327545166016 1.7000000476837158
endloop
endfacet
facet normal 0.8314732719568675 0.5555647559208026 0
outer loop
vertex 10.965270042419434 -47.26531982421875 1.7000000476837158
vertex 10.965270042419434 -47.26531982421875 0
vertex 10.867722511291504 -47.119327545166016 1.7000000476837158
endloop
endfacet
facet normal 0.9807852845629332 0.19509030110388895 0
outer loop
vertex 10.867722511291504 -47.119327545166016 1.7000000476837158
vertex 10.867722511291504 -47.119327545166016 0
vertex 10.833468437194824 -46.947120666503906 1.7000000476837158
endloop
endfacet
facet normal 0.5555597547738412 0.8314766135470253 0
outer loop
vertex 11.111261367797852 -47.36286544799805 1.7000000476837158
vertex 11.111261367797852 -47.36286544799805 0
vertex 10.965270042419434 -47.26531982421875 1.7000000476837158
endloop
endfacet
facet normal -0.19509971138541468 0.9807834126948354 0
outer loop
vertex 11.455676078796387 -47.36286544799805 1.7000000476837158
vertex 11.455676078796387 -47.36286544799805 0
vertex 11.283468246459961 -47.39712142944336 1.7000000476837158
endloop
endfacet
facet normal -0.5555622638012966 0.8314749371087372 0
outer loop
vertex 11.601666450500488 -47.26531982421875 1.7000000476837158
vertex 11.601666450500488 -47.26531982421875 0
vertex 11.455676078796387 -47.36286544799805 1.7000000476837158
endloop
endfacet
facet normal -0.8314732719568675 0.5555647559208026 0
outer loop
vertex 11.699213981628418 -47.119327545166016 1.7000000476837158
vertex 11.699213981628418 -47.119327545166016 0
vertex 11.601666450500488 -47.26531982421875 1.7000000476837158
endloop
endfacet
facet normal -0.9807852845629332 0.19509030110388895 0
outer loop
vertex 11.733468055725098 -46.947120666503906 1.7000000476837158
vertex 11.733468055725098 -46.947120666503906 0
vertex 11.699213981628418 -47.119327545166016 1.7000000476837158
endloop
endfacet
facet normal 0.9807852845629332 -0.19509030110388895 0
outer loop
vertex 10.833468437194824 -46.947120666503906 1.7000000476837158
vertex 10.833468437194824 -46.947120666503906 0
vertex 10.867722511291504 -46.7749137878418 1.7000000476837158
endloop
endfacet
facet normal 0.8314732719568675 -0.5555647559208026 0
outer loop
vertex 10.867722511291504 -46.7749137878418 1.7000000476837158
vertex 10.867722511291504 -46.7749137878418 0
vertex 10.965270042419434 -46.62892150878906 1.7000000476837158
endloop
endfacet
facet normal 0.5555597547738412 -0.8314766135470253 0
outer loop
vertex 10.965270042419434 -46.62892150878906 1.7000000476837158
vertex 10.965270042419434 -46.62892150878906 0
vertex 11.111261367797852 -46.531375885009766 1.7000000476837158
endloop
endfacet
facet normal 0.1951007507126451 -0.9807832059488795 0
outer loop
vertex 11.111261367797852 -46.531375885009766 1.7000000476837158
vertex 11.111261367797852 -46.531375885009766 0
vertex 11.283468246459961 -46.49711990356445 1.7000000476837158
endloop
endfacet
facet normal -0.5555622638012966 -0.8314749371087372 0
outer loop
vertex 11.455676078796387 -46.531375885009766 1.7000000476837158
vertex 11.455676078796387 -46.531375885009766 0
vertex 11.601666450500488 -46.62892150878906 1.7000000476837158
endloop
endfacet
facet normal -0.9807852845629332 -0.19509030110388895 0
outer loop
vertex 11.699213981628418 -46.7749137878418 1.7000000476837158
vertex 11.699213981628418 -46.7749137878418 0
vertex 11.733468055725098 -46.947120666503906 1.7000000476837158
endloop
endfacet
facet normal -0.8314732719568675 -0.5555647559208026 0
outer loop
vertex 11.601666450500488 -46.62892150878906 1.7000000476837158
vertex 11.601666450500488 -46.62892150878906 0
vertex 11.699213981628418 -46.7749137878418 1.7000000476837158
endloop
endfacet
facet normal -0.19509971138541468 -0.9807834126948354 0
outer loop
vertex 11.283468246459961 -46.49711990356445 1.7000000476837158
vertex 11.283468246459961 -46.49711990356445 0
vertex 11.455676078796387 -46.531375885009766 1.7000000476837158
endloop
endfacet
facet normal 0 0 -1
outer loop
vertex 11.111261367797852 -47.36286544799805 1.7000000476837158
vertex 10.965270042419434 -47.26531982421875 1.7000000476837158
vertex 11.111261367797852 -46.531375885009766 1.7000000476837158
endloop
endfacet
facet normal 0 0 -1
outer loop
vertex 10.965270042419434 -47.26531982421875 1.7000000476837158
vertex 10.867722511291504 -47.119327545166016 1.7000000476837158
vertex 10.965270042419434 -46.62892150878906 1.7000000476837158
endloop
endfacet
facet normal 0.1951007507126451 0.9807832059488795 0
outer loop
vertex 11.283468246459961 -47.39712142944336 0
vertex 11.111261367797852 -47.36286544799805 0
vertex 11.111261367797852 -47.36286544799805 1.7000000476837158
endloop
endfacet
facet normal 0 0 -1
outer loop
vertex 11.601666450500488 -46.62892150878906 1.7000000476837158
vertex 11.699213981628418 -46.7749137878418 1.7000000476837158
vertex 11.601666450500488 -47.26531982421875 1.7000000476837158
endloop
endfacet
facet normal 0 0 -1
outer loop
vertex 11.601666450500488 -46.62892150878906 1.7000000476837158
vertex 11.455676078796387 -47.36286544799805 1.7000000476837158
vertex 11.455676078796387 -46.531375885009766 1.7000000476837158
endloop
endfacet
facet normal 0 0 -1
outer loop
vertex 11.283468246459961 -46.49711990356445 1.7000000476837158
vertex 11.455676078796387 -46.531375885009766 1.7000000476837158
vertex 11.283468246459961 -47.39712142944336 1.7000000476837158
endloop
endfacet
facet normal 0 0 -1
outer loop
vertex 11.283468246459961 -46.49711990356445 1.7000000476837158
vertex 11.111261367797852 -47.36286544799805 1.7000000476837158
vertex 11.111261367797852 -46.531375885009766 1.7000000476837158
endloop
endfacet
facet normal 0 0 -1
outer loop
vertex 11.111261367797852 -46.531375885009766 1.7000000476837158
vertex 10.965270042419434 -47.26531982421875 1.7000000476837158
vertex 10.965270042419434 -46.62892150878906 1.7000000476837158
endloop
endfacet
facet normal 0 0 -1
outer loop
vertex 10.965270042419434 -46.62892150878906 1.7000000476837158
vertex 10.867722511291504 -47.119327545166016 1.7000000476837158
vertex 10.867722511291504 -46.7749137878418 1.7000000476837158
endloop
endfacet
facet normal 0 0 -1
outer loop
vertex 11.733468055725098 -46.947120666503906 1.7000000476837158
vertex 11.699213981628418 -47.119327545166016 1.7000000476837158
vertex 11.699213981628418 -46.7749137878418 1.7000000476837158
endloop
endfacet
facet normal 0 0 -1
outer loop
vertex 11.699213981628418 -47.119327545166016 1.7000000476837158
vertex 11.601666450500488 -47.26531982421875 1.7000000476837158
vertex 11.699213981628418 -46.7749137878418 1.7000000476837158
endloop
endfacet
facet normal 0 0 -1
outer loop
vertex 11.601666450500488 -47.26531982421875 1.7000000476837158
vertex 11.455676078796387 -47.36286544799805 1.7000000476837158
vertex 11.601666450500488 -46.62892150878906 1.7000000476837158
endloop
endfacet
facet normal 0 0 -1
outer loop
vertex 11.455676078796387 -47.36286544799805 1.7000000476837158
vertex 11.283468246459961 -47.39712142944336 1.7000000476837158
vertex 11.455676078796387 -46.531375885009766 1.7000000476837158
endloop
endfacet
facet normal -0.8314732719568675 -0.5555647559208026 0
outer loop
vertex 11.601666450500488 -46.62892150878906 0
vertex 11.699213981628418 -46.7749137878418 0
vertex 11.699213981628418 -46.7749137878418 1.7000000476837158
endloop
endfacet
facet normal -0.5555622638012966 -0.8314749371087372 0
outer loop
vertex 11.601666450500488 -46.62892150878906 0
vertex 11.601666450500488 -46.62892150878906 1.7000000476837158
vertex 11.455676078796387 -46.531375885009766 0
endloop
endfacet
facet normal -0.9807852845629332 -0.19509030110388895 0
outer loop
vertex 11.699213981628418 -46.7749137878418 0
vertex 11.733468055725098 -46.947120666503906 0
vertex 11.733468055725098 -46.947120666503906 1.7000000476837158
endloop
endfacet
facet normal -0.19509971138541468 -0.9807834126948354 0
outer loop
vertex 11.283468246459961 -46.49711990356445 0
vertex 11.455676078796387 -46.531375885009766 0
vertex 11.455676078796387 -46.531375885009766 1.7000000476837158
endloop
endfacet
facet normal 0 0 -1
outer loop
vertex 11.283468246459961 -47.39712142944336 1.7000000476837158
vertex 11.111261367797852 -47.36286544799805 1.7000000476837158
vertex 11.283468246459961 -46.49711990356445 1.7000000476837158
endloop
endfacet
facet normal 0.1951007507126451 -0.9807832059488795 0
outer loop
vertex 11.283468246459961 -46.49711990356445 0
vertex 11.283468246459961 -46.49711990356445 1.7000000476837158
vertex 11.111261367797852 -46.531375885009766 0
endloop
endfacet
facet normal 0.5555597547738412 -0.8314766135470253 0
outer loop
vertex 11.111261367797852 -46.531375885009766 0
vertex 11.111261367797852 -46.531375885009766 1.7000000476837158
vertex 10.965270042419434 -46.62892150878906 0
endloop
endfacet
facet normal 0.8314732719568675 -0.5555647559208026 0
outer loop
vertex 10.965270042419434 -46.62892150878906 0
vertex 10.965270042419434 -46.62892150878906 1.7000000476837158
vertex 10.867722511291504 -46.7749137878418 0
endloop
endfacet
facet normal 0.9807852845629332 -0.19509030110388895 0
outer loop
vertex 10.867722511291504 -46.7749137878418 0
vertex 10.867722511291504 -46.7749137878418 1.7000000476837158
vertex 10.833468437194824 -46.947120666503906 0
endloop
endfacet
facet normal -0.9807852845629332 0.19509030110388895 0
outer loop
vertex 11.699213981628418 -47.119327545166016 0
vertex 11.699213981628418 -47.119327545166016 1.7000000476837158
vertex 11.733468055725098 -46.947120666503906 0
endloop
endfacet
facet normal -0.8314732719568675 0.5555647559208026 0
outer loop
vertex 11.601666450500488 -47.26531982421875 0
vertex 11.601666450500488 -47.26531982421875 1.7000000476837158
vertex 11.699213981628418 -47.119327545166016 0
endloop
endfacet
facet normal -0.5555622638012966 0.8314749371087372 0
outer loop
vertex 11.455676078796387 -47.36286544799805 0
vertex 11.455676078796387 -47.36286544799805 1.7000000476837158
vertex 11.601666450500488 -47.26531982421875 0
endloop
endfacet
facet normal -0.19509971138541468 0.9807834126948354 0
outer loop
vertex 11.283468246459961 -47.39712142944336 0
vertex 11.283468246459961 -47.39712142944336 1.7000000476837158
vertex 11.455676078796387 -47.36286544799805 0
endloop
endfacet
facet normal 0.5555597547738412 0.8314766135470253 0
outer loop
vertex 11.111261367797852 -47.36286544799805 0
vertex 10.965270042419434 -47.26531982421875 0
vertex 10.965270042419434 -47.26531982421875 1.7000000476837158
endloop
endfacet
facet normal 0.9807852845629332 0.19509030110388895 0
outer loop
vertex 10.833468437194824 -46.947120666503906 0
vertex 10.833468437194824 -46.947120666503906 1.7000000476837158
vertex 10.867722511291504 -47.119327545166016 0
endloop
endfacet
facet normal 0.1951007507126451 0.9807832059488795 0
outer loop
vertex 11.283468246459961 -47.39712142944336 1.7000000476837158
vertex 11.283468246459961 -47.39712142944336 0
vertex 11.111261367797852 -47.36286544799805 1.7000000476837158
endloop
endfacet
facet normal 0 0 -1
outer loop
vertex 10.867722511291504 -46.7749137878418 0
vertex 8.138506889343262 -46.89712142944336 0
vertex 10.965270042419434 -46.62892150878906 0
endloop
endfacet
facet normal 0 0 -1
outer loop
vertex -62.96149444580078 -18.39712142944336 0
vertex -69.11109924316406 -26.546815872192383 0
vertex -69.11077880859375 -7.546816825866699 0
endloop
endfacet
facet normal 0 0 -1
outer loop
vertex 17.5885066986084 -42.84712219238281 0
vertex 11.733468055725098 -44.40711975097656 0
vertex 13.038506507873535 -42.14712142944336 0
endloop
endfacet
facet normal 0 0 -1
outer loop
vertex 17.5885066986084 -42.84712219238281 0
vertex 11.733468055725098 -45.677120208740234 0
vertex 11.733468055725098 -44.40711975097656 0
endloop
endfacet
facet normal 0 0 -1
outer loop
vertex 11.733468055725098 -46.947120666503906 0
vertex 11.733468055725098 -45.677120208740234 0
vertex 17.5885066986084 -42.84712219238281 0
endloop
endfacet
facet normal 0 0 -1
outer loop
vertex 13.038506507873535 -42.14712142944336 0
vertex 11.733468055725098 -41.867122650146484 0
vertex 11.733468055725098 -40.59712219238281 0
endloop
endfacet
facet normal 0 0 -1
outer loop
vertex 13.038506507873535 -42.14712142944336 0
vertex 11.733468055725098 -43.13711929321289 0
vertex 11.733468055725098 -41.867122650146484 0
endloop
endfacet
facet normal 0 0 -1
outer loop
vertex 11.733468055725098 -41.867122650146484 0
vertex 11.699213981628418 -40.76932907104492 0
vertex 11.733468055725098 -40.59712219238281 0
endloop
endfacet
facet normal 0 0 -1
outer loop
vertex 11.699213981628418 -40.76932907104492 0
vertex 11.699213981628418 -41.69491195678711 0
vertex 11.601666450500488 -40.91531753540039 0
endloop
endfacet
facet normal 0 0 -1
outer loop
vertex 11.601666450500488 -40.91531753540039 0
vertex 11.601666450500488 -41.54892349243164 0
vertex 11.455676078796387 -41.01286697387695 0
endloop
endfacet
facet normal 0 0 -1
outer loop
vertex 11.699213981628418 -41.69491195678711 0
vertex 11.601666450500488 -41.54892349243164 0
vertex 11.601666450500488 -40.91531753540039 0
endloop
endfacet
facet normal 0 0 -1
outer loop
vertex 11.455676078796387 -41.01286697387695 0
vertex 11.455676078796387 -41.45137405395508 0
vertex 11.283468246459961 -41.047122955322266 0
endloop
endfacet
facet normal 0 0 -1
outer loop
vertex 11.455676078796387 -41.45137405395508 0
vertex 11.455676078796387 -41.01286697387695 0
vertex 11.601666450500488 -41.54892349243164 0
endloop
endfacet
facet normal 0 0 -1
outer loop
vertex 11.283468246459961 -41.41712188720703 0
vertex 11.283468246459961 -41.047122955322266 0
vertex 11.455676078796387 -41.45137405395508 0
endloop
endfacet
facet normal 0 0 -1
outer loop
vertex 11.733468055725098 -41.867122650146484 0
vertex 11.699213981628418 -41.69491195678711 0
vertex 11.699213981628418 -40.76932907104492 0
endloop
endfacet
facet normal 0 0 -1
outer loop
vertex 11.283468246459961 -41.047122955322266 0
vertex 11.111261367797852 -41.45137405395508 0
vertex 11.111261367797852 -41.01286697387695 0
endloop
endfacet
facet normal 0 0 -1
outer loop
vertex 11.111261367797852 -41.45137405395508 0
vertex 10.965270042419434 -40.91531753540039 0
vertex 11.111261367797852 -41.01286697387695 0
endloop
endfacet
facet normal 0 0 -1
outer loop
vertex 11.111261367797852 -41.45137405395508 0
vertex 11.283468246459961 -41.047122955322266 0
vertex 11.283468246459961 -41.41712188720703 0
endloop
endfacet
facet normal 0 0 -1
outer loop
vertex 10.965270042419434 -41.54892349243164 0
vertex 10.965270042419434 -40.91531753540039 0
vertex 11.111261367797852 -41.45137405395508 0
endloop
endfacet
facet normal 0 0 -1
outer loop
vertex 10.965270042419434 -41.54892349243164 0
vertex 10.867722511291504 -40.76932907104492 0
vertex 10.965270042419434 -40.91531753540039 0
endloop
endfacet
facet normal 0 0 -1
outer loop
vertex 10.867722511291504 -40.76932907104492 0
vertex 10.867722511291504 -41.69491195678711 0
vertex 10.833468437194824 -40.59712219238281 0
endloop
endfacet
facet normal 0 0 -1
outer loop
vertex 10.867722511291504 -41.69491195678711 0
vertex 10.867722511291504 -40.76932907104492 0
vertex 10.965270042419434 -41.54892349243164 0
endloop
endfacet
facet normal 0 0 -1
outer loop
vertex 10.833468437194824 -41.867122650146484 0
vertex 10.833468437194824 -40.59712219238281 0
vertex 10.867722511291504 -41.69491195678711 0
endloop
endfacet
facet normal 0 0 -1
outer loop
vertex 11.733468055725098 -43.13711929321289 0
vertex 11.699213981628418 -42.039329528808594 0
vertex 11.733468055725098 -41.867122650146484 0
endloop
endfacet
facet normal 0 0 -1
outer loop
vertex 11.699213981628418 -42.039329528808594 0
vertex 11.699213981628418 -42.96491241455078 0
vertex 11.601666450500488 -42.18531799316406 0
endloop
endfacet
facet normal 0 0 -1
outer loop
vertex 11.601666450500488 -42.18531799316406 0
vertex 11.601666450500488 -42.81892395019531 0
vertex 11.455676078796387 -42.282867431640625 0
endloop
endfacet
facet normal 0 0 -1
outer loop
vertex 11.699213981628418 -42.96491241455078 0
vertex 11.601666450500488 -42.81892395019531 0
vertex 11.601666450500488 -42.18531799316406 0
endloop
endfacet
facet normal 0 0 -1
outer loop
vertex 11.455676078796387 -42.282867431640625 0
vertex 11.455676078796387 -42.72137451171875 0
vertex 11.283468246459961 -42.31711959838867 0
endloop
endfacet
facet normal 0 0 -1
outer loop
vertex 11.455676078796387 -42.72137451171875 0
vertex 11.455676078796387 -42.282867431640625 0
vertex 11.601666450500488 -42.81892395019531 0
endloop
endfacet
facet normal 0 0 -1
outer loop
vertex 11.455676078796387 -42.72137451171875 0
vertex 11.283468246459961 -42.6871223449707 0
vertex 11.283468246459961 -42.31711959838867 0
endloop
endfacet
facet normal 0 0 -1
outer loop
vertex 11.283468246459961 -42.6871223449707 0
vertex 11.111261367797852 -42.282867431640625 0
vertex 11.283468246459961 -42.31711959838867 0
endloop
endfacet
facet normal 0 0 -1
outer loop
vertex 11.111261367797852 -42.282867431640625 0
vertex 11.111261367797852 -42.72137451171875 0
vertex 10.965270042419434 -42.18531799316406 0
endloop
endfacet
facet normal 0 0 -1
outer loop
vertex 11.111261367797852 -42.72137451171875 0
vertex 11.111261367797852 -42.282867431640625 0
vertex 11.283468246459961 -42.6871223449707 0
endloop
endfacet
facet normal 0 0 -1
outer loop
vertex 10.965270042419434 -42.81892395019531 0
vertex 10.965270042419434 -42.18531799316406 0
vertex 11.111261367797852 -42.72137451171875 0
endloop
endfacet
facet normal 0 0 -1
outer loop
vertex 10.965270042419434 -42.81892395019531 0
vertex 10.867722511291504 -42.039329528808594 0
vertex 10.965270042419434 -42.18531799316406 0
endloop
endfacet
facet normal 0 0 -1
outer loop
vertex 10.867722511291504 -42.039329528808594 0
vertex 10.833468437194824 -43.13711929321289 0
vertex 10.833468437194824 -41.867122650146484 0
endloop
endfacet
facet normal 0 0 -1
outer loop
vertex 10.867722511291504 -42.96491241455078 0
vertex 10.867722511291504 -42.039329528808594 0
vertex 10.965270042419434 -42.81892395019531 0
endloop
endfacet
facet normal 0 0 -1
outer loop
vertex 11.733468055725098 -44.40711975097656 0
vertex 11.733468055725098 -43.13711929321289 0
vertex 13.038506507873535 -42.14712142944336 0
endloop
endfacet
facet normal 0 0 -1
outer loop
vertex 11.733468055725098 -43.13711929321289 0
vertex 11.699213981628418 -42.96491241455078 0
vertex 11.699213981628418 -42.039329528808594 0
endloop
endfacet
facet normal 0 0 -1
outer loop
vertex 10.833468437194824 -43.13711929321289 0
vertex 10.867722511291504 -42.039329528808594 0
vertex 10.867722511291504 -42.96491241455078 0
endloop
endfacet
facet normal 0 0 -1
outer loop
vertex 11.733468055725098 -44.40711975097656 0
vertex 11.699213981628418 -43.309329986572266 0
vertex 11.733468055725098 -43.13711929321289 0
endloop
endfacet
facet normal 0 0 -1
outer loop
vertex 11.699213981628418 -43.309329986572266 0
vertex 11.699213981628418 -44.23491287231445 0
vertex 11.601666450500488 -43.455318450927734 0
endloop
endfacet
facet normal 0 0 -1
outer loop
vertex 11.601666450500488 -43.455318450927734 0
vertex 11.601666450500488 -44.088924407958984 0
vertex 11.455676078796387 -43.5528678894043 0
endloop
endfacet
facet normal 0 0 -1
outer loop
vertex 11.699213981628418 -44.23491287231445 0
vertex 11.601666450500488 -44.088924407958984 0
vertex 11.601666450500488 -43.455318450927734 0
endloop
endfacet
facet normal 0 0 -1
outer loop
vertex 11.455676078796387 -43.5528678894043 0
vertex 11.455676078796387 -43.99137496948242 0
vertex 11.283468246459961 -43.957122802734375 0
endloop
endfacet
facet normal 0 0 -1
outer loop
vertex 11.455676078796387 -43.99137496948242 0
vertex 11.455676078796387 -43.5528678894043 0
vertex 11.601666450500488 -44.088924407958984 0
endloop
endfacet
facet normal 0 0 -1
outer loop
vertex 11.111261367797852 -43.99137496948242 0
vertex 11.455676078796387 -43.5528678894043 0
vertex 11.283468246459961 -43.957122802734375 0
endloop
endfacet
facet normal 0 0 -1
outer loop
vertex 11.733468055725098 -44.40711975097656 0
vertex 11.699213981628418 -44.23491287231445 0
vertex 11.699213981628418 -43.309329986572266 0
endloop
endfacet
facet normal 0 0 -1
outer loop
vertex 10.965270042419434 -44.088924407958984 0
vertex 11.455676078796387 -43.5528678894043 0
vertex 11.111261367797852 -43.99137496948242 0
endloop
endfacet
facet normal 0 0 -1
outer loop
vertex 10.833468437194824 -40.59712219238281 0
vertex 8.138506889343262 -46.89712142944336 0
vertex 10.833468437194824 -39.32712173461914 0
endloop
endfacet
facet normal 0 0 -1
outer loop
vertex 10.833468437194824 -41.867122650146484 0
vertex 8.138506889343262 -46.89712142944336 0
vertex 10.833468437194824 -40.59712219238281 0
endloop
endfacet
facet normal 0 0 -1
outer loop
vertex 10.833468437194824 -43.13711929321289 0
vertex 8.138506889343262 -46.89712142944336 0
vertex 10.833468437194824 -41.867122650146484 0
endloop
endfacet
facet normal 0 0 -1
outer loop
vertex 11.733468055725098 -45.677120208740234 0
vertex 11.699213981628418 -44.57933044433594 0
vertex 11.733468055725098 -44.40711975097656 0
endloop
endfacet
facet normal 0 0 -1
outer loop
vertex 11.699213981628418 -44.57933044433594 0
vertex 11.601666450500488 -45.358924865722656 0
vertex 11.601666450500488 -44.725318908691406 0
endloop
endfacet
facet normal 0 0 -1
outer loop
vertex 11.601666450500488 -45.358924865722656 0
vertex 11.455676078796387 -44.82286834716797 0
vertex 11.601666450500488 -44.725318908691406 0
endloop
endfacet
facet normal 0 0 -1
outer loop
vertex 11.699213981628418 -44.57933044433594 0
vertex 11.699213981628418 -45.504913330078125 0
vertex 11.601666450500488 -45.358924865722656 0
endloop
endfacet
facet normal 0 0 -1
outer loop
vertex 11.455676078796387 -44.82286834716797 0
vertex 11.455676078796387 -45.261375427246094 0
vertex 11.283468246459961 -44.857120513916016 0
endloop
endfacet
facet normal 0 0 -1
outer loop
vertex 11.455676078796387 -45.261375427246094 0
vertex 11.455676078796387 -44.82286834716797 0
vertex 11.601666450500488 -45.358924865722656 0
endloop
endfacet
facet normal 0 0 -1
outer loop
vertex 11.455676078796387 -45.261375427246094 0
vertex 11.283468246459961 -45.22711944580078 0
vertex 11.283468246459961 -44.857120513916016 0
endloop
endfacet
facet normal 0 0 -1
outer loop
vertex 11.111261367797852 -45.261375427246094 0
vertex 11.283468246459961 -44.857120513916016 0
vertex 11.283468246459961 -45.22711944580078 0
endloop
endfacet
facet normal 0 0 -1
outer loop
vertex 10.965270042419434 -45.358924865722656 0
vertex 11.283468246459961 -44.857120513916016 0
vertex 11.111261367797852 -45.261375427246094 0
endloop
endfacet
facet normal 0 0 -1
outer loop
vertex 11.733468055725098 -45.677120208740234 0
vertex 11.699213981628418 -45.504913330078125 0
vertex 11.699213981628418 -44.57933044433594 0
endloop
endfacet
facet normal 0 0 -1
outer loop
vertex 11.733468055725098 -46.947120666503906 0
vertex 11.699213981628418 -45.849327087402344 0
vertex 11.733468055725098 -45.677120208740234 0
endloop
endfacet
facet normal 0 0 -1
outer loop
vertex 11.699213981628418 -45.849327087402344 0
vertex 11.699213981628418 -46.7749137878418 0
vertex 11.601666450500488 -45.99531936645508 0
endloop
endfacet
facet normal 0 0 -1
outer loop
vertex 11.601666450500488 -45.99531936645508 0
vertex 11.601666450500488 -46.62892150878906 0
vertex 11.455676078796387 -46.09286880493164 0
endloop
endfacet
facet normal 0 0 -1
outer loop
vertex 11.699213981628418 -46.7749137878418 0
vertex 11.601666450500488 -46.62892150878906 0
vertex 11.601666450500488 -45.99531936645508 0
endloop
endfacet
facet normal 0 0 -1
outer loop
vertex 11.455676078796387 -46.09286880493164 0
vertex 11.283468246459961 -46.49711990356445 0
vertex 11.283468246459961 -46.12712097167969 0
endloop
endfacet
facet normal 0 0 -1
outer loop
vertex 11.455676078796387 -46.09286880493164 0
vertex 11.455676078796387 -46.531375885009766 0
vertex 11.283468246459961 -46.49711990356445 0
endloop
endfacet
facet normal 0 0 -1
outer loop
vertex 11.455676078796387 -46.531375885009766 0
vertex 11.455676078796387 -46.09286880493164 0
vertex 11.601666450500488 -46.62892150878906 0
endloop
endfacet
facet normal 0 0 -1
outer loop
vertex 11.733468055725098 -46.947120666503906 0
vertex 11.699213981628418 -46.7749137878418 0
vertex 11.699213981628418 -45.849327087402344 0
endloop
endfacet
facet normal 0 0 -1
outer loop
vertex 11.283468246459961 -46.12712097167969 0
vertex 11.111261367797852 -46.531375885009766 0
vertex 11.111261367797852 -46.09286880493164 0
endloop
endfacet
facet normal 0 0 -1
outer loop
vertex 11.111261367797852 -46.531375885009766 0
vertex 10.965270042419434 -45.99531936645508 0
vertex 11.111261367797852 -46.09286880493164 0
endloop
endfacet
facet normal 0 0 -1
outer loop
vertex 11.111261367797852 -46.531375885009766 0
vertex 11.283468246459961 -46.12712097167969 0
vertex 11.283468246459961 -46.49711990356445 0
endloop
endfacet
facet normal 0 0 -1
outer loop
vertex 10.965270042419434 -46.62892150878906 0
vertex 10.965270042419434 -45.99531936645508 0
vertex 11.111261367797852 -46.531375885009766 0
endloop
endfacet
facet normal 0 0 -1
outer loop
vertex 11.455676078796387 -43.5528678894043 0
vertex 8.138506889343262 -46.89712142944336 0
vertex 11.283468246459961 -43.587120056152344 0
endloop
endfacet
facet normal 0 0 -1
outer loop
vertex 8.138506889343262 -46.89712142944336 0
vertex 11.111261367797852 -43.5528678894043 0
vertex 11.283468246459961 -43.587120056152344 0
endloop
endfacet
facet normal 0 0 -1
outer loop
vertex 10.965270042419434 -44.088924407958984 0
vertex 8.138506889343262 -46.89712142944336 0
vertex 11.455676078796387 -43.5528678894043 0
endloop
endfacet
facet normal 0 0 -1
outer loop
vertex 10.867722511291504 -43.309329986572266 0
vertex 8.138506889343262 -46.89712142944336 0
vertex 10.833468437194824 -43.13711929321289 0
endloop
endfacet
facet normal 0 0 -1
outer loop
vertex 10.965270042419434 -43.455318450927734 0
vertex 8.138506889343262 -46.89712142944336 0
vertex 10.867722511291504 -43.309329986572266 0
endloop
endfacet
facet normal 0 0 -1
outer loop
vertex 8.138506889343262 -46.89712142944336 0
vertex 10.965270042419434 -43.455318450927734 0
vertex 11.111261367797852 -43.5528678894043 0
endloop
endfacet
facet normal 0 0 -1
outer loop
vertex 10.867722511291504 -44.23491287231445 0
vertex 8.138506889343262 -46.89712142944336 0
vertex 10.965270042419434 -44.088924407958984 0
endloop
endfacet
facet normal 0 0 -1
outer loop
vertex 10.833468437194824 -44.40711975097656 0
vertex 8.138506889343262 -46.89712142944336 0
vertex 10.867722511291504 -44.23491287231445 0
endloop
endfacet
facet normal 0 0 -1
outer loop
vertex 11.283468246459961 -44.857120513916016 0
vertex 8.138506889343262 -46.89712142944336 0
vertex 11.111261367797852 -44.82286834716797 0
endloop
endfacet
facet normal 0 0 -1
outer loop
vertex 10.867722511291504 -44.57933044433594 0
vertex 8.138506889343262 -46.89712142944336 0
vertex 10.833468437194824 -44.40711975097656 0
endloop
endfacet
facet normal 0 0 -1
outer loop
vertex 10.965270042419434 -44.725318908691406 0
vertex 8.138506889343262 -46.89712142944336 0
vertex 10.867722511291504 -44.57933044433594 0
endloop
endfacet
facet normal 0 0 -1
outer loop
vertex 8.138506889343262 -46.89712142944336 0
vertex 10.965270042419434 -44.725318908691406 0
vertex 11.111261367797852 -44.82286834716797 0
endloop
endfacet
facet normal 0 0 -1
outer loop
vertex 10.965270042419434 -45.358924865722656 0
vertex 8.138506889343262 -46.89712142944336 0
vertex 11.283468246459961 -44.857120513916016 0
endloop
endfacet
facet normal 0 0 -1
outer loop
vertex 10.867722511291504 -45.504913330078125 0
vertex 8.138506889343262 -46.89712142944336 0
vertex 10.965270042419434 -45.358924865722656 0
endloop
endfacet
facet normal 0 0 -1
outer loop
vertex 10.833468437194824 -45.677120208740234 0
vertex 8.138506889343262 -46.89712142944336 0
vertex 10.867722511291504 -45.504913330078125 0
endloop
endfacet
facet normal 0 0 -1
outer loop
vertex 10.867722511291504 -45.849327087402344 0
vertex 8.138506889343262 -46.89712142944336 0
vertex 10.833468437194824 -45.677120208740234 0
endloop
endfacet
facet normal 0 0 -1
outer loop
vertex 10.965270042419434 -45.99531936645508 0
vertex 8.138506889343262 -46.89712142944336 0
vertex 10.867722511291504 -45.849327087402344 0
endloop
endfacet
facet normal 0 0 -1
outer loop
vertex 10.965270042419434 -46.62892150878906 0
vertex 8.138506889343262 -46.89712142944336 0
vertex 10.965270042419434 -45.99531936645508 0
endloop
endfacet
facet normal -0.994814435558617 -0.10170663107285664 0
outer loop
vertex -70.30537414550781 -50.33951187133789 0
vertex -70.40784454345703 -49.33722686767578 0.20000000298023224
vertex -70.40784454345703 -49.33722686767578 0
endloop
endfacet
facet normal 0 0 -1
outer loop
vertex 10.833468437194824 -46.947120666503906 0
vertex 8.138506889343262 -46.89712142944336 0
vertex 10.867722511291504 -46.7749137878418 0
endloop
endfacet
facet normal 0 0 -1
outer loop
vertex 10.965270042419434 -47.26531982421875 0
vertex 3.5885064601898193 -47.59712219238281 0
vertex 10.867722511291504 -47.119327545166016 0
endloop
endfacet
facet normal 0 0 -1
outer loop
vertex 3.5885064601898193 -47.59712219238281 0
vertex 11.111261367797852 -47.36286544799805 0
vertex 11.283468246459961 -47.39712142944336 0
endloop
endfacet
facet normal 0 0 -1
outer loop
vertex 3.5885064601898193 -47.59712219238281 0
vertex 10.965270042419434 -47.26531982421875 0
vertex 11.111261367797852 -47.36286544799805 0
endloop
endfacet
facet normal 0 0 -1
outer loop
vertex 53.07090377807617 -54.59425354003906 0
vertex -7.266493320465088 -46.947120666503906 0
vertex -1.4114935398101807 -47.59712219238281 0
endloop
endfacet
facet normal 0 0 -1
outer loop
vertex 53.07090377807617 -54.59425354003906 0
vertex -7.300747871398926 -47.119327545166016 0
vertex -7.266493320465088 -46.947120666503906 0
endloop
endfacet
facet normal 0 0 -1
outer loop
vertex 53.07090377807617 -54.59425354003906 0
vertex -7.3982954025268555 -47.26531982421875 0
vertex -7.300747871398926 -47.119327545166016 0
endloop
endfacet
facet normal 0 0 -1
outer loop
vertex 53.07090377807617 -54.59425354003906 0
vertex -7.544285774230957 -47.36286544799805 0
vertex -7.3982954025268555 -47.26531982421875 0
endloop
endfacet
facet normal 0 0 -1
outer loop
vertex 53.07090377807617 -54.59425354003906 0
vertex -7.716493606567383 -47.39712142944336 0
vertex -7.544285774230957 -47.36286544799805 0
endloop
endfacet
facet normal 0 0 -1
outer loop
vertex 10.833468437194824 -46.947120666503906 0
vertex 3.5885064601898193 -46.89712142944336 0
vertex 8.138506889343262 -46.89712142944336 0
endloop
endfacet
facet normal 0 0 -1
outer loop
vertex 3.5885064601898193 -47.59712219238281 0
vertex 10.833468437194824 -46.947120666503906 0
vertex 10.867722511291504 -47.119327545166016 0
endloop
endfacet
facet normal 0 0 -1
outer loop
vertex 3.5885064601898193 -47.59712219238281 0
vertex 3.5885064601898193 -46.89712142944336 0
vertex 10.833468437194824 -46.947120666503906 0
endloop
endfacet
facet normal 0 0 1
outer loop
vertex -35.751495361328125 33.702877044677734 5
vertex -35.751495361328125 19.60287857055664 5
vertex -30.201494216918945 42.72166061401367 5
endloop
endfacet
facet normal 0 0 1
outer loop
vertex -30.201494216918945 20.112878799438477 5
vertex -30.201494216918945 42.72166061401367 5
vertex -35.751495361328125 19.60287857055664 5
endloop
endfacet
facet normal 0.9203856168812027 0.3910119131666042 0
outer loop
vertex 62.340248107910156 51.564273834228516 5
vertex 62.49409484863281 51.20214080810547 5
vertex 62.49409484863281 51.20214080810547 4.5
endloop
endfacet
facet normal 0 0 1
outer loop
vertex -30.201494216918945 20.112878799438477 5
vertex -10.861493110656738 9.952878952026367 5
vertex -12.901494026184082 15.792370796203613 5
endloop
endfacet
facet normal 0 0 1
outer loop
vertex -6.374456882476807 13.41672420501709 5
vertex -5.961493492126465 5.202878952026367 5
vertex -2.901493549346924 13.112878799438477 5
endloop
endfacet
facet normal 0 0 1
outer loop
vertex -9.741896629333496 14.319025993347168 5
vertex -5.961493492126465 5.202878952026367 5
vertex -6.374456882476807 13.41672420501709 5
endloop
endfacet
facet normal 0 0 1
outer loop
vertex -9.741896629333496 14.319025993347168 5
vertex -10.861493110656738 9.952878952026367 5
vertex -5.961493492126465 5.202878952026367 5
endloop
endfacet
facet normal 0 0 1
outer loop
vertex -9.741896629333496 14.319025993347168 5
vertex -12.901494026184082 15.792370796203613 5
vertex -10.861493110656738 9.952878952026367 5
endloop
endfacet
facet normal 0 0 1
outer loop
vertex -10.861493110656738 9.952878952026367 5
vertex -10.861493110656738 -4.147120952606201 5
vertex -5.961493492126465 5.202878952026367 5
endloop
endfacet
facet normal 0 0 1
outer loop
vertex -30.201494216918945 20.112878799438477 5
vertex -12.901494026184082 15.792370796203613 5
vertex -15.757246017456055 17.791990280151367 5
endloop
endfacet
facet normal 0 0 1
outer loop
vertex -18.078134536743164 20.112878799438477 5
vertex -30.201494216918945 20.112878799438477 5
vertex -15.757246017456055 17.791990280151367 5
endloop
endfacet
facet normal 0 0 1
outer loop
vertex -29.861494064331055 14.702878952026367 5
vertex -24.96149444580078 9.952878952026367 5
vertex -30.201494216918945 20.112878799438477 5
endloop
endfacet
facet normal 0 0 1
outer loop
vertex -35.751495361328125 19.60287857055664 5
vertex -29.861494064331055 14.702878952026367 5
vertex -30.201494216918945 20.112878799438477 5
endloop
endfacet
facet normal 0 0 1
outer loop
vertex -24.96149444580078 9.952878952026367 5
vertex -10.861493110656738 9.952878952026367 5
vertex -30.201494216918945 20.112878799438477 5
endloop
endfacet
facet normal 0 0 1
outer loop
vertex -29.861494064331055 0.6028788685798645 5
vertex -24.96149444580078 -4.147120952606201 5
vertex -24.96149444580078 9.952878952026367 5
endloop
endfacet
facet normal 0 0 1
outer loop
vertex -29.861494064331055 14.702878952026367 5
vertex -29.861494064331055 0.6028788685798645 5
vertex -24.96149444580078 9.952878952026367 5
endloop
endfacet
facet normal 0 0 1
outer loop
vertex 61.91423797607422 52.24245071411133 5
vertex 56.21396255493164 53.96607971191406 5
vertex 62.340248107910156 51.564273834228516 5
endloop
endfacet
facet normal 0 0 1
outer loop
vertex 61.91423797607422 52.24245071411133 5
vertex 60.7651252746582 53.35359191894531 5
vertex 56.21396255493164 53.96607971191406 5
endloop
endfacet
facet normal 0 0 1
outer loop
vertex 56.21396255493164 53.96607971191406 5
vertex 62.49409484863281 51.20214080810547 5
vertex 62.340248107910156 51.564273834228516 5
endloop
endfacet
facet normal 0 0 1
outer loop
vertex 56.21396255493164 53.96607971191406 5
vertex 61.313438415527344 50.70182418823242 5
vertex 62.49409484863281 51.20214080810547 5
endloop
endfacet
facet normal 0 0 1
outer loop
vertex 59.35149002075195 54.04057312011719 5
vertex 57.794307708740234 54.25385284423828 5
vertex 60.7651252746582 53.35359191894531 5
endloop
endfacet
facet normal 0 0 1
outer loop
vertex 57.794307708740234 54.25385284423828 5
vertex 56.21396255493164 53.96607971191406 5
vertex 60.7651252746582 53.35359191894531 5
endloop
endfacet
facet normal 0 0 1
outer loop
vertex 56.606143951416016 46.05170822143555 5
vertex 62.11545181274414 33.07258987426758 5
vertex 61.313438415527344 50.70182418823242 5
endloop
endfacet
facet normal 0 0 1
outer loop
vertex -30.201494216918945 42.72166061401367 5
vertex -69.10999298095703 38.0340461730957 5
vertex -35.751495361328125 33.702877044677734 5
endloop
endfacet
facet normal 0 0 1
outer loop
vertex -69.10999298095703 38.0340461730957 5
vertex -49.85149383544922 33.702877044677734 5
vertex -35.751495361328125 33.702877044677734 5
endloop
endfacet
facet normal 0 0 1
outer loop
vertex -30.201494216918945 42.72166061401367 5
vertex -65.80511474609375 42.656044006347656 5
vertex -69.10999298095703 38.0340461730957 5
endloop
endfacet
facet normal 0 0 1
outer loop
vertex -65.80511474609375 42.656044006347656 5
vertex -66.59598541259766 42.52891540527344 5
vertex -69.10999298095703 38.0340461730957 5
endloop
endfacet
facet normal 0 0 1
outer loop
vertex -66.59598541259766 42.52891540527344 5
vertex -68.06783294677734 41.9054069519043 5
vertex -69.10999298095703 38.0340461730957 5
endloop
endfacet
facet normal 0 0 1
outer loop
vertex -69.25261688232422 40.872650146484375 5
vertex -70.0574722290039 39.52264404296875 5
vertex -68.06783294677734 41.9054069519043 5
endloop
endfacet
facet normal 0 0 1
outer loop
vertex -70.0574722290039 39.52264404296875 5
vertex -69.10999298095703 38.0340461730957 5
vertex -68.06783294677734 41.9054069519043 5
endloop
endfacet
facet normal 0 0 1
outer loop
vertex -70.0574722290039 39.52264404296875 5
vertex -70.39248657226562 38.0340690612793 5
vertex -69.10999298095703 38.0340461730957 5
endloop
endfacet
facet normal 0 0 1
outer loop
vertex 62.11545181274414 33.07258987426758 5
vertex 68.72671508789062 33.20772933959961 5
vertex 61.313438415527344 50.70182418823242 5
endloop
endfacet
facet normal -0.9755978281665183 0.21956520142493605 0
outer loop
vertex -70.0574722290039 39.52264404296875 5
vertex -70.39248657226562 38.0340690612793 4.5
vertex -70.39248657226562 38.0340690612793 5
endloop
endfacet
facet normal 0 0 1
outer loop
vertex 69.92338562011719 33.71482849121094 5
vertex 68.72671508789062 33.20772933959961 5
vertex 70.02996063232422 33.463958740234375 5
endloop
endfacet
facet normal 0 0 1
outer loop
vertex 68.72671508789062 33.20772933959961 5
vertex 70.31758117675781 31.884475708007812 5
vertex 70.02996063232422 33.463958740234375 5
endloop
endfacet
facet normal 0 0 1
outer loop
vertex 62.11545181274414 33.07258987426758 5
vertex 70.31758117675781 31.884475708007812 5
vertex 68.72671508789062 33.20772933959961 5
endloop
endfacet
facet normal 0 0 1
outer loop
vertex -69.10999298095703 38.0340461730957 5
vertex -69.11032104492188 19.034046173095703 5
vertex -49.85149383544922 33.702877044677734 5
endloop
endfacet
facet normal 0 0 1
outer loop
vertex 70.10430145263672 30.327293395996094 5
vertex 70.31758117675781 31.884475708007812 5
vertex 62.11545181274414 33.07258987426758 5
endloop
endfacet
facet normal 0 0 1
outer loop
vertex 69.41732025146484 28.913658142089844 5
vertex 70.10430145263672 30.327293395996094 5
vertex 62.11545181274414 33.07258987426758 5
endloop
endfacet
facet normal 0.9203898529326701 0.3910019419626686 0
outer loop
vertex 70.02996063232422 33.463958740234375 5
vertex 69.92338562011719 33.71482849121094 4.5
vertex 69.92338562011719 33.71482849121094 5
endloop
endfacet
facet normal 0 0 1
outer loop
vertex 68.30618286132812 27.764549255371094 5
vertex 69.41732025146484 28.913658142089844 5
vertex 62.11545181274414 33.07258987426758 5
endloop
endfacet
facet normal -0.0018429725757013017 0.9999983017246006 0
outer loop
vertex -30.201494216918945 42.72166061401367 5
vertex -65.80511474609375 42.656044006347656 0
vertex -65.80511474609375 42.656044006347656 5
endloop
endfacet
facet normal -0.15870777333741048 0.987325601148011 0
outer loop
vertex -65.80511474609375 42.656044006347656 5
vertex -66.59598541259766 42.52891540527344 0
vertex -66.59598541259766 42.52891540527344 5
endloop
endfacet
facet normal -0.39006642384167917 0.9207867206858293 0
outer loop
vertex -66.59598541259766 42.52891540527344 5
vertex -68.06783294677734 41.9054069519043 0
vertex -68.06783294677734 41.9054069519043 5
endloop
endfacet
facet normal -0.6570875703801862 0.7538142508946509 0
outer loop
vertex -68.06783294677734 41.9054069519043 5
vertex -69.25261688232422 40.872650146484375 0
vertex -69.25261688232422 40.872650146484375 5
endloop
endfacet
facet normal -0.8589346564354853 0.5120852038226207 0
outer loop
vertex -69.25261688232422 40.872650146484375 5
vertex -70.0574722290039 39.52264404296875 0
vertex -70.0574722290039 39.52264404296875 5
endloop
endfacet
facet normal -0.9755978539109997 0.2195650870337174 3.5780935346843636e-7
outer loop
vertex -70.0574722290039 39.52264404296875 5
vertex -70.40999603271484 37.956275939941406 0.20000000298023224
vertex -70.39248657226562 38.0340690612793 4.5
endloop
endfacet
facet normal -0.9755936171907161 0.21958391128845128 0
outer loop
vertex -70.40999603271484 37.956275939941406 0.20000000298023224
vertex -70.40999603271484 37.956275939941406 4.5
vertex -70.39248657226562 38.0340690612793 4.5
endloop
endfacet
facet normal -0.9999999998367326 0.000018070275297693917 0
outer loop
vertex -70.40999603271484 37.956275939941406 4.5
vertex -70.41000366210938 37.5340690612793 0.20000000298023224
vertex -70.41000366210938 37.5340690612793 4.5
endloop
endfacet
facet normal 0.000016348773839776983 0.9999999998663588 0
outer loop
vertex -70.41000366210938 37.5340690612793 4.5
vertex -71.11000061035156 37.534080505371094 0.20000000298023224
vertex -71.11000061035156 37.534080505371094 4.5
endloop
endfacet
facet normal -0.9999999998449298 0.00001755805680950545 -0.0000013620574548522948
outer loop
vertex -71.11000061035156 37.534080505371094 4.5
vertex -71.11029815673828 20.254079818725586 0.20000000298023224
vertex -71.11021423339844 25.367412567138672 4.5
endloop
endfacet
facet normal 0 0 1
outer loop
vertex -35.751495361328125 19.60287857055664 5
vertex -43.20065689086914 19.60287857055664 5
vertex -29.861494064331055 14.702878952026367 5
endloop
endfacet
facet normal 0 0 1
outer loop
vertex -43.20065689086914 19.60287857055664 5
vertex -43.96149444580078 14.702878952026367 5
vertex -29.861494064331055 14.702878952026367 5
endloop
endfacet
facet normal 0 0 1
outer loop
vertex -43.20065689086914 19.60287857055664 5
vertex -49.85149383544922 19.60287857055664 5
vertex -48.86149215698242 14.702878952026367 5
endloop
endfacet
facet normal 0 0 1
outer loop
vertex -43.20065689086914 19.60287857055664 5
vertex -48.86149215698242 0.6028788685798645 5
vertex -43.96149444580078 14.702878952026367 5
endloop
endfacet
facet normal 0 0 1
outer loop
vertex -48.86149215698242 14.702878952026367 5
vertex -48.86149215698242 0.6028788685798645 5
vertex -43.20065689086914 19.60287857055664 5
endloop
endfacet
facet normal 0 0 1
outer loop
vertex -43.96149444580078 0.6028788685798645 5
vertex -43.96149444580078 14.702878952026367 5
vertex -48.86149215698242 0.6028788685798645 5
endloop
endfacet
facet normal 0 0 1
outer loop
vertex -49.85149383544922 33.702877044677734 5
vertex -62.96149444580078 14.702878952026367 5
vertex -49.85149383544922 19.60287857055664 5
endloop
endfacet
facet normal 0 0 1
outer loop
vertex -49.85149383544922 33.702877044677734 5
vertex -69.11038208007812 15.243614196777344 5
vertex -62.96149444580078 14.702878952026367 5
endloop
endfacet
facet normal 0 0 1
outer loop
vertex -62.96149444580078 14.702878952026367 5
vertex -48.86149215698242 14.702878952026367 5
vertex -49.85149383544922 19.60287857055664 5
endloop
endfacet
facet normal 0 0 1
outer loop
vertex -69.11032104492188 19.034046173095703 5
vertex -69.11038208007812 15.243614196777344 5
vertex -49.85149383544922 33.702877044677734 5
endloop
endfacet
facet normal 0 0 1
outer loop
vertex 68.30618286132812 27.764549255371094 5
vertex 49.13633346557617 27.56328010559082 5
vertex 67.62528991699219 27.336837768554688 5
endloop
endfacet
facet normal 0 0 1
outer loop
vertex 62.11545181274414 33.07258987426758 5
vertex 49.13633346557617 27.56328010559082 5
vertex 68.30618286132812 27.764549255371094 5
endloop
endfacet
facet normal 0 0 -1
outer loop
vertex -69.73188018798828 -51.85325622558594 0
vertex -70.30537414550781 -50.33951187133789 0
vertex -69.11149597167969 -49.337249755859375 0
endloop
endfacet
facet normal 0 0 -1
outer loop
vertex -1.4114935398101807 -32.09712219238281 0
vertex -1.4114935398101807 -28.59712028503418 0
vertex 3.5885064601898193 -32.09712219238281 0
endloop
endfacet
facet normal 0 0 -1
outer loop
vertex 3.5885064601898193 -32.09712219238281 0
vertex -1.4114935398101807 -28.59712028503418 0
vertex 3.5885064601898193 -28.59712028503418 0
endloop
endfacet
facet normal 0 0 -1
outer loop
vertex 3.5885064601898193 -32.797122955322266 0
vertex 3.5885064601898193 -32.09712219238281 0
vertex 8.138506889343262 -32.797122955322266 0
endloop
endfacet
facet normal 0 0 -1
outer loop
vertex 8.138506889343262 -32.797122955322266 0
vertex 3.5885064601898193 -32.09712219238281 0
vertex 3.5885064601898193 -28.59712028503418 0
endloop
endfacet
facet normal 0 0 -1
outer loop
vertex 8.138506889343262 -32.797122955322266 0
vertex 3.5885064601898193 -28.59712028503418 0
vertex 3.5885064601898193 -27.89712142944336 0
endloop
endfacet
facet normal 0 0 -1
outer loop
vertex 8.138506889343262 -32.797122955322266 0
vertex 3.5885064601898193 -27.89712142944336 0
vertex 13.038506507873535 -28.047121047973633 0
endloop
endfacet
facet normal 0 0 -1
outer loop
vertex 13.038506507873535 -28.047121047973633 0
vertex 3.5885064601898193 -27.89712142944336 0
vertex 8.138506889343262 -27.89712142944336 0
endloop
endfacet
facet normal 0 0 -1
outer loop
vertex 10.833468437194824 -39.32712173461914 0
vertex 8.138506889343262 -46.89712142944336 0
vertex 8.138506889343262 -32.797122955322266 0
endloop
endfacet
facet normal 0 0 -1
outer loop
vertex 11.733468055725098 -40.59712219238281 0
vertex 11.699213981628418 -40.4249153137207 0
vertex 11.699213981628418 -39.49932861328125 0
endloop
endfacet
facet normal 0 0 -1
outer loop
vertex 10.833468437194824 -40.59712219238281 0
vertex 10.833468437194824 -39.32712173461914 0
vertex 10.867722511291504 -40.4249153137207 0
endloop
endfacet
facet normal 0 0 -1
outer loop
vertex 10.867722511291504 -40.4249153137207 0
vertex 10.867722511291504 -39.49932861328125 0
vertex 10.965270042419434 -40.27892303466797 0
endloop
endfacet
facet normal 0 0 -1
outer loop
vertex 10.867722511291504 -39.49932861328125 0
vertex 10.867722511291504 -40.4249153137207 0
vertex 10.833468437194824 -39.32712173461914 0
endloop
endfacet
facet normal 0 0 -1
outer loop
vertex 10.965270042419434 -40.27892303466797 0
vertex 10.867722511291504 -39.49932861328125 0
vertex 10.965270042419434 -39.645320892333984 0
endloop
endfacet
facet normal 0 0 -1
outer loop
vertex 10.965270042419434 -40.27892303466797 0
vertex 10.965270042419434 -39.645320892333984 0
vertex 11.111261367797852 -40.181373596191406 0
endloop
endfacet
facet normal 0 0 -1
outer loop
vertex 11.111261367797852 -40.181373596191406 0
vertex 11.111261367797852 -39.74286651611328 0
vertex 11.283468246459961 -40.14712142944336 0
endloop
endfacet
facet normal 0 0 -1
outer loop
vertex 11.111261367797852 -39.74286651611328 0
vertex 11.111261367797852 -40.181373596191406 0
vertex 10.965270042419434 -39.645320892333984 0
endloop
endfacet
facet normal 0 0 -1
outer loop
vertex 11.283468246459961 -40.14712142944336 0
vertex 11.111261367797852 -39.74286651611328 0
vertex 11.283468246459961 -39.777122497558594 0
endloop
endfacet
facet normal 0 0 -1
outer loop
vertex 11.283468246459961 -40.14712142944336 0
vertex 11.283468246459961 -39.777122497558594 0
vertex 11.455676078796387 -40.181373596191406 0
endloop
endfacet
facet normal 0 0 -1
outer loop
vertex 11.455676078796387 -40.181373596191406 0
vertex 11.455676078796387 -39.74286651611328 0
vertex 11.601666450500488 -40.27892303466797 0
endloop
endfacet
facet normal 0 0 -1
outer loop
vertex 11.455676078796387 -39.74286651611328 0
vertex 11.455676078796387 -40.181373596191406 0
vertex 11.283468246459961 -39.777122497558594 0
endloop
endfacet
facet normal 0 0 -1
outer loop
vertex 11.699213981628418 -40.4249153137207 0
vertex 11.601666450500488 -40.27892303466797 0
vertex 11.601666450500488 -39.645320892333984 0
endloop
endfacet
facet normal 0 0 -1
outer loop
vertex 11.601666450500488 -39.645320892333984 0
vertex 11.601666450500488 -40.27892303466797 0
vertex 11.455676078796387 -39.74286651611328 0
endloop
endfacet
facet normal 0 0 -1
outer loop
vertex 11.699213981628418 -39.49932861328125 0
vertex 11.699213981628418 -40.4249153137207 0
vertex 11.601666450500488 -39.645320892333984 0
endloop
endfacet
facet normal 0 0 -1
outer loop
vertex 11.733468055725098 -40.59712219238281 0
vertex 11.699213981628418 -39.49932861328125 0
vertex 11.733468055725098 -39.32712173461914 0
endloop
endfacet
facet normal 0 0 -1
outer loop
vertex 11.733468055725098 -40.59712219238281 0
vertex 11.733468055725098 -39.32712173461914 0
vertex 13.038506507873535 -42.14712142944336 0
endloop
endfacet
facet normal 0 0 -1
outer loop
vertex 11.733468055725098 -39.32712173461914 0
vertex 11.733468055725098 -38.05712127685547 0
vertex 13.038506507873535 -42.14712142944336 0
endloop
endfacet
facet normal 0 0 -1
outer loop
vertex 10.833468437194824 -39.32712173461914 0
vertex 10.867722511291504 -38.22932815551758 0
vertex 10.867722511291504 -39.15491485595703 0
endloop
endfacet
facet normal 0 0 -1
outer loop
vertex 10.867722511291504 -39.15491485595703 0
vertex 10.867722511291504 -38.22932815551758 0
vertex 10.965270042419434 -39.0089225769043 0
endloop
endfacet
facet normal 0 0 -1
outer loop
vertex 10.867722511291504 -38.22932815551758 0
vertex 10.833468437194824 -39.32712173461914 0
vertex 10.833468437194824 -38.05712127685547 0
endloop
endfacet
facet normal 0 0 -1
outer loop
vertex 10.965270042419434 -39.0089225769043 0
vertex 10.867722511291504 -38.22932815551758 0
vertex 10.965270042419434 -38.37532043457031 0
endloop
endfacet
facet normal 0 0 -1
outer loop
vertex 10.965270042419434 -39.0089225769043 0
vertex 10.965270042419434 -38.37532043457031 0
vertex 11.111261367797852 -38.911376953125 0
endloop
endfacet
facet normal 0 0 -1
outer loop
vertex 11.111261367797852 -38.911376953125 0
vertex 11.111261367797852 -38.47286605834961 0
vertex 11.283468246459961 -38.87712097167969 0
endloop
endfacet
facet normal 0 0 -1
outer loop
vertex 11.111261367797852 -38.47286605834961 0
vertex 11.111261367797852 -38.911376953125 0
vertex 10.965270042419434 -38.37532043457031 0
endloop
endfacet
facet normal 0 0 -1
outer loop
vertex 11.283468246459961 -38.87712097167969 0
vertex 11.111261367797852 -38.47286605834961 0
vertex 11.283468246459961 -38.50712203979492 0
endloop
endfacet
facet normal 0 0 -1
outer loop
vertex 11.733468055725098 -39.32712173461914 0
vertex 11.699213981628418 -39.15491485595703 0
vertex 11.699213981628418 -38.22932815551758 0
endloop
endfacet
facet normal 0 0 -1
outer loop
vertex 11.283468246459961 -38.87712097167969 0
vertex 11.283468246459961 -38.50712203979492 0
vertex 11.455676078796387 -38.911376953125 0
endloop
endfacet
facet normal 0 0 -1
outer loop
vertex 11.455676078796387 -38.911376953125 0
vertex 11.455676078796387 -38.47286605834961 0
vertex 11.601666450500488 -39.0089225769043 0
endloop
endfacet
facet normal 0 0 -1
outer loop
vertex 11.455676078796387 -38.47286605834961 0
vertex 11.455676078796387 -38.911376953125 0
vertex 11.283468246459961 -38.50712203979492 0
endloop
endfacet
facet normal 0 0 -1
outer loop
vertex 11.699213981628418 -39.15491485595703 0
vertex 11.601666450500488 -39.0089225769043 0
vertex 11.601666450500488 -38.37532043457031 0
endloop
endfacet
facet normal 0 0 -1
outer loop
vertex 11.601666450500488 -38.37532043457031 0
vertex 11.601666450500488 -39.0089225769043 0
vertex 11.455676078796387 -38.47286605834961 0
endloop
endfacet
facet normal 0 0 -1
outer loop
vertex 11.699213981628418 -38.22932815551758 0
vertex 11.699213981628418 -39.15491485595703 0
vertex 11.601666450500488 -38.37532043457031 0
endloop
endfacet
facet normal 0 0 -1
outer loop
vertex 11.733468055725098 -38.05712127685547 0
vertex 11.733468055725098 -39.32712173461914 0
vertex 11.699213981628418 -38.22932815551758 0
endloop
endfacet
facet normal 0 0 -1
outer loop
vertex 11.733468055725098 -38.05712127685547 0
vertex 11.699213981628418 -37.88491439819336 0
vertex 11.699213981628418 -36.959327697753906 0
endloop
endfacet
facet normal 0 0 -1
outer loop
vertex 11.733468055725098 -38.05712127685547 0
vertex 11.733468055725098 -36.7871208190918 0
vertex 13.038506507873535 -42.14712142944336 0
endloop
endfacet
facet normal 0 0 -1
outer loop
vertex 11.733468055725098 -36.7871208190918 0
vertex 11.699213981628418 -36.61491394042969 0
vertex 13.038506507873535 -42.14712142944336 0
endloop
endfacet
facet normal 0 0 -1
outer loop
vertex 11.699213981628418 -36.61491394042969 0
vertex 11.601666450500488 -35.83531951904297 0
vertex 13.038506507873535 -42.14712142944336 0
endloop
endfacet
facet normal 0 0 -1
outer loop
vertex 11.601666450500488 -35.83531951904297 0
vertex 11.699213981628418 -35.689327239990234 0
vertex 13.038506507873535 -42.14712142944336 0
endloop
endfacet
facet normal 0 0 -1
outer loop
vertex 11.699213981628418 -35.689327239990234 0
vertex 11.733468055725098 -35.517120361328125 0
vertex 13.038506507873535 -42.14712142944336 0
endloop
endfacet
facet normal 0 0 -1
outer loop
vertex 10.833468437194824 -39.32712173461914 0
vertex 8.138506889343262 -32.797122955322266 0
vertex 10.833468437194824 -38.05712127685547 0
endloop
endfacet
facet normal 0 0 -1
outer loop
vertex 10.833468437194824 -38.05712127685547 0
vertex 8.138506889343262 -32.797122955322266 0
vertex 10.833468437194824 -36.7871208190918 0
endloop
endfacet
facet normal 0 0 -1
outer loop
vertex 10.833468437194824 -36.7871208190918 0
vertex 8.138506889343262 -32.797122955322266 0
vertex 10.867722511291504 -36.61491394042969 0
endloop
endfacet
facet normal 0 0 -1
outer loop
vertex 10.867722511291504 -36.61491394042969 0
vertex 8.138506889343262 -32.797122955322266 0
vertex 10.965270042419434 -36.46892166137695 0
endloop
endfacet
facet normal 0 0 -1
outer loop
vertex 10.965270042419434 -36.46892166137695 0
vertex 8.138506889343262 -32.797122955322266 0
vertex 11.111261367797852 -36.371376037597656 0
endloop
endfacet
facet normal 0 0 -1
outer loop
vertex 11.111261367797852 -36.371376037597656 0
vertex 8.138506889343262 -32.797122955322266 0
vertex 11.283468246459961 -36.337120056152344 0
endloop
endfacet
facet normal 0 0 -1
outer loop
vertex 11.283468246459961 -36.337120056152344 0
vertex 8.138506889343262 -32.797122955322266 0
vertex 10.965270042419434 -35.83531951904297 0
endloop
endfacet
facet normal 0 0 -1
outer loop
vertex 8.138506889343262 -32.797122955322266 0
vertex 10.867722511291504 -35.689327239990234 0
vertex 10.965270042419434 -35.83531951904297 0
endloop
endfacet
facet normal 0 0 -1
outer loop
vertex 10.867722511291504 -35.689327239990234 0
vertex 8.138506889343262 -32.797122955322266 0
vertex 10.833468437194824 -35.517120361328125 0
endloop
endfacet
facet normal 0 0 -1
outer loop
vertex 10.833468437194824 -35.517120361328125 0
vertex 8.138506889343262 -32.797122955322266 0
vertex 10.833468437194824 -34.24711990356445 0
endloop
endfacet
facet normal 0 0 -1
outer loop
vertex 10.833468437194824 -38.05712127685547 0
vertex 10.833468437194824 -36.7871208190918 0
vertex 10.867722511291504 -37.88491439819336 0
endloop
endfacet
facet normal 0 0 -1
outer loop
vertex 10.867722511291504 -37.88491439819336 0
vertex 10.867722511291504 -36.959327697753906 0
vertex 10.965270042419434 -37.738922119140625 0
endloop
endfacet
facet normal 0 0 -1
outer loop
vertex 10.965270042419434 -37.738922119140625 0
vertex 10.867722511291504 -36.959327697753906 0
vertex 10.965270042419434 -37.10531997680664 0
endloop
endfacet
facet normal 0 0 -1
outer loop
vertex 10.867722511291504 -36.959327697753906 0
vertex 10.867722511291504 -37.88491439819336 0
vertex 10.833468437194824 -36.7871208190918 0
endloop
endfacet
facet normal 0 0 -1
outer loop
vertex 10.965270042419434 -37.738922119140625 0
vertex 10.965270042419434 -37.10531997680664 0
vertex 11.111261367797852 -37.64137649536133 0
endloop
endfacet
facet normal 0 0 -1
outer loop
vertex 11.111261367797852 -37.64137649536133 0
vertex 11.111261367797852 -37.20286560058594 0
vertex 11.283468246459961 -37.607120513916016 0
endloop
endfacet
facet normal 0 0 -1
outer loop
vertex 11.111261367797852 -37.20286560058594 0
vertex 11.111261367797852 -37.64137649536133 0
vertex 10.965270042419434 -37.10531997680664 0
endloop
endfacet
facet normal 0 0 -1
outer loop
vertex 11.283468246459961 -37.607120513916016 0
vertex 11.111261367797852 -37.20286560058594 0
vertex 11.283468246459961 -37.23712158203125 0
endloop
endfacet
facet normal 0 0 -1
outer loop
vertex 11.283468246459961 -37.607120513916016 0
vertex 11.283468246459961 -37.23712158203125 0
vertex 11.455676078796387 -37.64137649536133 0
endloop
endfacet
facet normal 0 0 -1
outer loop
vertex 11.455676078796387 -37.64137649536133 0
vertex 11.455676078796387 -37.20286560058594 0
vertex 11.601666450500488 -37.738922119140625 0
endloop
endfacet
facet normal 0 0 -1
outer loop
vertex 11.455676078796387 -37.20286560058594 0
vertex 11.455676078796387 -37.64137649536133 0
vertex 11.283468246459961 -37.23712158203125 0
endloop
endfacet
facet normal 0 0 -1
outer loop
vertex 11.699213981628418 -37.88491439819336 0
vertex 11.601666450500488 -37.738922119140625 0
vertex 11.601666450500488 -37.10531997680664 0
endloop
endfacet
facet normal 0 0 -1
outer loop
vertex 11.601666450500488 -37.10531997680664 0
vertex 11.601666450500488 -37.738922119140625 0
vertex 11.455676078796387 -37.20286560058594 0
endloop
endfacet
facet normal 0 0 -1
outer loop
vertex 11.699213981628418 -36.959327697753906 0
vertex 11.699213981628418 -37.88491439819336 0
vertex 11.601666450500488 -37.10531997680664 0
endloop
endfacet
facet normal 0 0 -1
outer loop
vertex 11.733468055725098 -36.7871208190918 0
vertex 11.733468055725098 -38.05712127685547 0
vertex 11.699213981628418 -36.959327697753906 0
endloop
endfacet
facet normal 0 0 -1
outer loop
vertex 11.283468246459961 -36.337120056152344 0
vertex 10.965270042419434 -35.83531951904297 0
vertex 11.455676078796387 -36.371376037597656 0
endloop
endfacet
facet normal 0 0 -1
outer loop
vertex 11.455676078796387 -36.371376037597656 0
vertex 10.965270042419434 -35.83531951904297 0
vertex 11.111261367797852 -35.932865142822266 0
endloop
endfacet
facet normal 0 0 -1
outer loop
vertex 11.455676078796387 -36.371376037597656 0
vertex 11.455676078796387 -35.932865142822266 0
vertex 11.601666450500488 -36.46892166137695 0
endloop
endfacet
facet normal 0 0 -1
outer loop
vertex 11.455676078796387 -36.371376037597656 0
vertex 11.111261367797852 -35.932865142822266 0
vertex 11.283468246459961 -35.96712112426758 0
endloop
endfacet
facet normal 0 0 -1
outer loop
vertex 11.455676078796387 -35.932865142822266 0
vertex 11.455676078796387 -36.371376037597656 0
vertex 11.283468246459961 -35.96712112426758 0
endloop
endfacet
facet normal 0 0 -1
outer loop
vertex 11.601666450500488 -35.83531951904297 0
vertex 11.699213981628418 -36.61491394042969 0
vertex 11.601666450500488 -36.46892166137695 0
endloop
endfacet
facet normal 0 0 -1
outer loop
vertex 11.601666450500488 -35.83531951904297 0
vertex 11.601666450500488 -36.46892166137695 0
vertex 11.455676078796387 -35.932865142822266 0
endloop
endfacet
facet normal 0 0 -1
outer loop
vertex 11.733468055725098 -35.517120361328125 0
vertex 11.699213981628418 -34.41932678222656 0
vertex 13.038506507873535 -42.14712142944336 0
endloop
endfacet
facet normal 0 0 -1
outer loop
vertex 11.699213981628418 -34.41932678222656 0
vertex 11.733468055725098 -34.24711990356445 0
vertex 13.038506507873535 -42.14712142944336 0
endloop
endfacet
facet normal 0 0 -1
outer loop
vertex 10.833468437194824 -35.517120361328125 0
vertex 10.833468437194824 -34.24711990356445 0
vertex 10.867722511291504 -35.344913482666016 0
endloop
endfacet
facet normal 0 0 -1
outer loop
vertex 11.699213981628418 -35.344913482666016 0
vertex 11.601666450500488 -35.19892120361328 0
vertex 11.601666450500488 -34.5653190612793 0
endloop
endfacet
facet normal 0 0 -1
outer loop
vertex 11.699213981628418 -34.41932678222656 0
vertex 11.733468055725098 -35.517120361328125 0
vertex 11.699213981628418 -35.344913482666016 0
endloop
endfacet
facet normal 0 0 -1
outer loop
vertex 10.867722511291504 -35.344913482666016 0
vertex 10.867722511291504 -34.41932678222656 0
vertex 10.965270042419434 -35.19892120361328 0
endloop
endfacet
facet normal 0 0 -1
outer loop
vertex 10.965270042419434 -35.19892120361328 0
vertex 10.867722511291504 -34.41932678222656 0
vertex 10.965270042419434 -34.5653190612793 0
endloop
endfacet
facet normal 0 0 -1
outer loop
vertex 10.867722511291504 -34.41932678222656 0
vertex 10.867722511291504 -35.344913482666016 0
vertex 10.833468437194824 -34.24711990356445 0
endloop
endfacet
facet normal 0 0 -1
outer loop
vertex 10.965270042419434 -35.19892120361328 0
vertex 10.965270042419434 -34.5653190612793 0
vertex 11.111261367797852 -35.101375579833984 0
endloop
endfacet
facet normal 0 0 -1
outer loop
vertex 11.111261367797852 -35.101375579833984 0
vertex 11.111261367797852 -34.66286849975586 0
vertex 11.283468246459961 -35.06711959838867 0
endloop
endfacet
facet normal 0 0 -1
outer loop
vertex 11.111261367797852 -34.66286849975586 0
vertex 11.111261367797852 -35.101375579833984 0
vertex 10.965270042419434 -34.5653190612793 0
endloop
endfacet
facet normal 0 0 -1
outer loop
vertex 11.283468246459961 -35.06711959838867 0
vertex 11.111261367797852 -34.66286849975586 0
vertex 11.283468246459961 -34.697120666503906 0
endloop
endfacet
facet normal 0 0 -1
outer loop
vertex 11.283468246459961 -35.06711959838867 0
vertex 11.283468246459961 -34.697120666503906 0
vertex 11.455676078796387 -35.101375579833984 0
endloop
endfacet
facet normal 0 0 -1
outer loop
vertex 11.455676078796387 -35.101375579833984 0
vertex 11.455676078796387 -34.66286849975586 0
vertex 11.601666450500488 -35.19892120361328 0
endloop
endfacet
facet normal 0 0 -1
outer loop
vertex 11.455676078796387 -34.66286849975586 0
vertex 11.455676078796387 -35.101375579833984 0
vertex 11.283468246459961 -34.697120666503906 0
endloop
endfacet
facet normal 0 0 -1
outer loop
vertex 11.601666450500488 -34.5653190612793 0
vertex 11.601666450500488 -35.19892120361328 0
vertex 11.455676078796387 -34.66286849975586 0
endloop
endfacet
facet normal 0 0 -1
outer loop
vertex 11.699213981628418 -34.41932678222656 0
vertex 11.699213981628418 -35.344913482666016 0
vertex 11.601666450500488 -34.5653190612793 0
endloop
endfacet
facet normal 0 0 -1
outer loop
vertex 11.733468055725098 -34.24711990356445 0
vertex 13.038506507873535 -28.047121047973633 0
vertex 13.038506507873535 -42.14712142944336 0
endloop
endfacet
facet normal 0 0 1
outer loop
vertex -70.41031646728516 19.034067153930664 5
vertex -69.11038208007812 15.243614196777344 5
vertex -69.11032104492188 19.034046173095703 5
endloop
endfacet
facet normal 0 0 -1
outer loop
vertex -69.11149597167969 -49.337249755859375 0
vertex -70.30537414550781 -50.33951187133789 0
vertex -70.40784454345703 -49.33722686767578 0
endloop
endfacet
facet normal -0.999999999835919 0.00001811524009692312 0
outer loop
vertex -70.41031646728516 19.034067153930664 5
vertex -70.41031646728516 19.034067153930664 4.5
vertex -70.41038513183594 15.243637084960938 5
endloop
endfacet
facet normal 0 0 1
outer loop
vertex -70.41038513183594 15.243637084960938 5
vertex -69.11038208007812 15.243614196777344 5
vertex -70.41031646728516 19.034067153930664 5
endloop
endfacet
facet normal 0 0 1
outer loop
vertex 56.21396255493164 53.96607971191406 5
vertex 38.55902862548828 46.51725387573242 5
vertex 61.313438415527344 50.70182418823242 5
endloop
endfacet
facet normal 0 0 1
outer loop
vertex 38.55902862548828 46.51725387573242 5
vertex 56.606143951416016 46.05170822143555 5
vertex 61.313438415527344 50.70182418823242 5
endloop
endfacet
facet normal 0 0 1
outer loop
vertex 38.55902862548828 46.51725387573242 5
vertex 43.62702560424805 40.54240036010742 5
vertex 56.606143951416016 46.05170822143555 5
endloop
endfacet
facet normal 0 0 1
outer loop
vertex 38.494571685791016 46.49711227416992 5
vertex 43.62702560424805 40.54240036010742 5
vertex 38.55902862548828 46.51725387573242 5
endloop
endfacet
facet normal -0.999999999835919 0.00001811524009692312 0
outer loop
vertex -70.41031646728516 19.034067153930664 4.5
vertex -70.41038513183594 15.243637084960938 4.5
vertex -70.41038513183594 15.243637084960938 5
endloop
endfacet
facet normal 0 0 1
outer loop
vertex 38.494571685791016 46.49711227416992 5
vertex 38.32906723022461 38.843666076660156 5
vertex 43.62702560424805 40.54240036010742 5
endloop
endfacet
facet normal 0 0 1
outer loop
vertex -69.11038208007812 15.243614196777344 5
vertex -69.11071014404297 -3.756385564804077 5
vertex -62.96149444580078 14.702878952026367 5
endloop
endfacet
facet normal 0 0 1
outer loop
vertex 49.13633346557617 27.56328010559082 5
vertex 43.62702560424805 40.54240036010742 5
vertex 41.243770599365234 25.048213958740234 5
endloop
endfacet
facet normal 0 0 1
outer loop
vertex 38.32906723022461 38.843666076660156 5
vertex 41.243770599365234 25.048213958740234 5
vertex 43.62702560424805 40.54240036010742 5
endloop
endfacet
facet normal 0.8467898039189569 0.5319276529556386 0
outer loop
vertex 62.340248107910156 51.564273834228516 5
vertex 61.91423797607422 52.24245071411133 0
vertex 61.91423797607422 52.24245071411133 5
endloop
endfacet
facet normal 0 0 1
outer loop
vertex -62.96149444580078 14.702878952026367 5
vertex -69.11077880859375 -7.546816825866699 5
vertex -62.96149444580078 0.6028788685798645 5
endloop
endfacet
facet normal 0 0 1
outer loop
vertex -69.11071014404297 -3.756385564804077 5
vertex -69.11077880859375 -7.546816825866699 5
vertex -62.96149444580078 14.702878952026367 5
endloop
endfacet
facet normal 0.9203856168812026 0.39101191316660416 0
outer loop
vertex 62.49409484863281 51.20214080810547 4.5
vertex 62.340248107910156 51.564273834228516 0
vertex 62.340248107910156 51.564273834228516 5
endloop
endfacet
facet normal 0.6951295420656648 0.7188844968056962 0
outer loop
vertex 61.91423797607422 52.24245071411133 5
vertex 60.7651252746582 53.35359191894531 0
vertex 60.7651252746582 53.35359191894531 5
endloop
endfacet
facet normal -0.9999999998552087 0.000017002654373465544 -7.01602229833175e-7
outer loop
vertex -71.11031341552734 19.534080505371094 4.5
vertex -71.11021423339844 25.367412567138672 4.5
vertex -71.11029815673828 20.254079818725586 0.20000000298023224
endloop
endfacet
facet normal -0.000019073361594769333 -0.9999999998181034 0
outer loop
vertex -71.11031341552734 19.534080505371094 4.5
vertex -70.41030883789062 19.534067153930664 0.20000000298023224
vertex -70.41030883789062 19.534067153930664 4.5
endloop
endfacet
facet normal -0.9999999998804147 0.000015258789060675272 0.000002517948350905329
outer loop
vertex -70.41030883789062 19.534067153930664 4.5
vertex -70.41039276123047 14.743637084960938 0.20000000298023224
vertex -70.41031646728516 19.034067153930664 4.5
endloop
endfacet
facet normal -0.9999999998358637 0.000018115240096922116 -3.3214546964027665e-7
outer loop
vertex -70.41039276123047 14.743637084960938 0.20000000298023224
vertex -70.41038513183594 15.243637084960938 4.5
vertex -70.41031646728516 19.034067153930664 4.5
endloop
endfacet
facet normal -0.9999999998835846 0.000015258789060723641 0
outer loop
vertex -70.41039276123047 14.743637084960938 0.20000000298023224
vertex -70.41039276123047 14.743637084960938 4.5
vertex -70.41038513183594 15.243637084960938 4.5
endloop
endfacet
facet normal 0.000016348595653448383 0.9999999998663618 0
outer loop
vertex -70.41039276123047 14.743637084960938 4.5
vertex -71.11039733886719 14.743648529052734 0.20000000298023224
vertex -71.11039733886719 14.743648529052734 4.5
endloop
endfacet
facet normal -0.9999999998564809 0.00001693098567468125 -6.163804170643416e-7
outer loop
vertex -71.11039733886719 14.743648529052734 4.5
vertex -71.11068725585938 -2.536351203918457 0.20000000298023224
vertex -71.11060333251953 2.576982259750366 4.5
endloop
endfacet
facet normal -0.18761205473045064 0.9822432066040562 0
outer loop
vertex -30.201494216918945 42.72166061401367 0
vertex -30.430850982666016 42.677852630615234 0
vertex -30.201494216918945 42.72166061401367 5
endloop
endfacet
facet normal 0.4370884374692895 0.8994185331816635 0
outer loop
vertex 60.7651252746582 53.35359191894531 5
vertex 59.35149002075195 54.04057312011719 0
vertex 59.35149002075195 54.04057312011719 5
endloop
endfacet
facet normal 0 0 -1
outer loop
vertex -30.201494216918945 42.72166061401367 0
vertex -40.30149459838867 33.702877044677734 0
vertex -30.430850982666016 42.677852630615234 0
endloop
endfacet
facet normal 0 0 -1
outer loop
vertex -35.751495361328125 33.702877044677734 0
vertex -40.30149459838867 33.702877044677734 0
vertex -30.201494216918945 42.72166061401367 0
endloop
endfacet
facet normal 0 0 -1
outer loop
vertex -30.201494216918945 20.112878799438477 0
vertex -35.751495361328125 33.702877044677734 0
vertex -30.201494216918945 42.72166061401367 0
endloop
endfacet
facet normal 0.13569826101385002 0.9907502116869908 0
outer loop
vertex 59.35149002075195 54.04057312011719 5
vertex 57.794307708740234 54.25385284423828 0
vertex 57.794307708740234 54.25385284423828 5
endloop
endfacet
facet normal -0.17914916609515288 0.9838219230569175 0
outer loop
vertex 57.794307708740234 54.25385284423828 5
vertex 56.21396255493164 53.96607971191406 0
vertex 56.21396255493164 53.96607971191406 5
endloop
endfacet
facet normal 0.9203850826467264 0.3910131706750613 1.1946123909186444e-7
outer loop
vertex 62.68960189819336 50.741947174072266 4.5
vertex 62.340248107910156 51.564273834228516 0
vertex 62.49409484863281 51.20214080810547 4.5
endloop
endfacet
facet normal 0.9207416547305555 0.3901727889589922 -3.99138128980452e-10
outer loop
vertex 65.62601470947266 45.65080642700195 4.5
vertex 63.63093185424805 50.358863830566406 0.20000000298023224
vertex 63.350006103515625 51.02180099487305 4.5
endloop
endfacet
facet normal -0.39017448269988325 0.9207409369903559 0
outer loop
vertex 63.350006103515625 51.02180099487305 4.5
vertex 62.68960189819336 50.741947174072266 0.20000000298023224
vertex 62.68960189819336 50.741947174072266 4.5
endloop
endfacet
facet normal 0.9207419404950199 0.3901721146016281 -8.71337967665734e-7
outer loop
vertex 70.37310791015625 34.448448181152344 4.5
vertex 63.63093185424805 50.358863830566406 0.20000000298023224
vertex 65.62601470947266 45.65080642700195 4.5
endloop
endfacet
facet normal 0.9838214399847938 0.1791518189308915 0
outer loop
vertex 70.31758117675781 31.884475708007812 5
vertex 70.02996063232422 33.463958740234375 0
vertex 70.02996063232422 33.463958740234375 5
endloop
endfacet
facet normal 0 0 -1
outer loop
vertex -12.901494026184082 15.792370796203613 0
vertex -9.741896629333496 14.319025993347168 0
vertex -15.411493301391602 10.652878761291504 0
endloop
endfacet
facet normal 0 0 -1
outer loop
vertex -2.901493549346924 13.112878799438477 0
vertex 0.5714700222015381 13.41672420501709 0
vertex -1.4114935398101807 5.902878761291504 0
endloop
endfacet
facet normal 0 0 -1
outer loop
vertex -2.901493549346924 13.112878799438477 0
vertex -1.4114935398101807 5.902878761291504 0
vertex -6.374456882476807 13.41672420501709 0
endloop
endfacet
facet normal 0 0 -1
outer loop
vertex -9.741896629333496 14.319025993347168 0
vertex -6.374456882476807 13.41672420501709 0
vertex -10.861493110656738 9.952878952026367 0
endloop
endfacet
facet normal 0 0 -1
outer loop
vertex -1.4114935398101807 5.902878761291504 0
vertex -10.861493110656738 9.952878952026367 0
vertex -6.374456882476807 13.41672420501709 0
endloop
endfacet
facet normal 0 0 -1
outer loop
vertex -5.961493492126465 5.202878952026367 0
vertex -10.861493110656738 9.952878952026367 0
vertex -1.4114935398101807 5.902878761291504 0
endloop
endfacet
facet normal 0 0 -1
outer loop
vertex -5.961493492126465 5.202878952026367 0
vertex -1.4114935398101807 5.902878761291504 0
vertex -1.4114935398101807 5.202878952026367 0
endloop
endfacet
facet normal 0 0 -1
outer loop
vertex -10.861493110656738 9.952878952026367 0
vertex -15.411493301391602 10.652878761291504 0
vertex -9.741896629333496 14.319025993347168 0
endloop
endfacet
facet normal 0 0 -1
outer loop
vertex -15.411493301391602 9.952878952026367 0
vertex -15.411493301391602 10.652878761291504 0
vertex -10.861493110656738 9.952878952026367 0
endloop
endfacet
facet normal 0 0 -1
outer loop
vertex -20.4114933013916 10.652878761291504 0
vertex -12.901494026184082 15.792370796203613 0
vertex -15.411493301391602 10.652878761291504 0
endloop
endfacet
facet normal 0 0 -1
outer loop
vertex -5.961493492126465 5.202878952026367 0
vertex -10.861493110656738 -4.147120952606201 0
vertex -10.861493110656738 9.952878952026367 0
endloop
endfacet
facet normal 0 0 -1
outer loop
vertex -15.757246017456055 17.791990280151367 0
vertex -29.861494064331055 14.702878952026367 0
vertex -18.078134536743164 20.112878799438477 0
endloop
endfacet
facet normal 0 0 -1
outer loop
vertex -15.757246017456055 17.791990280151367 0
vertex -12.901494026184082 15.792370796203613 0
vertex -29.861494064331055 14.702878952026367 0
endloop
endfacet
facet normal 0 0 -1
outer loop
vertex -30.201494216918945 20.112878799438477 0
vertex -18.078134536743164 20.112878799438477 0
vertex -29.861494064331055 14.702878952026367 0
endloop
endfacet
facet normal 0 0 -1
outer loop
vertex -24.96149444580078 9.952878952026367 0
vertex -29.861494064331055 14.702878952026367 0
vertex -12.901494026184082 15.792370796203613 0
endloop
endfacet
facet normal 0 0 -1
outer loop
vertex -30.201494216918945 20.112878799438477 0
vertex -35.751495361328125 19.60287857055664 0
vertex -35.751495361328125 33.702877044677734 0
endloop
endfacet
facet normal 0 0 -1
outer loop
vertex -34.411495208740234 15.402878761291504 0
vertex -35.751495361328125 19.60287857055664 0
vertex -30.201494216918945 20.112878799438477 0
endloop
endfacet
facet normal 0 0 -1
outer loop
vertex -34.411495208740234 14.702878952026367 0
vertex -30.201494216918945 20.112878799438477 0
vertex -29.861494064331055 14.702878952026367 0
endloop
endfacet
facet normal 0 0 -1
outer loop
vertex -34.411495208740234 14.702878952026367 0
vertex -34.411495208740234 15.402878761291504 0
vertex -30.201494216918945 20.112878799438477 0
endloop
endfacet
facet normal 0 0 -1
outer loop
vertex -24.96149444580078 9.952878952026367 0
vertex -12.901494026184082 15.792370796203613 0
vertex -20.4114933013916 10.652878761291504 0
endloop
endfacet
facet normal 0 0 -1
outer loop
vertex -24.96149444580078 9.952878952026367 0
vertex -20.4114933013916 10.652878761291504 0
vertex -20.4114933013916 9.952878952026367 0
endloop
endfacet
facet normal 0 0 -1
outer loop
vertex -24.96149444580078 -4.147120952606201 0
vertex -29.861494064331055 0.6028788685798645 0
vertex -24.96149444580078 9.952878952026367 0
endloop
endfacet
facet normal 0 0 -1
outer loop
vertex -29.861494064331055 0.6028788685798645 0
vertex -29.861494064331055 14.702878952026367 0
vertex -24.96149444580078 9.952878952026367 0
endloop
endfacet
facet normal 0 0 -1
outer loop
vertex -29.861494064331055 0.6028788685798645 0
vertex -34.411495208740234 -0.09712114185094833 0
vertex -34.411495208740234 0.6028788685798645 0
endloop
endfacet
facet normal -0.0006164874168435238 0.9999616767517823 -0.008732981794832962
outer loop
vertex -30.430850982666016 42.677852630615234 0
vertex -65.80511474609375 42.656044006347656 0
vertex -30.201494216918945 42.72166061401367 5
endloop
endfacet
facet normal -0.15870777333741048 0.987325601148011 0
outer loop
vertex -65.80511474609375 42.656044006347656 0
vertex -66.59598541259766 42.52891540527344 0
vertex -65.80511474609375 42.656044006347656 5
endloop
endfacet
facet normal -0.39006642384167917 0.9207867206858293 0
outer loop
vertex -66.59598541259766 42.52891540527344 0
vertex -68.06783294677734 41.9054069519043 0
vertex -66.59598541259766 42.52891540527344 5
endloop
endfacet
facet normal -0.6570875703801862 0.7538142508946509 0
outer loop
vertex -68.06783294677734 41.9054069519043 0
vertex -69.25261688232422 40.872650146484375 0
vertex -68.06783294677734 41.9054069519043 5
endloop
endfacet
facet normal -0.9755978281665183 0.21956520142493605 0
outer loop
vertex -70.0574722290039 39.52264404296875 0
vertex -70.39248657226562 38.0340690612793 0.20000000298023224
vertex -70.0574722290039 39.52264404296875 5
endloop
endfacet
facet normal -0.9755936171725879 0.21958391128437102 -0.000006096202510433742
outer loop
vertex -70.39248657226562 38.0340690612793 0.20000000298023224
vertex -70.40999603271484 37.956275939941406 0.20000000298023224
vertex -70.0574722290039 39.52264404296875 5
endloop
endfacet
facet normal -0.8589346564354853 0.5120852038226207 0
outer loop
vertex -69.25261688232422 40.872650146484375 0
vertex -70.0574722290039 39.52264404296875 0
vertex -69.25261688232422 40.872650146484375 5
endloop
endfacet
facet normal -0.9999999998367326 0.000018070275297693917 0
outer loop
vertex -70.40999603271484 37.956275939941406 0.20000000298023224
vertex -70.41000366210938 37.5340690612793 0.20000000298023224
vertex -70.40999603271484 37.956275939941406 4.5
endloop
endfacet
facet normal 0.000016348773839776983 0.9999999998663588 0
outer loop
vertex -70.41000366210938 37.5340690612793 0.20000000298023224
vertex -71.11000061035156 37.534080505371094 0.20000000298023224
vertex -70.41000366210938 37.5340690612793 4.5
endloop
endfacet
facet normal -0.9999999998517509 0.000017219118915000485 0
outer loop
vertex -71.11000061035156 37.534080505371094 0.20000000298023224
vertex -71.11029815673828 20.254079818725586 0.20000000298023224
vertex -71.11000061035156 37.534080505371094 4.5
endloop
endfacet
facet normal 0 0 -1
outer loop
vertex -40.30149459838867 34.40287780761719 0
vertex -30.430850982666016 42.677852630615234 0
vertex -40.30149459838867 33.702877044677734 0
endloop
endfacet
facet normal 0 0 -1
outer loop
vertex -45.30149459838867 34.40287780761719 0
vertex -30.430850982666016 42.677852630615234 0
vertex -40.30149459838867 34.40287780761719 0
endloop
endfacet
facet normal 0 0 -1
outer loop
vertex -45.30149459838867 34.40287780761719 0
vertex -69.10999298095703 38.0340461730957 0
vertex -30.430850982666016 42.677852630615234 0
endloop
endfacet
facet normal 0 0 -1
outer loop
vertex -49.85149383544922 33.702877044677734 0
vertex -45.30149459838867 34.40287780761719 0
vertex -45.30149459838867 33.702877044677734 0
endloop
endfacet
facet normal 0 0 -1
outer loop
vertex -30.430850982666016 42.677852630615234 0
vertex -70.39248657226562 38.0340690612793 0
vertex -65.80511474609375 42.656044006347656 0
endloop
endfacet
facet normal 0 0 -1
outer loop
vertex -70.39248657226562 38.0340690612793 0
vertex -66.59598541259766 42.52891540527344 0
vertex -65.80511474609375 42.656044006347656 0
endloop
endfacet
facet normal 0 0 -1
outer loop
vertex -70.39248657226562 38.0340690612793 0
vertex -68.06783294677734 41.9054069519043 0
vertex -66.59598541259766 42.52891540527344 0
endloop
endfacet
facet normal 0 0 -1
outer loop
vertex -68.06783294677734 41.9054069519043 0
vertex -70.0574722290039 39.52264404296875 0
vertex -69.25261688232422 40.872650146484375 0
endloop
endfacet
facet normal 0 0 -1
outer loop
vertex -69.10999298095703 38.0340461730957 0
vertex -70.39248657226562 38.0340690612793 0
vertex -30.430850982666016 42.677852630615234 0
endloop
endfacet
facet normal 0 0 -1
outer loop
vertex -49.85149383544922 33.702877044677734 0
vertex -69.10999298095703 38.0340461730957 0
vertex -45.30149459838867 34.40287780761719 0
endloop
endfacet
facet normal 0 0 -1
outer loop
vertex -49.85149383544922 33.702877044677734 0
vertex -49.85149383544922 19.60287857055664 0
vertex -69.10999298095703 38.0340461730957 0
endloop
endfacet
facet normal 0.9907502116869908 -0.13569826101385002 0
outer loop
vertex 70.10430145263672 30.327293395996094 5
vertex 70.31758117675781 31.884475708007812 0
vertex 70.31758117675781 31.884475708007812 5
endloop
endfacet
facet normal 0.9203918907367058 0.3909971450765847 -0.000002841145214630728
outer loop
vertex 70.02996063232422 33.463958740234375 5
vertex 69.72787475585938 34.17502212524414 0.20000000298023224
vertex 69.92338562011719 33.71482849121094 4.5
endloop
endfacet
facet normal 0 0 -1
outer loop
vertex -70.39248657226562 38.0340690612793 0
vertex -70.0574722290039 39.52264404296875 0
vertex -68.06783294677734 41.9054069519043 0
endloop
endfacet
facet normal 0.8994185331816635 -0.4370884374692895 0
outer loop
vertex 69.41732025146484 28.913658142089844 5
vertex 70.10430145263672 30.327293395996094 0
vertex 70.10430145263672 30.327293395996094 5
endloop
endfacet
facet normal 0.718884536213114 -0.6951295013115586 0
outer loop
vertex 68.30618286132812 27.764549255371094 5
vertex 69.41732025146484 28.913658142089844 0
vertex 69.41732025146484 28.913658142089844 5
endloop
endfacet
facet normal 0 0 -1
outer loop
vertex 10.833468437194824 -34.24711990356445 0
vertex 8.138506889343262 -32.797122955322266 0
vertex 10.867722511291504 -34.074913024902344 0
endloop
endfacet
facet normal 0 0 -1
outer loop
vertex 10.867722511291504 -34.074913024902344 0
vertex 8.138506889343262 -32.797122955322266 0
vertex 10.965270042419434 -33.928924560546875 0
endloop
endfacet
facet normal 0 0 -1
outer loop
vertex 10.965270042419434 -33.928924560546875 0
vertex 8.138506889343262 -32.797122955322266 0
vertex 11.111261367797852 -33.83137512207031 0
endloop
endfacet
facet normal 0 0 -1
outer loop
vertex 11.111261367797852 -33.83137512207031 0
vertex 8.138506889343262 -32.797122955322266 0
vertex 13.038506507873535 -28.047121047973633 0
endloop
endfacet
facet normal 0 0 -1
outer loop
vertex 13.038506507873535 -28.047121047973633 0
vertex 11.733468055725098 -34.24711990356445 0
vertex 11.699213981628418 -34.074913024902344 0
endloop
endfacet
facet normal 0 0 -1
outer loop
vertex 11.111261367797852 -33.83137512207031 0
vertex 13.038506507873535 -28.047121047973633 0
vertex 11.283468246459961 -33.797122955322266 0
endloop
endfacet
facet normal 0 0 -1
outer loop
vertex 11.283468246459961 -33.797122955322266 0
vertex 13.038506507873535 -28.047121047973633 0
vertex 11.455676078796387 -33.83137512207031 0
endloop
endfacet
facet normal 0 0 -1
outer loop
vertex 11.455676078796387 -33.83137512207031 0
vertex 13.038506507873535 -28.047121047973633 0
vertex 11.601666450500488 -33.928924560546875 0
endloop
endfacet
facet normal 0 0 -1
outer loop
vertex 13.038506507873535 -28.047121047973633 0
vertex 11.699213981628418 -34.074913024902344 0
vertex 11.601666450500488 -33.928924560546875 0
endloop
endfacet
facet normal 0 0 -1
outer loop
vertex 13.038506507873535 -28.047121047973633 0
vertex 17.5885066986084 -27.34712028503418 0
vertex 17.5885066986084 -28.047121047973633 0
endloop
endfacet
facet normal -0.9755978281665182 0.21956520142493602 0
outer loop
vertex -70.39248657226562 38.0340690612793 0
vertex -70.39248657226562 38.0340690612793 0.20000000298023224
vertex -70.0574722290039 39.52264404296875 0
endloop
endfacet
facet normal 0.5319233775961111 -0.8467924895549942 0
outer loop
vertex 67.62528991699219 27.336837768554688 5
vertex 68.30618286132812 27.764549255371094 0
vertex 68.30618286132812 27.764549255371094 5
endloop
endfacet
facet normal 0 0 -1
outer loop
vertex -69.29544830322266 -52.48807907104492 0
vertex -58.411495208740234 -37.39712142944336 0
vertex -68.10145568847656 -53.550926208496094 0
endloop
endfacet
facet normal 0.39017586322121156 -0.920740351977463 0
outer loop
vertex 69.72787475585938 34.17502212524414 4.5
vertex 70.37310791015625 34.448448181152344 0.20000000298023224
vertex 70.37310791015625 34.448448181152344 4.5
endloop
endfacet
facet normal -0.999999999775433 0.000021192782793059 0
outer loop
vertex -71.11029815673828 20.254079818725586 0.20000000298023224
vertex -71.11031341552734 19.534080505371094 0.20000000298023224
vertex -71.11031341552734 19.534080505371094 4.5
endloop
endfacet
facet normal -0.000019073361594769333 -0.9999999998181034 0
outer loop
vertex -70.41030883789062 19.534067153930664 0.20000000298023224
vertex -71.11031341552734 19.534080505371094 4.5
vertex -71.11031341552734 19.534080505371094 0.20000000298023224
endloop
endfacet
facet normal -0.9999999998835846 0.000015258789060723641 0
outer loop
vertex -70.41030883789062 19.534067153930664 0.20000000298023224
vertex -70.41031646728516 19.034067153930664 0.20000000298023224
vertex -70.41030883789062 19.534067153930664 4.5
endloop
endfacet
facet normal -0.9999999998358637 0.000018115240096922116 -3.3214546964027665e-7
outer loop
vertex -70.41031646728516 19.034067153930664 0.20000000298023224
vertex -70.41038513183594 15.243637084960938 0.20000000298023224
vertex -70.41030883789062 19.534067153930664 4.5
endloop
endfacet
facet normal -0.9999999998804147 0.000015258789060675272 0.000002517948350905329
outer loop
vertex -70.41038513183594 15.243637084960938 0.20000000298023224
vertex -70.41039276123047 14.743637084960938 0.20000000298023224
vertex -70.41030883789062 19.534067153930664 4.5
endloop
endfacet
facet normal 0.000016348595653448383 0.9999999998663618 0
outer loop
vertex -70.41039276123047 14.743637084960938 0.20000000298023224
vertex -71.11039733886719 14.743648529052734 0.20000000298023224
vertex -70.41039276123047 14.743637084960938 4.5
endloop
endfacet
facet normal -0.999999999859256 0.000016777603971458308 0
outer loop
vertex -71.11039733886719 14.743648529052734 0.20000000298023224
vertex -71.11068725585938 -2.536351203918457 0.20000000298023224
vertex -71.11039733886719 14.743648529052734 4.5
endloop
endfacet
facet normal 0 0 -1
outer loop
vertex -35.751495361328125 19.60287857055664 0
vertex -40.30149459838867 18.90287971496582 0
vertex -40.30149459838867 19.60287857055664 0
endloop
endfacet
facet normal 0 0 -1
outer loop
vertex -35.751495361328125 19.60287857055664 0
vertex -43.96149444580078 14.702878952026367 0
vertex -40.30149459838867 18.90287971496582 0
endloop
endfacet
facet normal 0 0 -1
outer loop
vertex -39.411495208740234 15.402878761291504 0
vertex -35.751495361328125 19.60287857055664 0
vertex -34.411495208740234 15.402878761291504 0
endloop
endfacet
facet normal 0 0 -1
outer loop
vertex -39.411495208740234 15.402878761291504 0
vertex -43.96149444580078 14.702878952026367 0
vertex -35.751495361328125 19.60287857055664 0
endloop
endfacet
facet normal 0 0 -1
outer loop
vertex -43.96149444580078 14.702878952026367 0
vertex -39.411495208740234 15.402878761291504 0
vertex -39.411495208740234 14.702878952026367 0
endloop
endfacet
facet normal 0 0 -1
outer loop
vertex -43.96149444580078 14.702878952026367 0
vertex -48.86149215698242 14.702878952026367 0
vertex -40.30149459838867 18.90287971496582 0
endloop
endfacet
facet normal 0 0 -1
outer loop
vertex -45.30149459838867 18.90287971496582 0
vertex -40.30149459838867 18.90287971496582 0
vertex -48.86149215698242 14.702878952026367 0
endloop
endfacet
facet normal 0 0 -1
outer loop
vertex -48.86149215698242 14.702878952026367 0
vertex -45.30149459838867 19.60287857055664 0
vertex -45.30149459838867 18.90287971496582 0
endloop
endfacet
facet normal 0 0 -1
outer loop
vertex -45.30149459838867 19.60287857055664 0
vertex -53.411495208740234 14.702878952026367 0
vertex -49.85149383544922 19.60287857055664 0
endloop
endfacet
facet normal 0 0 -1
outer loop
vertex -53.411495208740234 14.702878952026367 0
vertex -45.30149459838867 19.60287857055664 0
vertex -48.86149215698242 14.702878952026367 0
endloop
endfacet
facet normal 0 0 -1
outer loop
vertex -53.411495208740234 14.702878952026367 0
vertex -53.411495208740234 15.402878761291504 0
vertex -49.85149383544922 19.60287857055664 0
endloop
endfacet
facet normal 0 0 -1
outer loop
vertex -43.96149444580078 0.6028788685798645 0
vertex -48.86149215698242 14.702878952026367 0
vertex -43.96149444580078 14.702878952026367 0
endloop
endfacet
facet normal 0 0 -1
outer loop
vertex -43.96149444580078 0.6028788685798645 0
vertex -48.86149215698242 0.6028788685798645 0
vertex -48.86149215698242 14.702878952026367 0
endloop
endfacet
facet normal 0 0 -1
outer loop
vertex -48.86149215698242 0.6028788685798645 0
vertex -53.411495208740234 -0.09712114185094833 0
vertex -53.411495208740234 0.6028788685798645 0
endloop
endfacet
facet normal 0 0 -1
outer loop
vertex -58.411495208740234 15.402878761291504 0
vertex -49.85149383544922 19.60287857055664 0
vertex -53.411495208740234 15.402878761291504 0
endloop
endfacet
facet normal 0 0 -1
outer loop
vertex -58.411495208740234 15.402878761291504 0
vertex -62.96149444580078 14.702878952026367 0
vertex -49.85149383544922 19.60287857055664 0
endloop
endfacet
facet normal 0 0 -1
outer loop
vertex -62.96149444580078 14.702878952026367 0
vertex -58.411495208740234 15.402878761291504 0
vertex -58.411495208740234 14.702878952026367 0
endloop
endfacet
facet normal 0 0 -1
outer loop
vertex -62.96149444580078 14.702878952026367 0
vertex -69.11038208007812 15.243614196777344 0
vertex -49.85149383544922 19.60287857055664 0
endloop
endfacet
facet normal 0 0 -1
outer loop
vertex -49.85149383544922 19.60287857055664 0
vertex -69.11032104492188 19.034046173095703 0
vertex -69.10999298095703 38.0340461730957 0
endloop
endfacet
facet normal 0.9203823369517297 0.3910196335572838 0
outer loop
vertex 69.72787475585938 34.17502212524414 0.20000000298023224
vertex 69.72787475585938 34.17502212524414 4.5
vertex 69.92338562011719 33.71482849121094 4.5
endloop
endfacet
facet normal 0 0 -1
outer loop
vertex -66.63389587402344 -54.19071960449219 0
vertex -58.411495208740234 -38.09712219238281 0
vertex -65.92396545410156 -54.31758499145508 0
endloop
endfacet
facet normal 0 0 -1
outer loop
vertex -69.11032104492188 19.034046173095703 0
vertex -49.85149383544922 19.60287857055664 0
vertex -69.11038208007812 15.243614196777344 0
endloop
endfacet
facet normal -0.38872932733671356 0.9213520011745491 0
outer loop
vertex 56.21396255493164 53.96607971191406 5
vertex 38.55902862548828 46.51725387573242 0
vertex 38.55902862548828 46.51725387573242 5
endloop
endfacet
facet normal 0 0 -1
outer loop
vertex -68.10145568847656 -53.550926208496094 0
vertex -58.411495208740234 -37.39712142944336 0
vertex -66.63389587402344 -54.19071960449219 0
endloop
endfacet
facet normal -0.2982589109782742 0.9544850035605871 0
outer loop
vertex 38.55902862548828 46.51725387573242 5
vertex 38.494571685791016 46.49711227416992 0
vertex 38.494571685791016 46.49711227416992 5
endloop
endfacet
facet normal 0 0 -1
outer loop
vertex -58.411495208740234 -37.39712142944336 0
vertex -69.29544830322266 -52.48807907104492 0
vertex -69.73188018798828 -51.85325622558594 0
endloop
endfacet
facet normal 0 0 -1
outer loop
vertex -58.411495208740234 -37.39712142944336 0
vertex -69.73188018798828 -51.85325622558594 0
vertex -69.11149597167969 -49.337249755859375 0
endloop
endfacet
facet normal 0 0 -1
outer loop
vertex -69.11032104492188 19.034046173095703 0
vertex -70.41038513183594 15.243637084960938 0
vertex -70.41031646728516 19.034067153930664 0
endloop
endfacet
facet normal -0.999999999835919 0.00001811524009692312 0
outer loop
vertex -70.41038513183594 15.243637084960938 0
vertex -70.41031646728516 19.034067153930664 0.20000000298023224
vertex -70.41031646728516 19.034067153930664 0
endloop
endfacet
facet normal 0 0 -1
outer loop
vertex -58.411495208740234 -37.39712142944336 0
vertex -69.11149597167969 -49.337249755859375 0
vertex -62.96149444580078 -37.39712142944336 0
endloop
endfacet
facet normal 0 0 -1
outer loop
vertex -65.92396545410156 -54.31758499145508 0
vertex -53.411495208740234 -38.09712219238281 0
vertex -62.806312561035156 -54.35964584350586 0
endloop
endfacet
facet normal -0.999999999835919 0.00001811524009692312 0
outer loop
vertex -70.41038513183594 15.243637084960938 0
vertex -70.41038513183594 15.243637084960938 0.20000000298023224
vertex -70.41031646728516 19.034067153930664 0.20000000298023224
endloop
endfacet
facet normal 0 0 -1
outer loop
vertex -69.11038208007812 15.243614196777344 0
vertex -70.41038513183594 15.243637084960938 0
vertex -69.11032104492188 19.034046173095703 0
endloop
endfacet
facet normal 0 0 1
outer loop
vertex 49.13633346557617 27.56328010559082 5
vertex 59.608665466308594 23.845170974731445 5
vertex 67.62528991699219 27.336837768554688 5
endloop
endfacet
facet normal 0 0 -1
outer loop
vertex -62.96149444580078 0.6028788685798645 0
vertex -69.11038208007812 15.243614196777344 0
vertex -62.96149444580078 14.702878952026367 0
endloop
endfacet
facet normal 0 0 1
outer loop
vertex 49.13633346557617 27.56328010559082 5
vertex 59.50577163696289 23.776744842529297 5
vertex 59.608665466308594 23.845170974731445 5
endloop
endfacet
facet normal 0 0 1
outer loop
vertex 49.13633346557617 27.56328010559082 5
vertex 58.75263214111328 23.056724548339844 5
vertex 59.50577163696289 23.776744842529297 5
endloop
endfacet
facet normal 0 0 -1
outer loop
vertex -62.96149444580078 0.6028788685798645 0
vertex -69.11071014404297 -3.756385564804077 0
vertex -69.11038208007812 15.243614196777344 0
endloop
endfacet
facet normal 0 0 1
outer loop
vertex 49.13633346557617 27.56328010559082 5
vertex 58.686614990234375 22.970415115356445 5
vertex 58.75263214111328 23.056724548339844 5
endloop
endfacet
facet normal 0 0 1
outer loop
vertex 49.13633346557617 27.56328010559082 5
vertex 58.191043853759766 22.05901336669922 5
vertex 58.686614990234375 22.970415115356445 5
endloop
endfacet
facet normal 0 0 1
outer loop
vertex -10.861493110656738 -4.147120952606201 5
vertex -5.961493492126465 -8.89712142944336 5
vertex -5.961493492126465 5.202878952026367 5
endloop
endfacet
facet normal 0 0 1
outer loop
vertex -5.961493492126465 -8.89712142944336 5
vertex -5.961493492126465 -13.797121047973633 5
vertex 8.138506889343262 -8.89712142944336 5
endloop
endfacet
facet normal 0 0 1
outer loop
vertex -10.861493110656738 -9.047121047973633 5
vertex -5.961493492126465 -13.797121047973633 5
vertex -5.961493492126465 -8.89712142944336 5
endloop
endfacet
facet normal 0 0 1
outer loop
vertex -10.861493110656738 -4.147120952606201 5
vertex -10.861493110656738 -9.047121047973633 5
vertex -5.961493492126465 -8.89712142944336 5
endloop
endfacet
facet normal 0 0 1
outer loop
vertex -10.861493110656738 -4.147120952606201 5
vertex -24.96149444580078 -9.047121047973633 5
vertex -10.861493110656738 -9.047121047973633 5
endloop
endfacet
facet normal 0 0 1
outer loop
vertex -10.861493110656738 -23.14712142944336 5
vertex -5.961493492126465 -27.89712142944336 5
vertex -5.961493492126465 -13.797121047973633 5
endloop
endfacet
facet normal 0 0 1
outer loop
vertex -10.861493110656738 -9.047121047973633 5
vertex -10.861493110656738 -23.14712142944336 5
vertex -5.961493492126465 -13.797121047973633 5
endloop
endfacet
facet normal 0 0 1
outer loop
vertex -10.861493110656738 -23.14712142944336 5
vertex -24.96149444580078 -23.14712142944336 5
vertex -5.961493492126465 -27.89712142944336 5
endloop
endfacet
facet normal 0 0 1
outer loop
vertex -24.96149444580078 -23.14712142944336 5
vertex -10.861493110656738 -28.047121047973633 5
vertex -5.961493492126465 -27.89712142944336 5
endloop
endfacet
facet normal 0 0 1
outer loop
vertex -10.861493110656738 -4.147120952606201 5
vertex -24.96149444580078 -4.147120952606201 5
vertex -24.96149444580078 -9.047121047973633 5
endloop
endfacet
facet normal 0 0 1
outer loop
vertex -24.96149444580078 -4.147120952606201 5
vertex -29.861494064331055 -4.297121047973633 5
vertex -24.96149444580078 -9.047121047973633 5
endloop
endfacet
facet normal 0 0 1
outer loop
vertex -29.861494064331055 0.6028788685798645 5
vertex -29.861494064331055 -4.297121047973633 5
vertex -24.96149444580078 -4.147120952606201 5
endloop
endfacet
facet normal 0 0 1
outer loop
vertex -43.96149444580078 0.6028788685798645 5
vertex -29.861494064331055 -4.297121047973633 5
vertex -29.861494064331055 0.6028788685798645 5
endloop
endfacet
facet normal 0 0 1
outer loop
vertex -29.861494064331055 -4.297121047973633 5
vertex -29.861494064331055 -18.39712142944336 5
vertex -24.96149444580078 -9.047121047973633 5
endloop
endfacet
facet normal 0 0 1
outer loop
vertex -24.96149444580078 -23.14712142944336 5
vertex -24.96149444580078 -9.047121047973633 5
vertex -29.861494064331055 -18.39712142944336 5
endloop
endfacet
facet normal 0 0 1
outer loop
vertex -24.96149444580078 -23.14712142944336 5
vertex -29.861494064331055 -23.297121047973633 5
vertex -10.861493110656738 -28.047121047973633 5
endloop
endfacet
facet normal 0 0 1
outer loop
vertex -29.861494064331055 -23.297121047973633 5
vertex -24.96149444580078 -28.047121047973633 5
vertex -10.861493110656738 -28.047121047973633 5
endloop
endfacet
facet normal 0 0 1
outer loop
vertex -29.861494064331055 -18.39712142944336 5
vertex -43.96149444580078 -18.39712142944336 5
vertex -24.96149444580078 -23.14712142944336 5
endloop
endfacet
facet normal 0 0 1
outer loop
vertex -29.861494064331055 -23.297121047973633 5
vertex -24.96149444580078 -23.14712142944336 5
vertex -43.96149444580078 -18.39712142944336 5
endloop
endfacet
facet normal 0 0 1
outer loop
vertex -5.961493492126465 -32.797122955322266 5
vertex 13.038506507873535 -28.047121047973633 5
vertex -10.861493110656738 -28.047121047973633 5
endloop
endfacet
facet normal 0 0 1
outer loop
vertex -10.861493110656738 -28.047121047973633 5
vertex 8.138506889343262 -27.89712142944336 5
vertex -5.961493492126465 -27.89712142944336 5
endloop
endfacet
facet normal 0 0 1
outer loop
vertex -5.961493492126465 -32.797122955322266 5
vertex -10.861493110656738 -42.14712142944336 5
vertex -5.961493492126465 -46.89712142944336 5
endloop
endfacet
facet normal 0 0 1
outer loop
vertex -10.861493110656738 -28.047121047973633 5
vertex -10.861493110656738 -42.14712142944336 5
vertex -5.961493492126465 -32.797122955322266 5
endloop
endfacet
facet normal 0 0 1
outer loop
vertex -5.961493492126465 -46.89712142944336 5
vertex -61.17863082885742 -54.59312057495117 5
vertex 53.07090377807617 -54.59425354003906 5
endloop
endfacet
facet normal 0 0 1
outer loop
vertex -10.861493110656738 -42.14712142944336 5
vertex -24.96149444580078 -42.14712142944336 5
vertex -5.961493492126465 -46.89712142944336 5
endloop
endfacet
facet normal 0 0 1
outer loop
vertex -29.861494064331055 -37.39712142944336 5
vertex -24.96149444580078 -42.14712142944336 5
vertex -24.96149444580078 -28.047121047973633 5
endloop
endfacet
facet normal 0 0 1
outer loop
vertex -29.861494064331055 -23.297121047973633 5
vertex -29.861494064331055 -37.39712142944336 5
vertex -24.96149444580078 -28.047121047973633 5
endloop
endfacet
facet normal 0 0 1
outer loop
vertex -29.861494064331055 -37.39712142944336 5
vertex -43.96149444580078 -37.39712142944336 5
vertex -24.96149444580078 -42.14712142944336 5
endloop
endfacet
facet normal 0 0 1
outer loop
vertex -24.96149444580078 -42.14712142944336 5
vertex -61.17863082885742 -54.59312057495117 5
vertex -5.961493492126465 -46.89712142944336 5
endloop
endfacet
facet normal 0 0 1
outer loop
vertex -43.96149444580078 0.6028788685798645 5
vertex -43.96149444580078 -4.297121047973633 5
vertex -29.861494064331055 -4.297121047973633 5
endloop
endfacet
facet normal 0 0 1
outer loop
vertex -43.96149444580078 0.6028788685798645 5
vertex -48.86149215698242 -4.297121047973633 5
vertex -43.96149444580078 -4.297121047973633 5
endloop
endfacet
facet normal 0 0 1
outer loop
vertex -48.86149215698242 0.6028788685798645 5
vertex -48.86149215698242 -4.297121047973633 5
vertex -43.96149444580078 0.6028788685798645 5
endloop
endfacet
facet normal 0 0 1
outer loop
vertex -48.86149215698242 -4.297121047973633 5
vertex -48.86149215698242 -18.39712142944336 5
vertex -43.96149444580078 -4.297121047973633 5
endloop
endfacet
facet normal 0 0 1
outer loop
vertex -48.86149215698242 -18.39712142944336 5
vertex -43.96149444580078 -18.39712142944336 5
vertex -43.96149444580078 -4.297121047973633 5
endloop
endfacet
facet normal 0 0 1
outer loop
vertex -43.96149444580078 -18.39712142944336 5
vertex -43.96149444580078 -23.297121047973633 5
vertex -29.861494064331055 -23.297121047973633 5
endloop
endfacet
facet normal 0 0 1
outer loop
vertex -48.86149215698242 -18.39712142944336 5
vertex -48.86149215698242 -23.297121047973633 5
vertex -43.96149444580078 -18.39712142944336 5
endloop
endfacet
facet normal 0 0 1
outer loop
vertex -43.96149444580078 -18.39712142944336 5
vertex -48.86149215698242 -37.39712142944336 5
vertex -43.96149444580078 -23.297121047973633 5
endloop
endfacet
facet normal 0 0 1
outer loop
vertex -48.86149215698242 -23.297121047973633 5
vertex -48.86149215698242 -37.39712142944336 5
vertex -43.96149444580078 -18.39712142944336 5
endloop
endfacet
facet normal 0 0 1
outer loop
vertex -62.96149444580078 0.6028788685798645 5
vertex -48.86149215698242 -4.297121047973633 5
vertex -48.86149215698242 0.6028788685798645 5
endloop
endfacet
facet normal 0 0 1
outer loop
vertex -62.96149444580078 0.6028788685798645 5
vertex -62.96149444580078 -4.297121047973633 5
vertex -48.86149215698242 -4.297121047973633 5
endloop
endfacet
facet normal 0 0 1
outer loop
vertex -69.11077880859375 -7.546816825866699 5
vertex -62.96149444580078 -4.297121047973633 5
vertex -62.96149444580078 0.6028788685798645 5
endloop
endfacet
facet normal 0 0 1
outer loop
vertex -69.11071014404297 -3.756385564804077 5
vertex -70.41071319580078 -3.7563631534576416 5
vertex -69.11077880859375 -7.546816825866699 5
endloop
endfacet
facet normal 0 0 1
outer loop
vertex -70.41071319580078 -3.7563631534576416 5
vertex -70.41077423095703 -7.546794414520264 5
vertex -69.11077880859375 -7.546816825866699 5
endloop
endfacet
facet normal 0 0 1
outer loop
vertex 41.243770599365234 25.048213958740234 5
vertex 58.191043853759766 22.05901336669922 5
vertex 49.13633346557617 27.56328010559082 5
endloop
endfacet
facet normal -0.9999999998703558 0.000016102430578038328 0
outer loop
vertex -70.41071319580078 -3.7563631534576416 5
vertex -70.41077423095703 -7.546794414520264 4.5
vertex -70.41077423095703 -7.546794414520264 5
endloop
endfacet
facet normal 0 0 1
outer loop
vertex 58.15341567993164 21.950851440429688 5
vertex 58.191043853759766 22.05901336669922 5
vertex 41.243770599365234 25.048213958740234 5
endloop
endfacet
facet normal 0 0 1
outer loop
vertex 57.963653564453125 20.855600357055664 5
vertex 58.15341567993164 21.950851440429688 5
vertex 41.243770599365234 25.048213958740234 5
endloop
endfacet
facet normal 0 0 1
outer loop
vertex 57.9585075378418 20.765729904174805 5
vertex 57.963653564453125 20.855600357055664 5
vertex 41.243770599365234 25.048213958740234 5
endloop
endfacet
facet normal -0.9999999998703558 0.000016102430578038328 0
outer loop
vertex -70.41071319580078 -3.7563631534576416 4.5
vertex -70.41077423095703 -7.546794414520264 4.5
vertex -70.41071319580078 -3.7563631534576416 5
endloop
endfacet
facet normal 0 0 1
outer loop
vertex 41.243770599365234 25.048213958740234 5
vertex 56.65850830078125 20.765804290771484 5
vertex 57.9585075378418 20.765729904174805 5
endloop
endfacet
facet normal 0 0 1
outer loop
vertex -69.11077880859375 -7.546816825866699 5
vertex -69.11109924316406 -26.546815872192383 5
vertex -62.96149444580078 -4.297121047973633 5
endloop
endfacet
facet normal 0 0 1
outer loop
vertex 41.243770599365234 25.048213958740234 5
vertex 56.65742874145508 1.7658040523529053 5
vertex 56.65850830078125 20.765804290771484 5
endloop
endfacet
facet normal 0 0 1
outer loop
vertex 41.243770599365234 25.048213958740234 5
vertex 46.13850784301758 14.702878952026367 5
vertex 56.65742874145508 1.7658040523529053 5
endloop
endfacet
facet normal 0 0 1
outer loop
vertex 41.243770599365234 25.048213958740234 5
vertex 27.448318481445312 22.133512496948242 5
vertex 46.13850784301758 14.702878952026367 5
endloop
endfacet
facet normal 0 0 1
outer loop
vertex 27.448318481445312 22.133512496948242 5
vertex 32.03850555419922 14.702878952026367 5
vertex 46.13850784301758 14.702878952026367 5
endloop
endfacet
facet normal 0 0 -1
outer loop
vertex 53.07090377807617 -54.59425354003906 0
vertex -1.4114935398101807 -47.59712219238281 0
vertex 3.5885064601898193 -47.59712219238281 0
endloop
endfacet
facet normal 0 0 -1
outer loop
vertex 53.07090377807617 -54.59425354003906 0
vertex 3.5885064601898193 -47.59712219238281 0
vertex 11.283468246459961 -47.39712142944336 0
endloop
endfacet
facet normal 0 0 -1
outer loop
vertex 53.07090377807617 -54.59425354003906 0
vertex 11.283468246459961 -47.39712142944336 0
vertex 11.455676078796387 -47.36286544799805 0
endloop
endfacet
facet normal 0 0 -1
outer loop
vertex 53.07090377807617 -54.59425354003906 0
vertex 11.455676078796387 -47.36286544799805 0
vertex 11.601666450500488 -47.26531982421875 0
endloop
endfacet
facet normal 0 0 -1
outer loop
vertex 53.07090377807617 -54.59425354003906 0
vertex 11.601666450500488 -47.26531982421875 0
vertex 11.699213981628418 -47.119327545166016 0
endloop
endfacet
facet normal 0 0 -1
outer loop
vertex 53.07090377807617 -54.59425354003906 0
vertex 11.699213981628418 -47.119327545166016 0
vertex 11.733468055725098 -46.947120666503906 0
endloop
endfacet
facet normal 0 0 -1
outer loop
vertex 22.5885066986084 -42.84712219238281 0
vertex 22.5885066986084 -42.14712142944336 0
vertex 27.138505935668945 -42.14712142944336 0
endloop
endfacet
facet normal 0 0 -1
outer loop
vertex 53.07090377807617 -54.59425354003906 0
vertex 11.733468055725098 -46.947120666503906 0
vertex 17.5885066986084 -42.84712219238281 0
endloop
endfacet
facet normal 0 0 -1
outer loop
vertex 53.07090377807617 -54.59425354003906 0
vertex 17.5885066986084 -42.84712219238281 0
vertex 22.5885066986084 -42.84712219238281 0
endloop
endfacet
facet normal 0 0 -1
outer loop
vertex 53.07090377807617 -54.59425354003906 0
vertex 22.5885066986084 -42.84712219238281 0
vertex 27.138505935668945 -42.14712142944336 0
endloop
endfacet
facet normal 0 0 1
outer loop
vertex -48.86149215698242 -18.39712142944336 5
vertex -62.96149444580078 -18.39712142944336 5
vertex -48.86149215698242 -23.297121047973633 5
endloop
endfacet
facet normal 0 0 1
outer loop
vertex -62.96149444580078 -18.39712142944336 5
vertex -62.96149444580078 -23.297121047973633 5
vertex -48.86149215698242 -23.297121047973633 5
endloop
endfacet
facet normal 0 0 1
outer loop
vertex -69.11109924316406 -26.546815872192383 5
vertex -62.96149444580078 -18.39712142944336 5
vertex -62.96149444580078 -4.297121047973633 5
endloop
endfacet
facet normal 0 0 -1
outer loop
vertex -62.806312561035156 -54.35964584350586 0
vertex -53.411495208740234 -38.09712219238281 0
vertex -62.760658264160156 -54.36325454711914 0
endloop
endfacet
facet normal 0 0 -1
outer loop
vertex 22.5885066986084 -28.047121047973633 0
vertex 22.5885066986084 -27.34712028503418 0
vertex 27.138505935668945 -28.047121047973633 0
endloop
endfacet
facet normal 0 0 -1
outer loop
vertex 27.138505935668945 -42.14712142944336 0
vertex 27.138505935668945 -28.047121047973633 0
vertex 32.03850555419922 -37.39712142944336 0
endloop
endfacet
facet normal 0 0 -1
outer loop
vertex 27.138505935668945 -42.14712142944336 0
vertex 32.03850555419922 -37.39712142944336 0
vertex 36.588504791259766 -38.09712219238281 0
endloop
endfacet
facet normal 0 0 -1
outer loop
vertex 27.138505935668945 -28.047121047973633 0
vertex 27.138505935668945 -23.14712142944336 0
vertex 32.03850555419922 -37.39712142944336 0
endloop
endfacet
facet normal 0 0 -1
outer loop
vertex -62.760658264160156 -54.36325454711914 0
vertex -53.411495208740234 -38.09712219238281 0
vertex -61.17863082885742 -54.59312057495117 0
endloop
endfacet
facet normal 0 0 -1
outer loop
vertex -58.411495208740234 -38.09712219238281 0
vertex -66.63389587402344 -54.19071960449219 0
vertex -58.411495208740234 -37.39712142944336 0
endloop
endfacet
facet normal 0 0 1
outer loop
vertex -62.96149444580078 -18.39712142944336 5
vertex -69.11116790771484 -30.337247848510742 5
vertex -62.96149444580078 -23.297121047973633 5
endloop
endfacet
facet normal 0 0 1
outer loop
vertex -69.11109924316406 -26.546815872192383 5
vertex -69.11116790771484 -30.337247848510742 5
vertex -62.96149444580078 -18.39712142944336 5
endloop
endfacet
facet normal 0 0 1
outer loop
vertex 46.13850784301758 14.702878952026367 5
vertex 46.13850784301758 0.6028788685798645 5
vertex 56.65742874145508 1.7658040523529053 5
endloop
endfacet
facet normal 0 0 -1
outer loop
vertex -53.411495208740234 -38.09712219238281 0
vertex -65.92396545410156 -54.31758499145508 0
vertex -58.411495208740234 -38.09712219238281 0
endloop
endfacet
facet normal 0 0 -1
outer loop
vertex -62.96149444580078 -37.39712142944336 0
vertex -69.11149597167969 -49.337249755859375 0
vertex -69.11116790771484 -30.337247848510742 0
endloop
endfacet
facet normal 0.39932023035794184 -0.9168115147765544 0
outer loop
vertex 59.608665466308594 23.845170974731445 5
vertex 67.62528991699219 27.336837768554688 0
vertex 67.62528991699219 27.336837768554688 5
endloop
endfacet
facet normal 0.5537487692333294 -0.8326837938693014 0
outer loop
vertex 59.50577163696289 23.776744842529297 5
vertex 59.608665466308594 23.845170974731445 0
vertex 59.608665466308594 23.845170974731445 5
endloop
endfacet
facet normal -0.9999999998552089 0.000017002650203895574 -7.016000997969902e-7
outer loop
vertex -71.11070251464844 -3.2563512325286865 4.5
vertex -71.11060333251953 2.576982259750366 4.5
vertex -71.11068725585938 -2.536351203918457 0.20000000298023224
endloop
endfacet
facet normal -0.00001702997274957408 -0.9999999998549899 0
outer loop
vertex -71.11070251464844 -3.2563512325286865 4.5
vertex -70.41070556640625 -3.2563631534576416 0.20000000298023224
vertex -70.41070556640625 -3.2563631534576416 4.5
endloop
endfacet
facet normal -0.999999999883308 0.000015258789060719422 7.436680138000799e-7
outer loop
vertex -70.41070556640625 -3.2563631534576416 4.5
vertex -70.41078186035156 -8.046793937683105 0.20000000298023224
vertex -70.41071319580078 -3.7563631534576416 4.5
endloop
endfacet
facet normal -0.999999999870351 0.00001610243057803825 -9.80960653054374e-8
outer loop
vertex -70.41078186035156 -8.046793937683105 0.20000000298023224
vertex -70.41077423095703 -7.546794414520264 4.5
vertex -70.41071319580078 -3.7563631534576416 4.5
endloop
endfacet
facet normal -0.9999999998835845 0.000015258803612652746 0
outer loop
vertex -70.41078186035156 -8.046793937683105 0.20000000298023224
vertex -70.41078186035156 -8.046793937683105 4.5
vertex -70.41077423095703 -7.546794414520264 4.5
endloop
endfacet
facet normal 0.000016348595653448383 0.9999999998663618 0
outer loop
vertex -70.41078186035156 -8.046793937683105 4.5
vertex -71.11078643798828 -8.046782493591309 0.20000000298023224
vertex -71.11078643798828 -8.046782493591309 4.5
endloop
endfacet
facet normal -0.9999999998560005 0.00001693098467933194 0.0000011579013817579134
outer loop
vertex -71.11078643798828 -8.046782493591309 4.5
vertex -71.111083984375 -25.3267822265625 0.20000000298023224
vertex -71.11099243164062 -20.213449478149414 4.5
endloop
endfacet
facet normal -0.9999999998548795 0.000017002654373459947 0.0000010726755691044
outer loop
vertex -71.11109161376953 -26.046781539916992 4.5
vertex -71.11099243164062 -20.213449478149414 4.5
vertex -71.111083984375 -25.3267822265625 0.20000000298023224
endloop
endfacet
facet normal -0.000019073569478819338 -0.9999999998180995 0
outer loop
vertex -71.11109161376953 -26.046781539916992 4.5
vertex -70.41109466552734 -26.046794891357422 0.20000000298023224
vertex -70.41109466552734 -26.046794891357422 4.5
endloop
endfacet
facet normal 0 0 1
outer loop
vertex -43.96149444580078 -37.39712142944336 5
vertex -43.96149444580078 -23.297121047973633 5
vertex -48.86149215698242 -37.39712142944336 5
endloop
endfacet
facet normal 0 0 1
outer loop
vertex -43.96149444580078 -37.39712142944336 5
vertex -61.17863082885742 -54.59312057495117 5
vertex -24.96149444580078 -42.14712142944336 5
endloop
endfacet
facet normal 0 0 1
outer loop
vertex -48.86149215698242 -37.39712142944336 5
vertex -61.17863082885742 -54.59312057495117 5
vertex -43.96149444580078 -37.39712142944336 5
endloop
endfacet
facet normal 0 0 1
outer loop
vertex -70.41110229492188 -26.546794891357422 5
vertex -69.11116790771484 -30.337247848510742 5
vertex -69.11109924316406 -26.546815872192383 5
endloop
endfacet
facet normal 0 0 1
outer loop
vertex -70.41110229492188 -26.546794891357422 5
vertex -70.41117095947266 -30.33722496032715 5
vertex -69.11116790771484 -30.337247848510742 5
endloop
endfacet
facet normal -0.999999999835919 0.00001811524009692312 0
outer loop
vertex -70.41110229492188 -26.546794891357422 5
vertex -70.41117095947266 -30.33722496032715 4.5
vertex -70.41117095947266 -30.33722496032715 5
endloop
endfacet
facet normal 0.6910351748768016 -0.7228211307667951 0
outer loop
vertex 58.75263214111328 23.056724548339844 5
vertex 59.50577163696289 23.776744842529297 0
vertex 59.50577163696289 23.776744842529297 5
endloop
endfacet
facet normal -0.999999999835919 0.00001811524009692312 0
outer loop
vertex -70.41110229492188 -26.546794891357422 4.5
vertex -70.41117095947266 -30.33722496032715 4.5
vertex -70.41110229492188 -26.546794891357422 5
endloop
endfacet
facet normal 0.7942875776251335 -0.6075419689456835 0
outer loop
vertex 58.686614990234375 22.970415115356445 5
vertex 58.75263214111328 23.056724548339844 0
vertex 58.75263214111328 23.056724548339844 5
endloop
endfacet
facet normal 0.8785257720255704 -0.47769495275423995 0
outer loop
vertex 58.191043853759766 22.05901336669922 5
vertex 58.686614990234375 22.970415115356445 0
vertex 58.686614990234375 22.970415115356445 5
endloop
endfacet
facet normal 0 0 1
outer loop
vertex -62.96149444580078 -23.297121047973633 5
vertex -69.11149597167969 -49.337249755859375 5
vertex -62.96149444580078 -37.39712142944336 5
endloop
endfacet
facet normal 0 0 1
outer loop
vertex -69.11116790771484 -30.337247848510742 5
vertex -69.11149597167969 -49.337249755859375 5
vertex -62.96149444580078 -23.297121047973633 5
endloop
endfacet
facet normal 0.9444788201154413 -0.32857230308311747 0
outer loop
vertex 58.15341567993164 21.950851440429688 5
vertex 58.191043853759766 22.05901336669922 0
vertex 58.191043853759766 22.05901336669922 5
endloop
endfacet
facet normal 0.9853203416268748 -0.170715624288753 0
outer loop
vertex 57.963653564453125 20.855600357055664 5
vertex 58.15341567993164 21.950851440429688 0
vertex 58.15341567993164 21.950851440429688 5
endloop
endfacet
facet normal 0.998364638237628 -0.05716685330372937 0
outer loop
vertex 57.9585075378418 20.765729904174805 5
vertex 57.963653564453125 20.855600357055664 0
vertex 57.963653564453125 20.855600357055664 5
endloop
endfacet
facet normal 0 0 1
outer loop
vertex -62.96149444580078 -37.39712142944336 5
vertex -61.17863082885742 -54.59312057495117 5
vertex -48.86149215698242 -37.39712142944336 5
endloop
endfacet
facet normal 0 0 1
outer loop
vertex -69.11149597167969 -49.337249755859375 5
vertex -69.73188018798828 -51.85325622558594 5
vertex -62.96149444580078 -37.39712142944336 5
endloop
endfacet
facet normal 0 0 1
outer loop
vertex -69.73188018798828 -51.85325622558594 5
vertex -69.29544830322266 -52.48807907104492 5
vertex -62.96149444580078 -37.39712142944336 5
endloop
endfacet
facet normal 0.9999999981373547 -0.000061035156136313156 0
outer loop
vertex 57.9585075378418 20.765729904174805 0.20000000298023224
vertex 57.9585075378418 20.765729904174805 4.5
vertex 57.95847702026367 20.265729904174805 4.5
endloop
endfacet
facet normal 0.000057220396525417235 0.9999999983629131 0
outer loop
vertex 58.658477783203125 20.265689849853516 4.5
vertex 57.95847702026367 20.265729904174805 0.20000000298023224
vertex 57.95847702026367 20.265729904174805 4.5
endloop
endfacet
facet normal 0.9999999983815381 -0.00005689349724275397 -2.321839315197781e-7
outer loop
vertex 58.658145904541016 14.432357788085938 4.5
vertex 58.6584358215332 19.545690536499023 0.20000000298023224
vertex 58.658477783203125 20.265689849853516 4.5
endloop
endfacet
facet normal 0 0 1
outer loop
vertex -62.96149444580078 -37.39712142944336 5
vertex -62.760658264160156 -54.36325454711914 5
vertex -61.17863082885742 -54.59312057495117 5
endloop
endfacet
facet normal 0 0 1
outer loop
vertex -62.96149444580078 -37.39712142944336 5
vertex -62.806312561035156 -54.35964584350586 5
vertex -62.760658264160156 -54.36325454711914 5
endloop
endfacet
facet normal 0 0 1
outer loop
vertex -62.96149444580078 -37.39712142944336 5
vertex -65.92396545410156 -54.31758499145508 5
vertex -62.806312561035156 -54.35964584350586 5
endloop
endfacet
facet normal 0 0 1
outer loop
vertex -62.96149444580078 -37.39712142944336 5
vertex -66.63389587402344 -54.19071960449219 5
vertex -65.92396545410156 -54.31758499145508 5
endloop
endfacet
facet normal 0 0 1
outer loop
vertex -62.96149444580078 -37.39712142944336 5
vertex -68.10145568847656 -53.550926208496094 5
vertex -66.63389587402344 -54.19071960449219 5
endloop
endfacet
facet normal 0 0 1
outer loop
vertex -69.29544830322266 -52.48807907104492 5
vertex -68.10145568847656 -53.550926208496094 5
vertex -62.96149444580078 -37.39712142944336 5
endloop
endfacet
facet normal 0 0 1
outer loop
vertex -70.40784454345703 -49.33722686767578 5
vertex -70.30537414550781 -50.33951187133789 5
vertex -69.11149597167969 -49.337249755859375 5
endloop
endfacet
facet normal 0 0 1
outer loop
vertex -70.30537414550781 -50.33951187133789 5
vertex -69.73188018798828 -51.85325622558594 5
vertex -69.11149597167969 -49.337249755859375 5
endloop
endfacet
facet normal 0.9999999984074058 -0.00005643661551601935 3.1111567419703196e-7
outer loop
vertex 58.6574592590332 2.265690803527832 4.5
vertex 58.6584358215332 19.545690536499023 0.20000000298023224
vertex 58.658145904541016 14.432357788085938 4.5
endloop
endfacet
facet normal -0.994814435558617 -0.10170663107285663 0
outer loop
vertex -70.40784454345703 -49.33722686767578 5
vertex -70.40784454345703 -49.33722686767578 4.5
vertex -70.30537414550781 -50.33951187133789 5
endloop
endfacet
facet normal -0.000056539201330876756 -0.9999999984016593 0
outer loop
vertex 57.95745849609375 2.265730381011963 4.5
vertex 58.6574592590332 2.265690803527832 0.20000000298023224
vertex 58.6574592590332 2.265690803527832 4.5
endloop
endfacet
facet normal 0.9999999981373547 -0.000061035156136313156 0
outer loop
vertex 57.957427978515625 1.765730381011963 4.5
vertex 57.95745849609375 2.265730381011963 0.20000000298023224
vertex 57.95745849609375 2.265730381011963 4.5
endloop
endfacet
facet normal -0.9999999998804147 0.000015258789060675272 0.000002517948350905329
outer loop
vertex -70.41109466552734 -26.046794891357422 4.5
vertex -70.41117858886719 -30.83722496032715 0.20000000298023224
vertex -70.41110229492188 -26.546794891357422 4.5
endloop
endfacet
facet normal -0.9999999998358637 0.000018115240096922116 -3.3214546964027665e-7
outer loop
vertex -70.41117858886719 -30.83722496032715 0.20000000298023224
vertex -70.41117095947266 -30.33722496032715 4.5
vertex -70.41110229492188 -26.546794891357422 4.5
endloop
endfacet
facet normal -0.9999999998835846 0.000015258789060723641 0
outer loop
vertex -70.41117858886719 -30.83722496032715 0.20000000298023224
vertex -70.41117858886719 -30.83722496032715 4.5
vertex -70.41117095947266 -30.33722496032715 4.5
endloop
endfacet
facet normal 0.000016348773839776983 0.9999999998663588 0
outer loop
vertex -70.41117858886719 -30.83722496032715 4.5
vertex -71.11117553710938 -30.83721351623535 0.20000000298023224
vertex -71.11117553710938 -30.83721351623535 4.5
endloop
endfacet
facet normal -0.9999999998560005 0.000016930986006453537 0.0000011578922935469004
outer loop
vertex -71.11117553710938 -30.83721351623535 4.5
vertex -71.1114730834961 -48.11721420288086 0.20000000298023224
vertex -71.11138153076172 -43.00387954711914 4.5
endloop
endfacet
facet normal -0.14378850597367793 -0.989608440520723 0
outer loop
vertex -62.760658264160156 -54.36325454711914 5
vertex -61.17863082885742 -54.59312057495117 0
vertex -61.17863082885742 -54.59312057495117 5
endloop
endfacet
facet normal -0.07879833603877458 -0.9968905768626366 0
outer loop
vertex -62.806312561035156 -54.35964584350586 5
vertex -62.760658264160156 -54.36325454711914 0
vertex -62.760658264160156 -54.36325454711914 5
endloop
endfacet
facet normal -0.01348996383518996 -0.9999090062979358 0
outer loop
vertex -65.92396545410156 -54.31758499145508 5
vertex -62.806312561035156 -54.35964584350586 0
vertex -62.806312561035156 -54.35964584350586 5
endloop
endfacet
facet normal -0.1759143954458972 -0.9844054680236718 0
outer loop
vertex -66.63389587402344 -54.19071960449219 5
vertex -65.92396545410156 -54.31758499145508 0
vertex -65.92396545410156 -54.31758499145508 5
endloop
endfacet
facet normal -0.994814435558617 -0.10170663107285663 0
outer loop
vertex -70.40784454345703 -49.33722686767578 4.5
vertex -70.30537414550781 -50.33951187133789 0
vertex -70.30537414550781 -50.33951187133789 5
endloop
endfacet
facet normal -0.3996315244148248 -0.9166758667565561 0
outer loop
vertex -68.10145568847656 -53.550926208496094 5
vertex -66.63389587402344 -54.19071960449219 0
vertex -66.63389587402344 -54.19071960449219 5
endloop
endfacet
facet normal -0.6648949812353094 -0.746936854043297 0
outer loop
vertex -69.29544830322266 -52.48807907104492 5
vertex -68.10145568847656 -53.550926208496094 0
vertex -68.10145568847656 -53.550926208496094 5
endloop
endfacet
facet normal -0.9351377630495109 -0.354284298436661 0
outer loop
vertex -70.30537414550781 -50.33951187133789 5
vertex -69.73188018798828 -51.85325622558594 0
vertex -69.73188018798828 -51.85325622558594 5
endloop
endfacet
facet normal -0.8240472699627793 -0.5665210471526104 0
outer loop
vertex -69.73188018798828 -51.85325622558594 5
vertex -69.29544830322266 -52.48807907104492 0
vertex -69.29544830322266 -52.48807907104492 5
endloop
endfacet
facet normal -0.9999999998322457 0.000018310538889166884 -4.825996998712403e-7
outer loop
vertex -71.11148834228516 -48.837215423583984 4.5
vertex -71.11138153076172 -43.00387954711914 4.5
vertex -71.1114730834961 -48.11721420288086 0.20000000298023224
endloop
endfacet
facet normal -0.9999735131906037 -0.0072782496000964045 0
outer loop
vertex -70.40784454345703 -49.33722686767578 0.20000000298023224
vertex -70.40784454345703 -49.33722686767578 4.5
vertex -70.41148376464844 -48.83722686767578 4.5
endloop
endfacet
facet normal -0.000016348595653448383 -0.9999999998663618 0
outer loop
vertex -71.11148834228516 -48.837215423583984 4.5
vertex -70.41148376464844 -48.83722686767578 0.20000000298023224
vertex -70.41148376464844 -48.83722686767578 4.5
endloop
endfacet
facet normal 0 0 -1
outer loop
vertex -5.961493492126465 -8.89712142944336 0
vertex -10.861493110656738 -4.147120952606201 0
vertex -5.961493492126465 5.202878952026367 0
endloop
endfacet
facet normal 0 0 -1
outer loop
vertex -1.4114935398101807 -9.597121238708496 0
vertex -5.961493492126465 -8.89712142944336 0
vertex -1.4114935398101807 -8.89712142944336 0
endloop
endfacet
facet normal 0 0 -1
outer loop
vertex -1.4114935398101807 -13.097121238708496 0
vertex -5.961493492126465 -8.89712142944336 0
vertex -1.4114935398101807 -9.597121238708496 0
endloop
endfacet
facet normal 0 0 -1
outer loop
vertex -1.4114935398101807 -13.097121238708496 0
vertex -5.961493492126465 -13.797121047973633 0
vertex -5.961493492126465 -8.89712142944336 0
endloop
endfacet
facet normal 0 0 -1
outer loop
vertex -1.4114935398101807 -13.797121047973633 0
vertex -5.961493492126465 -13.797121047973633 0
vertex -1.4114935398101807 -13.097121238708496 0
endloop
endfacet
facet normal 0 0 -1
outer loop
vertex -5.961493492126465 -13.797121047973633 0
vertex -10.861493110656738 -9.047121047973633 0
vertex -5.961493492126465 -8.89712142944336 0
endloop
endfacet
facet normal 0 0 -1
outer loop
vertex -10.861493110656738 -4.147120952606201 0
vertex -15.411493301391602 -4.847121238708496 0
vertex -15.411493301391602 -4.147120952606201 0
endloop
endfacet
facet normal 0 0 -1
outer loop
vertex -10.861493110656738 -4.147120952606201 0
vertex -15.411493301391602 -8.347121238708496 0
vertex -15.411493301391602 -4.847121238708496 0
endloop
endfacet
facet normal 0 0 -1
outer loop
vertex -15.411493301391602 -8.347121238708496 0
vertex -20.4114933013916 -4.847121238708496 0
vertex -15.411493301391602 -4.847121238708496 0
endloop
endfacet
facet normal 0 0 -1
outer loop
vertex -5.961493492126465 -8.89712142944336 0
vertex -15.411493301391602 -9.047121047973633 0
vertex -10.861493110656738 -4.147120952606201 0
endloop
endfacet
facet normal 0 0 -1
outer loop
vertex -15.411493301391602 -9.047121047973633 0
vertex -5.961493492126465 -8.89712142944336 0
vertex -10.861493110656738 -9.047121047973633 0
endloop
endfacet
facet normal 0 0 -1
outer loop
vertex -15.411493301391602 -9.047121047973633 0
vertex -15.411493301391602 -8.347121238708496 0
vertex -10.861493110656738 -4.147120952606201 0
endloop
endfacet
facet normal 0 0 -1
outer loop
vertex -10.861493110656738 -23.14712142944336 0
vertex -5.961493492126465 -13.797121047973633 0
vertex -5.961493492126465 -27.89712142944336 0
endloop
endfacet
facet normal 0 0 -1
outer loop
vertex -10.861493110656738 -23.14712142944336 0
vertex -10.861493110656738 -9.047121047973633 0
vertex -5.961493492126465 -13.797121047973633 0
endloop
endfacet
facet normal 0 0 -1
outer loop
vertex -5.961493492126465 -27.89712142944336 0
vertex -10.861493110656738 -28.047121047973633 0
vertex -10.861493110656738 -23.14712142944336 0
endloop
endfacet
facet normal 0 0 -1
outer loop
vertex -10.861493110656738 -28.047121047973633 0
vertex -15.411493301391602 -23.84712028503418 0
vertex -10.861493110656738 -23.14712142944336 0
endloop
endfacet
facet normal 0 0 -1
outer loop
vertex -15.411493301391602 -23.84712028503418 0
vertex -15.411493301391602 -23.14712142944336 0
vertex -10.861493110656738 -23.14712142944336 0
endloop
endfacet
facet normal 0 0 -1
outer loop
vertex -10.861493110656738 -28.047121047973633 0
vertex -15.411493301391602 -27.34712028503418 0
vertex -15.411493301391602 -23.84712028503418 0
endloop
endfacet
facet normal 0 0 -1
outer loop
vertex -15.411493301391602 -27.34712028503418 0
vertex -20.4114933013916 -23.84712028503418 0
vertex -15.411493301391602 -23.84712028503418 0
endloop
endfacet
facet normal 0 0 -1
outer loop
vertex -20.4114933013916 -4.847121238708496 0
vertex -24.96149444580078 -4.147120952606201 0
vertex -20.4114933013916 -4.147120952606201 0
endloop
endfacet
facet normal 0 0 -1
outer loop
vertex -20.4114933013916 -4.847121238708496 0
vertex -20.4114933013916 -8.347121238708496 0
vertex -24.96149444580078 -4.147120952606201 0
endloop
endfacet
facet normal 0 0 -1
outer loop
vertex -24.96149444580078 -9.047121047973633 0
vertex -29.861494064331055 -4.297121047973633 0
vertex -24.96149444580078 -4.147120952606201 0
endloop
endfacet
facet normal 0 0 -1
outer loop
vertex -20.4114933013916 -8.347121238708496 0
vertex -20.4114933013916 -4.847121238708496 0
vertex -15.411493301391602 -8.347121238708496 0
endloop
endfacet
facet normal 0 0 -1
outer loop
vertex -24.96149444580078 -9.047121047973633 0
vertex -20.4114933013916 -8.347121238708496 0
vertex -20.4114933013916 -9.047121047973633 0
endloop
endfacet
facet normal 0 0 -1
outer loop
vertex -24.96149444580078 -9.047121047973633 0
vertex -24.96149444580078 -4.147120952606201 0
vertex -20.4114933013916 -8.347121238708496 0
endloop
endfacet
facet normal 0 0 -1
outer loop
vertex -24.96149444580078 -4.147120952606201 0
vertex -34.411495208740234 -4.297121047973633 0
vertex -29.861494064331055 0.6028788685798645 0
endloop
endfacet
facet normal 0 0 -1
outer loop
vertex -34.411495208740234 -4.297121047973633 0
vertex -24.96149444580078 -4.147120952606201 0
vertex -29.861494064331055 -4.297121047973633 0
endloop
endfacet
facet normal 0 0 -1
outer loop
vertex -29.861494064331055 0.6028788685798645 0
vertex -34.411495208740234 -3.597121238708496 0
vertex -34.411495208740234 -0.09712114185094833 0
endloop
endfacet
facet normal 0 0 -1
outer loop
vertex -34.411495208740234 -4.297121047973633 0
vertex -34.411495208740234 -3.597121238708496 0
vertex -29.861494064331055 0.6028788685798645 0
endloop
endfacet
facet normal 0 0 -1
outer loop
vertex -24.96149444580078 -9.047121047973633 0
vertex -29.861494064331055 -18.39712142944336 0
vertex -29.861494064331055 -4.297121047973633 0
endloop
endfacet
facet normal 0 0 -1
outer loop
vertex -24.96149444580078 -23.14712142944336 0
vertex -29.861494064331055 -18.39712142944336 0
vertex -24.96149444580078 -9.047121047973633 0
endloop
endfacet
facet normal 0 0 -1
outer loop
vertex -20.4114933013916 -23.84712028503418 0
vertex -24.96149444580078 -23.14712142944336 0
vertex -20.4114933013916 -23.14712142944336 0
endloop
endfacet
facet normal 0 0 -1
outer loop
vertex -20.4114933013916 -27.34712028503418 0
vertex -20.4114933013916 -23.84712028503418 0
vertex -15.411493301391602 -27.34712028503418 0
endloop
endfacet
facet normal 0 0 -1
outer loop
vertex -20.4114933013916 -27.34712028503418 0
vertex -24.96149444580078 -23.14712142944336 0
vertex -20.4114933013916 -23.84712028503418 0
endloop
endfacet
facet normal 0 0 -1
outer loop
vertex -20.4114933013916 -27.34712028503418 0
vertex -24.96149444580078 -28.047121047973633 0
vertex -24.96149444580078 -23.14712142944336 0
endloop
endfacet
facet normal 0 0 -1
outer loop
vertex -24.96149444580078 -28.047121047973633 0
vertex -29.861494064331055 -23.297121047973633 0
vertex -24.96149444580078 -23.14712142944336 0
endloop
endfacet
facet normal 0 0 -1
outer loop
vertex -29.861494064331055 -18.39712142944336 0
vertex -34.411495208740234 -19.09712028503418 0
vertex -34.411495208740234 -18.39712142944336 0
endloop
endfacet
facet normal 0 0 -1
outer loop
vertex -29.861494064331055 -18.39712142944336 0
vertex -34.411495208740234 -22.59712028503418 0
vertex -34.411495208740234 -19.09712028503418 0
endloop
endfacet
facet normal 0 0 -1
outer loop
vertex -24.96149444580078 -23.14712142944336 0
vertex -34.411495208740234 -23.297121047973633 0
vertex -29.861494064331055 -18.39712142944336 0
endloop
endfacet
facet normal 0 0 -1
outer loop
vertex -34.411495208740234 -23.297121047973633 0
vertex -24.96149444580078 -23.14712142944336 0
vertex -29.861494064331055 -23.297121047973633 0
endloop
endfacet
facet normal 0 0 -1
outer loop
vertex -34.411495208740234 -23.297121047973633 0
vertex -34.411495208740234 -22.59712028503418 0
vertex -29.861494064331055 -18.39712142944336 0
endloop
endfacet
facet normal -0.000009916583833210297 -0.9999999999508308 0
outer loop
vertex -61.17863082885742 -54.59312057495117 0
vertex 53.07090377807617 -54.59425354003906 0
vertex -61.17863082885742 -54.59312057495117 5
endloop
endfacet
facet normal 0 0 -1
outer loop
vertex -1.4114935398101807 -28.59712028503418 0
vertex -5.961493492126465 -27.89712142944336 0
vertex -1.4114935398101807 -27.89712142944336 0
endloop
endfacet
facet normal 0 0 -1
outer loop
vertex -1.4114935398101807 -32.09712219238281 0
vertex -5.961493492126465 -27.89712142944336 0
vertex -1.4114935398101807 -28.59712028503418 0
endloop
endfacet
facet normal 0 0 -1
outer loop
vertex -1.4114935398101807 -32.09712219238281 0
vertex -5.961493492126465 -32.797122955322266 0
vertex -5.961493492126465 -27.89712142944336 0
endloop
endfacet
facet normal 0 0 -1
outer loop
vertex -5.961493492126465 -32.797122955322266 0
vertex -1.4114935398101807 -32.09712219238281 0
vertex -1.4114935398101807 -32.797122955322266 0
endloop
endfacet
facet normal 0 0 -1
outer loop
vertex -5.961493492126465 -32.797122955322266 0
vertex -10.861493110656738 -28.047121047973633 0
vertex -5.961493492126465 -27.89712142944336 0
endloop
endfacet
facet normal 0 0 -1
outer loop
vertex -5.961493492126465 -32.797122955322266 0
vertex -7.3982954025268555 -33.928924560546875 0
vertex -7.544285774230957 -33.83137512207031 0
endloop
endfacet
facet normal 0 0 -1
outer loop
vertex -5.961493492126465 -32.797122955322266 0
vertex -7.266493320465088 -34.24711990356445 0
vertex -7.300747871398926 -34.074913024902344 0
endloop
endfacet
facet normal 0 0 -1
outer loop
vertex -7.300747871398926 -34.074913024902344 0
vertex -7.3982954025268555 -33.928924560546875 0
vertex -5.961493492126465 -32.797122955322266 0
endloop
endfacet
facet normal 0 0 -1
outer loop
vertex -5.961493492126465 -32.797122955322266 0
vertex -7.300747871398926 -34.41932678222656 0
vertex -7.266493320465088 -34.24711990356445 0
endloop
endfacet
facet normal 0 0 -1
outer loop
vertex -5.961493492126465 -32.797122955322266 0
vertex -7.88870096206665 -33.83137512207031 0
vertex -10.861493110656738 -28.047121047973633 0
endloop
endfacet
facet normal 0 0 -1
outer loop
vertex -8.03469181060791 -33.928924560546875 0
vertex -10.861493110656738 -28.047121047973633 0
vertex -7.88870096206665 -33.83137512207031 0
endloop
endfacet
facet normal 0 0 -1
outer loop
vertex -8.13223934173584 -34.074913024902344 0
vertex -10.861493110656738 -28.047121047973633 0
vertex -8.03469181060791 -33.928924560546875 0
endloop
endfacet
facet normal 0 0 -1
outer loop
vertex -8.16649341583252 -34.24711990356445 0
vertex -10.861493110656738 -28.047121047973633 0
vertex -8.13223934173584 -34.074913024902344 0
endloop
endfacet
facet normal 0 0 -1
outer loop
vertex -8.16649341583252 -34.24711990356445 0
vertex -8.13223934173584 -34.41932678222656 0
vertex -10.861493110656738 -28.047121047973633 0
endloop
endfacet
facet normal 0 0 -1
outer loop
vertex -7.716493606567383 -33.797122955322266 0
vertex -5.961493492126465 -32.797122955322266 0
vertex -7.544285774230957 -33.83137512207031 0
endloop
endfacet
facet normal 0 0 -1
outer loop
vertex -7.88870096206665 -33.83137512207031 0
vertex -5.961493492126465 -32.797122955322266 0
vertex -7.716493606567383 -33.797122955322266 0
endloop
endfacet
facet normal 0 0 -1
outer loop
vertex -7.88870096206665 -35.101375579833984 0
vertex -8.03469181060791 -35.19892120361328 0
vertex -10.861493110656738 -28.047121047973633 0
endloop
endfacet
facet normal 0 0 -1
outer loop
vertex -10.861493110656738 -28.047121047973633 0
vertex -8.13223934173584 -34.41932678222656 0
vertex -7.88870096206665 -35.101375579833984 0
endloop
endfacet
facet normal 0 0 -1
outer loop
vertex -8.03469181060791 -35.19892120361328 0
vertex -8.13223934173584 -35.344913482666016 0
vertex -10.861493110656738 -28.047121047973633 0
endloop
endfacet
facet normal 0 0 -1
outer loop
vertex -8.16649341583252 -35.517120361328125 0
vertex -10.861493110656738 -28.047121047973633 0
vertex -8.13223934173584 -35.344913482666016 0
endloop
endfacet
facet normal 0 0 -1
outer loop
vertex -5.961493492126465 -32.797122955322266 0
vertex -7.300747871398926 -35.344913482666016 0
vertex -7.300747871398926 -34.41932678222656 0
endloop
endfacet
facet normal 0 0 -1
outer loop
vertex -5.961493492126465 -32.797122955322266 0
vertex -7.266493320465088 -35.517120361328125 0
vertex -7.300747871398926 -35.344913482666016 0
endloop
endfacet
facet normal 0 0 -1
outer loop
vertex -5.961493492126465 -32.797122955322266 0
vertex -7.300747871398926 -35.689327239990234 0
vertex -7.266493320465088 -35.517120361328125 0
endloop
endfacet
facet normal 0 0 -1
outer loop
vertex -5.961493492126465 -32.797122955322266 0
vertex -7.3004937171936035 -36.61491394042969 0
vertex -7.300747871398926 -35.689327239990234 0
endloop
endfacet
facet normal 0 0 -1
outer loop
vertex -5.961493492126465 -32.797122955322266 0
vertex -7.266239643096924 -36.7871208190918 0
vertex -7.3004937171936035 -36.61491394042969 0
endloop
endfacet
facet normal 0 0 -1
outer loop
vertex -5.961493492126465 -32.797122955322266 0
vertex -7.266239643096924 -38.05712127685547 0
vertex -7.266239643096924 -36.7871208190918 0
endloop
endfacet
facet normal 0 0 -1
outer loop
vertex -7.300747871398926 -35.344913482666016 0
vertex -7.3982954025268555 -34.5653190612793 0
vertex -7.300747871398926 -34.41932678222656 0
endloop
endfacet
facet normal 0 0 -1
outer loop
vertex -7.3982954025268555 -34.5653190612793 0
vertex -7.3982954025268555 -35.19892120361328 0
vertex -7.544285774230957 -34.66286849975586 0
endloop
endfacet
facet normal 0 0 -1
outer loop
vertex -7.544285774230957 -35.101375579833984 0
vertex -7.544285774230957 -34.66286849975586 0
vertex -7.3982954025268555 -35.19892120361328 0
endloop
endfacet
facet normal 0 0 -1
outer loop
vertex -7.544285774230957 -35.101375579833984 0
vertex -7.716493606567383 -34.697120666503906 0
vertex -7.544285774230957 -34.66286849975586 0
endloop
endfacet
facet normal 0 0 -1
outer loop
vertex -7.716493606567383 -34.697120666503906 0
vertex -7.716493606567383 -35.06711959838867 0
vertex -7.88870096206665 -34.66286849975586 0
endloop
endfacet
facet normal 0 0 -1
outer loop
vertex -7.716493606567383 -35.06711959838867 0
vertex -7.716493606567383 -34.697120666503906 0
vertex -7.544285774230957 -35.101375579833984 0
endloop
endfacet
facet normal 0 0 -1
outer loop
vertex -7.88870096206665 -34.66286849975586 0
vertex -7.88870096206665 -35.101375579833984 0
vertex -8.03469181060791 -34.5653190612793 0
endloop
endfacet
facet normal 0 0 -1
outer loop
vertex -8.13223934173584 -34.41932678222656 0
vertex -8.03469181060791 -34.5653190612793 0
vertex -7.88870096206665 -35.101375579833984 0
endloop
endfacet
facet normal 0 0 -1
outer loop
vertex -7.88870096206665 -35.101375579833984 0
vertex -7.88870096206665 -34.66286849975586 0
vertex -7.716493606567383 -35.06711959838867 0
endloop
endfacet
facet normal 0 0 -1
outer loop
vertex -7.300747871398926 -35.344913482666016 0
vertex -7.3982954025268555 -35.19892120361328 0
vertex -7.3982954025268555 -34.5653190612793 0
endloop
endfacet
facet normal 0 0 -1
outer loop
vertex -7.300747871398926 -35.689327239990234 0
vertex -7.398041725158691 -36.46892166137695 0
vertex -7.3982954025268555 -35.83531951904297 0
endloop
endfacet
facet normal 0 0 -1
outer loop
vertex -7.3982954025268555 -35.83531951904297 0
vertex -7.544032096862793 -36.371376037597656 0
vertex -7.544285774230957 -35.932865142822266 0
endloop
endfacet
facet normal 0 0 -1
outer loop
vertex -7.3004937171936035 -36.61491394042969 0
vertex -7.398041725158691 -36.46892166137695 0
vertex -7.300747871398926 -35.689327239990234 0
endloop
endfacet
facet normal 0 0 -1
outer loop
vertex -7.544032096862793 -36.371376037597656 0
vertex -7.3982954025268555 -35.83531951904297 0
vertex -7.398041725158691 -36.46892166137695 0
endloop
endfacet
facet normal 0 0 -1
outer loop
vertex -7.544285774230957 -35.932865142822266 0
vertex -7.7162394523620605 -36.337120056152344 0
vertex -7.716493606567383 -35.96712112426758 0
endloop
endfacet
facet normal 0 0 -1
outer loop
vertex -7.7162394523620605 -36.337120056152344 0
vertex -7.544285774230957 -35.932865142822266 0
vertex -7.544032096862793 -36.371376037597656 0
endloop
endfacet
facet normal 0 0 -1
outer loop
vertex -7.888447284698486 -36.371376037597656 0
vertex -7.716493606567383 -35.96712112426758 0
vertex -7.7162394523620605 -36.337120056152344 0
endloop
endfacet
facet normal 0 0 -1
outer loop
vertex -7.888447284698486 -36.371376037597656 0
vertex -7.88870096206665 -35.932865142822266 0
vertex -7.716493606567383 -35.96712112426758 0
endloop
endfacet
facet normal 0 0 -1
outer loop
vertex -7.88870096206665 -35.932865142822266 0
vertex -8.03443717956543 -36.46892166137695 0
vertex -8.03469181060791 -35.83531951904297 0
endloop
endfacet
facet normal 0 0 -1
outer loop
vertex -8.03469181060791 -35.83531951904297 0
vertex -8.131985664367676 -36.61491394042969 0
vertex -8.13223934173584 -35.689327239990234 0
endloop
endfacet
facet normal 0 0 -1
outer loop
vertex -8.03443717956543 -36.46892166137695 0
vertex -7.88870096206665 -35.932865142822266 0
vertex -7.888447284698486 -36.371376037597656 0
endloop
endfacet
facet normal 0 0 -1
outer loop
vertex -8.131985664367676 -36.61491394042969 0
vertex -8.03469181060791 -35.83531951904297 0
vertex -8.03443717956543 -36.46892166137695 0
endloop
endfacet
facet normal 0 0 -1
outer loop
vertex -7.266239643096924 -38.05712127685547 0
vertex -7.3004937171936035 -36.959327697753906 0
vertex -7.266239643096924 -36.7871208190918 0
endloop
endfacet
facet normal 0 0 -1
outer loop
vertex -7.3004937171936035 -36.959327697753906 0
vertex -7.3004937171936035 -37.88491439819336 0
vertex -7.398041725158691 -37.10531997680664 0
endloop
endfacet
facet normal 0 0 -1
outer loop
vertex -7.398041725158691 -37.10531997680664 0
vertex -7.398041725158691 -37.738922119140625 0
vertex -7.544032096862793 -37.20286560058594 0
endloop
endfacet
facet normal 0 0 -1
outer loop
vertex -7.3004937171936035 -37.88491439819336 0
vertex -7.398041725158691 -37.738922119140625 0
vertex -7.398041725158691 -37.10531997680664 0
endloop
endfacet
facet normal 0 0 -1
outer loop
vertex -7.544032096862793 -37.64137649536133 0
vertex -7.544032096862793 -37.20286560058594 0
vertex -7.398041725158691 -37.738922119140625 0
endloop
endfacet
facet normal 0 0 -1
outer loop
vertex -7.544032096862793 -37.64137649536133 0
vertex -7.7162394523620605 -37.23712158203125 0
vertex -7.544032096862793 -37.20286560058594 0
endloop
endfacet
facet normal 0 0 -1
outer loop
vertex -7.7162394523620605 -37.23712158203125 0
vertex -7.7162394523620605 -37.607120513916016 0
vertex -7.888447284698486 -37.20286560058594 0
endloop
endfacet
facet normal 0 0 -1
outer loop
vertex -7.7162394523620605 -37.607120513916016 0
vertex -7.7162394523620605 -37.23712158203125 0
vertex -7.544032096862793 -37.64137649536133 0
endloop
endfacet
facet normal 0 0 -1
outer loop
vertex -7.888447284698486 -37.20286560058594 0
vertex -7.888447284698486 -37.64137649536133 0
vertex -8.03443717956543 -37.10531997680664 0
endloop
endfacet
facet normal 0 0 -1
outer loop
vertex -8.03443717956543 -37.10531997680664 0
vertex -8.03443717956543 -37.738922119140625 0
vertex -8.131985664367676 -36.959327697753906 0
endloop
endfacet
facet normal 0 0 -1
outer loop
vertex -7.888447284698486 -37.64137649536133 0
vertex -7.888447284698486 -37.20286560058594 0
vertex -7.7162394523620605 -37.607120513916016 0
endloop
endfacet
facet normal 0 0 -1
outer loop
vertex -8.03443717956543 -37.738922119140625 0
vertex -8.03443717956543 -37.10531997680664 0
vertex -7.888447284698486 -37.64137649536133 0
endloop
endfacet
facet normal 0 0 -1
outer loop
vertex -8.131985664367676 -37.88491439819336 0
vertex -8.131985664367676 -36.959327697753906 0
vertex -8.03443717956543 -37.738922119140625 0
endloop
endfacet
facet normal 0 0 -1
outer loop
vertex 13.038506507873535 -28.047121047973633 0
vertex 8.138506889343262 -27.89712142944336 0
vertex 13.038506507873535 -23.14712142944336 0
endloop
endfacet
facet normal 0 0 -1
outer loop
vertex 13.038506507873535 -23.14712142944336 0
vertex 8.138506889343262 -27.89712142944336 0
vertex 8.138506889343262 -13.797121047973633 0
endloop
endfacet
facet normal 0 0 -1
outer loop
vertex 17.5885066986084 -27.34712028503418 0
vertex 13.038506507873535 -28.047121047973633 0
vertex 13.038506507873535 -23.14712142944336 0
endloop
endfacet
facet normal 0 0 -1
outer loop
vertex 17.5885066986084 -27.34712028503418 0
vertex 13.038506507873535 -23.14712142944336 0
vertex 17.5885066986084 -23.84712028503418 0
endloop
endfacet
facet normal 0 0 -1
outer loop
vertex 17.5885066986084 -23.84712028503418 0
vertex 13.038506507873535 -23.14712142944336 0
vertex 17.5885066986084 -23.14712142944336 0
endloop
endfacet
facet normal 0 0 -1
outer loop
vertex 13.038506507873535 -23.14712142944336 0
vertex 8.138506889343262 -13.797121047973633 0
vertex 13.038506507873535 -9.047121047973633 0
endloop
endfacet
facet normal 0 0 -1
outer loop
vertex -8.13223934173584 -35.689327239990234 0
vertex -8.166239738464355 -36.7871208190918 0
vertex -8.16649341583252 -35.517120361328125 0
endloop
endfacet
facet normal 0 0 -1
outer loop
vertex -8.166239738464355 -36.7871208190918 0
vertex -8.13223934173584 -35.689327239990234 0
vertex -8.131985664367676 -36.61491394042969 0
endloop
endfacet
facet normal 0 0 -1
outer loop
vertex -1.4114935398101807 -13.097121238708496 0
vertex -1.4114935398101807 -9.597121238708496 0
vertex 3.5885064601898193 -13.097121238708496 0
endloop
endfacet
facet normal 0 0 -1
outer loop
vertex 3.5885064601898193 -13.097121238708496 0
vertex -1.4114935398101807 -9.597121238708496 0
vertex 3.5885064601898193 -9.597121238708496 0
endloop
endfacet
facet normal 0 0 -1
outer loop
vertex 8.138506889343262 -13.797121047973633 0
vertex 3.5885064601898193 -13.797121047973633 0
vertex 3.5885064601898193 -13.097121238708496 0
endloop
endfacet
facet normal 0 0 -1
outer loop
vertex 8.138506889343262 -13.797121047973633 0
vertex 3.5885064601898193 -13.097121238708496 0
vertex 3.5885064601898193 -9.597121238708496 0
endloop
endfacet
facet normal 0 0 -1
outer loop
vertex 8.138506889343262 -13.797121047973633 0
vertex 3.5885064601898193 -9.597121238708496 0
vertex 8.138506889343262 -8.89712142944336 0
endloop
endfacet
facet normal 0 0 -1
outer loop
vertex 8.138506889343262 -8.89712142944336 0
vertex 3.5885064601898193 -9.597121238708496 0
vertex 3.5885064601898193 -8.89712142944336 0
endloop
endfacet
facet normal 0 0 -1
outer loop
vertex 13.038506507873535 -9.047121047973633 0
vertex 8.138506889343262 -13.797121047973633 0
vertex 8.138506889343262 -8.89712142944336 0
endloop
endfacet
facet normal 0 0 -1
outer loop
vertex 13.038506507873535 -9.047121047973633 0
vertex 8.138506889343262 -8.89712142944336 0
vertex 13.038506507873535 -4.147120952606201 0
endloop
endfacet
facet normal 0 0 -1
outer loop
vertex 13.038506507873535 -4.147120952606201 0
vertex 17.5885066986084 -8.347121238708496 0
vertex 13.038506507873535 -9.047121047973633 0
endloop
endfacet
facet normal 0 0 -1
outer loop
vertex 13.038506507873535 -9.047121047973633 0
vertex 17.5885066986084 -8.347121238708496 0
vertex 17.5885066986084 -9.047121047973633 0
endloop
endfacet
facet normal 0 0 -1
outer loop
vertex 13.038506507873535 -4.147120952606201 0
vertex 8.138506889343262 -8.89712142944336 0
vertex 8.138506889343262 5.202878952026367 0
endloop
endfacet
facet normal 0 0 -1
outer loop
vertex 17.5885066986084 -8.347121238708496 0
vertex 13.038506507873535 -4.147120952606201 0
vertex 17.5885066986084 -4.847121238708496 0
endloop
endfacet
facet normal 0 0 -1
outer loop
vertex 17.5885066986084 -4.847121238708496 0
vertex 13.038506507873535 -4.147120952606201 0
vertex 17.5885066986084 -4.147120952606201 0
endloop
endfacet
facet normal 0 0 -1
outer loop
vertex -8.131985664367676 -37.88491439819336 0
vertex -8.166239738464355 -36.7871208190918 0
vertex -8.131985664367676 -36.959327697753906 0
endloop
endfacet
facet normal 0 0 -1
outer loop
vertex -8.166239738464355 -38.05712127685547 0
vertex -8.166239738464355 -36.7871208190918 0
vertex -8.131985664367676 -37.88491439819336 0
endloop
endfacet
facet normal 0 0 -1
outer loop
vertex -7.266239643096924 -38.05712127685547 0
vertex -5.961493492126465 -32.797122955322266 0
vertex -5.961493492126465 -46.89712142944336 0
endloop
endfacet
facet normal 0 0 -1
outer loop
vertex -7.266239643096924 -38.05712127685547 0
vertex -7.3004937171936035 -37.88491439819336 0
vertex -7.3004937171936035 -36.959327697753906 0
endloop
endfacet
facet normal 0 0 -1
outer loop
vertex -7.3004937171936035 -38.22932815551758 0
vertex -7.3004937171936035 -39.15491485595703 0
vertex -7.398041725158691 -38.37532043457031 0
endloop
endfacet
facet normal 0 0 -1
outer loop
vertex -7.398041725158691 -38.37532043457031 0
vertex -7.398041725158691 -39.0089225769043 0
vertex -7.544032096862793 -38.47286605834961 0
endloop
endfacet
facet normal 0 0 -1
outer loop
vertex -7.3004937171936035 -39.15491485595703 0
vertex -7.398041725158691 -39.0089225769043 0
vertex -7.398041725158691 -38.37532043457031 0
endloop
endfacet
facet normal 0 0 -1
outer loop
vertex 17.5885066986084 -27.34712028503418 0
vertex 17.5885066986084 -23.84712028503418 0
vertex 22.5885066986084 -27.34712028503418 0
endloop
endfacet
facet normal 0 0 -1
outer loop
vertex 22.5885066986084 -27.34712028503418 0
vertex 17.5885066986084 -23.84712028503418 0
vertex 22.5885066986084 -23.84712028503418 0
endloop
endfacet
facet normal 0 0 -1
outer loop
vertex 27.138505935668945 -28.047121047973633 0
vertex 22.5885066986084 -27.34712028503418 0
vertex 22.5885066986084 -23.84712028503418 0
endloop
endfacet
facet normal 0 0 -1
outer loop
vertex 27.138505935668945 -23.14712142944336 0
vertex 27.138505935668945 -28.047121047973633 0
vertex 22.5885066986084 -23.84712028503418 0
endloop
endfacet
facet normal 0 0 -1
outer loop
vertex 27.138505935668945 -23.14712142944336 0
vertex 22.5885066986084 -23.84712028503418 0
vertex 22.5885066986084 -23.14712142944336 0
endloop
endfacet
facet normal 0 0 -1
outer loop
vertex 27.138505935668945 -23.14712142944336 0
vertex 27.138505935668945 -9.047121047973633 0
vertex 32.03850555419922 -37.39712142944336 0
endloop
endfacet
facet normal 0 0 -1
outer loop
vertex 32.03850555419922 -23.297121047973633 0
vertex 32.03850555419922 -37.39712142944336 0
vertex 27.138505935668945 -9.047121047973633 0
endloop
endfacet
facet normal 0 0 -1
outer loop
vertex 32.03850555419922 -23.297121047973633 0
vertex 27.138505935668945 -9.047121047973633 0
vertex 32.03850555419922 -18.39712142944336 0
endloop
endfacet
facet normal 0 0 -1
outer loop
vertex 32.03850555419922 -18.39712142944336 0
vertex 36.588504791259766 -18.39712142944336 0
vertex 32.03850555419922 -23.297121047973633 0
endloop
endfacet
facet normal 0 0 -1
outer loop
vertex -7.544032096862793 -38.911376953125 0
vertex -7.544032096862793 -38.47286605834961 0
vertex -7.398041725158691 -39.0089225769043 0
endloop
endfacet
facet normal 0 0 -1
outer loop
vertex -7.3004937171936035 -38.22932815551758 0
vertex -7.266239643096924 -39.32712173461914 0
vertex -7.3004937171936035 -39.15491485595703 0
endloop
endfacet
facet normal 0 0 -1
outer loop
vertex -7.544032096862793 -38.911376953125 0
vertex -7.7162394523620605 -38.50712203979492 0
vertex -7.544032096862793 -38.47286605834961 0
endloop
endfacet
facet normal 0 0 -1
outer loop
vertex -7.7162394523620605 -38.87712097167969 0
vertex -7.7162394523620605 -38.50712203979492 0
vertex -7.544032096862793 -38.911376953125 0
endloop
endfacet
facet normal 0 0 -1
outer loop
vertex -7.888447284698486 -38.911376953125 0
vertex -7.7162394523620605 -38.50712203979492 0
vertex -7.7162394523620605 -38.87712097167969 0
endloop
endfacet
facet normal 0 0 -1
outer loop
vertex 17.5885066986084 -8.347121238708496 0
vertex 22.5885066986084 -4.847121238708496 0
vertex 22.5885066986084 -8.347121238708496 0
endloop
endfacet
facet normal 0 0 -1
outer loop
vertex 22.5885066986084 -8.347121238708496 0
vertex 27.138505935668945 -9.047121047973633 0
vertex 22.5885066986084 -9.047121047973633 0
endloop
endfacet
facet normal 0 0 -1
outer loop
vertex 27.138505935668945 -9.047121047973633 0
vertex 22.5885066986084 -8.347121238708496 0
vertex 22.5885066986084 -4.847121238708496 0
endloop
endfacet
facet normal 0 0 -1
outer loop
vertex 22.5885066986084 -4.847121238708496 0
vertex 17.5885066986084 -8.347121238708496 0
vertex 17.5885066986084 -4.847121238708496 0
endloop
endfacet
facet normal 0 0 -1
outer loop
vertex 27.138505935668945 -9.047121047973633 0
vertex 22.5885066986084 -4.847121238708496 0
vertex 27.138505935668945 -4.147120952606201 0
endloop
endfacet
facet normal 0 0 -1
outer loop
vertex 27.138505935668945 -4.147120952606201 0
vertex 22.5885066986084 -4.847121238708496 0
vertex 22.5885066986084 -4.147120952606201 0
endloop
endfacet
facet normal 0 0 -1
outer loop
vertex 27.138505935668945 -9.047121047973633 0
vertex 27.138505935668945 -4.147120952606201 0
vertex 32.03850555419922 -18.39712142944336 0
endloop
endfacet
facet normal 0 0 -1
outer loop
vertex 27.138505935668945 -4.147120952606201 0
vertex 27.138505935668945 9.952878952026367 0
vertex 32.03850555419922 -18.39712142944336 0
endloop
endfacet
facet normal 0 0 -1
outer loop
vertex 32.03850555419922 -18.39712142944336 0
vertex 27.138505935668945 9.952878952026367 0
vertex 32.03850555419922 -4.297121047973633 0
endloop
endfacet
facet normal 0 0 -1
outer loop
vertex 32.03850555419922 -4.297121047973633 0
vertex 32.03850555419922 0.6028788685798645 0
vertex 36.588504791259766 -3.597121238708496 0
endloop
endfacet
facet normal 0 0 -1
outer loop
vertex -8.03443717956543 -39.0089225769043 0
vertex -7.7162394523620605 -38.50712203979492 0
vertex -7.888447284698486 -38.911376953125 0
endloop
endfacet
facet normal 0 0 -1
outer loop
vertex -8.166239738464355 -36.7871208190918 0
vertex -10.861493110656738 -42.14712142944336 0
vertex -8.16649341583252 -35.517120361328125 0
endloop
endfacet
facet normal 0 0 -1
outer loop
vertex -8.166239738464355 -38.05712127685547 0
vertex -10.861493110656738 -42.14712142944336 0
vertex -8.166239738464355 -36.7871208190918 0
endloop
endfacet
facet normal 0 0 -1
outer loop
vertex -7.266239643096924 -39.32712173461914 0
vertex -7.266239643096924 -40.59712219238281 0
vertex -7.3004937171936035 -39.49932861328125 0
endloop
endfacet
facet normal 0 0 -1
outer loop
vertex -7.3004937171936035 -39.49932861328125 0
vertex -7.3004937171936035 -40.4249153137207 0
vertex -7.398041725158691 -39.645320892333984 0
endloop
endfacet
facet normal 0 0 -1
outer loop
vertex -7.398041725158691 -39.645320892333984 0
vertex -7.398041725158691 -40.27892303466797 0
vertex -7.544032096862793 -39.74286651611328 0
endloop
endfacet
facet normal 0 0 -1
outer loop
vertex -7.3004937171936035 -40.4249153137207 0
vertex -7.398041725158691 -40.27892303466797 0
vertex -7.398041725158691 -39.645320892333984 0
endloop
endfacet
facet normal 0 0 -1
outer loop
vertex -7.544032096862793 -40.181373596191406 0
vertex -7.544032096862793 -39.74286651611328 0
vertex -7.398041725158691 -40.27892303466797 0
endloop
endfacet
facet normal 0 0 -1
outer loop
vertex -7.7162394523620605 -40.14712142944336 0
vertex -7.544032096862793 -39.74286651611328 0
vertex -7.544032096862793 -40.181373596191406 0
endloop
endfacet
facet normal 0 0 -1
outer loop
vertex -7.888447284698486 -40.181373596191406 0
vertex -7.544032096862793 -39.74286651611328 0
vertex -7.7162394523620605 -40.14712142944336 0
endloop
endfacet
facet normal 0 0 -1
outer loop
vertex -8.03443717956543 -40.27892303466797 0
vertex -7.544032096862793 -39.74286651611328 0
vertex -7.888447284698486 -40.181373596191406 0
endloop
endfacet
facet normal 0 0 -1
outer loop
vertex -7.266239643096924 -40.59712219238281 0
vertex -7.3004937171936035 -40.4249153137207 0
vertex -7.3004937171936035 -39.49932861328125 0
endloop
endfacet
facet normal 0 0 -1
outer loop
vertex -7.7162394523620605 -38.50712203979492 0
vertex -10.861493110656738 -42.14712142944336 0
vertex -7.888447284698486 -38.47286605834961 0
endloop
endfacet
facet normal 0 0 -1
outer loop
vertex -10.861493110656738 -42.14712142944336 0
vertex -8.03443717956543 -38.37532043457031 0
vertex -7.888447284698486 -38.47286605834961 0
endloop
endfacet
facet normal 0 0 -1
outer loop
vertex -8.131985664367676 -38.22932815551758 0
vertex -10.861493110656738 -42.14712142944336 0
vertex -8.166239738464355 -38.05712127685547 0
endloop
endfacet
facet normal 0 0 -1
outer loop
vertex -10.861493110656738 -42.14712142944336 0
vertex -8.131985664367676 -38.22932815551758 0
vertex -8.03443717956543 -38.37532043457031 0
endloop
endfacet
facet normal 0 0 -1
outer loop
vertex -10.861493110656738 -42.14712142944336 0
vertex -7.7162394523620605 -38.50712203979492 0
vertex -8.03443717956543 -39.0089225769043 0
endloop
endfacet
facet normal 0 0 -1
outer loop
vertex -8.131985664367676 -39.15491485595703 0
vertex -10.861493110656738 -42.14712142944336 0
vertex -8.03443717956543 -39.0089225769043 0
endloop
endfacet
facet normal 0 0 -1
outer loop
vertex -7.544032096862793 -39.74286651611328 0
vertex -10.861493110656738 -42.14712142944336 0
vertex -7.7162394523620605 -39.777122497558594 0
endloop
endfacet
facet normal 0 0 -1
outer loop
vertex -10.861493110656738 -42.14712142944336 0
vertex -7.888447284698486 -39.74286651611328 0
vertex -7.7162394523620605 -39.777122497558594 0
endloop
endfacet
facet normal 0 0 -1
outer loop
vertex -10.861493110656738 -42.14712142944336 0
vertex -8.03443717956543 -39.645320892333984 0
vertex -7.888447284698486 -39.74286651611328 0
endloop
endfacet
facet normal 0 0 -1
outer loop
vertex -8.166239738464355 -39.32712173461914 0
vertex -10.861493110656738 -42.14712142944336 0
vertex -8.131985664367676 -39.15491485595703 0
endloop
endfacet
facet normal 0 0 -1
outer loop
vertex -8.131985664367676 -39.49932861328125 0
vertex -10.861493110656738 -42.14712142944336 0
vertex -8.166239738464355 -39.32712173461914 0
endloop
endfacet
facet normal 0 0 -1
outer loop
vertex -10.861493110656738 -42.14712142944336 0
vertex -8.131985664367676 -39.49932861328125 0
vertex -8.03443717956543 -39.645320892333984 0
endloop
endfacet
facet normal 0 0 -1
outer loop
vertex -8.03443717956543 -40.27892303466797 0
vertex -10.861493110656738 -42.14712142944336 0
vertex -7.544032096862793 -39.74286651611328 0
endloop
endfacet
facet normal 0 0 -1
outer loop
vertex -8.131985664367676 -40.4249153137207 0
vertex -10.861493110656738 -42.14712142944336 0
vertex -8.03443717956543 -40.27892303466797 0
endloop
endfacet
facet normal 0 0 -1
outer loop
vertex 53.07090377807617 -54.59425354003906 0
vertex 27.138505935668945 -42.14712142944336 0
vertex 36.588504791259766 -38.09712219238281 0
endloop
endfacet
facet normal 0 0 -1
outer loop
vertex 53.07090377807617 -54.59425354003906 0
vertex 36.588504791259766 -38.09712219238281 0
vertex 41.588504791259766 -38.09712219238281 0
endloop
endfacet
facet normal 0 0 -1
outer loop
vertex 41.588504791259766 -37.39712142944336 0
vertex 54.10171127319336 -54.459747314453125 0
vertex 53.07090377807617 -54.59425354003906 0
endloop
endfacet
facet normal 0 0 -1
outer loop
vertex 46.13850784301758 -37.39712142944336 0
vertex 55.127323150634766 -54.096622467041016 0
vertex 54.10171127319336 -54.459747314453125 0
endloop
endfacet
facet normal 0 0 -1
outer loop
vertex 55.127323150634766 -54.096622467041016 0
vertex 46.13850784301758 -37.39712142944336 0
vertex 56.0481071472168 -53.52186965942383 0
endloop
endfacet
facet normal 0 0 -1
outer loop
vertex 53.07090377807617 -54.59425354003906 0
vertex 41.588504791259766 -38.09712219238281 0
vertex 41.588504791259766 -37.39712142944336 0
endloop
endfacet
facet normal 0 0 -1
outer loop
vertex 54.10171127319336 -54.459747314453125 0
vertex 41.588504791259766 -37.39712142944336 0
vertex 46.13850784301758 -37.39712142944336 0
endloop
endfacet
facet normal 0 0 -1
outer loop
vertex 36.588504791259766 -38.09712219238281 0
vertex 32.03850555419922 -37.39712142944336 0
vertex 36.588504791259766 -37.39712142944336 0
endloop
endfacet
facet normal 0 0 -1
outer loop
vertex 46.13850784301758 -37.39712142944336 0
vertex 46.13850784301758 -23.297121047973633 0
vertex 56.65450668334961 -49.78473663330078 0
endloop
endfacet
facet normal 0 0 -1
outer loop
vertex -15.411493301391602 -28.047121047973633 0
vertex -15.411493301391602 -27.34712028503418 0
vertex -10.861493110656738 -28.047121047973633 0
endloop
endfacet
facet normal 0 0 -1
outer loop
vertex -10.861493110656738 -42.14712142944336 0
vertex -10.861493110656738 -28.047121047973633 0
vertex -8.16649341583252 -35.517120361328125 0
endloop
endfacet
facet normal 0 0 -1
outer loop
vertex -1.4114935398101807 -47.59712219238281 0
vertex -5.961493492126465 -46.89712142944336 0
vertex -1.4114935398101807 -46.89712142944336 0
endloop
endfacet
facet normal 0 0 -1
outer loop
vertex 17.5885066986084 -42.84712219238281 0
vertex 13.038506507873535 -42.14712142944336 0
vertex 17.5885066986084 -42.14712142944336 0
endloop
endfacet
facet normal 0 0 -1
outer loop
vertex -7.266239643096924 -39.32712173461914 0
vertex -7.3004937171936035 -38.22932815551758 0
vertex -5.961493492126465 -46.89712142944336 0
endloop
endfacet
facet normal 0 0 -1
outer loop
vertex 56.0481071472168 -53.52186965942383 0
vertex 46.13850784301758 -37.39712142944336 0
vertex 56.82299041748047 -52.761775970458984 0
endloop
endfacet
facet normal -0.999999999835919 0.00001811524009692312 0
outer loop
vertex -70.41117095947266 -30.33722496032715 0
vertex -70.41110229492188 -26.546794891357422 0.20000000298023224
vertex -70.41110229492188 -26.546794891357422 0
endloop
endfacet
facet normal 0 0 -1
outer loop
vertex 56.65450668334961 -49.78473663330078 0
vertex 57.94741439819336 -49.78480911254883 0
vertex 57.415382385253906 -51.85223388671875 0
endloop
endfacet
facet normal 0 0 -1
outer loop
vertex 57.415382385253906 -51.85223388671875 0
vertex 57.94741439819336 -49.78480911254883 0
vertex 57.79730224609375 -50.83620071411133 0
endloop
endfacet
facet normal 0.9899609123952242 -0.14134140203640017 0
outer loop
vertex 57.79730224609375 -50.83620071411133 0
vertex 57.94741439819336 -49.78480911254883 0
vertex 57.94741439819336 -49.78480911254883 0.20000000298023224
endloop
endfacet
facet normal 0 0 -1
outer loop
vertex -70.41117095947266 -30.33722496032715 0
vertex -70.41110229492188 -26.546794891357422 0
vertex -69.11109924316406 -26.546815872192383 0
endloop
endfacet
facet normal -0.999999999835919 0.00001811524009692312 0
outer loop
vertex -70.41110229492188 -26.546794891357422 0.20000000298023224
vertex -70.41117095947266 -30.33722496032715 0
vertex -70.41117095947266 -30.33722496032715 0.20000000298023224
endloop
endfacet
facet normal 0 0 -1
outer loop
vertex -69.11116790771484 -30.337247848510742 0
vertex -70.41117095947266 -30.33722496032715 0
vertex -62.96149444580078 -23.297121047973633 0
endloop
endfacet
facet normal 0 0 -1
outer loop
vertex 56.82299041748047 -52.761775970458984 0
vertex 46.13850784301758 -37.39712142944336 0
vertex 57.415382385253906 -51.85223388671875 0
endloop
endfacet
facet normal 0 0 -1
outer loop
vertex 57.415382385253906 -51.85223388671875 0
vertex 46.13850784301758 -37.39712142944336 0
vertex 56.65450668334961 -49.78473663330078 0
endloop
endfacet
facet normal 0 0 1
outer loop
vertex 38.494571685791016 46.49711227416992 5
vertex 20.292991638183594 42.685028076171875 5
vertex 38.32906723022461 38.843666076660156 5
endloop
endfacet
facet normal 0 0 1
outer loop
vertex 20.292991638183594 42.685028076171875 5
vertex 24.53361701965332 35.92896270751953 5
vertex 38.32906723022461 38.843666076660156 5
endloop
endfacet
facet normal 0 0 1
outer loop
vertex 20.218564987182617 42.677581787109375 5
vertex 24.53361701965332 35.92896270751953 5
vertex 20.292991638183594 42.685028076171875 5
endloop
endfacet
facet normal 0 0 -1
outer loop
vertex 56.65450668334961 -49.78473663330078 0
vertex 46.13850784301758 -23.297121047973633 0
vertex 56.655582427978516 -30.784738540649414 0
endloop
endfacet
facet normal 0 0 1
outer loop
vertex 20.218564987182617 42.677581787109375 5
vertex 14.700207710266113 42.71649932861328 5
vertex 24.53361701965332 35.92896270751953 5
endloop
endfacet
facet normal 0 0 1
outer loop
vertex 15.892358779907227 39.95328140258789 5
vertex 27.448318481445312 22.133512496948242 5
vertex 14.700207710266113 42.71649932861328 5
endloop
endfacet
facet normal 0 0 1
outer loop
vertex 27.448318481445312 22.133512496948242 5
vertex 24.53361701965332 35.92896270751953 5
vertex 14.700207710266113 42.71649932861328 5
endloop
endfacet
facet normal 0 0 1
outer loop
vertex 16.794660568237305 36.58584213256836 5
vertex 27.448318481445312 22.133512496948242 5
vertex 15.892358779907227 39.95328140258789 5
endloop
endfacet
facet normal 0 0 1
outer loop
vertex 17.098506927490234 33.11288070678711 5
vertex 27.448318481445312 22.133512496948242 5
vertex 16.794660568237305 36.58584213256836 5
endloop
endfacet
facet normal 0 0 -1
outer loop
vertex -69.11116790771484 -30.337247848510742 0
vertex -62.96149444580078 -23.297121047973633 0
vertex -62.96149444580078 -37.39712142944336 0
endloop
endfacet
facet normal 0 0 1
outer loop
vertex 14.700207710266113 42.71649932861328 5
vertex 14.593581199645996 42.73851776123047 5
vertex 15.892358779907227 39.95328140258789 5
endloop
endfacet
facet normal 0 0 -1
outer loop
vertex 57.95558547973633 -30.78481101989746 0
vertex 56.655582427978516 -30.784738540649414 0
vertex 57.95596694946289 -24.009540557861328 0
endloop
endfacet
facet normal 0.9999999984149722 -0.000056303246947166 0
outer loop
vertex 57.95558547973633 -30.78481101989746 0.20000000298023224
vertex 57.95558547973633 -30.78481101989746 0
vertex 57.95596694946289 -24.009540557861328 0
endloop
endfacet
facet normal 0 0 -1
outer loop
vertex -7.266239643096924 -40.59712219238281 0
vertex -7.266239643096924 -39.32712173461914 0
vertex -5.961493492126465 -46.89712142944336 0
endloop
endfacet
facet normal 0 0 -1
outer loop
vertex -7.266239643096924 -41.867122650146484 0
vertex -7.266239643096924 -40.59712219238281 0
vertex -5.961493492126465 -46.89712142944336 0
endloop
endfacet
facet normal 0 0 -1
outer loop
vertex -7.3004937171936035 -42.039329528808594 0
vertex -7.266239643096924 -41.867122650146484 0
vertex -5.961493492126465 -46.89712142944336 0
endloop
endfacet
facet normal 0 0 -1
outer loop
vertex -7.398041725158691 -42.18531799316406 0
vertex -7.3004937171936035 -42.039329528808594 0
vertex -5.961493492126465 -46.89712142944336 0
endloop
endfacet
facet normal 0.12938938484543386 -0.9915938619663396 0
outer loop
vertex 53.07090377807617 -54.59425354003906 0
vertex 54.10171127319336 -54.459747314453125 0
vertex 53.07090377807617 -54.59425354003906 5
endloop
endfacet
facet normal 0.3337551069322113 -0.9426598159445794 0
outer loop
vertex 54.10171127319336 -54.459747314453125 0
vertex 55.127323150634766 -54.096622467041016 0
vertex 54.10171127319336 -54.459747314453125 5
endloop
endfacet
facet normal 0.5295104663416651 -0.8483034044695519 0
outer loop
vertex 55.127323150634766 -54.096622467041016 0
vertex 56.0481071472168 -53.52186965942383 0
vertex 55.127323150634766 -54.096622467041016 5
endloop
endfacet
facet normal 0.7002612679357164 -0.7138866553095546 0
outer loop
vertex 56.0481071472168 -53.52186965942383 0
vertex 56.82299041748047 -52.761775970458984 0
vertex 56.0481071472168 -53.52186965942383 5
endloop
endfacet
facet normal 0.8379424692428838 -0.545758571384031 0
outer loop
vertex 56.82299041748047 -52.761775970458984 0
vertex 57.415382385253906 -51.85223388671875 0
vertex 56.82299041748047 -52.761775970458984 5
endloop
endfacet
facet normal 0.9360540441611827 -0.3518562581644595 0
outer loop
vertex 57.415382385253906 -51.85223388671875 0
vertex 57.79730224609375 -50.83620071411133 0
vertex 57.415382385253906 -51.85223388671875 5
endloop
endfacet
facet normal 0.9999999982417298 -0.000059300424317342904 0
outer loop
vertex 57.95453643798828 -49.284812927246094 0.20000000298023224
vertex 57.95450973510742 -49.735111236572266 4.5
vertex 57.95450973510742 -49.735111236572266 0.20000000298023224
endloop
endfacet
facet normal -0.000054495615746786884 -0.999999998515114 0
outer loop
vertex 58.654537200927734 -49.28485107421875 0.20000000298023224
vertex 57.95453643798828 -49.284812927246094 4.5
vertex 57.95453643798828 -49.284812927246094 0.20000000298023224
endloop
endfacet
facet normal 0.9899609123952242 -0.14134140203640017 0
outer loop
vertex 57.79730224609375 -50.83620071411133 0
vertex 57.94741439819336 -49.78480911254883 0.20000000298023224
vertex 57.79730224609375 -50.83620071411133 5
endloop
endfacet
facet normal 0.9899616479592435 -0.14133625001567338 0.000001151501755121419
outer loop
vertex 57.94741439819336 -49.78480911254883 0.20000000298023224
vertex 57.95450973510742 -49.735111236572266 0.20000000298023224
vertex 57.79730224609375 -50.83620071411133 5
endloop
endfacet
facet normal 0.9999999984030818 -0.000056514037466861795 0
outer loop
vertex 58.654537200927734 -49.28485107421875 0.20000000298023224
vertex 58.655513763427734 -32.004852294921875 0.20000000298023224
vertex 58.654537200927734 -49.28485107421875 4.5
endloop
endfacet
facet normal 0.9999999981373547 -0.000061035156136313156 0
outer loop
vertex 57.9555549621582 -31.28481101989746 0.20000000298023224
vertex 57.95558547973633 -30.78481101989746 0.20000000298023224
vertex 57.95558547973633 -30.78481101989746 4.5
endloop
endfacet
facet normal 0.000057220396525417235 0.9999999983629131 0
outer loop
vertex 58.655555725097656 -31.28485107421875 0.20000000298023224
vertex 57.9555549621582 -31.28481101989746 0.20000000298023224
vertex 58.655555725097656 -31.28485107421875 4.5
endloop
endfacet
facet normal 0.9999999983017208 -0.00005827999820560616 0
outer loop
vertex 58.655555725097656 -31.28485107421875 0.20000000298023224
vertex 58.655555725097656 -31.28485107421875 4.5
vertex 58.655513763427734 -32.004852294921875 0.20000000298023224
endloop
endfacet
facet normal 0.9999999984149721 -0.000056303246947165997 0
outer loop
vertex 57.95558547973633 -30.78481101989746 4.5
vertex 57.95558547973633 -30.78481101989746 0.20000000298023224
vertex 57.95596694946289 -24.009540557861328 0.20000000298023224
endloop
endfacet
facet normal 0 0 -1
outer loop
vertex 32.03850555419922 -23.297121047973633 0
vertex 36.588504791259766 -22.59712028503418 0
vertex 36.588504791259766 -23.297121047973633 0
endloop
endfacet
facet normal 0 0 -1
outer loop
vertex 36.588504791259766 -22.59712028503418 0
vertex 32.03850555419922 -23.297121047973633 0
vertex 36.588504791259766 -19.09712028503418 0
endloop
endfacet
facet normal 0 0 -1
outer loop
vertex 36.588504791259766 -22.59712028503418 0
vertex 36.588504791259766 -19.09712028503418 0
vertex 41.588504791259766 -22.59712028503418 0
endloop
endfacet
facet normal 0 0 -1
outer loop
vertex 41.588504791259766 -23.297121047973633 0
vertex 41.588504791259766 -22.59712028503418 0
vertex 46.13850784301758 -23.297121047973633 0
endloop
endfacet
facet normal 0 0 -1
outer loop
vertex 46.13850784301758 -23.297121047973633 0
vertex 41.588504791259766 -22.59712028503418 0
vertex 41.588504791259766 -19.09712028503418 0
endloop
endfacet
facet normal 0 0 -1
outer loop
vertex 36.588504791259766 -19.09712028503418 0
vertex 32.03850555419922 -23.297121047973633 0
vertex 36.588504791259766 -18.39712142944336 0
endloop
endfacet
facet normal 0 0 -1
outer loop
vertex 41.588504791259766 -19.09712028503418 0
vertex 41.588504791259766 -22.59712028503418 0
vertex 36.588504791259766 -19.09712028503418 0
endloop
endfacet
facet normal 0 0 -1
outer loop
vertex 41.588504791259766 -19.09712028503418 0
vertex 41.588504791259766 -18.39712142944336 0
vertex 46.13850784301758 -18.39712142944336 0
endloop
endfacet
facet normal 0 0 -1
outer loop
vertex 56.655582427978516 -30.784738540649414 0
vertex 46.13850784301758 -23.297121047973633 0
vertex 46.13850784301758 -18.39712142944336 0
endloop
endfacet
facet normal 0 0 -1
outer loop
vertex 46.13850784301758 -23.297121047973633 0
vertex 41.588504791259766 -19.09712028503418 0
vertex 46.13850784301758 -18.39712142944336 0
endloop
endfacet
facet normal 0 0 -1
outer loop
vertex 56.655582427978516 -30.784738540649414 0
vertex 46.13850784301758 -18.39712142944336 0
vertex 46.13850784301758 -4.297121047973633 0
endloop
endfacet
facet normal 0 0 -1
outer loop
vertex -7.3004937171936035 -42.96491241455078 0
vertex -7.398041725158691 -42.18531799316406 0
vertex -5.961493492126465 -46.89712142944336 0
endloop
endfacet
facet normal 0 0 -1
outer loop
vertex -7.266239643096924 -43.13711929321289 0
vertex -7.3004937171936035 -42.96491241455078 0
vertex -5.961493492126465 -46.89712142944336 0
endloop
endfacet
facet normal 0 0 -1
outer loop
vertex -7.266239643096924 -41.867122650146484 0
vertex -7.3004937171936035 -40.76932907104492 0
vertex -7.266239643096924 -40.59712219238281 0
endloop
endfacet
facet normal 0 0 -1
outer loop
vertex -7.3004937171936035 -40.76932907104492 0
vertex -7.3004937171936035 -41.69491195678711 0
vertex -7.398041725158691 -40.91531753540039 0
endloop
endfacet
facet normal 0 0 -1
outer loop
vertex -7.398041725158691 -40.91531753540039 0
vertex -7.398041725158691 -41.54892349243164 0
vertex -7.544032096862793 -41.01286697387695 0
endloop
endfacet
facet normal 0 0 -1
outer loop
vertex -7.3004937171936035 -41.69491195678711 0
vertex -7.398041725158691 -41.54892349243164 0
vertex -7.398041725158691 -40.91531753540039 0
endloop
endfacet
facet normal 0 0 -1
outer loop
vertex -7.544032096862793 -41.45137405395508 0
vertex -7.544032096862793 -41.01286697387695 0
vertex -7.398041725158691 -41.54892349243164 0
endloop
endfacet
facet normal 0 0 -1
outer loop
vertex -7.266239643096924 -41.867122650146484 0
vertex -7.3004937171936035 -41.69491195678711 0
vertex -7.3004937171936035 -40.76932907104492 0
endloop
endfacet
facet normal 0 0 -1
outer loop
vertex -7.544032096862793 -41.45137405395508 0
vertex -7.7162394523620605 -41.047122955322266 0
vertex -7.544032096862793 -41.01286697387695 0
endloop
endfacet
facet normal 0 0 -1
outer loop
vertex -7.7162394523620605 -41.41712188720703 0
vertex -7.7162394523620605 -41.047122955322266 0
vertex -7.544032096862793 -41.45137405395508 0
endloop
endfacet
facet normal 0 0 -1
outer loop
vertex 32.03850555419922 -4.297121047973633 0
vertex 36.588504791259766 -3.597121238708496 0
vertex 36.588504791259766 -4.297121047973633 0
endloop
endfacet
facet normal 0 0 -1
outer loop
vertex 36.588504791259766 -3.597121238708496 0
vertex 32.03850555419922 0.6028788685798645 0
vertex 36.588504791259766 -0.09712114185094833 0
endloop
endfacet
facet normal 0 0 -1
outer loop
vertex 36.588504791259766 -3.597121238708496 0
vertex 36.588504791259766 -0.09712114185094833 0
vertex 41.588504791259766 -0.09712114185094833 0
endloop
endfacet
facet normal 0 0 -1
outer loop
vertex 41.588504791259766 -4.297121047973633 0
vertex 41.588504791259766 -3.597121238708496 0
vertex 46.13850784301758 -4.297121047973633 0
endloop
endfacet
facet normal 0 0 -1
outer loop
vertex 36.588504791259766 -3.597121238708496 0
vertex 41.588504791259766 -0.09712114185094833 0
vertex 41.588504791259766 -3.597121238708496 0
endloop
endfacet
facet normal 0 0 -1
outer loop
vertex 46.13850784301758 -4.297121047973633 0
vertex 41.588504791259766 -3.597121238708496 0
vertex 41.588504791259766 -0.09712114185094833 0
endloop
endfacet
facet normal 0 0 -1
outer loop
vertex 46.13850784301758 -4.297121047973633 0
vertex 41.588504791259766 -0.09712114185094833 0
vertex 46.13850784301758 0.6028788685798645 0
endloop
endfacet
facet normal 0 0 -1
outer loop
vertex 46.13850784301758 -4.297121047973633 0
vertex 46.13850784301758 0.6028788685798645 0
vertex 56.65704345703125 -5.009466648101807 0
endloop
endfacet
facet normal 0 0 -1
outer loop
vertex -7.888447284698486 -41.45137405395508 0
vertex -7.7162394523620605 -41.047122955322266 0
vertex -7.7162394523620605 -41.41712188720703 0
endloop
endfacet
facet normal 0 0 -1
outer loop
vertex -7.888447284698486 -41.45137405395508 0
vertex -7.888447284698486 -41.01286697387695 0
vertex -7.7162394523620605 -41.047122955322266 0
endloop
endfacet
facet normal 0 0 -1
outer loop
vertex -8.03443717956543 -41.54892349243164 0
vertex -7.888447284698486 -41.01286697387695 0
vertex -7.888447284698486 -41.45137405395508 0
endloop
endfacet
facet normal 0 0 -1
outer loop
vertex -7.398041725158691 -42.18531799316406 0
vertex -7.398041725158691 -42.81892395019531 0
vertex -7.544032096862793 -42.282867431640625 0
endloop
endfacet
facet normal 0 0 -1
outer loop
vertex -7.3004937171936035 -42.96491241455078 0
vertex -7.398041725158691 -42.81892395019531 0
vertex -7.398041725158691 -42.18531799316406 0
endloop
endfacet
facet normal 0 0 -1
outer loop
vertex 57.95596694946289 -24.009540557861328 0
vertex 56.655582427978516 -30.784738540649414 0
vertex 56.655967712402344 -24.00946617126465 0
endloop
endfacet
facet normal -0.204989428497282 0.9787641872301814 0
outer loop
vertex 38.494571685791016 46.49711227416992 5
vertex 20.292991638183594 42.685028076171875 0
vertex 20.292991638183594 42.685028076171875 5
endloop
endfacet
facet normal 0.9999999984149722 -0.000056303246947166 0
outer loop
vertex 57.95596694946289 -24.009540557861328 0.20000000298023224
vertex 57.95558547973633 -30.78481101989746 0.20000000298023224
vertex 57.95596694946289 -24.009540557861328 0
endloop
endfacet
facet normal -0.09955168905256435 0.9950323920389635 0
outer loop
vertex 20.292991638183594 42.685028076171875 5
vertex 20.218564987182617 42.677581787109375 0
vertex 20.218564987182617 42.677581787109375 5
endloop
endfacet
facet normal 0 0 -1
outer loop
vertex -61.17863082885742 -54.59312057495117 0
vertex -53.411495208740234 -38.09712219238281 0
vertex -8.166239738464355 -45.677120208740234 0
endloop
endfacet
facet normal 0 0 -1
outer loop
vertex 56.655967712402344 -24.00946617126465 0
vertex 56.655582427978516 -30.784738540649414 0
vertex 46.13850784301758 -4.297121047973633 0
endloop
endfacet
facet normal 0 0 -1
outer loop
vertex -53.411495208740234 -38.09712219238281 0
vertex -53.411495208740234 -37.39712142944336 0
vertex -48.86149215698242 -37.39712142944336 0
endloop
endfacet
facet normal 0 0 -1
outer loop
vertex -48.86149215698242 -37.39712142944336 0
vertex -48.86149215698242 -23.297121047973633 0
vertex -43.96149444580078 -37.39712142944336 0
endloop
endfacet
facet normal 0 0 -1
outer loop
vertex -43.96149444580078 -37.39712142944336 0
vertex -48.86149215698242 -23.297121047973633 0
vertex -43.96149444580078 -23.297121047973633 0
endloop
endfacet
facet normal 0 0 -1
outer loop
vertex 56.655967712402344 -24.00946617126465 0
vertex 46.13850784301758 -4.297121047973633 0
vertex 56.65704345703125 -5.009466648101807 0
endloop
endfacet
facet normal 0.007052202636585494 0.9999751329098002 0
outer loop
vertex 20.218564987182617 42.677581787109375 5
vertex 14.700207710266113 42.71649932861328 0
vertex 14.700207710266113 42.71649932861328 5
endloop
endfacet
facet normal 0.2022336856286599 0.9793372944992181 0
outer loop
vertex 14.593581199645996 42.73851776123047 5
vertex 14.700207710266113 42.71649932861328 5
vertex 14.700207710266113 42.71649932861328 0
endloop
endfacet
facet normal 0 0 -1
outer loop
vertex -48.86149215698242 -37.39712142944336 0
vertex -43.96149444580078 -37.39712142944336 0
vertex -39.411495208740234 -38.09712219238281 0
endloop
endfacet
facet normal 0 0 -1
outer loop
vertex 56.65742874145508 1.7658040523529053 0
vertex 57.957427978515625 1.765730381011963 0
vertex 56.65704345703125 -5.009466648101807 0
endloop
endfacet
facet normal 0 0 1
outer loop
vertex 16.794660568237305 29.639915466308594 5
vertex 32.03850555419922 14.702878952026367 5
vertex 17.098506927490234 33.11288070678711 5
endloop
endfacet
facet normal 0 0 1
outer loop
vertex 17.098506927490234 33.11288070678711 5
vertex 32.03850555419922 14.702878952026367 5
vertex 27.448318481445312 22.133512496948242 5
endloop
endfacet
facet normal 0 0 1
outer loop
vertex 15.892358779907227 26.272476196289062 5
vertex 32.03850555419922 14.702878952026367 5
vertex 16.794660568237305 29.639915466308594 5
endloop
endfacet
facet normal 0 0 1
outer loop
vertex 14.419014930725098 23.112878799438477 5
vertex 32.03850555419922 14.702878952026367 5
vertex 15.892358779907227 26.272476196289062 5
endloop
endfacet
facet normal 0 0 -1
outer loop
vertex 57.95704650878906 -5.009540557861328 0
vertex 56.65704345703125 -5.009466648101807 0
vertex 57.957427978515625 1.765730381011963 0
endloop
endfacet
facet normal 0.9999999984149723 -0.000056303242984596764 0
outer loop
vertex 57.95704650878906 -5.009540557861328 0.20000000298023224
vertex 57.95704650878906 -5.009540557861328 0
vertex 57.957427978515625 1.765730381011963 0
endloop
endfacet
facet normal 0.9999999984149723 -0.000056303242984596764 0
outer loop
vertex 57.95704650878906 -5.009540557861328 0.20000000298023224
vertex 57.957427978515625 1.765730381011963 0
vertex 57.957427978515625 1.765730381011963 0.20000000298023224
endloop
endfacet
facet normal 0 0 -1
outer loop
vertex -7.544032096862793 -42.72137451171875 0
vertex -7.544032096862793 -42.282867431640625 0
vertex -7.398041725158691 -42.81892395019531 0
endloop
endfacet
facet normal 0 0 -1
outer loop
vertex -7.544032096862793 -42.72137451171875 0
vertex -7.7162394523620605 -42.31711959838867 0
vertex -7.544032096862793 -42.282867431640625 0
endloop
endfacet
facet normal 0 0 -1
outer loop
vertex -7.544032096862793 -42.72137451171875 0
vertex -7.7162394523620605 -42.6871223449707 0
vertex -7.7162394523620605 -42.31711959838867 0
endloop
endfacet
facet normal 0 0 -1
outer loop
vertex -7.888447284698486 -42.72137451171875 0
vertex -7.7162394523620605 -42.31711959838867 0
vertex -7.7162394523620605 -42.6871223449707 0
endloop
endfacet
facet normal 0 0 -1
outer loop
vertex -8.03443717956543 -42.81892395019531 0
vertex -7.7162394523620605 -42.31711959838867 0
vertex -7.888447284698486 -42.72137451171875 0
endloop
endfacet
facet normal 0 0 -1
outer loop
vertex -7.888447284698486 -41.01286697387695 0
vertex -10.861493110656738 -42.14712142944336 0
vertex -8.03443717956543 -40.91531753540039 0
endloop
endfacet
facet normal 0 0 -1
outer loop
vertex -8.166239738464355 -40.59712219238281 0
vertex -10.861493110656738 -42.14712142944336 0
vertex -8.131985664367676 -40.4249153137207 0
endloop
endfacet
facet normal 0 0 -1
outer loop
vertex -8.131985664367676 -40.76932907104492 0
vertex -10.861493110656738 -42.14712142944336 0
vertex -8.166239738464355 -40.59712219238281 0
endloop
endfacet
facet normal 0 0 -1
outer loop
vertex -10.861493110656738 -42.14712142944336 0
vertex -8.131985664367676 -40.76932907104492 0
vertex -8.03443717956543 -40.91531753540039 0
endloop
endfacet
facet normal 0 0 -1
outer loop
vertex -8.03443717956543 -41.54892349243164 0
vertex -10.861493110656738 -42.14712142944336 0
vertex -7.888447284698486 -41.01286697387695 0
endloop
endfacet
facet normal 0.9999999981095604 -0.000061035156134616725 -0.00000745580574081341
outer loop
vertex 57.95558547973633 -30.78481101989746 4.5
vertex 57.95596694946289 -24.009540557861328 0.20000000298023224
vertex 57.955997467041016 -23.509540557861328 0.20000000298023224
endloop
endfacet
facet normal -0.000057220396525417235 -0.9999999983629131 0
outer loop
vertex 58.65599822998047 -23.509580612182617 0.20000000298023224
vertex 57.955997467041016 -23.509540557861328 4.5
vertex 57.955997467041016 -23.509540557861328 0.20000000298023224
endloop
endfacet
facet normal 0.999999998403082 -0.00005651403278839085 0
outer loop
vertex 58.65599822998047 -23.509580612182617 0.20000000298023224
vertex 58.65697479248047 -6.229580402374268 0.20000000298023224
vertex 58.65599822998047 -23.509580612182617 4.5
endloop
endfacet
facet normal 0.9999999983017164 -0.00005828007540021262 0
outer loop
vertex 58.65701675415039 -5.509580135345459 0.20000000298023224
vertex 58.65701675415039 -5.509580135345459 4.5
vertex 58.65697479248047 -6.229580402374268 0.20000000298023224
endloop
endfacet
facet normal 0.000056539201330876756 0.9999999984016593 0
outer loop
vertex 58.65701675415039 -5.509580135345459 0.20000000298023224
vertex 57.95701599121094 -5.509540557861328 0.20000000298023224
vertex 58.65701675415039 -5.509580135345459 4.5
endloop
endfacet
facet normal 0.9999999981373547 -0.000061035156136313156 0
outer loop
vertex 57.95701599121094 -5.509540557861328 0.20000000298023224
vertex 57.95704650878906 -5.009540557861328 0.20000000298023224
vertex 57.95704650878906 -5.009540557861328 4.5
endloop
endfacet
facet normal 0.9999999984149723 -0.000056303242984596764 0
outer loop
vertex 57.95704650878906 -5.009540557861328 4.5
vertex 57.95704650878906 -5.009540557861328 0.20000000298023224
vertex 57.957427978515625 1.765730381011963 0.20000000298023224
endloop
endfacet
facet normal 0.9999999981095604 -0.000061035156134616725 -0.000007455812509146067
outer loop
vertex 57.957427978515625 1.765730381011963 0.20000000298023224
vertex 57.95745849609375 2.265730381011963 0.20000000298023224
vertex 57.95704650878906 -5.009540557861328 4.5
endloop
endfacet
facet normal 0 0 -1
outer loop
vertex -8.131985664367676 -41.69491195678711 0
vertex -10.861493110656738 -42.14712142944336 0
vertex -8.03443717956543 -41.54892349243164 0
endloop
endfacet
facet normal 0 0 -1
outer loop
vertex -7.888447284698486 -42.282867431640625 0
vertex -10.861493110656738 -42.14712142944336 0
vertex -8.03443717956543 -42.18531799316406 0
endloop
endfacet
facet normal 0 0 -1
outer loop
vertex -8.166239738464355 -41.867122650146484 0
vertex -10.861493110656738 -42.14712142944336 0
vertex -8.131985664367676 -41.69491195678711 0
endloop
endfacet
facet normal 0 0 -1
outer loop
vertex -8.131985664367676 -42.039329528808594 0
vertex -10.861493110656738 -42.14712142944336 0
vertex -8.166239738464355 -41.867122650146484 0
endloop
endfacet
facet normal 0 0 -1
outer loop
vertex -10.861493110656738 -42.14712142944336 0
vertex -8.131985664367676 -42.039329528808594 0
vertex -8.03443717956543 -42.18531799316406 0
endloop
endfacet
facet normal -0.000009916583833210297 -0.9999999999508308 0
outer loop
vertex 53.07090377807617 -54.59425354003906 5
vertex -61.17863082885742 -54.59312057495117 5
vertex 53.07090377807617 -54.59425354003906 0
endloop
endfacet
facet normal 0 0 -1
outer loop
vertex -7.266239643096924 -43.13711929321289 0
vertex -7.266239643096924 -44.40711975097656 0
vertex -7.3004937171936035 -43.309329986572266 0
endloop
endfacet
facet normal 0 0 -1
outer loop
vertex -7.3004937171936035 -43.309329986572266 0
vertex -7.3004937171936035 -44.23491287231445 0
vertex -7.398041725158691 -43.455318450927734 0
endloop
endfacet
facet normal 0 0 -1
outer loop
vertex -7.398041725158691 -43.455318450927734 0
vertex -7.398041725158691 -44.088924407958984 0
vertex -7.544032096862793 -43.5528678894043 0
endloop
endfacet
facet normal 0 0 -1
outer loop
vertex -7.3004937171936035 -44.23491287231445 0
vertex -7.398041725158691 -44.088924407958984 0
vertex -7.398041725158691 -43.455318450927734 0
endloop
endfacet
facet normal 0 0 -1
outer loop
vertex -7.544032096862793 -43.99137496948242 0
vertex -7.544032096862793 -43.5528678894043 0
vertex -7.398041725158691 -44.088924407958984 0
endloop
endfacet
facet normal 0 0 -1
outer loop
vertex -7.266239643096924 -44.40711975097656 0
vertex -7.3004937171936035 -44.23491287231445 0
vertex -7.3004937171936035 -43.309329986572266 0
endloop
endfacet
facet normal 0 0 -1
outer loop
vertex -7.544032096862793 -43.99137496948242 0
vertex -7.7162394523620605 -43.587120056152344 0
vertex -7.544032096862793 -43.5528678894043 0
endloop
endfacet
facet normal 0 0 -1
outer loop
vertex -7.7162394523620605 -43.957122802734375 0
vertex -7.888447284698486 -43.5528678894043 0
vertex -7.7162394523620605 -43.587120056152344 0
endloop
endfacet
facet normal 0 0 -1
outer loop
vertex -7.7162394523620605 -43.957122802734375 0
vertex -7.7162394523620605 -43.587120056152344 0
vertex -7.544032096862793 -43.99137496948242 0
endloop
endfacet
facet normal 0 0 -1
outer loop
vertex -7.888447284698486 -43.5528678894043 0
vertex -7.888447284698486 -43.99137496948242 0
vertex -8.03443717956543 -43.455318450927734 0
endloop
endfacet
facet normal 0 0 -1
outer loop
vertex -8.03443717956543 -44.088924407958984 0
vertex -8.131985664367676 -43.309329986572266 0
vertex -8.03443717956543 -43.455318450927734 0
endloop
endfacet
facet normal 0 0 -1
outer loop
vertex -7.888447284698486 -43.99137496948242 0
vertex -7.888447284698486 -43.5528678894043 0
vertex -7.7162394523620605 -43.957122802734375 0
endloop
endfacet
facet normal 0 0 -1
outer loop
vertex -8.03443717956543 -44.088924407958984 0
vertex -8.03443717956543 -43.455318450927734 0
vertex -7.888447284698486 -43.99137496948242 0
endloop
endfacet
facet normal 0 0 -1
outer loop
vertex -8.131985664367676 -44.23491287231445 0
vertex -8.131985664367676 -43.309329986572266 0
vertex -8.03443717956543 -44.088924407958984 0
endloop
endfacet
facet normal 0 0 -1
outer loop
vertex -8.131985664367676 -44.23491287231445 0
vertex -8.166239738464355 -43.13711929321289 0
vertex -8.131985664367676 -43.309329986572266 0
endloop
endfacet
facet normal 0 0 -1
outer loop
vertex -8.166239738464355 -44.40711975097656 0
vertex -8.166239738464355 -43.13711929321289 0
vertex -8.131985664367676 -44.23491287231445 0
endloop
endfacet
facet normal 0 0 -1
outer loop
vertex -5.961493492126465 -46.89712142944336 0
vertex -7.266239643096924 -44.40711975097656 0
vertex -7.266239643096924 -43.13711929321289 0
endloop
endfacet
facet normal 0 0 -1
outer loop
vertex -5.961493492126465 -46.89712142944336 0
vertex -7.266239643096924 -45.677120208740234 0
vertex -7.266239643096924 -44.40711975097656 0
endloop
endfacet
facet normal 0 0 -1
outer loop
vertex -7.266493320465088 -46.947120666503906 0
vertex -5.961493492126465 -46.89712142944336 0
vertex -1.4114935398101807 -47.59712219238281 0
endloop
endfacet
facet normal 0 0 1
outer loop
vertex 8.138506889343262 -46.89712142944336 5
vertex 27.138505935668945 -42.14712142944336 5
vertex 13.038506507873535 -42.14712142944336 5
endloop
endfacet
facet normal 0 0 -1
outer loop
vertex -7.266493320465088 -46.947120666503906 0
vertex -7.266239643096924 -45.677120208740234 0
vertex -5.961493492126465 -46.89712142944336 0
endloop
endfacet
facet normal 0 0 -1
outer loop
vertex -7.266239643096924 -45.677120208740234 0
vertex -7.3004937171936035 -44.57933044433594 0
vertex -7.266239643096924 -44.40711975097656 0
endloop
endfacet
facet normal 0 0 -1
outer loop
vertex -7.3004937171936035 -44.57933044433594 0
vertex -7.3004937171936035 -45.504913330078125 0
vertex -7.398041725158691 -44.725318908691406 0
endloop
endfacet
facet normal 0 0 1
outer loop
vertex 8.138506889343262 -27.89712142944336 5
vertex -10.861493110656738 -28.047121047973633 5
vertex 13.038506507873535 -28.047121047973633 5
endloop
endfacet
facet normal 0 0 1
outer loop
vertex 13.038506507873535 -28.047121047973633 5
vertex -5.961493492126465 -32.797122955322266 5
vertex 8.138506889343262 -32.797122955322266 5
endloop
endfacet
facet normal 0 0 1
outer loop
vertex 8.138506889343262 -32.797122955322266 5
vertex 8.138506889343262 -46.89712142944336 5
vertex 13.038506507873535 -42.14712142944336 5
endloop
endfacet
facet normal 0 0 1
outer loop
vertex 13.038506507873535 -28.047121047973633 5
vertex 8.138506889343262 -32.797122955322266 5
vertex 13.038506507873535 -42.14712142944336 5
endloop
endfacet
facet normal 0 0 -1
outer loop
vertex -7.398041725158691 -44.725318908691406 0
vertex -7.398041725158691 -45.358924865722656 0
vertex -7.544032096862793 -44.82286834716797 0
endloop
endfacet
facet normal 0 0 1
outer loop
vertex 8.138506889343262 -46.89712142944336 5
vertex -5.961493492126465 -46.89712142944336 5
vertex 53.07090377807617 -54.59425354003906 5
endloop
endfacet
facet normal 0 0 -1
outer loop
vertex -7.3004937171936035 -45.504913330078125 0
vertex -7.398041725158691 -45.358924865722656 0
vertex -7.398041725158691 -44.725318908691406 0
endloop
endfacet
facet normal 0 0 1
outer loop
vertex 27.138505935668945 -42.14712142944336 5
vertex 8.138506889343262 -46.89712142944336 5
vertex 53.07090377807617 -54.59425354003906 5
endloop
endfacet
facet normal 0 0 -1
outer loop
vertex -7.544032096862793 -45.261375427246094 0
vertex -7.544032096862793 -44.82286834716797 0
vertex -7.398041725158691 -45.358924865722656 0
endloop
endfacet
facet normal 0 0 -1
outer loop
vertex -7.544032096862793 -45.261375427246094 0
vertex -7.7162394523620605 -44.857120513916016 0
vertex -7.544032096862793 -44.82286834716797 0
endloop
endfacet
facet normal 0 0 1
outer loop
vertex 27.138505935668945 -28.047121047973633 5
vertex 27.138505935668945 -42.14712142944336 5
vertex 32.03850555419922 -37.39712142944336 5
endloop
endfacet
facet normal 0 0 1
outer loop
vertex 27.138505935668945 -28.047121047973633 5
vertex 32.03850555419922 -37.39712142944336 5
vertex 32.03850555419922 -23.297121047973633 5
endloop
endfacet
facet normal 0 0 -1
outer loop
vertex -7.544032096862793 -45.261375427246094 0
vertex -7.7162394523620605 -45.22711944580078 0
vertex -7.7162394523620605 -44.857120513916016 0
endloop
endfacet
facet normal 0 0 -1
outer loop
vertex -7.888447284698486 -45.261375427246094 0
vertex -7.7162394523620605 -44.857120513916016 0
vertex -7.7162394523620605 -45.22711944580078 0
endloop
endfacet
facet normal 0 0 -1
outer loop
vertex -7.888447284698486 -45.261375427246094 0
vertex -7.888447284698486 -44.82286834716797 0
vertex -7.7162394523620605 -44.857120513916016 0
endloop
endfacet
facet normal 0 0 -1
outer loop
vertex -7.888447284698486 -45.261375427246094 0
vertex -8.03443717956543 -44.725318908691406 0
vertex -7.888447284698486 -44.82286834716797 0
endloop
endfacet
facet normal 0 0 -1
outer loop
vertex -8.03443717956543 -45.358924865722656 0
vertex -8.131985664367676 -44.57933044433594 0
vertex -8.03443717956543 -44.725318908691406 0
endloop
endfacet
facet normal 0 0 -1
outer loop
vertex -8.03443717956543 -45.358924865722656 0
vertex -8.03443717956543 -44.725318908691406 0
vertex -7.888447284698486 -45.261375427246094 0
endloop
endfacet
facet normal 0 0 -1
outer loop
vertex -8.131985664367676 -45.504913330078125 0
vertex -8.131985664367676 -44.57933044433594 0
vertex -8.03443717956543 -45.358924865722656 0
endloop
endfacet
facet normal 0 0 -1
outer loop
vertex -7.266239643096924 -45.677120208740234 0
vertex -7.3004937171936035 -45.504913330078125 0
vertex -7.3004937171936035 -44.57933044433594 0
endloop
endfacet
facet normal 0 0 -1
outer loop
vertex -8.131985664367676 -45.504913330078125 0
vertex -8.166239738464355 -44.40711975097656 0
vertex -8.131985664367676 -44.57933044433594 0
endloop
endfacet
facet normal 0 0 -1
outer loop
vertex -8.166239738464355 -45.677120208740234 0
vertex -8.166239738464355 -44.40711975097656 0
vertex -8.131985664367676 -45.504913330078125 0
endloop
endfacet
facet normal 0 0 -1
outer loop
vertex -7.266493320465088 -46.947120666503906 0
vertex -7.3004937171936035 -45.849327087402344 0
vertex -7.266239643096924 -45.677120208740234 0
endloop
endfacet
facet normal 0 0 -1
outer loop
vertex -7.3004937171936035 -45.849327087402344 0
vertex -7.300747871398926 -46.7749137878418 0
vertex -7.398041725158691 -45.99531936645508 0
endloop
endfacet
facet normal 0 0 -1
outer loop
vertex -7.398041725158691 -45.99531936645508 0
vertex -7.3982954025268555 -46.62892150878906 0
vertex -7.544032096862793 -46.09286880493164 0
endloop
endfacet
facet normal 0 0 -1
outer loop
vertex -7.300747871398926 -46.7749137878418 0
vertex -7.3982954025268555 -46.62892150878906 0
vertex -7.398041725158691 -45.99531936645508 0
endloop
endfacet
facet normal 0 0 -1
outer loop
vertex -7.544285774230957 -46.531375885009766 0
vertex -7.544032096862793 -46.09286880493164 0
vertex -7.3982954025268555 -46.62892150878906 0
endloop
endfacet
facet normal 0 0 -1
outer loop
vertex -7.266493320465088 -46.947120666503906 0
vertex -7.300747871398926 -46.7749137878418 0
vertex -7.3004937171936035 -45.849327087402344 0
endloop
endfacet
facet normal 0 0 -1
outer loop
vertex -7.544285774230957 -46.531375885009766 0
vertex -7.7162394523620605 -46.12712097167969 0
vertex -7.544032096862793 -46.09286880493164 0
endloop
endfacet
facet normal 0 0 -1
outer loop
vertex -7.716493606567383 -46.49711990356445 0
vertex -7.888447284698486 -46.09286880493164 0
vertex -7.7162394523620605 -46.12712097167969 0
endloop
endfacet
facet normal 0 0 -1
outer loop
vertex -7.716493606567383 -46.49711990356445 0
vertex -7.7162394523620605 -46.12712097167969 0
vertex -7.544285774230957 -46.531375885009766 0
endloop
endfacet
facet normal 0 0 -1
outer loop
vertex -7.888447284698486 -46.09286880493164 0
vertex -7.88870096206665 -46.531375885009766 0
vertex -8.03443717956543 -45.99531936645508 0
endloop
endfacet
facet normal 0 0 -1
outer loop
vertex -8.03443717956543 -45.99531936645508 0
vertex -8.03469181060791 -46.62892150878906 0
vertex -8.131985664367676 -45.849327087402344 0
endloop
endfacet
facet normal 0 0 -1
outer loop
vertex -7.88870096206665 -46.531375885009766 0
vertex -7.888447284698486 -46.09286880493164 0
vertex -7.716493606567383 -46.49711990356445 0
endloop
endfacet
facet normal 0 0 -1
outer loop
vertex -8.03469181060791 -46.62892150878906 0
vertex -8.03443717956543 -45.99531936645508 0
vertex -7.88870096206665 -46.531375885009766 0
endloop
endfacet
facet normal 0 0 -1
outer loop
vertex -61.17863082885742 -54.59312057495117 0
vertex -7.716493606567383 -47.39712142944336 0
vertex 53.07090377807617 -54.59425354003906 0
endloop
endfacet
facet normal 0 0 -1
outer loop
vertex -7.7162394523620605 -42.31711959838867 0
vertex -15.411493301391602 -42.84712219238281 0
vertex -7.888447284698486 -42.282867431640625 0
endloop
endfacet
facet normal 0 0 -1
outer loop
vertex -8.03443717956543 -42.81892395019531 0
vertex -15.411493301391602 -42.84712219238281 0
vertex -7.7162394523620605 -42.31711959838867 0
endloop
endfacet
facet normal 0 0 -1
outer loop
vertex -15.411493301391602 -42.84712219238281 0
vertex -10.861493110656738 -42.14712142944336 0
vertex -7.888447284698486 -42.282867431640625 0
endloop
endfacet
facet normal 0 0 1
outer loop
vertex 13.038506507873535 -28.047121047973633 5
vertex 13.038506507873535 -23.14712142944336 5
vertex 8.138506889343262 -27.89712142944336 5
endloop
endfacet
facet normal 0 0 1
outer loop
vertex 8.138506889343262 -13.797121047973633 5
vertex 8.138506889343262 -27.89712142944336 5
vertex 13.038506507873535 -23.14712142944336 5
endloop
endfacet
facet normal 0 0 1
outer loop
vertex 13.038506507873535 -23.14712142944336 5
vertex 13.038506507873535 -9.047121047973633 5
vertex 8.138506889343262 -13.797121047973633 5
endloop
endfacet
facet normal 0 0 -1
outer loop
vertex -8.131985664367676 -42.96491241455078 0
vertex -15.411493301391602 -42.84712219238281 0
vertex -8.03443717956543 -42.81892395019531 0
endloop
endfacet
facet normal 0 0 -1
outer loop
vertex -8.166239738464355 -43.13711929321289 0
vertex -15.411493301391602 -42.84712219238281 0
vertex -8.131985664367676 -42.96491241455078 0
endloop
endfacet
facet normal 0 0 1
outer loop
vertex 8.138506889343262 -8.89712142944336 5
vertex -5.961493492126465 -13.797121047973633 5
vertex 8.138506889343262 -13.797121047973633 5
endloop
endfacet
facet normal 0 0 1
outer loop
vertex 8.138506889343262 -8.89712142944336 5
vertex 8.138506889343262 -13.797121047973633 5
vertex 13.038506507873535 -9.047121047973633 5
endloop
endfacet
facet normal 0 0 1
outer loop
vertex 13.038506507873535 -9.047121047973633 5
vertex 27.138505935668945 -9.047121047973633 5
vertex 8.138506889343262 -8.89712142944336 5
endloop
endfacet
facet normal 0 0 1
outer loop
vertex 8.138506889343262 -8.89712142944336 5
vertex 27.138505935668945 -9.047121047973633 5
vertex 13.038506507873535 -4.147120952606201 5
endloop
endfacet
facet normal 0 0 1
outer loop
vertex 8.138506889343262 -8.89712142944336 5
vertex 13.038506507873535 -4.147120952606201 5
vertex 13.038506507873535 9.952878952026367 5
endloop
endfacet
facet normal 0 0 -1
outer loop
vertex -8.166239738464355 -44.40711975097656 0
vertex -15.411493301391602 -42.84712219238281 0
vertex -8.166239738464355 -43.13711929321289 0
endloop
endfacet
facet normal 0 0 -1
outer loop
vertex -8.166239738464355 -45.677120208740234 0
vertex -15.411493301391602 -42.84712219238281 0
vertex -8.166239738464355 -44.40711975097656 0
endloop
endfacet
facet normal 0 0 1
outer loop
vertex 13.038506507873535 -23.14712142944336 5
vertex 13.038506507873535 -28.047121047973633 5
vertex 27.138505935668945 -23.14712142944336 5
endloop
endfacet
facet normal 0 0 1
outer loop
vertex 27.138505935668945 -23.14712142944336 5
vertex 13.038506507873535 -28.047121047973633 5
vertex 27.138505935668945 -28.047121047973633 5
endloop
endfacet
facet normal 0 0 1
outer loop
vertex 27.138505935668945 -23.14712142944336 5
vertex 27.138505935668945 -28.047121047973633 5
vertex 32.03850555419922 -23.297121047973633 5
endloop
endfacet
facet normal 0 0 1
outer loop
vertex 27.138505935668945 -23.14712142944336 5
vertex 32.03850555419922 -18.39712142944336 5
vertex 32.03850555419922 -4.297121047973633 5
endloop
endfacet
facet normal 0 0 -1
outer loop
vertex -15.411493301391602 -42.84712219238281 0
vertex -15.411493301391602 -42.14712142944336 0
vertex -10.861493110656738 -42.14712142944336 0
endloop
endfacet
facet normal 0 0 -1
outer loop
vertex -8.166239738464355 -45.677120208740234 0
vertex -20.4114933013916 -42.84712219238281 0
vertex -15.411493301391602 -42.84712219238281 0
endloop
endfacet
facet normal 0 0 -1
outer loop
vertex -8.166239738464355 -45.677120208740234 0
vertex -24.96149444580078 -42.14712142944336 0
vertex -20.4114933013916 -42.84712219238281 0
endloop
endfacet
facet normal 0 0 -1
outer loop
vertex -24.96149444580078 -28.047121047973633 0
vertex -20.4114933013916 -27.34712028503418 0
vertex -20.4114933013916 -28.047121047973633 0
endloop
endfacet
facet normal 0 0 1
outer loop
vertex 27.138505935668945 -4.147120952606201 5
vertex 13.038506507873535 -4.147120952606201 5
vertex 27.138505935668945 -9.047121047973633 5
endloop
endfacet
facet normal 0 0 1
outer loop
vertex 27.138505935668945 -9.047121047973633 5
vertex 27.138505935668945 -23.14712142944336 5
vertex 32.03850555419922 -4.297121047973633 5
endloop
endfacet
facet normal 0 0 1
outer loop
vertex 27.138505935668945 -4.147120952606201 5
vertex 27.138505935668945 -9.047121047973633 5
vertex 32.03850555419922 -4.297121047973633 5
endloop
endfacet
facet normal 0 0 -1
outer loop
vertex -29.861494064331055 -37.39712142944336 0
vertex -24.96149444580078 -28.047121047973633 0
vertex -24.96149444580078 -42.14712142944336 0
endloop
endfacet
facet normal 0 0 -1
outer loop
vertex -29.861494064331055 -37.39712142944336 0
vertex -29.861494064331055 -23.297121047973633 0
vertex -24.96149444580078 -28.047121047973633 0
endloop
endfacet
facet normal 0 0 -1
outer loop
vertex -34.411495208740234 -38.09712219238281 0
vertex -29.861494064331055 -37.39712142944336 0
vertex -24.96149444580078 -42.14712142944336 0
endloop
endfacet
facet normal 0 0 -1
outer loop
vertex -34.411495208740234 -38.09712219238281 0
vertex -34.411495208740234 -37.39712142944336 0
vertex -29.861494064331055 -37.39712142944336 0
endloop
endfacet
facet normal 0.9899616479598999 -0.1413362500157671 0
outer loop
vertex 57.95450973510742 -49.735111236572266 0.20000000298023224
vertex 57.95450973510742 -49.735111236572266 4.5
vertex 57.94741439819336 -49.78480911254883 4.5
endloop
endfacet
facet normal 0.9999999982417298 -0.000059300424317342904 0
outer loop
vertex 57.95450973510742 -49.735111236572266 4.5
vertex 57.95453643798828 -49.284812927246094 0.20000000298023224
vertex 57.95453643798828 -49.284812927246094 4.5
endloop
endfacet
facet normal -0.000054495615746786884 -0.999999998515114 0
outer loop
vertex 57.95453643798828 -49.284812927246094 4.5
vertex 58.654537200927734 -49.28485107421875 0.20000000298023224
vertex 58.654537200927734 -49.28485107421875 4.5
endloop
endfacet
facet normal 0.12938938484543386 -0.9915938619663396 0
outer loop
vertex 53.07090377807617 -54.59425354003906 5
vertex 54.10171127319336 -54.459747314453125 0
vertex 54.10171127319336 -54.459747314453125 5
endloop
endfacet
facet normal 0.3337551069322113 -0.9426598159445794 0
outer loop
vertex 54.10171127319336 -54.459747314453125 5
vertex 55.127323150634766 -54.096622467041016 0
vertex 55.127323150634766 -54.096622467041016 5
endloop
endfacet
facet normal 0.5295104663416651 -0.8483034044695519 0
outer loop
vertex 55.127323150634766 -54.096622467041016 5
vertex 56.0481071472168 -53.52186965942383 0
vertex 56.0481071472168 -53.52186965942383 5
endloop
endfacet
facet normal 0.7002612679357164 -0.7138866553095546 0
outer loop
vertex 56.0481071472168 -53.52186965942383 5
vertex 56.82299041748047 -52.761775970458984 0
vertex 56.82299041748047 -52.761775970458984 5
endloop
endfacet
facet normal 0.8379424692428838 -0.545758571384031 0
outer loop
vertex 56.82299041748047 -52.761775970458984 5
vertex 57.415382385253906 -51.85223388671875 0
vertex 57.415382385253906 -51.85223388671875 5
endloop
endfacet
facet normal 0.9899609083298813 -0.14134143051021114 -6.109476621706734e-8
outer loop
vertex 57.79730224609375 -50.83620071411133 5
vertex 57.95450973510742 -49.735111236572266 0.20000000298023224
vertex 57.94741439819336 -49.78480911254883 4.5
endloop
endfacet
facet normal 0.9360540441611827 -0.3518562581644595 0
outer loop
vertex 57.415382385253906 -51.85223388671875 5
vertex 57.79730224609375 -50.83620071411133 0
vertex 57.79730224609375 -50.83620071411133 5
endloop
endfacet
facet normal 0.999999998407406 -0.00005643661109228141 3.1114596822894937e-7
outer loop
vertex 58.654537200927734 -49.28485107421875 4.5
vertex 58.655513763427734 -32.004852294921875 0.20000000298023224
vertex 58.65522384643555 -37.11818313598633 4.5
endloop
endfacet
facet normal 0.9999999983815381 -0.00005689349724275397 -2.3215869530250904e-7
outer loop
vertex 58.65522384643555 -37.11818313598633 4.5
vertex 58.655513763427734 -32.004852294921875 0.20000000298023224
vertex 58.655555725097656 -31.28485107421875 4.5
endloop
endfacet
facet normal 0.000057220396525417235 0.9999999983629131 0
outer loop
vertex 58.655555725097656 -31.28485107421875 4.5
vertex 57.9555549621582 -31.28481101989746 0.20000000298023224
vertex 57.9555549621582 -31.28481101989746 4.5
endloop
endfacet
facet normal 0.9999999981373547 -0.000061035156136313156 0
outer loop
vertex 57.9555549621582 -31.28481101989746 4.5
vertex 57.9555549621582 -31.28481101989746 0.20000000298023224
vertex 57.95558547973633 -30.78481101989746 4.5
endloop
endfacet
facet normal 0 0 1
outer loop
vertex 32.03850555419922 -37.39712142944336 5
vertex 27.138505935668945 -42.14712142944336 5
vertex 53.07090377807617 -54.59425354003906 5
endloop
endfacet
facet normal 0 0 1
outer loop
vertex 53.07090377807617 -54.59425354003906 5
vertex 54.10171127319336 -54.459747314453125 5
vertex 32.03850555419922 -37.39712142944336 5
endloop
endfacet
facet normal 0 0 1
outer loop
vertex 54.10171127319336 -54.459747314453125 5
vertex 55.127323150634766 -54.096622467041016 5
vertex 32.03850555419922 -37.39712142944336 5
endloop
endfacet
facet normal 0 0 1
outer loop
vertex 55.127323150634766 -54.096622467041016 5
vertex 56.0481071472168 -53.52186965942383 5
vertex 32.03850555419922 -37.39712142944336 5
endloop
endfacet
facet normal 0 0 1
outer loop
vertex 56.0481071472168 -53.52186965942383 5
vertex 56.82299041748047 -52.761775970458984 5
vertex 32.03850555419922 -37.39712142944336 5
endloop
endfacet
facet normal 0 0 1
outer loop
vertex 32.03850555419922 -37.39712142944336 5
vertex 56.65450668334961 -49.78473663330078 5
vertex 46.13850784301758 -37.39712142944336 5
endloop
endfacet
facet normal 0 0 1
outer loop
vertex 56.82299041748047 -52.761775970458984 5
vertex 57.415382385253906 -51.85223388671875 5
vertex 32.03850555419922 -37.39712142944336 5
endloop
endfacet
facet normal 0 0 1
outer loop
vertex 32.03850555419922 -37.39712142944336 5
vertex 57.415382385253906 -51.85223388671875 5
vertex 57.79730224609375 -50.83620071411133 5
endloop
endfacet
facet normal 0 0 1
outer loop
vertex 56.65450668334961 -49.78473663330078 5
vertex 32.03850555419922 -37.39712142944336 5
vertex 57.79730224609375 -50.83620071411133 5
endloop
endfacet
facet normal 0 0 -1
outer loop
vertex -24.96149444580078 -42.14712142944336 0
vertex -39.411495208740234 -38.09712219238281 0
vertex -34.411495208740234 -38.09712219238281 0
endloop
endfacet
facet normal 0 0 -1
outer loop
vertex -24.96149444580078 -42.14712142944336 0
vertex -20.4114933013916 -42.14712142944336 0
vertex -20.4114933013916 -42.84712219238281 0
endloop
endfacet
facet normal 0 0 1
outer loop
vertex 46.13850784301758 -23.297121047973633 5
vertex 46.13850784301758 -37.39712142944336 5
vertex 56.655582427978516 -30.784738540649414 5
endloop
endfacet
facet normal 0 0 1
outer loop
vertex 14.419014930725098 23.112878799438477 5
vertex 27.138505935668945 9.952878952026367 5
vertex 32.03850555419922 14.702878952026367 5
endloop
endfacet
facet normal 0 0 1
outer loop
vertex 12.419395446777344 20.257125854492188 5
vertex 27.138505935668945 9.952878952026367 5
vertex 14.419014930725098 23.112878799438477 5
endloop
endfacet
facet normal 0 0 1
outer loop
vertex 27.138505935668945 9.952878952026367 5
vertex 27.138505935668945 -4.147120952606201 5
vertex 32.03850555419922 14.702878952026367 5
endloop
endfacet
facet normal 0 0 1
outer loop
vertex 27.138505935668945 -4.147120952606201 5
vertex 32.03850555419922 0.6028788685798645 5
vertex 32.03850555419922 14.702878952026367 5
endloop
endfacet
facet normal 0.9899609123952242 -0.14134140203640017 0
outer loop
vertex 57.79730224609375 -50.83620071411133 5
vertex 57.94741439819336 -49.78480911254883 4.5
vertex 57.94741439819336 -49.78480911254883 5
endloop
endfacet
facet normal 0 0 1
outer loop
vertex 57.94741439819336 -49.78480911254883 5
vertex 56.65450668334961 -49.78473663330078 5
vertex 57.79730224609375 -50.83620071411133 5
endloop
endfacet
facet normal 0 0 -1
outer loop
vertex -39.411495208740234 -38.09712219238281 0
vertex -43.96149444580078 -37.39712142944336 0
vertex -39.411495208740234 -37.39712142944336 0
endloop
endfacet
facet normal 0 0 -1
outer loop
vertex -8.166239738464355 -45.677120208740234 0
vertex -53.411495208740234 -38.09712219238281 0
vertex -48.86149215698242 -37.39712142944336 0
endloop
endfacet
facet normal 0 0 1
outer loop
vertex 12.419395446777344 20.257125854492188 5
vertex 9.954258918762207 17.791990280151367 5
vertex 27.138505935668945 9.952878952026367 5
endloop
endfacet
facet normal 0 0 1
outer loop
vertex 9.954258918762207 17.791990280151367 5
vertex 7.098506450653076 15.792370796203613 5
vertex 27.138505935668945 9.952878952026367 5
endloop
endfacet
facet normal 0 0 1
outer loop
vertex 27.138505935668945 9.952878952026367 5
vertex 3.9389092922210693 14.319025993347168 5
vertex 13.038506507873535 9.952878952026367 5
endloop
endfacet
facet normal 0 0 1
outer loop
vertex 56.655582427978516 -30.784738540649414 5
vertex 46.13850784301758 -37.39712142944336 5
vertex 56.65450668334961 -49.78473663330078 5
endloop
endfacet
facet normal 0 0 1
outer loop
vertex 7.098506450653076 15.792370796203613 5
vertex 3.9389092922210693 14.319025993347168 5
vertex 27.138505935668945 9.952878952026367 5
endloop
endfacet
facet normal 0 0 1
outer loop
vertex 8.138506889343262 5.202878952026367 5
vertex 8.138506889343262 -8.89712142944336 5
vertex 13.038506507873535 9.952878952026367 5
endloop
endfacet
facet normal 0 0 1
outer loop
vertex 3.9389092922210693 14.319025993347168 5
vertex 0.5714700222015381 13.41672420501709 5
vertex 8.138506889343262 5.202878952026367 5
endloop
endfacet
facet normal 0 0 1
outer loop
vertex 8.138506889343262 5.202878952026367 5
vertex 13.038506507873535 9.952878952026367 5
vertex 3.9389092922210693 14.319025993347168 5
endloop
endfacet
facet normal 0 0 1
outer loop
vertex 0.5714700222015381 13.41672420501709 5
vertex -2.901493549346924 13.112878799438477 5
vertex 8.138506889343262 5.202878952026367 5
endloop
endfacet
facet normal 0 0 1
outer loop
vertex 46.13850784301758 -23.297121047973633 5
vertex 56.655582427978516 -30.784738540649414 5
vertex 57.95558547973633 -30.78481101989746 5
endloop
endfacet
facet normal 0.9999999984149722 -0.000056303246947166 0
outer loop
vertex 57.95558547973633 -30.78481101989746 5
vertex 57.95558547973633 -30.78481101989746 4.5
vertex 57.95596694946289 -24.009540557861328 5
endloop
endfacet
facet normal 0 0 -1
outer loop
vertex -8.03469181060791 -46.62892150878906 0
vertex -61.17863082885742 -54.59312057495117 0
vertex -8.131985664367676 -45.849327087402344 0
endloop
endfacet
facet normal 0 0 -1
outer loop
vertex -8.13223934173584 -46.7749137878418 0
vertex -61.17863082885742 -54.59312057495117 0
vertex -8.03469181060791 -46.62892150878906 0
endloop
endfacet
facet normal 0 0 -1
outer loop
vertex -61.17863082885742 -54.59312057495117 0
vertex -8.166239738464355 -45.677120208740234 0
vertex -8.131985664367676 -45.849327087402344 0
endloop
endfacet
facet normal 0 0 -1
outer loop
vertex -8.16649341583252 -46.947120666503906 0
vertex -61.17863082885742 -54.59312057495117 0
vertex -8.13223934173584 -46.7749137878418 0
endloop
endfacet
facet normal 0 0 -1
outer loop
vertex -8.03469181060791 -47.26531982421875 0
vertex -61.17863082885742 -54.59312057495117 0
vertex -8.13223934173584 -47.119327545166016 0
endloop
endfacet
facet normal 0 0 -1
outer loop
vertex -61.17863082885742 -54.59312057495117 0
vertex -7.88870096206665 -47.36286544799805 0
vertex -7.716493606567383 -47.39712142944336 0
endloop
endfacet
facet normal 0 0 -1
outer loop
vertex -61.17863082885742 -54.59312057495117 0
vertex -8.03469181060791 -47.26531982421875 0
vertex -7.88870096206665 -47.36286544799805 0
endloop
endfacet
facet normal 0 0 -1
outer loop
vertex -61.17863082885742 -54.59312057495117 0
vertex -8.16649341583252 -46.947120666503906 0
vertex -8.13223934173584 -47.119327545166016 0
endloop
endfacet
facet normal 0 0 -1
outer loop
vertex -8.166239738464355 -45.677120208740234 0
vertex -48.86149215698242 -37.39712142944336 0
vertex -24.96149444580078 -42.14712142944336 0
endloop
endfacet
facet normal -0.9999999998835846 0.000015258789060723641 0
outer loop
vertex -70.41070556640625 -3.2563631534576416 0.20000000298023224
vertex -70.41071319580078 -3.7563631534576416 0.20000000298023224
vertex -70.41070556640625 -3.2563631534576416 4.5
endloop
endfacet
facet normal 0.9999999984148208 -0.00005630324694715748 5.502220010895862e-7
outer loop
vertex 57.95558547973633 -30.78481101989746 4.5
vertex 57.955997467041016 -23.509540557861328 0.20000000298023224
vertex 57.95596694946289 -24.009540557861328 4.5
endloop
endfacet
facet normal 0.9999999981373547 -0.000061035156136313156 0
outer loop
vertex 57.95596694946289 -24.009540557861328 4.5
vertex 57.955997467041016 -23.509540557861328 0.20000000298023224
vertex 57.955997467041016 -23.509540557861328 4.5
endloop
endfacet
facet normal -0.000057220396525417235 -0.9999999983629131 0
outer loop
vertex 57.955997467041016 -23.509540557861328 4.5
vertex 58.65599822998047 -23.509580612182617 0.20000000298023224
vertex 58.65599822998047 -23.509580612182617 4.5
endloop
endfacet
facet normal 0.9999999984074058 -0.00005643661551601935 3.111094158074087e-7
outer loop
vertex 58.65599822998047 -23.509580612182617 4.5
vertex 58.65697479248047 -6.229580402374268 0.20000000298023224
vertex 58.65668487548828 -11.342913627624512 4.5
endloop
endfacet
facet normal 0.9999999983815389 -0.00005689348329073143 -2.3217364956463086e-7
outer loop
vertex 58.65668487548828 -11.342913627624512 4.5
vertex 58.65697479248047 -6.229580402374268 0.20000000298023224
vertex 58.65701675415039 -5.509580135345459 4.5
endloop
endfacet
facet normal 0.000056539201330876756 0.9999999984016593 0
outer loop
vertex 58.65701675415039 -5.509580135345459 4.5
vertex 57.95701599121094 -5.509540557861328 0.20000000298023224
vertex 57.95701599121094 -5.509540557861328 4.5
endloop
endfacet
facet normal 0.9999999981373547 -0.000061035156136313156 0
outer loop
vertex 57.95701599121094 -5.509540557861328 4.5
vertex 57.95701599121094 -5.509540557861328 0.20000000298023224
vertex 57.95704650878906 -5.009540557861328 4.5
endloop
endfacet
facet normal 0.999999998414821 -0.00005630324298458824 5.502224618534527e-7
outer loop
vertex 57.95704650878906 -5.009540557861328 4.5
vertex 57.95745849609375 2.265730381011963 0.20000000298023224
vertex 57.957427978515625 1.765730381011963 4.5
endloop
endfacet
facet normal -0.9999999997754334 0.00002119276173992168 0
outer loop
vertex -71.11068725585938 -2.536351203918457 0.20000000298023224
vertex -71.11070251464844 -3.2563512325286865 0.20000000298023224
vertex -71.11070251464844 -3.2563512325286865 4.5
endloop
endfacet
facet normal -0.00001702997274957408 -0.9999999998549899 0
outer loop
vertex -70.41070556640625 -3.2563631534576416 0.20000000298023224
vertex -71.11070251464844 -3.2563512325286865 4.5
vertex -71.11070251464844 -3.2563512325286865 0.20000000298023224
endloop
endfacet
facet normal -0.999999999870351 0.00001610243057803825 -9.809785094200537e-8
outer loop
vertex -70.41071319580078 -3.7563631534576416 0.20000000298023224
vertex -70.41077423095703 -7.546794414520264 0.20000000298023224
vertex -70.41070556640625 -3.2563631534576416 4.5
endloop
endfacet
facet normal 0 0 1
outer loop
vertex 27.138505935668945 -23.14712142944336 5
vertex 32.03850555419922 -23.297121047973633 5
vertex 46.13850784301758 -23.297121047973633 5
endloop
endfacet
facet normal 0 0 1
outer loop
vertex 32.03850555419922 -18.39712142944336 5
vertex 27.138505935668945 -23.14712142944336 5
vertex 46.13850784301758 -23.297121047973633 5
endloop
endfacet
facet normal -0.9999999998833079 0.000015258803612648524 7.436518021700332e-7
outer loop
vertex -70.41077423095703 -7.546794414520264 0.20000000298023224
vertex -70.41078186035156 -8.046793937683105 0.20000000298023224
vertex -70.41070556640625 -3.2563631534576416 4.5
endloop
endfacet
facet normal 0 0 1
outer loop
vertex 46.13850784301758 -18.39712142944336 5
vertex 32.03850555419922 -18.39712142944336 5
vertex 46.13850784301758 -23.297121047973633 5
endloop
endfacet
facet normal 0 0 1
outer loop
vertex 46.13850784301758 -23.297121047973633 5
vertex 57.95558547973633 -30.78481101989746 5
vertex 46.13850784301758 -18.39712142944336 5
endloop
endfacet
facet normal 0.000016348595653448383 0.9999999998663618 0
outer loop
vertex -70.41078186035156 -8.046793937683105 0.20000000298023224
vertex -71.11078643798828 -8.046782493591309 0.20000000298023224
vertex -70.41078186035156 -8.046793937683105 4.5
endloop
endfacet
facet normal -0.9999999998517509 0.00001721911986531482 0
outer loop
vertex -71.11078643798828 -8.046782493591309 0.20000000298023224
vertex -71.111083984375 -25.3267822265625 0.20000000298023224
vertex -71.11078643798828 -8.046782493591309 4.5
endloop
endfacet
facet normal 0 0 1
outer loop
vertex 27.138505935668945 -4.147120952606201 5
vertex 32.03850555419922 -4.297121047973633 5
vertex 46.13850784301758 -4.297121047973633 5
endloop
endfacet
facet normal 0 0 1
outer loop
vertex 27.138505935668945 -4.147120952606201 5
vertex 46.13850784301758 -4.297121047973633 5
vertex 32.03850555419922 0.6028788685798645 5
endloop
endfacet
facet normal 0 0 1
outer loop
vertex 32.03850555419922 0.6028788685798645 5
vertex 46.13850784301758 -4.297121047973633 5
vertex 46.13850784301758 0.6028788685798645 5
endloop
endfacet
facet normal 0 0 1
outer loop
vertex 46.13850784301758 -4.297121047973633 5
vertex 46.13850784301758 -18.39712142944336 5
vertex 56.65704345703125 -5.009466648101807 5
endloop
endfacet
facet normal 0 0 1
outer loop
vertex 46.13850784301758 0.6028788685798645 5
vertex 46.13850784301758 -4.297121047973633 5
vertex 56.65704345703125 -5.009466648101807 5
endloop
endfacet
facet normal 0.9999999984149722 -0.000056303246947166 0
outer loop
vertex 57.95596694946289 -24.009540557861328 5
vertex 57.95558547973633 -30.78481101989746 4.5
vertex 57.95596694946289 -24.009540557861328 4.5
endloop
endfacet
facet normal 0 0 1
outer loop
vertex 8.138506889343262 5.202878952026367 5
vertex -2.901493549346924 13.112878799438477 5
vertex -5.961493492126465 5.202878952026367 5
endloop
endfacet
facet normal 0 0 -1
outer loop
vertex -48.86149215698242 -37.39712142944336 0
vertex -39.411495208740234 -38.09712219238281 0
vertex -24.96149444580078 -42.14712142944336 0
endloop
endfacet
facet normal -0.8240472699627793 -0.5665210471526104 0
outer loop
vertex -69.73188018798828 -51.85325622558594 0
vertex -69.29544830322266 -52.48807907104492 0
vertex -69.73188018798828 -51.85325622558594 5
endloop
endfacet
facet normal 0 0 1
outer loop
vertex 46.13850784301758 -18.39712142944336 5
vertex 57.95558547973633 -30.78481101989746 5
vertex 56.655967712402344 -24.00946617126465 5
endloop
endfacet
facet normal 0 0 1
outer loop
vertex 57.95596694946289 -24.009540557861328 5
vertex 56.655967712402344 -24.00946617126465 5
vertex 57.95558547973633 -30.78481101989746 5
endloop
endfacet
facet normal -0.3996315244148248 -0.9166758667565561 0
outer loop
vertex -68.10145568847656 -53.550926208496094 0
vertex -66.63389587402344 -54.19071960449219 0
vertex -68.10145568847656 -53.550926208496094 5
endloop
endfacet
facet normal -0.6648949812353094 -0.746936854043297 0
outer loop
vertex -69.29544830322266 -52.48807907104492 0
vertex -68.10145568847656 -53.550926208496094 0
vertex -69.29544830322266 -52.48807907104492 5
endloop
endfacet
facet normal -0.9948144355586171 -0.10170663107285664 0
outer loop
vertex -70.40784454345703 -49.33722686767578 0.20000000298023224
vertex -70.30537414550781 -50.33951187133789 0
vertex -70.40784454345703 -49.33722686767578 4.5
endloop
endfacet
facet normal 0 0 1
outer loop
vertex 56.65704345703125 -5.009466648101807 5
vertex 46.13850784301758 -18.39712142944336 5
vertex 56.655967712402344 -24.00946617126465 5
endloop
endfacet
facet normal -0.9351377630495109 -0.354284298436661 0
outer loop
vertex -70.30537414550781 -50.33951187133789 0
vertex -69.73188018798828 -51.85325622558594 0
vertex -70.30537414550781 -50.33951187133789 5
endloop
endfacet
facet normal -0.000016348595653448383 -0.9999999998663618 0
outer loop
vertex -70.41148376464844 -48.83722686767578 0.20000000298023224
vertex -71.11148834228516 -48.837215423583984 4.5
vertex -71.11148834228516 -48.837215423583984 0.20000000298023224
endloop
endfacet
facet normal -0.9999735131906037 -0.0072782496000964045 0
outer loop
vertex -70.41148376464844 -48.83722686767578 0.20000000298023224
vertex -70.40784454345703 -49.33722686767578 0.20000000298023224
vertex -70.41148376464844 -48.83722686767578 4.5
endloop
endfacet
facet normal -0.9999999997754343 0.00002119272665145243 0
outer loop
vertex -71.1114730834961 -48.11721420288086 0.20000000298023224
vertex -71.11148834228516 -48.837215423583984 0.20000000298023224
vertex -71.11148834228516 -48.837215423583984 4.5
endloop
endfacet
facet normal -0.1759143954458972 -0.9844054680236718 0
outer loop
vertex -66.63389587402344 -54.19071960449219 0
vertex -65.92396545410156 -54.31758499145508 0
vertex -66.63389587402344 -54.19071960449219 5
endloop
endfacet
facet normal -0.01348996383518996 -0.9999090062979358 0
outer loop
vertex -65.92396545410156 -54.31758499145508 0
vertex -62.806312561035156 -54.35964584350586 0
vertex -65.92396545410156 -54.31758499145508 5
endloop
endfacet
facet normal 0.9999999984149724 -0.00005630324298459677 0
outer loop
vertex 57.95704650878906 -5.009540557861328 4.5
vertex 57.957427978515625 1.765730381011963 4.5
vertex 57.957427978515625 1.765730381011963 5
endloop
endfacet
facet normal -0.07879833603877458 -0.9968905768626366 0
outer loop
vertex -62.806312561035156 -54.35964584350586 0
vertex -62.760658264160156 -54.36325454711914 0
vertex -62.806312561035156 -54.35964584350586 5
endloop
endfacet
facet normal 0 0 1
outer loop
vertex 46.13850784301758 0.6028788685798645 5
vertex 56.65704345703125 -5.009466648101807 5
vertex 57.95704650878906 -5.009540557861328 5
endloop
endfacet
facet normal 0 0 1
outer loop
vertex 46.13850784301758 0.6028788685798645 5
vertex 57.95704650878906 -5.009540557861328 5
vertex 56.65742874145508 1.7658040523529053 5
endloop
endfacet
facet normal 0.9999999984149724 -0.00005630324298459677 0
outer loop
vertex 57.95704650878906 -5.009540557861328 5
vertex 57.95704650878906 -5.009540557861328 4.5
vertex 57.957427978515625 1.765730381011963 5
endloop
endfacet
facet normal 0 0 1
outer loop
vertex 56.65742874145508 1.7658040523529053 5
vertex 57.95704650878906 -5.009540557861328 5
vertex 57.957427978515625 1.765730381011963 5
endloop
endfacet
facet normal 0 0 -1
outer loop
vertex 3.5885064601898193 5.202878952026367 0
vertex 3.5885064601898193 5.902878761291504 0
vertex 8.138506889343262 5.202878952026367 0
endloop
endfacet
facet normal 0 0 -1
outer loop
vertex 0.5714700222015381 13.41672420501709 0
vertex 3.5885064601898193 5.902878761291504 0
vertex -1.4114935398101807 5.902878761291504 0
endloop
endfacet
facet normal 0 0 -1
outer loop
vertex 0.5714700222015381 13.41672420501709 0
vertex 3.9389092922210693 14.319025993347168 0
vertex 3.5885064601898193 5.902878761291504 0
endloop
endfacet
facet normal 0 0 -1
outer loop
vertex 7.098506450653076 15.792370796203613 0
vertex 8.138506889343262 5.202878952026367 0
vertex 3.5885064601898193 5.902878761291504 0
endloop
endfacet
facet normal 0 0 -1
outer loop
vertex 3.9389092922210693 14.319025993347168 0
vertex 7.098506450653076 15.792370796203613 0
vertex 3.5885064601898193 5.902878761291504 0
endloop
endfacet
facet normal 0 0 -1
outer loop
vertex 8.138506889343262 5.202878952026367 0
vertex 13.038506507873535 9.952878952026367 0
vertex 13.038506507873535 -4.147120952606201 0
endloop
endfacet
facet normal 0 0 -1
outer loop
vertex 7.098506450653076 15.792370796203613 0
vertex 13.038506507873535 9.952878952026367 0
vertex 8.138506889343262 5.202878952026367 0
endloop
endfacet
facet normal 0 0 -1
outer loop
vertex 13.038506507873535 9.952878952026367 0
vertex 17.5885066986084 10.652878761291504 0
vertex 17.5885066986084 9.952878952026367 0
endloop
endfacet
facet normal -0.9999999998835846 0.000015258789060723641 0
outer loop
vertex -70.41109466552734 -26.046794891357422 0.20000000298023224
vertex -70.41110229492188 -26.546794891357422 0.20000000298023224
vertex -70.41109466552734 -26.046794891357422 4.5
endloop
endfacet
facet normal -0.9999999999438582 0.000010596391398314202 0
outer loop
vertex -71.111083984375 -25.3267822265625 0.20000000298023224
vertex -71.11109161376953 -26.046781539916992 0.20000000298023224
vertex -71.11109161376953 -26.046781539916992 4.5
endloop
endfacet
facet normal -0.000019073569478819338 -0.9999999998180995 0
outer loop
vertex -70.41109466552734 -26.046794891357422 0.20000000298023224
vertex -71.11109161376953 -26.046781539916992 4.5
vertex -71.11109161376953 -26.046781539916992 0.20000000298023224
endloop
endfacet
facet normal 0 0 -1
outer loop
vertex -39.411495208740234 -3.597121238708496 0
vertex -34.411495208740234 -0.09712114185094833 0
vertex -34.411495208740234 -3.597121238708496 0
endloop
endfacet
facet normal 0 0 -1
outer loop
vertex 13.038506507873535 9.952878952026367 0
vertex 7.098506450653076 15.792370796203613 0
vertex 9.954258918762207 17.791990280151367 0
endloop
endfacet
facet normal 0 0 -1
outer loop
vertex 9.954258918762207 17.791990280151367 0
vertex 12.419395446777344 20.257125854492188 0
vertex 13.038506507873535 9.952878952026367 0
endloop
endfacet
facet normal 0 0 -1
outer loop
vertex 12.419395446777344 20.257125854492188 0
vertex 17.5885066986084 10.652878761291504 0
vertex 13.038506507873535 9.952878952026367 0
endloop
endfacet
facet normal 0 0 -1
outer loop
vertex 12.419395446777344 20.257125854492188 0
vertex 14.419014930725098 23.112878799438477 0
vertex 22.5885066986084 10.652878761291504 0
endloop
endfacet
facet normal 0 0 -1
outer loop
vertex 22.5885066986084 10.652878761291504 0
vertex 27.138505935668945 9.952878952026367 0
vertex 22.5885066986084 9.952878952026367 0
endloop
endfacet
facet normal 0 0 -1
outer loop
vertex 32.03850555419922 0.6028788685798645 0
vertex 32.03850555419922 -4.297121047973633 0
vertex 27.138505935668945 9.952878952026367 0
endloop
endfacet
facet normal 0 0 -1
outer loop
vertex 32.03850555419922 0.6028788685798645 0
vertex 27.138505935668945 9.952878952026367 0
vertex 32.03850555419922 14.702878952026367 0
endloop
endfacet
facet normal 0 0 -1
outer loop
vertex -34.411495208740234 -0.09712114185094833 0
vertex -43.96149444580078 -4.297121047973633 0
vertex -39.411495208740234 -0.09712114185094833 0
endloop
endfacet
facet normal 0 0 -1
outer loop
vertex -39.411495208740234 -3.597121238708496 0
vertex -43.96149444580078 -4.297121047973633 0
vertex -34.411495208740234 -0.09712114185094833 0
endloop
endfacet
facet normal 0 0 -1
outer loop
vertex -43.96149444580078 -4.297121047973633 0
vertex -39.411495208740234 0.6028788685798645 0
vertex -39.411495208740234 -0.09712114185094833 0
endloop
endfacet
facet normal 0 0 -1
outer loop
vertex -43.96149444580078 0.6028788685798645 0
vertex -39.411495208740234 0.6028788685798645 0
vertex -43.96149444580078 -4.297121047973633 0
endloop
endfacet
facet normal 0 0 -1
outer loop
vertex 17.5885066986084 10.652878761291504 0
vertex 12.419395446777344 20.257125854492188 0
vertex 22.5885066986084 10.652878761291504 0
endloop
endfacet
facet normal 0 0 -1
outer loop
vertex 22.5885066986084 10.652878761291504 0
vertex 14.419014930725098 23.112878799438477 0
vertex 27.138505935668945 9.952878952026367 0
endloop
endfacet
facet normal 0 0 -1
outer loop
vertex 14.419014930725098 23.112878799438477 0
vertex 15.892358779907227 26.272476196289062 0
vertex 27.138505935668945 9.952878952026367 0
endloop
endfacet
facet normal 0 0 -1
outer loop
vertex 27.138505935668945 9.952878952026367 0
vertex 16.794660568237305 29.639915466308594 0
vertex 32.03850555419922 14.702878952026367 0
endloop
endfacet
facet normal 0 0 -1
outer loop
vertex 16.794660568237305 29.639915466308594 0
vertex 27.138505935668945 9.952878952026367 0
vertex 15.892358779907227 26.272476196289062 0
endloop
endfacet
facet normal 0 0 -1
outer loop
vertex 32.03850555419922 14.702878952026367 0
vertex 17.098506927490234 33.11288070678711 0
vertex 27.448318481445312 22.133512496948242 0
endloop
endfacet
facet normal 0 0 -1
outer loop
vertex 32.03850555419922 14.702878952026367 0
vertex 16.794660568237305 29.639915466308594 0
vertex 17.098506927490234 33.11288070678711 0
endloop
endfacet
facet normal 0 0 -1
outer loop
vertex 27.448318481445312 22.133512496948242 0
vertex 36.588504791259766 15.402878761291504 0
vertex 32.03850555419922 14.702878952026367 0
endloop
endfacet
facet normal 0 0 -1
outer loop
vertex 36.588504791259766 15.402878761291504 0
vertex 27.448318481445312 22.133512496948242 0
vertex 32.04474639892578 22.389190673828125 0
endloop
endfacet
facet normal 0 0 -1
outer loop
vertex 32.04474639892578 22.389190673828125 0
vertex 27.448318481445312 22.133512496948242 0
vertex 31.900043487548828 23.074071884155273 0
endloop
endfacet
facet normal 0 0 -1
outer loop
vertex -43.96149444580078 -4.297121047973633 0
vertex -39.411495208740234 -3.597121238708496 0
vertex -39.411495208740234 -4.297121047973633 0
endloop
endfacet
facet normal 0 0 -1
outer loop
vertex -43.96149444580078 -4.297121047973633 0
vertex -48.86149215698242 -4.297121047973633 0
vertex -43.96149444580078 0.6028788685798645 0
endloop
endfacet
facet normal 0 0 -1
outer loop
vertex -48.86149215698242 -4.297121047973633 0
vertex -48.86149215698242 0.6028788685798645 0
vertex -43.96149444580078 0.6028788685798645 0
endloop
endfacet
facet normal 0 0 -1
outer loop
vertex -53.411495208740234 -4.297121047973633 0
vertex -48.86149215698242 0.6028788685798645 0
vertex -48.86149215698242 -4.297121047973633 0
endloop
endfacet
facet normal 0 0 -1
outer loop
vertex -53.411495208740234 -3.597121238708496 0
vertex -48.86149215698242 0.6028788685798645 0
vertex -53.411495208740234 -4.297121047973633 0
endloop
endfacet
facet normal 0 0 -1
outer loop
vertex -43.96149444580078 -18.39712142944336 0
vertex -48.86149215698242 -4.297121047973633 0
vertex -43.96149444580078 -4.297121047973633 0
endloop
endfacet
facet normal 0 0 -1
outer loop
vertex -43.96149444580078 -18.39712142944336 0
vertex -48.86149215698242 -18.39712142944336 0
vertex -48.86149215698242 -4.297121047973633 0
endloop
endfacet
facet normal -0.14378850597367793 -0.989608440520723 0
outer loop
vertex -62.760658264160156 -54.36325454711914 0
vertex -61.17863082885742 -54.59312057495117 0
vertex -62.760658264160156 -54.36325454711914 5
endloop
endfacet
facet normal -0.9999999998517509 0.000017219118915000485 0
outer loop
vertex -71.11117553710938 -30.83721351623535 0.20000000298023224
vertex -71.1114730834961 -48.11721420288086 0.20000000298023224
vertex -71.11117553710938 -30.83721351623535 4.5
endloop
endfacet
facet normal 0.000016348773839776983 0.9999999998663588 0
outer loop
vertex -70.41117858886719 -30.83722496032715 0.20000000298023224
vertex -71.11117553710938 -30.83721351623535 0.20000000298023224
vertex -70.41117858886719 -30.83722496032715 4.5
endloop
endfacet
facet normal 0.6951295420656648 0.7188844968056962 0
outer loop
vertex 61.91423797607422 52.24245071411133 0
vertex 60.7651252746582 53.35359191894531 0
vertex 61.91423797607422 52.24245071411133 5
endloop
endfacet
facet normal 0.8467898039189569 0.5319276529556386 0
outer loop
vertex 62.340248107910156 51.564273834228516 0
vertex 61.91423797607422 52.24245071411133 0
vertex 62.340248107910156 51.564273834228516 5
endloop
endfacet
facet normal -0.39017448269988325 0.9207409369903559 0
outer loop
vertex 63.350006103515625 51.02180099487305 0.20000000298023224
vertex 62.68960189819336 50.741947174072266 0.20000000298023224
vertex 63.350006103515625 51.02180099487305 4.5
endloop
endfacet
facet normal 0 0 -1
outer loop
vertex -34.411495208740234 -22.59712028503418 0
vertex -39.411495208740234 -19.09712028503418 0
vertex -34.411495208740234 -19.09712028503418 0
endloop
endfacet
facet normal 0 0 -1
outer loop
vertex -39.411495208740234 -19.09712028503418 0
vertex -43.96149444580078 -18.39712142944336 0
vertex -39.411495208740234 -18.39712142944336 0
endloop
endfacet
facet normal 0 0 -1
outer loop
vertex -39.411495208740234 -19.09712028503418 0
vertex -39.411495208740234 -22.59712028503418 0
vertex -43.96149444580078 -18.39712142944336 0
endloop
endfacet
facet normal 0 0 -1
outer loop
vertex -39.411495208740234 -22.59712028503418 0
vertex -39.411495208740234 -19.09712028503418 0
vertex -34.411495208740234 -22.59712028503418 0
endloop
endfacet
facet normal 0 0 -1
outer loop
vertex -43.96149444580078 -23.297121047973633 0
vertex -39.411495208740234 -22.59712028503418 0
vertex -39.411495208740234 -23.297121047973633 0
endloop
endfacet
facet normal 0 0 -1
outer loop
vertex -43.96149444580078 -23.297121047973633 0
vertex -43.96149444580078 -18.39712142944336 0
vertex -39.411495208740234 -22.59712028503418 0
endloop
endfacet
facet normal 0 0 -1
outer loop
vertex -43.96149444580078 -18.39712142944336 0
vertex -48.86149215698242 -23.297121047973633 0
vertex -48.86149215698242 -18.39712142944336 0
endloop
endfacet
facet normal 0 0 -1
outer loop
vertex 17.098506927490234 33.11288070678711 0
vertex 16.794660568237305 36.58584213256836 0
vertex 27.448318481445312 22.133512496948242 0
endloop
endfacet
facet normal 0 0 -1
outer loop
vertex 27.448318481445312 22.133512496948242 0
vertex 16.794660568237305 36.58584213256836 0
vertex 15.892358779907227 39.95328140258789 0
endloop
endfacet
facet normal 0 0 -1
outer loop
vertex 24.53361701965332 35.92896270751953 0
vertex 27.448318481445312 22.133512496948242 0
vertex 14.700207710266113 42.71649932861328 0
endloop
endfacet
facet normal 0 0 -1
outer loop
vertex 15.892358779907227 39.95328140258789 0
vertex 14.593581199645996 42.73851776123047 0
vertex 27.448318481445312 22.133512496948242 0
endloop
endfacet
facet normal 0 0 -1
outer loop
vertex 27.448318481445312 22.133512496948242 0
vertex 14.593581199645996 42.73851776123047 0
vertex 14.700207710266113 42.71649932861328 0
endloop
endfacet
facet normal 0 0 -1
outer loop
vertex 24.53361701965332 35.92896270751953 0
vertex 14.700207710266113 42.71649932861328 0
vertex 20.218564987182617 42.677581787109375 0
endloop
endfacet
facet normal 0 0 -1
outer loop
vertex 24.53361701965332 35.92896270751953 0
vertex 20.218564987182617 42.677581787109375 0
vertex 20.292991638183594 42.685028076171875 0
endloop
endfacet
facet normal 0 0 -1
outer loop
vertex 24.53361701965332 35.92896270751953 0
vertex 20.292991638183594 42.685028076171875 0
vertex 28.840639114379883 37.554405212402344 0
endloop
endfacet
facet normal 0 0 -1
outer loop
vertex 24.53361701965332 35.92896270751953 0
vertex 28.840639114379883 37.554405212402344 0
vertex 28.985340118408203 36.86952590942383 0
endloop
endfacet
facet normal 0 0 -1
outer loop
vertex -48.86149215698242 -18.39712142944336 0
vertex -53.411495208740234 -19.09712028503418 0
vertex -53.411495208740234 -18.39712142944336 0
endloop
endfacet
facet normal 0 0 -1
outer loop
vertex -43.96149444580078 -23.297121047973633 0
vertex -48.86149215698242 -23.297121047973633 0
vertex -43.96149444580078 -18.39712142944336 0
endloop
endfacet
facet normal 0 0 -1
outer loop
vertex -53.411495208740234 -23.297121047973633 0
vertex -48.86149215698242 -18.39712142944336 0
vertex -48.86149215698242 -23.297121047973633 0
endloop
endfacet
facet normal 0 0 -1
outer loop
vertex -53.411495208740234 -22.59712028503418 0
vertex -48.86149215698242 -18.39712142944336 0
vertex -53.411495208740234 -23.297121047973633 0
endloop
endfacet
facet normal 0 0 -1
outer loop
vertex 20.292991638183594 42.685028076171875 0
vertex 38.494571685791016 46.49711227416992 0
vertex 28.840639114379883 37.554405212402344 0
endloop
endfacet
facet normal 0 0 -1
outer loop
vertex 33.732643127441406 38.58798599243164 0
vertex 28.840639114379883 37.554405212402344 0
vertex 38.494571685791016 46.49711227416992 0
endloop
endfacet
facet normal 0.9203850826467329 0.3910131706750641 0
outer loop
vertex 62.68960189819336 50.741947174072266 0.20000000298023224
vertex 62.49409484863281 51.20214080810547 0.20000000298023224
vertex 62.68960189819336 50.741947174072266 4.5
endloop
endfacet
facet normal 0.9203856504414177 0.3910118341706548 -1.6885085699851906e-7
outer loop
vertex 62.49409484863281 51.20214080810547 0.20000000298023224
vertex 62.340248107910156 51.564273834228516 0
vertex 62.68960189819336 50.741947174072266 4.5
endloop
endfacet
facet normal 0.9207416556606223 0.3901727867641926 0
outer loop
vertex 63.350006103515625 51.02180099487305 0.20000000298023224
vertex 63.350006103515625 51.02180099487305 4.5
vertex 63.63093185424805 50.358863830566406 0.20000000298023224
endloop
endfacet
facet normal 0.4370884374692895 0.8994185331816635 0
outer loop
vertex 60.7651252746582 53.35359191894531 0
vertex 59.35149002075195 54.04057312011719 0
vertex 60.7651252746582 53.35359191894531 5
endloop
endfacet
facet normal 0.2022336856286599 0.9793372944992181 0
outer loop
vertex 14.700207710266113 42.71649932861328 0
vertex 14.593581199645996 42.73851776123047 0
vertex 14.593581199645996 42.73851776123047 5
endloop
endfacet
facet normal 0.13569826101385002 0.9907502116869908 0
outer loop
vertex 59.35149002075195 54.04057312011719 0
vertex 57.794307708740234 54.25385284423828 0
vertex 59.35149002075195 54.04057312011719 5
endloop
endfacet
facet normal 0 0 -1
outer loop
vertex -48.86149215698242 0.6028788685798645 0
vertex -58.411495208740234 -3.597121238708496 0
vertex -53.411495208740234 -0.09712114185094833 0
endloop
endfacet
facet normal 0 0 -1
outer loop
vertex -58.411495208740234 -3.597121238708496 0
vertex -48.86149215698242 0.6028788685798645 0
vertex -53.411495208740234 -3.597121238708496 0
endloop
endfacet
facet normal 0 0 -1
outer loop
vertex -58.411495208740234 -0.09712114185094833 0
vertex -53.411495208740234 -0.09712114185094833 0
vertex -58.411495208740234 -3.597121238708496 0
endloop
endfacet
facet normal 0.007052202636585494 0.9999751329098002 0
outer loop
vertex 20.218564987182617 42.677581787109375 0
vertex 14.700207710266113 42.71649932861328 0
vertex 20.218564987182617 42.677581787109375 5
endloop
endfacet
facet normal -0.09955168905256435 0.9950323920389635 0
outer loop
vertex 20.292991638183594 42.685028076171875 0
vertex 20.218564987182617 42.677581787109375 0
vertex 20.292991638183594 42.685028076171875 5
endloop
endfacet
facet normal -0.204989428497282 0.9787641872301814 0
outer loop
vertex 38.494571685791016 46.49711227416992 0
vertex 20.292991638183594 42.685028076171875 0
vertex 38.494571685791016 46.49711227416992 5
endloop
endfacet
facet normal 0 0 -1
outer loop
vertex 36.588504791259766 -0.09712114185094833 0
vertex 32.03850555419922 0.6028788685798645 0
vertex 36.588504791259766 0.6028788685798645 0
endloop
endfacet
facet normal 0 0 -1
outer loop
vertex 46.13850784301758 0.6028788685798645 0
vertex 41.588504791259766 -0.09712114185094833 0
vertex 41.588504791259766 0.6028788685798645 0
endloop
endfacet
facet normal 0 0 -1
outer loop
vertex 56.65704345703125 -5.009466648101807 0
vertex 46.13850784301758 0.6028788685798645 0
vertex 46.13850784301758 14.702878952026367 0
endloop
endfacet
facet normal 0 0 -1
outer loop
vertex -58.411495208740234 -0.09712114185094833 0
vertex -62.96149444580078 -4.297121047973633 0
vertex -58.411495208740234 0.6028788685798645 0
endloop
endfacet
facet normal 0 0 -1
outer loop
vertex -58.411495208740234 -3.597121238708496 0
vertex -62.96149444580078 -4.297121047973633 0
vertex -58.411495208740234 -0.09712114185094833 0
endloop
endfacet
facet normal 0 0 -1
outer loop
vertex -62.96149444580078 -4.297121047973633 0
vertex -58.411495208740234 -3.597121238708496 0
vertex -58.411495208740234 -4.297121047973633 0
endloop
endfacet
facet normal 0 0 -1
outer loop
vertex -58.411495208740234 0.6028788685798645 0
vertex -70.41077423095703 -7.546794414520264 0
vertex -62.96149444580078 0.6028788685798645 0
endloop
endfacet
facet normal 0 0 -1
outer loop
vertex -62.96149444580078 -4.297121047973633 0
vertex -70.41077423095703 -7.546794414520264 0
vertex -58.411495208740234 0.6028788685798645 0
endloop
endfacet
facet normal 0 0 -1
outer loop
vertex 32.03850555419922 14.702878952026367 0
vertex 36.588504791259766 15.402878761291504 0
vertex 36.588504791259766 14.702878952026367 0
endloop
endfacet
facet normal 0 0 -1
outer loop
vertex 36.588504791259766 15.402878761291504 0
vertex 36.93674850463867 23.422773361206055 0
vertex 41.588504791259766 15.402878761291504 0
endloop
endfacet
facet normal 0 0 -1
outer loop
vertex 41.588504791259766 14.702878952026367 0
vertex 41.588504791259766 15.402878761291504 0
vertex 46.13850784301758 14.702878952026367 0
endloop
endfacet
facet normal 0 0 -1
outer loop
vertex 46.13850784301758 14.702878952026367 0
vertex 41.588504791259766 15.402878761291504 0
vertex 36.93674850463867 23.422773361206055 0
endloop
endfacet
facet normal 0 0 -1
outer loop
vertex 36.588504791259766 15.402878761291504 0
vertex 32.04474639892578 22.389190673828125 0
vertex 36.93674850463867 23.422773361206055 0
endloop
endfacet
facet normal 0 0 -1
outer loop
vertex 36.93674850463867 23.422773361206055 0
vertex 36.79204559326172 24.107654571533203 0
vertex 41.243770599365234 25.048213958740234 0
endloop
endfacet
facet normal 0 0 -1
outer loop
vertex 46.13850784301758 14.702878952026367 0
vertex 36.93674850463867 23.422773361206055 0
vertex 41.243770599365234 25.048213958740234 0
endloop
endfacet
facet normal 0 0 -1
outer loop
vertex 46.13850784301758 14.702878952026367 0
vertex 41.243770599365234 25.048213958740234 0
vertex 56.65742874145508 1.7658040523529053 0
endloop
endfacet
facet normal 0 0 -1
outer loop
vertex 56.65742874145508 1.7658040523529053 0
vertex 41.243770599365234 25.048213958740234 0
vertex 56.65850830078125 20.765804290771484 0
endloop
endfacet
facet normal 0 0 -1
outer loop
vertex 56.65850830078125 20.765804290771484 0
vertex 41.243770599365234 25.048213958740234 0
vertex 57.9585075378418 20.765729904174805 0
endloop
endfacet
facet normal 0 0 -1
outer loop
vertex 57.9585075378418 20.765729904174805 0
vertex 41.243770599365234 25.048213958740234 0
vertex 57.963653564453125 20.855600357055664 0
endloop
endfacet
facet normal 0 0 -1
outer loop
vertex 57.963653564453125 20.855600357055664 0
vertex 41.243770599365234 25.048213958740234 0
vertex 58.15341567993164 21.950851440429688 0
endloop
endfacet
facet normal 0 0 -1
outer loop
vertex 58.15341567993164 21.950851440429688 0
vertex 41.243770599365234 25.048213958740234 0
vertex 58.191043853759766 22.05901336669922 0
endloop
endfacet
facet normal 0 0 -1
outer loop
vertex 58.191043853759766 22.05901336669922 0
vertex 41.243770599365234 25.048213958740234 0
vertex 49.13633346557617 27.56328010559082 0
endloop
endfacet
facet normal -0.17914916609515288 0.9838219230569175 0
outer loop
vertex 57.794307708740234 54.25385284423828 0
vertex 56.21396255493164 53.96607971191406 0
vertex 57.794307708740234 54.25385284423828 5
endloop
endfacet
facet normal -0.9999999998804147 0.000015258789060675272 0.000002517948350905329
outer loop
vertex -70.41117095947266 -30.33722496032715 0.20000000298023224
vertex -70.41117858886719 -30.83722496032715 0.20000000298023224
vertex -70.41109466552734 -26.046794891357422 4.5
endloop
endfacet
facet normal 0 0 -1
outer loop
vertex -70.41077423095703 -7.546794414520264 0
vertex -69.11071014404297 -3.756385564804077 0
vertex -62.96149444580078 0.6028788685798645 0
endloop
endfacet
facet normal -0.9999999998358637 0.000018115240096922116 -3.3214546964027665e-7
outer loop
vertex -70.41110229492188 -26.546794891357422 0.20000000298023224
vertex -70.41117095947266 -30.33722496032715 0.20000000298023224
vertex -70.41109466552734 -26.046794891357422 4.5
endloop
endfacet
facet normal 0 0 -1
outer loop
vertex -69.11077880859375 -7.546816825866699 0
vertex -70.41077423095703 -7.546794414520264 0
vertex -62.96149444580078 -4.297121047973633 0
endloop
endfacet
facet normal 0.9207418558958702 0.3901723142426033 0
outer loop
vertex 70.37310791015625 34.448448181152344 0.20000000298023224
vertex 63.63093185424805 50.358863830566406 0.20000000298023224
vertex 70.37310791015625 34.448448181152344 4.5
endloop
endfacet
facet normal -0.9999999998703559 0.00001610243057803833 0
outer loop
vertex -70.41071319580078 -3.7563631534576416 0
vertex -70.41077423095703 -7.546794414520264 0.20000000298023224
vertex -70.41071319580078 -3.7563631534576416 0.20000000298023224
endloop
endfacet
facet normal 0.39017586322121156 -0.920740351977463 0
outer loop
vertex 70.37310791015625 34.448448181152344 0.20000000298023224
vertex 69.72787475585938 34.17502212524414 4.5
vertex 69.72787475585938 34.17502212524414 0.20000000298023224
endloop
endfacet
facet normal 0 0 -1
outer loop
vertex 56.65742874145508 1.7658040523529053 0
vertex 56.65704345703125 -5.009466648101807 0
vertex 46.13850784301758 14.702878952026367 0
endloop
endfacet
facet normal 0.9203823369511815 0.39101963355705094 0.000001091521187338842
outer loop
vertex 70.02996063232422 33.463958740234375 5
vertex 69.92338562011719 33.71482849121094 0.20000000298023224
vertex 69.72787475585938 34.17502212524414 0.20000000298023224
endloop
endfacet
facet normal 0.9203898529326701 0.3910019419626686 0
outer loop
vertex 70.02996063232422 33.463958740234375 0
vertex 69.92338562011719 33.71482849121094 0.20000000298023224
vertex 70.02996063232422 33.463958740234375 5
endloop
endfacet
facet normal 0.9838214399847938 0.1791518189308915 0
outer loop
vertex 70.31758117675781 31.884475708007812 0
vertex 70.02996063232422 33.463958740234375 0
vertex 70.31758117675781 31.884475708007812 5
endloop
endfacet
facet normal 0.9907502116869908 -0.13569826101385002 0
outer loop
vertex 70.10430145263672 30.327293395996094 0
vertex 70.31758117675781 31.884475708007812 0
vertex 70.10430145263672 30.327293395996094 5
endloop
endfacet
facet normal 0.8994185331816635 -0.4370884374692895 0
outer loop
vertex 69.41732025146484 28.913658142089844 0
vertex 70.10430145263672 30.327293395996094 0
vertex 69.41732025146484 28.913658142089844 5
endloop
endfacet
facet normal 0.718884536213114 -0.6951295013115586 0
outer loop
vertex 68.30618286132812 27.764549255371094 0
vertex 69.41732025146484 28.913658142089844 0
vertex 68.30618286132812 27.764549255371094 5
endloop
endfacet
facet normal 0.5319233775961111 -0.8467924895549942 0
outer loop
vertex 67.62528991699219 27.336837768554688 0
vertex 68.30618286132812 27.764549255371094 0
vertex 67.62528991699219 27.336837768554688 5
endloop
endfacet
facet normal -0.38872932733671356 0.9213520011745491 0
outer loop
vertex 56.21396255493164 53.96607971191406 0
vertex 38.55902862548828 46.51725387573242 0
vertex 56.21396255493164 53.96607971191406 5
endloop
endfacet
facet normal -0.2982589109782742 0.9544850035605871 0
outer loop
vertex 38.55902862548828 46.51725387573242 0
vertex 38.494571685791016 46.49711227416992 0
vertex 38.55902862548828 46.51725387573242 5
endloop
endfacet
facet normal 0 0 -1
outer loop
vertex -70.41117095947266 -30.33722496032715 0
vertex -69.11109924316406 -26.546815872192383 0
vertex -58.411495208740234 -18.39712142944336 0
endloop
endfacet
facet normal 0 0 -1
outer loop
vertex 58.191043853759766 22.05901336669922 0
vertex 49.13633346557617 27.56328010559082 0
vertex 53.59814453125 28.696754455566406 0
endloop
endfacet
facet normal 0 0 -1
outer loop
vertex 58.191043853759766 22.05901336669922 0
vertex 53.59814453125 28.696754455566406 0
vertex 58.686614990234375 22.970415115356445 0
endloop
endfacet
facet normal 0 0 -1
outer loop
vertex -62.96149444580078 -23.297121047973633 0
vertex -70.41117095947266 -30.33722496032715 0
vertex -58.411495208740234 -18.39712142944336 0
endloop
endfacet
facet normal 0 0 -1
outer loop
vertex -58.411495208740234 -18.39712142944336 0
vertex -69.11109924316406 -26.546815872192383 0
vertex -62.96149444580078 -18.39712142944336 0
endloop
endfacet
facet normal 0 0 -1
outer loop
vertex 58.686614990234375 22.970415115356445 0
vertex 58.20066833496094 30.650409698486328 0
vertex 58.75263214111328 23.056724548339844 0
endloop
endfacet
facet normal 0 0 -1
outer loop
vertex 58.75263214111328 23.056724548339844 0
vertex 58.20066833496094 30.650409698486328 0
vertex 59.50577163696289 23.776744842529297 0
endloop
endfacet
facet normal 0 0 -1
outer loop
vertex 59.50577163696289 23.776744842529297 0
vertex 58.20066833496094 30.650409698486328 0
vertex 59.608665466308594 23.845170974731445 0
endloop
endfacet
facet normal 0.9203856168812027 0.39101191316660416 0
outer loop
vertex 62.49409484863281 51.20214080810547 0.20000000298023224
vertex 62.49409484863281 51.20214080810547 0
vertex 62.340248107910156 51.564273834228516 0
endloop
endfacet
facet normal 0 0 -1
outer loop
vertex -70.41077423095703 -7.546794414520264 0
vertex -70.41071319580078 -3.7563631534576416 0
vertex -69.11071014404297 -3.756385564804077 0
endloop
endfacet
facet normal -0.9999999998703559 0.00001610243057803833 0
outer loop
vertex -70.41077423095703 -7.546794414520264 0
vertex -70.41077423095703 -7.546794414520264 0.20000000298023224
vertex -70.41071319580078 -3.7563631534576416 0
endloop
endfacet
facet normal 0 0 -1
outer loop
vertex -62.96149444580078 -18.39712142944336 0
vertex -69.11077880859375 -7.546816825866699 0
vertex -62.96149444580078 -4.297121047973633 0
endloop
endfacet
facet normal 0 0 -1
outer loop
vertex 61.313438415527344 50.70182418823242 0
vertex 62.340248107910156 51.564273834228516 0
vertex 62.49409484863281 51.20214080810547 0
endloop
endfacet
facet normal 0 0 -1
outer loop
vertex 68.72671508789062 33.20772933959961 0
vertex 56.606143951416016 46.05170822143555 0
vertex 61.313438415527344 50.70182418823242 0
endloop
endfacet
facet normal 0 0 -1
outer loop
vertex 62.340248107910156 51.564273834228516 0
vertex 56.21396255493164 53.96607971191406 0
vertex 61.91423797607422 52.24245071411133 0
endloop
endfacet
facet normal 0 0 -1
outer loop
vertex 56.21396255493164 53.96607971191406 0
vertex 60.7651252746582 53.35359191894531 0
vertex 61.91423797607422 52.24245071411133 0
endloop
endfacet
facet normal 0 0 -1
outer loop
vertex -48.86149215698242 -18.39712142944336 0
vertex -58.411495208740234 -22.59712028503418 0
vertex -53.411495208740234 -19.09712028503418 0
endloop
endfacet
facet normal -0.000056539201330876756 -0.9999999984016593 0
outer loop
vertex 58.6574592590332 2.265690803527832 0.20000000298023224
vertex 57.95745849609375 2.265730381011963 4.5
vertex 57.95745849609375 2.265730381011963 0.20000000298023224
endloop
endfacet
facet normal 0.999999998403082 -0.000056514034347881074 0
outer loop
vertex 58.6574592590332 2.265690803527832 0.20000000298023224
vertex 58.6584358215332 19.545690536499023 0.20000000298023224
vertex 58.6574592590332 2.265690803527832 4.5
endloop
endfacet
facet normal 0.9999999983017119 -0.00005828015259502357 0
outer loop
vertex 58.658477783203125 20.265689849853516 0.20000000298023224
vertex 58.658477783203125 20.265689849853516 4.5
vertex 58.6584358215332 19.545690536499023 0.20000000298023224
endloop
endfacet
facet normal 0.9999999981373547 -0.000061035156136313156 0
outer loop
vertex 57.95847702026367 20.265729904174805 0.20000000298023224
vertex 57.9585075378418 20.765729904174805 0.20000000298023224
vertex 57.95847702026367 20.265729904174805 4.5
endloop
endfacet
facet normal 0.000057220396525417235 0.9999999983629131 0
outer loop
vertex 58.658477783203125 20.265689849853516 0.20000000298023224
vertex 57.95847702026367 20.265729904174805 0.20000000298023224
vertex 58.658477783203125 20.265689849853516 4.5
endloop
endfacet
facet normal 0.998364638237628 -0.05716685330372937 0
outer loop
vertex 57.9585075378418 20.765729904174805 0
vertex 57.963653564453125 20.855600357055664 0
vertex 57.9585075378418 20.765729904174805 5
endloop
endfacet
facet normal 0.9853203416268748 -0.170715624288753 0
outer loop
vertex 57.963653564453125 20.855600357055664 0
vertex 58.15341567993164 21.950851440429688 0
vertex 57.963653564453125 20.855600357055664 5
endloop
endfacet
facet normal 0.9444788201154413 -0.32857230308311747 0
outer loop
vertex 58.15341567993164 21.950851440429688 0
vertex 58.191043853759766 22.05901336669922 0
vertex 58.15341567993164 21.950851440429688 5
endloop
endfacet
facet normal 0.8785257720255704 -0.47769495275423995 0
outer loop
vertex 58.191043853759766 22.05901336669922 0
vertex 58.686614990234375 22.970415115356445 0
vertex 58.191043853759766 22.05901336669922 5
endloop
endfacet
facet normal 0.7942875776251335 -0.6075419689456835 0
outer loop
vertex 58.686614990234375 22.970415115356445 0
vertex 58.75263214111328 23.056724548339844 0
vertex 58.686614990234375 22.970415115356445 5
endloop
endfacet
facet normal 0.6910351748768016 -0.7228211307667951 0
outer loop
vertex 58.75263214111328 23.056724548339844 0
vertex 59.50577163696289 23.776744842529297 0
vertex 58.75263214111328 23.056724548339844 5
endloop
endfacet
facet normal 0.5537487692333294 -0.8326837938693014 0
outer loop
vertex 59.50577163696289 23.776744842529297 0
vertex 59.608665466308594 23.845170974731445 0
vertex 59.50577163696289 23.776744842529297 5
endloop
endfacet
facet normal 0.39932023035794184 -0.9168115147765544 0
outer loop
vertex 59.608665466308594 23.845170974731445 0
vertex 67.62528991699219 27.336837768554688 0
vertex 59.608665466308594 23.845170974731445 5
endloop
endfacet
facet normal 0 0 -1
outer loop
vertex 49.13633346557617 27.56328010559082 0
vertex 41.243770599365234 25.048213958740234 0
vertex 38.32906723022461 38.843666076660156 0
endloop
endfacet
facet normal 0 0 -1
outer loop
vertex 33.87734603881836 37.903106689453125 0
vertex 33.732643127441406 38.58798599243164 0
vertex 38.32906723022461 38.843666076660156 0
endloop
endfacet
facet normal 0 0 -1
outer loop
vertex 49.13633346557617 27.56328010559082 0
vertex 38.32906723022461 38.843666076660156 0
vertex 38.494571685791016 46.49711227416992 0
endloop
endfacet
facet normal 0 0 -1
outer loop
vertex 49.13633346557617 27.56328010559082 0
vertex 38.55902862548828 46.51725387573242 0
vertex 43.62702560424805 40.54240036010742 0
endloop
endfacet
facet normal 0 0 -1
outer loop
vertex 38.55902862548828 46.51725387573242 0
vertex 49.13633346557617 27.56328010559082 0
vertex 38.494571685791016 46.49711227416992 0
endloop
endfacet
facet normal 0 0 -1
outer loop
vertex 53.59814453125 28.696754455566406 0
vertex 49.13633346557617 27.56328010559082 0
vertex 53.32463073730469 29.341108322143555 0
endloop
endfacet
facet normal 0 0 -1
outer loop
vertex -58.411495208740234 -19.09712028503418 0
vertex -53.411495208740234 -19.09712028503418 0
vertex -58.411495208740234 -22.59712028503418 0
endloop
endfacet
facet normal 0 0 -1
outer loop
vertex -58.411495208740234 -19.09712028503418 0
vertex -62.96149444580078 -23.297121047973633 0
vertex -58.411495208740234 -18.39712142944336 0
endloop
endfacet
facet normal 0 0 -1
outer loop
vertex 38.32906723022461 38.843666076660156 0
vertex 33.732643127441406 38.58798599243164 0
vertex 38.494571685791016 46.49711227416992 0
endloop
endfacet
facet normal 0 0 -1
outer loop
vertex 38.55902862548828 46.51725387573242 0
vertex 47.81532287597656 42.32022476196289 0
vertex 43.62702560424805 40.54240036010742 0
endloop
endfacet
facet normal 0 0 -1
outer loop
vertex 47.81532287597656 42.32022476196289 0
vertex 38.55902862548828 46.51725387573242 0
vertex 47.54180908203125 42.96458053588867 0
endloop
endfacet
facet normal 0 0 -1
outer loop
vertex 47.54180908203125 42.96458053588867 0
vertex 38.55902862548828 46.51725387573242 0
vertex 52.14433670043945 44.918235778808594 0
endloop
endfacet
facet normal 0 0 -1
outer loop
vertex 52.14433670043945 44.918235778808594 0
vertex 38.55902862548828 46.51725387573242 0
vertex 56.606143951416016 46.05170822143555 0
endloop
endfacet
facet normal 0 0 -1
outer loop
vertex 56.606143951416016 46.05170822143555 0
vertex 38.55902862548828 46.51725387573242 0
vertex 61.313438415527344 50.70182418823242 0
endloop
endfacet
facet normal 0 0 -1
outer loop
vertex 61.313438415527344 50.70182418823242 0
vertex 38.55902862548828 46.51725387573242 0
vertex 56.21396255493164 53.96607971191406 0
endloop
endfacet
facet normal 0 0 -1
outer loop
vertex -58.411495208740234 -22.59712028503418 0
vertex -48.86149215698242 -18.39712142944336 0
vertex -53.411495208740234 -22.59712028503418 0
endloop
endfacet
facet normal 0 0 -1
outer loop
vertex -58.411495208740234 -22.59712028503418 0
vertex -62.96149444580078 -23.297121047973633 0
vertex -58.411495208740234 -19.09712028503418 0
endloop
endfacet
facet normal 0 0 -1
outer loop
vertex -62.96149444580078 -23.297121047973633 0
vertex -58.411495208740234 -22.59712028503418 0
vertex -58.411495208740234 -23.297121047973633 0
endloop
endfacet
facet normal 0 0 -1
outer loop
vertex 61.313438415527344 50.70182418823242 0
vertex 56.21396255493164 53.96607971191406 0
vertex 62.340248107910156 51.564273834228516 0
endloop
endfacet
facet normal 0 0 -1
outer loop
vertex 58.20066833496094 30.650409698486328 0
vertex 58.686614990234375 22.970415115356445 0
vertex 53.59814453125 28.696754455566406 0
endloop
endfacet
facet normal 0 0 -1
outer loop
vertex 58.20066833496094 30.650409698486328 0
vertex 57.927154541015625 31.294763565063477 0
vertex 62.11545181274414 33.07258987426758 0
endloop
endfacet
facet normal 0 0 -1
outer loop
vertex 67.62528991699219 27.336837768554688 0
vertex 59.608665466308594 23.845170974731445 0
vertex 58.20066833496094 30.650409698486328 0
endloop
endfacet
facet normal 0 0 -1
outer loop
vertex 67.62528991699219 27.336837768554688 0
vertex 58.20066833496094 30.650409698486328 0
vertex 62.11545181274414 33.07258987426758 0
endloop
endfacet
facet normal 0 0 -1
outer loop
vertex 67.62528991699219 27.336837768554688 0
vertex 62.11545181274414 33.07258987426758 0
vertex 68.30618286132812 27.764549255371094 0
endloop
endfacet
facet normal 0 0 -1
outer loop
vertex 70.10430145263672 30.327293395996094 0
vertex 68.72671508789062 33.20772933959961 0
vertex 70.31758117675781 31.884475708007812 0
endloop
endfacet
facet normal 0 0 -1
outer loop
vertex 70.31758117675781 31.884475708007812 0
vertex 68.72671508789062 33.20772933959961 0
vertex 70.02996063232422 33.463958740234375 0
endloop
endfacet
facet normal 0 0 -1
outer loop
vertex 70.02996063232422 33.463958740234375 0
vertex 68.72671508789062 33.20772933959961 0
vertex 69.92338562011719 33.71482849121094 0
endloop
endfacet
facet normal 0 0 -1
outer loop
vertex 60.7651252746582 53.35359191894531 0
vertex 57.794307708740234 54.25385284423828 0
vertex 59.35149002075195 54.04057312011719 0
endloop
endfacet
facet normal 0.9203898529326701 0.3910019419626686 0
outer loop
vertex 70.02996063232422 33.463958740234375 0
vertex 69.92338562011719 33.71482849121094 0
vertex 69.92338562011719 33.71482849121094 0.20000000298023224
endloop
endfacet
facet normal 0 0 -1
outer loop
vertex 56.21396255493164 53.96607971191406 0
vertex 57.794307708740234 54.25385284423828 0
vertex 60.7651252746582 53.35359191894531 0
endloop
endfacet
facet normal 0 0 -1
outer loop
vertex 52.4178466796875 44.27388000488281 0
vertex 52.14433670043945 44.918235778808594 0
vertex 56.606143951416016 46.05170822143555 0
endloop
endfacet
facet normal 0 0 -1
outer loop
vertex 68.30618286132812 27.764549255371094 0
vertex 62.11545181274414 33.07258987426758 0
vertex 56.606143951416016 46.05170822143555 0
endloop
endfacet
facet normal 0 0 -1
outer loop
vertex 68.30618286132812 27.764549255371094 0
vertex 56.606143951416016 46.05170822143555 0
vertex 69.41732025146484 28.913658142089844 0
endloop
endfacet
facet normal 0 0 -1
outer loop
vertex 69.41732025146484 28.913658142089844 0
vertex 56.606143951416016 46.05170822143555 0
vertex 70.10430145263672 30.327293395996094 0
endloop
endfacet
facet normal 0 0 -1
outer loop
vertex 68.72671508789062 33.20772933959961 0
vertex 70.10430145263672 30.327293395996094 0
vertex 56.606143951416016 46.05170822143555 0
endloop
endfacet
facet normal 0 0 -1
outer loop
vertex -7.3004937171936035 -38.22932815551758 0
vertex -7.266239643096924 -38.05712127685547 0
vertex -5.961493492126465 -46.89712142944336 0
endloop
endfacet
facet normal -0.000055753136760889715 -0.9999999984457939 0
outer loop
vertex 56.655582427978516 -30.784738540649414 4.5
vertex 57.95558547973633 -30.78481101989746 4.5
vertex 57.95558547973633 -30.78481101989746 5
endloop
endfacet
facet normal 0 0 1
outer loop
vertex 56.65450668334961 -49.78473663330078 4.5
vertex 57.95450973510742 -49.735111236572266 4.5
vertex 57.95453643798828 -49.284812927246094 4.5
endloop
endfacet
facet normal 0.000056059103910403034 0.9999999984286884 0
outer loop
vertex 56.65450668334961 -49.78473663330078 4.5
vertex 56.65450668334961 -49.78473663330078 5
vertex 57.94741439819336 -49.78480911254883 4.5
endloop
endfacet
facet normal 0 0 1
outer loop
vertex 57.94741439819336 -49.78480911254883 4.5
vertex 57.95450973510742 -49.735111236572266 4.5
vertex 56.65450668334961 -49.78473663330078 4.5
endloop
endfacet
facet normal 0 0 1
outer loop
vertex 56.65450668334961 -49.78473663330078 4.5
vertex 57.95453643798828 -49.284812927246094 4.5
vertex 58.65522384643555 -37.11818313598633 4.5
endloop
endfacet
facet normal 0 0 1
outer loop
vertex 58.65522384643555 -37.11818313598633 4.5
vertex 57.95453643798828 -49.284812927246094 4.5
vertex 58.654537200927734 -49.28485107421875 4.5
endloop
endfacet
facet normal 0.9999999983971929 -0.00005661814395645149 0
outer loop
vertex 56.65450668334961 -49.78473663330078 5
vertex 56.65450668334961 -49.78473663330078 4.5
vertex 56.655582427978516 -30.784738540649414 5
endloop
endfacet
facet normal 0.9999999983971929 -0.00005661814395645149 0
outer loop
vertex 56.655582427978516 -30.784738540649414 5
vertex 56.65450668334961 -49.78473663330078 4.5
vertex 56.655582427978516 -30.784738540649414 4.5
endloop
endfacet
facet normal -0.000055753136760889715 -0.9999999984457939 0
outer loop
vertex 56.655582427978516 -30.784738540649414 5
vertex 56.655582427978516 -30.784738540649414 4.5
vertex 57.95558547973633 -30.78481101989746 5
endloop
endfacet
facet normal 0 0 1
outer loop
vertex 56.655582427978516 -30.784738540649414 4.5
vertex 56.65450668334961 -49.78473663330078 4.5
vertex 58.65522384643555 -37.11818313598633 4.5
endloop
endfacet
facet normal 0 0 1
outer loop
vertex 56.655582427978516 -30.784738540649414 4.5
vertex 58.65522384643555 -37.11818313598633 4.5
vertex 57.9555549621582 -31.28481101989746 4.5
endloop
endfacet
facet normal 0 0 1
outer loop
vertex 58.655555725097656 -31.28485107421875 4.5
vertex 57.9555549621582 -31.28481101989746 4.5
vertex 58.65522384643555 -37.11818313598633 4.5
endloop
endfacet
facet normal 0 0 1
outer loop
vertex 57.9555549621582 -31.28481101989746 4.5
vertex 57.95558547973633 -30.78481101989746 4.5
vertex 56.655582427978516 -30.784738540649414 4.5
endloop
endfacet
facet normal 0.000056059103910403034 0.9999999984286884 0
outer loop
vertex 56.65450668334961 -49.78473663330078 5
vertex 57.94741439819336 -49.78480911254883 5
vertex 57.94741439819336 -49.78480911254883 4.5
endloop
endfacet
facet normal 0 0 1
outer loop
vertex 68.72671508789062 33.20772933959961 4.5
vertex 69.72787475585938 34.17502212524414 4.5
vertex 65.62601470947266 45.65080642700195 4.5
endloop
endfacet
facet normal -0.39017210386024054 0.9207419450471851 0
outer loop
vertex 69.92338562011719 33.71482849121094 4.5
vertex 68.72671508789062 33.20772933959961 4.5
vertex 68.72671508789062 33.20772933959961 5
endloop
endfacet
facet normal 0 0 1
outer loop
vertex 68.72671508789062 33.20772933959961 4.5
vertex 69.92338562011719 33.71482849121094 4.5
vertex 69.72787475585938 34.17502212524414 4.5
endloop
endfacet
facet normal 0 0 1
outer loop
vertex 65.62601470947266 45.65080642700195 4.5
vertex 69.72787475585938 34.17502212524414 4.5
vertex 70.37310791015625 34.448448181152344 4.5
endloop
endfacet
facet normal 0.920741801499463 0.3901724426090642 0
outer loop
vertex 68.72671508789062 33.20772933959961 5
vertex 68.72671508789062 33.20772933959961 4.5
vertex 61.313438415527344 50.70182418823242 5
endloop
endfacet
facet normal 0 0 1
outer loop
vertex 68.72671508789062 33.20772933959961 4.5
vertex 65.62601470947266 45.65080642700195 4.5
vertex 61.313438415527344 50.70182418823242 4.5
endloop
endfacet
facet normal 0.920741801499463 0.3901724426090642 0
outer loop
vertex 61.313438415527344 50.70182418823242 5
vertex 68.72671508789062 33.20772933959961 4.5
vertex 61.313438415527344 50.70182418823242 4.5
endloop
endfacet
facet normal 0 0 1
outer loop
vertex 61.313438415527344 50.70182418823242 4.5
vertex 65.62601470947266 45.65080642700195 4.5
vertex 62.68960189819336 50.741947174072266 4.5
endloop
endfacet
facet normal 0 0 1
outer loop
vertex 63.350006103515625 51.02180099487305 4.5
vertex 62.68960189819336 50.741947174072266 4.5
vertex 65.62601470947266 45.65080642700195 4.5
endloop
endfacet
facet normal 0 0 1
outer loop
vertex 62.68960189819336 50.741947174072266 4.5
vertex 62.49409484863281 51.20214080810547 4.5
vertex 61.313438415527344 50.70182418823242 4.5
endloop
endfacet
facet normal 0.39017446858351673 -0.9207409429723273 0
outer loop
vertex 61.313438415527344 50.70182418823242 4.5
vertex 62.49409484863281 51.20214080810547 4.5
vertex 62.49409484863281 51.20214080810547 5
endloop
endfacet
facet normal 0.39017446858351673 -0.9207409429723273 0
outer loop
vertex 62.49409484863281 51.20214080810547 5
vertex 61.313438415527344 50.70182418823242 5
vertex 61.313438415527344 50.70182418823242 4.5
endloop
endfacet
facet normal -0.39017210386024054 0.9207419450471851 0
outer loop
vertex 68.72671508789062 33.20772933959961 5
vertex 69.92338562011719 33.71482849121094 5
vertex 69.92338562011719 33.71482849121094 4.5
endloop
endfacet
facet normal -0.9999999998509336 0.000017266524462886667 0
outer loop
vertex -69.10999298095703 38.0340461730957 4.5
vertex -69.11032104492188 19.034046173095703 4.5
vertex -69.10999298095703 38.0340461730957 5
endloop
endfacet
facet normal 0.000016139160644168777 0.9999999998697637 0
outer loop
vertex -69.11032104492188 19.034046173095703 4.5
vertex -70.41031646728516 19.034067153930664 4.5
vertex -70.41031646728516 19.034067153930664 5
endloop
endfacet
facet normal 0 0 1
outer loop
vertex -70.41030883789062 19.534067153930664 4.5
vertex -70.41031646728516 19.034067153930664 4.5
vertex -69.11032104492188 19.034046173095703 4.5
endloop
endfacet
facet normal 0.000016139160644168777 0.9999999998697637 0
outer loop
vertex -69.11032104492188 19.034046173095703 4.5
vertex -70.41031646728516 19.034067153930664 5
vertex -69.11032104492188 19.034046173095703 5
endloop
endfacet
facet normal 0 0 1
outer loop
vertex -71.11021423339844 25.367412567138672 4.5
vertex -71.11031341552734 19.534080505371094 4.5
vertex -70.41030883789062 19.534067153930664 4.5
endloop
endfacet
facet normal 0 0 1
outer loop
vertex -71.11021423339844 25.367412567138672 4.5
vertex -70.41030883789062 19.534067153930664 4.5
vertex -69.11032104492188 19.034046173095703 4.5
endloop
endfacet
facet normal 0 0 1
outer loop
vertex -71.11021423339844 25.367412567138672 4.5
vertex -69.11032104492188 19.034046173095703 4.5
vertex -69.10999298095703 38.0340461730957 4.5
endloop
endfacet
facet normal 0 0 1
outer loop
vertex -71.11000061035156 37.534080505371094 4.5
vertex -71.11021423339844 25.367412567138672 4.5
vertex -70.41000366210938 37.5340690612793 4.5
endloop
endfacet
facet normal 0 0 1
outer loop
vertex -70.41000366210938 37.5340690612793 4.5
vertex -71.11021423339844 25.367412567138672 4.5
vertex -69.10999298095703 38.0340461730957 4.5
endloop
endfacet
facet normal 0 0 1
outer loop
vertex -70.40999603271484 37.956275939941406 4.5
vertex -70.41000366210938 37.5340690612793 4.5
vertex -69.10999298095703 38.0340461730957 4.5
endloop
endfacet
facet normal 0 0 1
outer loop
vertex -70.39248657226562 38.0340690612793 4.5
vertex -70.40999603271484 37.956275939941406 4.5
vertex -69.10999298095703 38.0340461730957 4.5
endloop
endfacet
facet normal -0.000017846626092494582 -0.9999999998407489 0
outer loop
vertex -70.39248657226562 38.0340690612793 4.5
vertex -69.10999298095703 38.0340461730957 4.5
vertex -69.10999298095703 38.0340461730957 5
endloop
endfacet
facet normal -0.000017846626092494582 -0.9999999998407489 0
outer loop
vertex -70.39248657226562 38.0340690612793 5
vertex -70.39248657226562 38.0340690612793 4.5
vertex -69.10999298095703 38.0340461730957 5
endloop
endfacet
facet normal -0.9999999998509336 0.000017266524462886667 0
outer loop
vertex -69.11032104492188 19.034046173095703 5
vertex -69.10999298095703 38.0340461730957 5
vertex -69.11032104492188 19.034046173095703 4.5
endloop
endfacet
facet normal 0.00001765588676416093 0.9999999998441349 0
outer loop
vertex -69.11149597167969 -49.337249755859375 4.5
vertex -70.40784454345703 -49.33722686767578 4.5
vertex -70.40784454345703 -49.33722686767578 5
endloop
endfacet
facet normal -0.000017606253738600125 -0.99999999984501 0
outer loop
vertex -70.41117095947266 -30.33722496032715 4.5
vertex -69.11116790771484 -30.337247848510742 5
vertex -70.41117095947266 -30.33722496032715 5
endloop
endfacet
facet normal 0.00001765588676416093 0.9999999998441349 0
outer loop
vertex -69.11149597167969 -49.337249755859375 4.5
vertex -70.40784454345703 -49.33722686767578 5
vertex -69.11149597167969 -49.337249755859375 5
endloop
endfacet
facet normal 0 0 1
outer loop
vertex -69.11149597167969 -49.337249755859375 4.5
vertex -71.11138153076172 -43.00387954711914 4.5
vertex -70.41148376464844 -48.83722686767578 4.5
endloop
endfacet
facet normal 0 0 1
outer loop
vertex -71.11138153076172 -43.00387954711914 4.5
vertex -71.11148834228516 -48.837215423583984 4.5
vertex -70.41148376464844 -48.83722686767578 4.5
endloop
endfacet
facet normal -0.9999999998509336 0.000017266522729556218 0
outer loop
vertex -69.11149597167969 -49.337249755859375 4.5
vertex -69.11149597167969 -49.337249755859375 5
vertex -69.11116790771484 -30.337247848510742 4.5
endloop
endfacet
facet normal 0 0 1
outer loop
vertex -71.11138153076172 -43.00387954711914 4.5
vertex -69.11149597167969 -49.337249755859375 4.5
vertex -69.11116790771484 -30.337247848510742 4.5
endloop
endfacet
facet normal 0 0 1
outer loop
vertex -71.11117553710938 -30.83721351623535 4.5
vertex -71.11138153076172 -43.00387954711914 4.5
vertex -70.41117858886719 -30.83722496032715 4.5
endloop
endfacet
facet normal 0 0 1
outer loop
vertex -70.41117858886719 -30.83722496032715 4.5
vertex -71.11138153076172 -43.00387954711914 4.5
vertex -69.11116790771484 -30.337247848510742 4.5
endloop
endfacet
facet normal -0.9999999998509336 0.000017266522729556218 0
outer loop
vertex -69.11116790771484 -30.337247848510742 4.5
vertex -69.11149597167969 -49.337249755859375 5
vertex -69.11116790771484 -30.337247848510742 5
endloop
endfacet
facet normal 0 0 1
outer loop
vertex -70.41117095947266 -30.33722496032715 4.5
vertex -70.41117858886719 -30.83722496032715 4.5
vertex -69.11116790771484 -30.337247848510742 4.5
endloop
endfacet
facet normal -0.000017606253738600125 -0.99999999984501 0
outer loop
vertex -70.41117095947266 -30.33722496032715 4.5
vertex -69.11116790771484 -30.337247848510742 4.5
vertex -69.11116790771484 -30.337247848510742 5
endloop
endfacet
facet normal 0 0 1
outer loop
vertex -70.41148376464844 -48.83722686767578 4.5
vertex -70.40784454345703 -49.33722686767578 4.5
vertex -69.11149597167969 -49.337249755859375 4.5
endloop
endfacet
facet normal 0.9999999983858057 -0.00005681891109908276 0
outer loop
vertex 56.65850830078125 20.765804290771484 5
vertex 56.65742874145508 1.7658040523529053 5
vertex 56.65742874145508 1.7658040523529053 4.5
endloop
endfacet
facet normal -0.00005722049247206231 -0.9999999983629075 0
outer loop
vertex 57.9585075378418 20.765729904174805 5
vertex 56.65850830078125 20.765804290771484 5
vertex 56.65850830078125 20.765804290771484 4.5
endloop
endfacet
facet normal -0.00005722049247206231 -0.9999999983629075 0
outer loop
vertex 56.65850830078125 20.765804290771484 4.5
vertex 57.9585075378418 20.765729904174805 4.5
vertex 57.9585075378418 20.765729904174805 5
endloop
endfacet
facet normal 0 0 1
outer loop
vertex 56.65742874145508 1.7658040523529053 4.5
vertex 58.658145904541016 14.432357788085938 4.5
vertex 56.65850830078125 20.765804290771484 4.5
endloop
endfacet
facet normal 0.000056670295430837256 0.9999999983942387 0
outer loop
vertex 57.957427978515625 1.765730381011963 5
vertex 56.65742874145508 1.7658040523529053 4.5
vertex 56.65742874145508 1.7658040523529053 5
endloop
endfacet
facet normal 0 0 1
outer loop
vertex 58.658145904541016 14.432357788085938 4.5
vertex 57.95745849609375 2.265730381011963 4.5
vertex 58.6574592590332 2.265690803527832 4.5
endloop
endfacet
facet normal 0 0 1
outer loop
vertex 56.65742874145508 1.7658040523529053 4.5
vertex 57.95745849609375 2.265730381011963 4.5
vertex 58.658145904541016 14.432357788085938 4.5
endloop
endfacet
facet normal 0.000056670295430837256 0.9999999983942387 0
outer loop
vertex 57.957427978515625 1.765730381011963 5
vertex 57.957427978515625 1.765730381011963 4.5
vertex 56.65742874145508 1.7658040523529053 4.5
endloop
endfacet
facet normal 0 0 1
outer loop
vertex 56.65742874145508 1.7658040523529053 4.5
vertex 57.957427978515625 1.765730381011963 4.5
vertex 57.95745849609375 2.265730381011963 4.5
endloop
endfacet
facet normal 0 0 1
outer loop
vertex 57.95847702026367 20.265729904174805 4.5
vertex 57.9585075378418 20.765729904174805 4.5
vertex 56.65850830078125 20.765804290771484 4.5
endloop
endfacet
facet normal 0 0 1
outer loop
vertex 58.658477783203125 20.265689849853516 4.5
vertex 57.95847702026367 20.265729904174805 4.5
vertex 58.658145904541016 14.432357788085938 4.5
endloop
endfacet
facet normal 0 0 1
outer loop
vertex 56.65850830078125 20.765804290771484 4.5
vertex 58.658145904541016 14.432357788085938 4.5
vertex 57.95847702026367 20.265729904174805 4.5
endloop
endfacet
facet normal 0.9999999983858057 -0.00005681891109908276 0
outer loop
vertex 56.65850830078125 20.765804290771484 5
vertex 56.65742874145508 1.7658040523529053 4.5
vertex 56.65850830078125 20.765804290771484 4.5
endloop
endfacet
facet normal 0.9999999983971932 -0.000056618139693666945 0
outer loop
vertex 56.65704345703125 -5.009466648101807 5
vertex 56.655967712402344 -24.00946617126465 4.5
vertex 56.65704345703125 -5.009466648101807 4.5
endloop
endfacet
facet normal 0.9999999983971932 -0.000056618139693666945 0
outer loop
vertex 56.655967712402344 -24.00946617126465 5
vertex 56.655967712402344 -24.00946617126465 4.5
vertex 56.65704345703125 -5.009466648101807 5
endloop
endfacet
facet normal 0 0 1
outer loop
vertex 58.65668487548828 -11.342913627624512 4.5
vertex 57.955997467041016 -23.509540557861328 4.5
vertex 58.65599822998047 -23.509580612182617 4.5
endloop
endfacet
facet normal 0 0 1
outer loop
vertex 56.655967712402344 -24.00946617126465 4.5
vertex 57.955997467041016 -23.509540557861328 4.5
vertex 58.65668487548828 -11.342913627624512 4.5
endloop
endfacet
facet normal 0.00005722049247206231 0.9999999983629075 0
outer loop
vertex 57.95596694946289 -24.009540557861328 5
vertex 56.655967712402344 -24.00946617126465 4.5
vertex 56.655967712402344 -24.00946617126465 5
endloop
endfacet
facet normal 0 0 1
outer loop
vertex 56.655967712402344 -24.00946617126465 4.5
vertex 57.95596694946289 -24.009540557861328 4.5
vertex 57.955997467041016 -23.509540557861328 4.5
endloop
endfacet
facet normal 0.00005722049247206231 0.9999999983629075 0
outer loop
vertex 57.95596694946289 -24.009540557861328 5
vertex 57.95596694946289 -24.009540557861328 4.5
vertex 56.655967712402344 -24.00946617126465 4.5
endloop
endfacet
facet normal 0 0 1
outer loop
vertex 56.65704345703125 -5.009466648101807 4.5
vertex 56.655967712402344 -24.00946617126465 4.5
vertex 58.65668487548828 -11.342913627624512 4.5
endloop
endfacet
facet normal 0 0 1
outer loop
vertex 56.65704345703125 -5.009466648101807 4.5
vertex 58.65668487548828 -11.342913627624512 4.5
vertex 57.95701599121094 -5.509540557861328 4.5
endloop
endfacet
facet normal 0 0 1
outer loop
vertex 58.65701675415039 -5.509580135345459 4.5
vertex 57.95701599121094 -5.509540557861328 4.5
vertex 58.65668487548828 -11.342913627624512 4.5
endloop
endfacet
facet normal 0 0 1
outer loop
vertex 57.95701599121094 -5.509540557861328 4.5
vertex 57.95704650878906 -5.009540557861328 4.5
vertex 56.65704345703125 -5.009466648101807 4.5
endloop
endfacet
facet normal -0.000056853527614490136 -0.9999999983838381 0
outer loop
vertex 56.65704345703125 -5.009466648101807 4.5
vertex 57.95704650878906 -5.009540557861328 4.5
vertex 57.95704650878906 -5.009540557861328 5
endloop
endfacet
facet normal -0.000056853527614490136 -0.9999999983838381 0
outer loop
vertex 56.65704345703125 -5.009466648101807 5
vertex 56.65704345703125 -5.009466648101807 4.5
vertex 57.95704650878906 -5.009540557861328 5
endloop
endfacet
facet normal -0.9999999998509336 0.000017266524679553 0
outer loop
vertex -69.11071014404297 -3.756385564804077 5
vertex -69.11038208007812 15.243614196777344 4.5
vertex -69.11071014404297 -3.756385564804077 4.5
endloop
endfacet
facet normal 0 0 1
outer loop
vertex -71.11060333251953 2.576982259750366 4.5
vertex -69.11071014404297 -3.756385564804077 4.5
vertex -69.11038208007812 15.243614196777344 4.5
endloop
endfacet
facet normal 0 0 1
outer loop
vertex -71.11039733886719 14.743648529052734 4.5
vertex -71.11060333251953 2.576982259750366 4.5
vertex -70.41039276123047 14.743637084960938 4.5
endloop
endfacet
facet normal 0 0 1
outer loop
vertex -70.41039276123047 14.743637084960938 4.5
vertex -71.11060333251953 2.576982259750366 4.5
vertex -69.11038208007812 15.243614196777344 4.5
endloop
endfacet
facet normal -0.9999999998509336 0.000017266524679553 0
outer loop
vertex -69.11038208007812 15.243614196777344 4.5
vertex -69.11071014404297 -3.756385564804077 5
vertex -69.11038208007812 15.243614196777344 5
endloop
endfacet
facet normal 0 0 1
outer loop
vertex -70.41038513183594 15.243637084960938 4.5
vertex -70.41039276123047 14.743637084960938 4.5
vertex -69.11038208007812 15.243614196777344 4.5
endloop
endfacet
facet normal -0.000017606253738600125 -0.99999999984501 0
outer loop
vertex -70.41038513183594 15.243637084960938 4.5
vertex -69.11038208007812 15.243614196777344 4.5
vertex -69.11038208007812 15.243614196777344 5
endloop
endfacet
facet normal -0.000017606253738600125 -0.99999999984501 0
outer loop
vertex -70.41038513183594 15.243637084960938 5
vertex -70.41038513183594 15.243637084960938 4.5
vertex -69.11038208007812 15.243614196777344 5
endloop
endfacet
facet normal 0.000017239456785822795 0.9999999998514005 0
outer loop
vertex -69.11071014404297 -3.756385564804077 4.5
vertex -70.41071319580078 -3.7563631534576416 5
vertex -69.11071014404297 -3.756385564804077 5
endloop
endfacet
facet normal 0 0 1
outer loop
vertex -70.41070556640625 -3.2563631534576416 4.5
vertex -69.11071014404297 -3.756385564804077 4.5
vertex -71.11060333251953 2.576982259750366 4.5
endloop
endfacet
facet normal 0 0 1
outer loop
vertex -71.11060333251953 2.576982259750366 4.5
vertex -71.11070251464844 -3.2563512325286865 4.5
vertex -70.41070556640625 -3.2563631534576416 4.5
endloop
endfacet
facet normal 0.000017239456785822795 0.9999999998514005 0
outer loop
vertex -69.11071014404297 -3.756385564804077 4.5
vertex -70.41071319580078 -3.7563631534576416 4.5
vertex -70.41071319580078 -3.7563631534576416 5
endloop
endfacet
facet normal 0 0 1
outer loop
vertex -70.41070556640625 -3.2563631534576416 4.5
vertex -70.41071319580078 -3.7563631534576416 4.5
vertex -69.11071014404297 -3.756385564804077 4.5
endloop
endfacet
facet normal 0 0 1
outer loop
vertex -71.11099243164062 -20.213449478149414 4.5
vertex -71.11109161376953 -26.046781539916992 4.5
vertex -70.41109466552734 -26.046794891357422 4.5
endloop
endfacet
facet normal -0.000017239557960500043 -0.9999999998513989 0
outer loop
vertex -70.41077423095703 -7.546794414520264 4.5
vertex -69.11077880859375 -7.546816825866699 5
vertex -70.41077423095703 -7.546794414520264 5
endloop
endfacet
facet normal 0 0 1
outer loop
vertex -71.11099243164062 -20.213449478149414 4.5
vertex -70.41109466552734 -26.046794891357422 4.5
vertex -69.11109924316406 -26.546815872192383 4.5
endloop
endfacet
facet normal 0.000016139065927449646 0.9999999998697653 0
outer loop
vertex -69.11109924316406 -26.546815872192383 4.5
vertex -70.41110229492188 -26.546794891357422 4.5
vertex -70.41110229492188 -26.546794891357422 5
endloop
endfacet
facet normal 0.000016139065927449646 0.9999999998697653 0
outer loop
vertex -69.11109924316406 -26.546815872192383 4.5
vertex -70.41110229492188 -26.546794891357422 5
vertex -69.11109924316406 -26.546815872192383 5
endloop
endfacet
facet normal 0 0 1
outer loop
vertex -71.11099243164062 -20.213449478149414 4.5
vertex -69.11109924316406 -26.546815872192383 4.5
vertex -69.11077880859375 -7.546816825866699 4.5
endloop
endfacet
facet normal -0.9999999998577862 0.000016864978228980336 0
outer loop
vertex -69.11077880859375 -7.546816825866699 4.5
vertex -69.11109924316406 -26.546815872192383 4.5
vertex -69.11109924316406 -26.546815872192383 5
endloop
endfacet
facet normal -0.9999999998577862 0.000016864978228980336 0
outer loop
vertex -69.11077880859375 -7.546816825866699 4.5
vertex -69.11109924316406 -26.546815872192383 5
vertex -69.11077880859375 -7.546816825866699 5
endloop
endfacet
facet normal 0 0 1
outer loop
vertex -71.11078643798828 -8.046782493591309 4.5
vertex -71.11099243164062 -20.213449478149414 4.5
vertex -70.41078186035156 -8.046793937683105 4.5
endloop
endfacet
facet normal 0 0 1
outer loop
vertex -70.41078186035156 -8.046793937683105 4.5
vertex -71.11099243164062 -20.213449478149414 4.5
vertex -69.11077880859375 -7.546816825866699 4.5
endloop
endfacet
facet normal 0 0 1
outer loop
vertex -70.41077423095703 -7.546794414520264 4.5
vertex -70.41078186035156 -8.046793937683105 4.5
vertex -69.11077880859375 -7.546816825866699 4.5
endloop
endfacet
facet normal -0.000017239557960500043 -0.9999999998513989 0
outer loop
vertex -70.41077423095703 -7.546794414520264 4.5
vertex -69.11077880859375 -7.546816825866699 4.5
vertex -69.11077880859375 -7.546816825866699 5
endloop
endfacet
facet normal 0 0 1
outer loop
vertex -70.41109466552734 -26.046794891357422 4.5
vertex -70.41110229492188 -26.546794891357422 4.5
vertex -69.11109924316406 -26.546815872192383 4.5
endloop
endfacet
facet normal 0.00005605910391040303 0.9999999984286884 0
outer loop
vertex 56.65450668334961 -49.78473663330078 0.20000000298023224
vertex 57.94741439819336 -49.78480911254883 0
vertex 56.65450668334961 -49.78473663330078 0
endloop
endfacet
facet normal 0 0 -1
outer loop
vertex 58.655513763427734 -32.004852294921875 0.20000000298023224
vertex 56.655582427978516 -30.784738540649414 0.20000000298023224
vertex 57.9555549621582 -31.28481101989746 0.20000000298023224
endloop
endfacet
facet normal 0 0 -1
outer loop
vertex 56.655582427978516 -30.784738540649414 0.20000000298023224
vertex 57.95558547973633 -30.78481101989746 0.20000000298023224
vertex 57.9555549621582 -31.28481101989746 0.20000000298023224
endloop
endfacet
facet normal -0.000055753136760889715 -0.9999999984457939 0
outer loop
vertex 57.95558547973633 -30.78481101989746 0.20000000298023224
vertex 56.655582427978516 -30.784738540649414 0
vertex 57.95558547973633 -30.78481101989746 0
endloop
endfacet
facet normal -0.000055753136760889715 -0.9999999984457939 0
outer loop
vertex 56.655582427978516 -30.784738540649414 0.20000000298023224
vertex 56.655582427978516 -30.784738540649414 0
vertex 57.95558547973633 -30.78481101989746 0.20000000298023224
endloop
endfacet
facet normal 0 0 -1
outer loop
vertex 58.655513763427734 -32.004852294921875 0.20000000298023224
vertex 56.65450668334961 -49.78473663330078 0.20000000298023224
vertex 56.655582427978516 -30.784738540649414 0.20000000298023224
endloop
endfacet
facet normal 0.9999999983971929 -0.00005661814395645149 0
outer loop
vertex 56.655582427978516 -30.784738540649414 0.20000000298023224
vertex 56.65450668334961 -49.78473663330078 0
vertex 56.655582427978516 -30.784738540649414 0
endloop
endfacet
facet normal 0 0 -1
outer loop
vertex 57.95453643798828 -49.284812927246094 0.20000000298023224
vertex 58.655513763427734 -32.004852294921875 0.20000000298023224
vertex 58.654537200927734 -49.28485107421875 0.20000000298023224
endloop
endfacet
facet normal 0 0 -1
outer loop
vertex 58.655513763427734 -32.004852294921875 0.20000000298023224
vertex 57.9555549621582 -31.28481101989746 0.20000000298023224
vertex 58.655555725097656 -31.28485107421875 0.20000000298023224
endloop
endfacet
facet normal 0 0 -1
outer loop
vertex 57.95453643798828 -49.284812927246094 0.20000000298023224
vertex 56.65450668334961 -49.78473663330078 0.20000000298023224
vertex 58.655513763427734 -32.004852294921875 0.20000000298023224
endloop
endfacet
facet normal 0.9999999983971929 -0.00005661814395645149 0
outer loop
vertex 56.65450668334961 -49.78473663330078 0.20000000298023224
vertex 56.65450668334961 -49.78473663330078 0
vertex 56.655582427978516 -30.784738540649414 0.20000000298023224
endloop
endfacet
facet normal 0 0 -1
outer loop
vertex 57.95450973510742 -49.735111236572266 0.20000000298023224
vertex 56.65450668334961 -49.78473663330078 0.20000000298023224
vertex 57.95453643798828 -49.284812927246094 0.20000000298023224
endloop
endfacet
facet normal 0 0 -1
outer loop
vertex 57.94741439819336 -49.78480911254883 0.20000000298023224
vertex 56.65450668334961 -49.78473663330078 0.20000000298023224
vertex 57.95450973510742 -49.735111236572266 0.20000000298023224
endloop
endfacet
facet normal 0.00005605910391040303 0.9999999984286884 0
outer loop
vertex 57.94741439819336 -49.78480911254883 0
vertex 56.65450668334961 -49.78473663330078 0.20000000298023224
vertex 57.94741439819336 -49.78480911254883 0.20000000298023224
endloop
endfacet
facet normal 0 0 -1
outer loop
vertex 69.72787475585938 34.17502212524414 0.20000000298023224
vertex 63.63093185424805 50.358863830566406 0.20000000298023224
vertex 70.37310791015625 34.448448181152344 0.20000000298023224
endloop
endfacet
facet normal 0.3901744685835166 -0.9207409429723271 0
outer loop
vertex 61.313438415527344 50.70182418823242 0
vertex 62.49409484863281 51.20214080810547 0
vertex 62.49409484863281 51.20214080810547 0.20000000298023224
endloop
endfacet
facet normal 0 0 -1
outer loop
vertex 62.68960189819336 50.741947174072266 0.20000000298023224
vertex 61.313438415527344 50.70182418823242 0.20000000298023224
vertex 62.49409484863281 51.20214080810547 0.20000000298023224
endloop
endfacet
facet normal 0.3901744685835166 -0.9207409429723271 0
outer loop
vertex 61.313438415527344 50.70182418823242 0.20000000298023224
vertex 61.313438415527344 50.70182418823242 0
vertex 62.49409484863281 51.20214080810547 0.20000000298023224
endloop
endfacet
facet normal 0.9207418014994629 0.3901724426090642 0
outer loop
vertex 68.72671508789062 33.20772933959961 0.20000000298023224
vertex 68.72671508789062 33.20772933959961 0
vertex 61.313438415527344 50.70182418823242 0.20000000298023224
endloop
endfacet
facet normal 0 0 -1
outer loop
vertex 69.72787475585938 34.17502212524414 0.20000000298023224
vertex 68.72671508789062 33.20772933959961 0.20000000298023224
vertex 63.63093185424805 50.358863830566406 0.20000000298023224
endloop
endfacet
facet normal 0 0 -1
outer loop
vertex 69.92338562011719 33.71482849121094 0.20000000298023224
vertex 68.72671508789062 33.20772933959961 0.20000000298023224
vertex 69.72787475585938 34.17502212524414 0.20000000298023224
endloop
endfacet
facet normal -0.39017210386024054 0.9207419450471851 0
outer loop
vertex 69.92338562011719 33.71482849121094 0.20000000298023224
vertex 68.72671508789062 33.20772933959961 0
vertex 68.72671508789062 33.20772933959961 0.20000000298023224
endloop
endfacet
facet normal -0.39017210386024054 0.9207419450471851 0
outer loop
vertex 69.92338562011719 33.71482849121094 0
vertex 68.72671508789062 33.20772933959961 0
vertex 69.92338562011719 33.71482849121094 0.20000000298023224
endloop
endfacet
facet normal 0.9207418014994629 0.3901724426090642 0
outer loop
vertex 61.313438415527344 50.70182418823242 0.20000000298023224
vertex 68.72671508789062 33.20772933959961 0
vertex 61.313438415527344 50.70182418823242 0
endloop
endfacet
facet normal 0 0 -1
outer loop
vertex 63.63093185424805 50.358863830566406 0.20000000298023224
vertex 68.72671508789062 33.20772933959961 0.20000000298023224
vertex 61.313438415527344 50.70182418823242 0.20000000298023224
endloop
endfacet
facet normal 0 0 -1
outer loop
vertex 63.63093185424805 50.358863830566406 0.20000000298023224
vertex 61.313438415527344 50.70182418823242 0.20000000298023224
vertex 62.68960189819336 50.741947174072266 0.20000000298023224
endloop
endfacet
facet normal 0 0 -1
outer loop
vertex 63.63093185424805 50.358863830566406 0.20000000298023224
vertex 62.68960189819336 50.741947174072266 0.20000000298023224
vertex 63.350006103515625 51.02180099487305 0.20000000298023224
endloop
endfacet
facet normal 0.000016139160644168777 0.9999999998697637 0
outer loop
vertex -69.11032104492188 19.034046173095703 0
vertex -70.41031646728516 19.034067153930664 0
vertex -70.41031646728516 19.034067153930664 0.20000000298023224
endloop
endfacet
facet normal 0 0 -1
outer loop
vertex -71.11029815673828 20.254079818725586 0.20000000298023224
vertex -69.10999298095703 38.0340461730957 0.20000000298023224
vertex -69.11032104492188 19.034046173095703 0.20000000298023224
endloop
endfacet
facet normal 0 0 -1
outer loop
vertex -69.11032104492188 19.034046173095703 0.20000000298023224
vertex -70.41031646728516 19.034067153930664 0.20000000298023224
vertex -70.41030883789062 19.534067153930664 0.20000000298023224
endloop
endfacet
facet normal 0 0 -1
outer loop
vertex -69.10999298095703 38.0340461730957 0.20000000298023224
vertex -70.40999603271484 37.956275939941406 0.20000000298023224
vertex -70.39248657226562 38.0340690612793 0.20000000298023224
endloop
endfacet
facet normal 0 0 -1
outer loop
vertex -69.10999298095703 38.0340461730957 0.20000000298023224
vertex -70.41000366210938 37.5340690612793 0.20000000298023224
vertex -70.40999603271484 37.956275939941406 0.20000000298023224
endloop
endfacet
facet normal -0.000017846626092494586 -0.999999999840749 0
outer loop
vertex -70.39248657226562 38.0340690612793 0.20000000298023224
vertex -70.39248657226562 38.0340690612793 0
vertex -69.10999298095703 38.0340461730957 0.20000000298023224
endloop
endfacet
facet normal -0.000017846626092494586 -0.999999999840749 0
outer loop
vertex -70.39248657226562 38.0340690612793 0
vertex -69.10999298095703 38.0340461730957 0
vertex -69.10999298095703 38.0340461730957 0.20000000298023224
endloop
endfacet
facet normal 0 0 -1
outer loop
vertex -69.10999298095703 38.0340461730957 0.20000000298023224
vertex -71.11029815673828 20.254079818725586 0.20000000298023224
vertex -70.41000366210938 37.5340690612793 0.20000000298023224
endloop
endfacet
facet normal 0 0 -1
outer loop
vertex -71.11029815673828 20.254079818725586 0.20000000298023224
vertex -71.11000061035156 37.534080505371094 0.20000000298023224
vertex -70.41000366210938 37.5340690612793 0.20000000298023224
endloop
endfacet
facet normal -0.9999999998509336 0.000017266524462886667 0
outer loop
vertex -69.10999298095703 38.0340461730957 0
vertex -69.11032104492188 19.034046173095703 0.20000000298023224
vertex -69.10999298095703 38.0340461730957 0.20000000298023224
endloop
endfacet
facet normal -0.9999999998509336 0.000017266524462886667 0
outer loop
vertex -69.11032104492188 19.034046173095703 0
vertex -69.11032104492188 19.034046173095703 0.20000000298023224
vertex -69.10999298095703 38.0340461730957 0
endloop
endfacet
facet normal 0 0 -1
outer loop
vertex -70.41030883789062 19.534067153930664 0.20000000298023224
vertex -71.11029815673828 20.254079818725586 0.20000000298023224
vertex -69.11032104492188 19.034046173095703 0.20000000298023224
endloop
endfacet
facet normal 0 0 -1
outer loop
vertex -71.11031341552734 19.534080505371094 0.20000000298023224
vertex -71.11029815673828 20.254079818725586 0.20000000298023224
vertex -70.41030883789062 19.534067153930664 0.20000000298023224
endloop
endfacet
facet normal 0.000016139160644168777 0.9999999998697637 0
outer loop
vertex -69.11032104492188 19.034046173095703 0
vertex -70.41031646728516 19.034067153930664 0.20000000298023224
vertex -69.11032104492188 19.034046173095703 0.20000000298023224
endloop
endfacet
facet normal -0.00001760625373860013 -0.99999999984501 0
outer loop
vertex -70.41117095947266 -30.33722496032715 0
vertex -69.11116790771484 -30.337247848510742 0.20000000298023224
vertex -70.41117095947266 -30.33722496032715 0.20000000298023224
endloop
endfacet
facet normal 0 0 -1
outer loop
vertex -69.11149597167969 -49.337249755859375 0.20000000298023224
vertex -71.1114730834961 -48.11721420288086 0.20000000298023224
vertex -69.11116790771484 -30.337247848510742 0.20000000298023224
endloop
endfacet
facet normal 0 0 -1
outer loop
vertex -71.1114730834961 -48.11721420288086 0.20000000298023224
vertex -71.11117553710938 -30.83721351623535 0.20000000298023224
vertex -70.41117858886719 -30.83722496032715 0.20000000298023224
endloop
endfacet
facet normal 0.00001765588676416093 0.9999999998441348 0
outer loop
vertex -69.11149597167969 -49.337249755859375 0
vertex -70.40784454345703 -49.33722686767578 0
vertex -70.40784454345703 -49.33722686767578 0.20000000298023224
endloop
endfacet
facet normal 0.00001765588676416093 0.9999999998441348 0
outer loop
vertex -70.40784454345703 -49.33722686767578 0.20000000298023224
vertex -69.11149597167969 -49.337249755859375 0.20000000298023224
vertex -69.11149597167969 -49.337249755859375 0
endloop
endfacet
facet normal 0 0 -1
outer loop
vertex -69.11116790771484 -30.337247848510742 0.20000000298023224
vertex -70.41117858886719 -30.83722496032715 0.20000000298023224
vertex -70.41117095947266 -30.33722496032715 0.20000000298023224
endloop
endfacet
facet normal 0 0 -1
outer loop
vertex -71.1114730834961 -48.11721420288086 0.20000000298023224
vertex -69.11149597167969 -49.337249755859375 0.20000000298023224
vertex -70.41148376464844 -48.83722686767578 0.20000000298023224
endloop
endfacet
facet normal -0.9999999998509337 0.00001726652272955622 0
outer loop
vertex -69.11116790771484 -30.337247848510742 0
vertex -69.11149597167969 -49.337249755859375 0
vertex -69.11116790771484 -30.337247848510742 0.20000000298023224
endloop
endfacet
facet normal 0 0 -1
outer loop
vertex -71.1114730834961 -48.11721420288086 0.20000000298023224
vertex -70.41148376464844 -48.83722686767578 0.20000000298023224
vertex -71.11148834228516 -48.837215423583984 0.20000000298023224
endloop
endfacet
facet normal 0 0 -1
outer loop
vertex -69.11149597167969 -49.337249755859375 0.20000000298023224
vertex -70.40784454345703 -49.33722686767578 0.20000000298023224
vertex -70.41148376464844 -48.83722686767578 0.20000000298023224
endloop
endfacet
facet normal 0 0 -1
outer loop
vertex -69.11116790771484 -30.337247848510742 0.20000000298023224
vertex -71.1114730834961 -48.11721420288086 0.20000000298023224
vertex -70.41117858886719 -30.83722496032715 0.20000000298023224
endloop
endfacet
facet normal -0.00001760625373860013 -0.99999999984501 0
outer loop
vertex -70.41117095947266 -30.33722496032715 0
vertex -69.11116790771484 -30.337247848510742 0
vertex -69.11116790771484 -30.337247848510742 0.20000000298023224
endloop
endfacet
facet normal -0.9999999998509337 0.00001726652272955622 0
outer loop
vertex -69.11149597167969 -49.337249755859375 0
vertex -69.11149597167969 -49.337249755859375 0.20000000298023224
vertex -69.11116790771484 -30.337247848510742 0.20000000298023224
endloop
endfacet
facet normal 0 0 -1
outer loop
vertex 58.6584358215332 19.545690536499023 0.20000000298023224
vertex 56.65850830078125 20.765804290771484 0.20000000298023224
vertex 57.95847702026367 20.265729904174805 0.20000000298023224
endloop
endfacet
facet normal 0 0 -1
outer loop
vertex 57.95745849609375 2.265730381011963 0.20000000298023224
vertex 58.6584358215332 19.545690536499023 0.20000000298023224
vertex 58.6574592590332 2.265690803527832 0.20000000298023224
endloop
endfacet
facet normal -0.00005722049247206232 -0.9999999983629078 0
outer loop
vertex 56.65850830078125 20.765804290771484 0.20000000298023224
vertex 57.9585075378418 20.765729904174805 0
vertex 57.9585075378418 20.765729904174805 0.20000000298023224
endloop
endfacet
facet normal -0.00005722049247206232 -0.9999999983629078 0
outer loop
vertex 56.65850830078125 20.765804290771484 0.20000000298023224
vertex 56.65850830078125 20.765804290771484 0
vertex 57.9585075378418 20.765729904174805 0
endloop
endfacet
facet normal 0 0 -1
outer loop
vertex 57.95847702026367 20.265729904174805 0.20000000298023224
vertex 58.658477783203125 20.265689849853516 0.20000000298023224
vertex 58.6584358215332 19.545690536499023 0.20000000298023224
endloop
endfacet
facet normal 0 0 -1
outer loop
vertex 58.6584358215332 19.545690536499023 0.20000000298023224
vertex 56.65742874145508 1.7658040523529053 0.20000000298023224
vertex 56.65850830078125 20.765804290771484 0.20000000298023224
endloop
endfacet
facet normal 0.9999999983858057 -0.00005681891109908276 0
outer loop
vertex 56.65850830078125 20.765804290771484 0.20000000298023224
vertex 56.65742874145508 1.7658040523529053 0
vertex 56.65850830078125 20.765804290771484 0
endloop
endfacet
facet normal 0 0 -1
outer loop
vertex 57.95745849609375 2.265730381011963 0.20000000298023224
vertex 57.957427978515625 1.765730381011963 0.20000000298023224
vertex 56.65742874145508 1.7658040523529053 0.20000000298023224
endloop
endfacet
facet normal 0.000056670295430837256 0.9999999983942387 0
outer loop
vertex 57.957427978515625 1.765730381011963 0
vertex 56.65742874145508 1.7658040523529053 0
vertex 56.65742874145508 1.7658040523529053 0.20000000298023224
endloop
endfacet
facet normal 0.000056670295430837256 0.9999999983942387 0
outer loop
vertex 57.957427978515625 1.765730381011963 0.20000000298023224
vertex 57.957427978515625 1.765730381011963 0
vertex 56.65742874145508 1.7658040523529053 0.20000000298023224
endloop
endfacet
facet normal 0.9999999983858057 -0.00005681891109908276 0
outer loop
vertex 56.65742874145508 1.7658040523529053 0.20000000298023224
vertex 56.65742874145508 1.7658040523529053 0
vertex 56.65850830078125 20.765804290771484 0.20000000298023224
endloop
endfacet
facet normal 0 0 -1
outer loop
vertex 57.95745849609375 2.265730381011963 0.20000000298023224
vertex 56.65742874145508 1.7658040523529053 0.20000000298023224
vertex 58.6584358215332 19.545690536499023 0.20000000298023224
endloop
endfacet
facet normal 0 0 -1
outer loop
vertex 57.95847702026367 20.265729904174805 0.20000000298023224
vertex 56.65850830078125 20.765804290771484 0.20000000298023224
vertex 57.9585075378418 20.765729904174805 0.20000000298023224
endloop
endfacet
facet normal 0 0 -1
outer loop
vertex 58.65697479248047 -6.229580402374268 0.20000000298023224
vertex 56.655967712402344 -24.00946617126465 0.20000000298023224
vertex 56.65704345703125 -5.009466648101807 0.20000000298023224
endloop
endfacet
facet normal 0 0 -1
outer loop
vertex 57.95596694946289 -24.009540557861328 0.20000000298023224
vertex 56.655967712402344 -24.00946617126465 0.20000000298023224
vertex 57.955997467041016 -23.509540557861328 0.20000000298023224
endloop
endfacet
facet normal 0.9999999983971931 -0.000056618139693666945 0
outer loop
vertex 56.655967712402344 -24.00946617126465 0.20000000298023224
vertex 56.655967712402344 -24.00946617126465 0
vertex 56.65704345703125 -5.009466648101807 0.20000000298023224
endloop
endfacet
facet normal 0 0 -1
outer loop
vertex 57.955997467041016 -23.509540557861328 0.20000000298023224
vertex 56.655967712402344 -24.00946617126465 0.20000000298023224
vertex 58.65697479248047 -6.229580402374268 0.20000000298023224
endloop
endfacet
facet normal 0 0 -1
outer loop
vertex 57.95701599121094 -5.509540557861328 0.20000000298023224
vertex 56.65704345703125 -5.009466648101807 0.20000000298023224
vertex 57.95704650878906 -5.009540557861328 0.20000000298023224
endloop
endfacet
facet normal 0 0 -1
outer loop
vertex 58.65697479248047 -6.229580402374268 0.20000000298023224
vertex 57.95701599121094 -5.509540557861328 0.20000000298023224
vertex 58.65701675415039 -5.509580135345459 0.20000000298023224
endloop
endfacet
facet normal 0.00005722049247206232 0.9999999983629078 0
outer loop
vertex 57.95596694946289 -24.009540557861328 0
vertex 56.655967712402344 -24.00946617126465 0.20000000298023224
vertex 57.95596694946289 -24.009540557861328 0.20000000298023224
endloop
endfacet
facet normal 0 0 -1
outer loop
vertex 58.65697479248047 -6.229580402374268 0.20000000298023224
vertex 56.65704345703125 -5.009466648101807 0.20000000298023224
vertex 57.95701599121094 -5.509540557861328 0.20000000298023224
endloop
endfacet
facet normal -0.00005685352761449014 -0.9999999983838382 0
outer loop
vertex 57.95704650878906 -5.009540557861328 0.20000000298023224
vertex 56.65704345703125 -5.009466648101807 0
vertex 57.95704650878906 -5.009540557861328 0
endloop
endfacet
facet normal 0.9999999983971931 -0.000056618139693666945 0
outer loop
vertex 56.65704345703125 -5.009466648101807 0.20000000298023224
vertex 56.655967712402344 -24.00946617126465 0
vertex 56.65704345703125 -5.009466648101807 0
endloop
endfacet
facet normal 0 0 -1
outer loop
vertex 57.955997467041016 -23.509540557861328 0.20000000298023224
vertex 58.65697479248047 -6.229580402374268 0.20000000298023224
vertex 58.65599822998047 -23.509580612182617 0.20000000298023224
endloop
endfacet
facet normal -0.00005685352761449014 -0.9999999983838382 0
outer loop
vertex 56.65704345703125 -5.009466648101807 0.20000000298023224
vertex 56.65704345703125 -5.009466648101807 0
vertex 57.95704650878906 -5.009540557861328 0.20000000298023224
endloop
endfacet
facet normal 0.00005722049247206232 0.9999999983629078 0
outer loop
vertex 57.95596694946289 -24.009540557861328 0
vertex 56.655967712402344 -24.00946617126465 0
vertex 56.655967712402344 -24.00946617126465 0.20000000298023224
endloop
endfacet
facet normal -0.9999999998509336 0.000017266524679553 0
outer loop
vertex -69.11038208007812 15.243614196777344 0
vertex -69.11071014404297 -3.756385564804077 0.20000000298023224
vertex -69.11038208007812 15.243614196777344 0.20000000298023224
endloop
endfacet
facet normal 0 0 -1
outer loop
vertex -71.11068725585938 -2.536351203918457 0.20000000298023224
vertex -69.11038208007812 15.243614196777344 0.20000000298023224
vertex -69.11071014404297 -3.756385564804077 0.20000000298023224
endloop
endfacet
facet normal -0.9999999998509336 0.000017266524679553 0
outer loop
vertex -69.11071014404297 -3.756385564804077 0
vertex -69.11071014404297 -3.756385564804077 0.20000000298023224
vertex -69.11038208007812 15.243614196777344 0
endloop
endfacet
facet normal 0.000017239456785822795 0.9999999998514006 0
outer loop
vertex -69.11071014404297 -3.756385564804077 0
vertex -70.41071319580078 -3.7563631534576416 0.20000000298023224
vertex -69.11071014404297 -3.756385564804077 0.20000000298023224
endloop
endfacet
facet normal 0 0 -1
outer loop
vertex -69.11038208007812 15.243614196777344 0.20000000298023224
vertex -70.41039276123047 14.743637084960938 0.20000000298023224
vertex -70.41038513183594 15.243637084960938 0.20000000298023224
endloop
endfacet
facet normal -0.00001760625373860013 -0.99999999984501 0
outer loop
vertex -70.41038513183594 15.243637084960938 0.20000000298023224
vertex -70.41038513183594 15.243637084960938 0
vertex -69.11038208007812 15.243614196777344 0.20000000298023224
endloop
endfacet
facet normal -0.00001760625373860013 -0.99999999984501 0
outer loop
vertex -69.11038208007812 15.243614196777344 0
vertex -69.11038208007812 15.243614196777344 0.20000000298023224
vertex -70.41038513183594 15.243637084960938 0
endloop
endfacet
facet normal 0 0 -1
outer loop
vertex -69.11071014404297 -3.756385564804077 0.20000000298023224
vertex -70.41071319580078 -3.7563631534576416 0.20000000298023224
vertex -70.41070556640625 -3.2563631534576416 0.20000000298023224
endloop
endfacet
facet normal 0 0 -1
outer loop
vertex -69.11038208007812 15.243614196777344 0.20000000298023224
vertex -71.11068725585938 -2.536351203918457 0.20000000298023224
vertex -70.41039276123047 14.743637084960938 0.20000000298023224
endloop
endfacet
facet normal 0.000017239456785822795 0.9999999998514006 0
outer loop
vertex -69.11071014404297 -3.756385564804077 0
vertex -70.41071319580078 -3.7563631534576416 0
vertex -70.41071319580078 -3.7563631534576416 0.20000000298023224
endloop
endfacet
facet normal 0 0 -1
outer loop
vertex -71.11070251464844 -3.2563512325286865 0.20000000298023224
vertex -71.11068725585938 -2.536351203918457 0.20000000298023224
vertex -70.41070556640625 -3.2563631534576416 0.20000000298023224
endloop
endfacet
facet normal 0 0 -1
outer loop
vertex -69.11071014404297 -3.756385564804077 0.20000000298023224
vertex -70.41070556640625 -3.2563631534576416 0.20000000298023224
vertex -71.11068725585938 -2.536351203918457 0.20000000298023224
endloop
endfacet
facet normal 0 0 -1
outer loop
vertex -71.11068725585938 -2.536351203918457 0.20000000298023224
vertex -71.11039733886719 14.743648529052734 0.20000000298023224
vertex -70.41039276123047 14.743637084960938 0.20000000298023224
endloop
endfacet
facet normal -0.000017239557960500047 -0.9999999998513989 0
outer loop
vertex -70.41077423095703 -7.546794414520264 0
vertex -69.11077880859375 -7.546816825866699 0.20000000298023224
vertex -70.41077423095703 -7.546794414520264 0.20000000298023224
endloop
endfacet
facet normal -0.9999999998577863 0.000016864978228980336 0
outer loop
vertex -69.11109924316406 -26.546815872192383 0.20000000298023224
vertex -69.11077880859375 -7.546816825866699 0
vertex -69.11109924316406 -26.546815872192383 0
endloop
endfacet
facet normal 0 0 -1
outer loop
vertex -69.11077880859375 -7.546816825866699 0.20000000298023224
vertex -70.41078186035156 -8.046793937683105 0.20000000298023224
vertex -70.41077423095703 -7.546794414520264 0.20000000298023224
endloop
endfacet
facet normal 0 0 -1
outer loop
vertex -71.111083984375 -25.3267822265625 0.20000000298023224
vertex -71.11078643798828 -8.046782493591309 0.20000000298023224
vertex -70.41078186035156 -8.046793937683105 0.20000000298023224
endloop
endfacet
facet normal 0 0 -1
outer loop
vertex -69.11077880859375 -7.546816825866699 0.20000000298023224
vertex -71.111083984375 -25.3267822265625 0.20000000298023224
vertex -70.41078186035156 -8.046793937683105 0.20000000298023224
endloop
endfacet
facet normal -0.000017239557960500047 -0.9999999998513989 0
outer loop
vertex -69.11077880859375 -7.546816825866699 0
vertex -69.11077880859375 -7.546816825866699 0.20000000298023224
vertex -70.41077423095703 -7.546794414520264 0
endloop
endfacet
facet normal 0.000016139065927449646 0.9999999998697654 0
outer loop
vertex -69.11109924316406 -26.546815872192383 0
vertex -70.41110229492188 -26.546794891357422 0.20000000298023224
vertex -69.11109924316406 -26.546815872192383 0.20000000298023224
endloop
endfacet
facet normal 0 0 -1
outer loop
vertex -71.111083984375 -25.3267822265625 0.20000000298023224
vertex -69.11077880859375 -7.546816825866699 0.20000000298023224
vertex -69.11109924316406 -26.546815872192383 0.20000000298023224
endloop
endfacet
facet normal 0.000016139065927449646 0.9999999998697654 0
outer loop
vertex -69.11109924316406 -26.546815872192383 0
vertex -70.41110229492188 -26.546794891357422 0
vertex -70.41110229492188 -26.546794891357422 0.20000000298023224
endloop
endfacet
facet normal 0 0 -1
outer loop
vertex -71.11109161376953 -26.046781539916992 0.20000000298023224
vertex -71.111083984375 -25.3267822265625 0.20000000298023224
vertex -70.41109466552734 -26.046794891357422 0.20000000298023224
endloop
endfacet
facet normal -0.9999999998577863 0.000016864978228980336 0
outer loop
vertex -69.11077880859375 -7.546816825866699 0
vertex -69.11109924316406 -26.546815872192383 0.20000000298023224
vertex -69.11077880859375 -7.546816825866699 0.20000000298023224
endloop
endfacet
facet normal 0 0 -1
outer loop
vertex -70.41109466552734 -26.046794891357422 0.20000000298023224
vertex -71.111083984375 -25.3267822265625 0.20000000298023224
vertex -69.11109924316406 -26.546815872192383 0.20000000298023224
endloop
endfacet
facet normal 0 0 -1
outer loop
vertex -69.11109924316406 -26.546815872192383 0.20000000298023224
vertex -70.41110229492188 -26.546794891357422 0.20000000298023224
vertex -70.41109466552734 -26.046794891357422 0.20000000298023224
endloop
endfacet
facet normal 1 0 0
outer loop
vertex -30.201494216918945 20.112878799438477 5
vertex -30.201494216918945 20.112878799438477 0
vertex -30.201494216918945 42.72166061401367 5
endloop
endfacet
facet normal 0 1 0
outer loop
vertex -30.201494216918945 20.112878799438477 5
vertex -18.078134536743164 20.112878799438477 0
vertex -30.201494216918945 20.112878799438477 0
endloop
endfacet
facet normal 1 0 0
outer loop
vertex -30.201494216918945 20.112878799438477 0
vertex -30.201494216918945 42.72166061401367 0
vertex -30.201494216918945 42.72166061401367 5
endloop
endfacet
facet normal 0 1 0
outer loop
vertex -18.078134536743164 20.112878799438477 0
vertex -30.201494216918945 20.112878799438477 5
vertex -18.078134536743164 20.112878799438477 5
endloop
endfacet
facet normal -0.08715587489708634 0.9961946865301597 0
outer loop
vertex 0.5714700222015381 13.41672420501709 0
vertex -2.901493549346924 13.112878799438477 0
vertex -2.901493549346924 13.112878799438477 5
endloop
endfacet
facet normal -0.5735764514635122 0.8191520337071289 0
outer loop
vertex 9.954258918762207 17.791990280151367 5
vertex 9.954258918762207 17.791990280151367 0
vertex 7.098506450653076 15.792370796203613 5
endloop
endfacet
facet normal 0.42261834185274183 0.9063077496797868 0
outer loop
vertex -12.901494026184082 15.792370796203613 0
vertex -12.901494026184082 15.792370796203613 5
vertex -9.741896629333496 14.319025993347168 0
endloop
endfacet
facet normal 0.5735765157278309 0.8191519887087629 0
outer loop
vertex -12.901494026184082 15.792370796203613 0
vertex -15.757246017456055 17.791990280151367 0
vertex -15.757246017456055 17.791990280151367 5
endloop
endfacet
facet normal 0.7071067811865476 0.7071067811865476 0
outer loop
vertex -18.078134536743164 20.112878799438477 0
vertex -15.757246017456055 17.791990280151367 5
vertex -15.757246017456055 17.791990280151367 0
endloop
endfacet
facet normal -0.9063077201760109 -0.42261840512377313 0
outer loop
vertex 14.593581199645996 42.73851776123047 5
vertex 14.593581199645996 42.73851776123047 0
vertex 15.892358779907227 39.95328140258789 5
endloop
endfacet
facet normal 0.0871558808348787 0.9961946860106695 0
outer loop
vertex -2.901493549346924 13.112878799438477 5
vertex -2.901493549346924 13.112878799438477 0
vertex -6.374456882476807 13.41672420501709 0
endloop
endfacet
facet normal -0.9659258868582411 -0.2588188190551845 0
outer loop
vertex 15.892358779907227 39.95328140258789 5
vertex 15.892358779907227 39.95328140258789 0
vertex 16.794660568237305 36.58584213256836 5
endloop
endfacet
facet normal -0.9961946581035098 -0.08715619981407588 0
outer loop
vertex 17.098506927490234 33.11288070678711 5
vertex 16.794660568237305 36.58584213256836 5
vertex 16.794660568237305 36.58584213256836 0
endloop
endfacet
facet normal -0.9961946664154075 0.08715610480910048 0
outer loop
vertex 17.098506927490234 33.11288070678711 5
vertex 16.794660568237305 29.639915466308594 0
vertex 16.794660568237305 29.639915466308594 5
endloop
endfacet
facet normal -0.9659258868582411 0.2588188190551845 0
outer loop
vertex 15.892358779907227 26.272476196289062 5
vertex 16.794660568237305 29.639915466308594 5
vertex 16.794660568237305 29.639915466308594 0
endloop
endfacet
facet normal -0.9063078544572799 0.42261811715666203 0
outer loop
vertex 14.419014930725098 23.112878799438477 5
vertex 15.892358779907227 26.272476196289062 5
vertex 15.892358779907227 26.272476196289062 0
endloop
endfacet
facet normal -0.8191520787054797 0.5735763871992045 0
outer loop
vertex 12.419395446777344 20.257125854492188 5
vertex 14.419014930725098 23.112878799438477 5
vertex 14.419014930725098 23.112878799438477 0
endloop
endfacet
facet normal -0.7071066444091796 0.707106917963889 0
outer loop
vertex 12.419395446777344 20.257125854492188 5
vertex 12.419395446777344 20.257125854492188 0
vertex 9.954258918762207 17.791990280151367 5
endloop
endfacet
facet normal -0.9063077201760109 -0.42261840512377313 0
outer loop
vertex 15.892358779907227 39.95328140258789 5
vertex 14.593581199645996 42.73851776123047 0
vertex 15.892358779907227 39.95328140258789 0
endloop
endfacet
facet normal -0.9659258868582411 -0.2588188190551845 0
outer loop
vertex 16.794660568237305 36.58584213256836 5
vertex 15.892358779907227 39.95328140258789 0
vertex 16.794660568237305 36.58584213256836 0
endloop
endfacet
facet normal -0.9961946581035098 -0.08715619981407588 0
outer loop
vertex 17.098506927490234 33.11288070678711 5
vertex 16.794660568237305 36.58584213256836 0
vertex 17.098506927490234 33.11288070678711 0
endloop
endfacet
facet normal -0.9961946664154075 0.08715610480910048 0
outer loop
vertex 17.098506927490234 33.11288070678711 5
vertex 17.098506927490234 33.11288070678711 0
vertex 16.794660568237305 29.639915466308594 0
endloop
endfacet
facet normal -0.9659258868582411 0.2588188190551845 0
outer loop
vertex 16.794660568237305 29.639915466308594 0
vertex 15.892358779907227 26.272476196289062 0
vertex 15.892358779907227 26.272476196289062 5
endloop
endfacet
facet normal -0.9063078544572799 0.42261811715666203 0
outer loop
vertex 15.892358779907227 26.272476196289062 0
vertex 14.419014930725098 23.112878799438477 0
vertex 14.419014930725098 23.112878799438477 5
endloop
endfacet
facet normal 0.0871558808348787 0.9961946860106695 0
outer loop
vertex -2.901493549346924 13.112878799438477 5
vertex -6.374456882476807 13.41672420501709 0
vertex -6.374456882476807 13.41672420501709 5
endloop
endfacet
facet normal -0.08715587489708634 0.9961946865301597 0
outer loop
vertex 0.5714700222015381 13.41672420501709 5
vertex 0.5714700222015381 13.41672420501709 0
vertex -2.901493549346924 13.112878799438477 5
endloop
endfacet
facet normal 0.5735765157278309 0.8191519887087629 0
outer loop
vertex -12.901494026184082 15.792370796203613 0
vertex -15.757246017456055 17.791990280151367 5
vertex -12.901494026184082 15.792370796203613 5
endloop
endfacet
facet normal 0.7071067811865476 0.7071067811865476 0
outer loop
vertex -18.078134536743164 20.112878799438477 0
vertex -18.078134536743164 20.112878799438477 5
vertex -15.757246017456055 17.791990280151367 5
endloop
endfacet
facet normal 0.42261834185274183 0.9063077496797868 0
outer loop
vertex -12.901494026184082 15.792370796203613 5
vertex -9.741896629333496 14.319025993347168 5
vertex -9.741896629333496 14.319025993347168 0
endloop
endfacet
facet normal 0.2588187848608839 0.9659258960205671 0
outer loop
vertex -9.741896629333496 14.319025993347168 5
vertex -6.374456882476807 13.41672420501709 5
vertex -6.374456882476807 13.41672420501709 0
endloop
endfacet
facet normal -0.8191520787054797 0.5735763871992045 0
outer loop
vertex 12.419395446777344 20.257125854492188 0
vertex 12.419395446777344 20.257125854492188 5
vertex 14.419014930725098 23.112878799438477 0
endloop
endfacet
facet normal -0.7071066444091796 0.707106917963889 0
outer loop
vertex 12.419395446777344 20.257125854492188 0
vertex 9.954258918762207 17.791990280151367 0
vertex 9.954258918762207 17.791990280151367 5
endloop
endfacet
facet normal -0.5735764514635122 0.8191520337071289 0
outer loop
vertex 7.098506450653076 15.792370796203613 5
vertex 9.954258918762207 17.791990280151367 0
vertex 7.098506450653076 15.792370796203613 0
endloop
endfacet
facet normal -0.4226183680471204 0.906307737465144 0
outer loop
vertex 7.098506450653076 15.792370796203613 0
vertex 3.9389092922210693 14.319025993347168 0
vertex 3.9389092922210693 14.319025993347168 5
endloop
endfacet
facet normal -0.2588188190551845 0.9659258868582411 0
outer loop
vertex 3.9389092922210693 14.319025993347168 0
vertex 0.5714700222015381 13.41672420501709 0
vertex 0.5714700222015381 13.41672420501709 5
endloop
endfacet
facet normal -0.2588188190551845 0.9659258868582411 0
outer loop
vertex 0.5714700222015381 13.41672420501709 5
vertex 3.9389092922210693 14.319025993347168 5
vertex 3.9389092922210693 14.319025993347168 0
endloop
endfacet
facet normal -0.4226183680471204 0.906307737465144 0
outer loop
vertex 3.9389092922210693 14.319025993347168 5
vertex 7.098506450653076 15.792370796203613 5
vertex 7.098506450653076 15.792370796203613 0
endloop
endfacet
facet normal 0.2588187848608839 0.9659258960205671 0
outer loop
vertex -6.374456882476807 13.41672420501709 0
vertex -9.741896629333496 14.319025993347168 0
vertex -9.741896629333496 14.319025993347168 5
endloop
endfacet
endsolid auto-kdk-case
